Country,Year,Total Daily Calories,GDP per capita
Afghanistan,1961,2914.3630540000004,1309.0
Afghanistan,1962,2835.620833,1302.0
Afghanistan,1963,2623.71387,1298.0
Afghanistan,1964,2872.582463,1291.0
Afghanistan,1965,2876.19614,1290.0
Afghanistan,1966,2663.2855069999996,1272.0
Afghanistan,1967,2890.6702259999997,1277.0
Afghanistan,1968,2839.05411,1290.0
Afghanistan,1969,2858.1798,1278.0
Afghanistan,1970,2472.482786,1272.0
Afghanistan,1971,2458.8763,1237.0
Afghanistan,1972,2611.028505,1007.0
Afghanistan,1973,2678.07951,1011.0
Afghanistan,1974,2670.554774,1039.0
Afghanistan,1975,2704.19211,1074.0
Afghanistan,1976,2769.332926,1105.0
Afghanistan,1977,2431.73702,1022.0
Afghanistan,1978,2541.781953,1070.0
Afghanistan,1979,2544.506105,1023.0
Afghanistan,1980,2480.019665,1019.0
Afghanistan,1981,2697.6323899999998,1144.0
Afghanistan,1982,2850.63987,1270.0
Afghanistan,1983,2830.09519,1347.0
Afghanistan,1984,2597.45702,1337.0
Afghanistan,1985,2424.491023,1304.0
Afghanistan,1986,2363.791036,1344.0
Afghanistan,1987,2649.265695,1211.0
Afghanistan,1988,2406.465866,1101.0
Afghanistan,1989,2325.316632,999.0
Afghanistan,1990,2253.56005,963.0
Afghanistan,1991,2106.32272,881.1704
Afghanistan,1992,1966.9114240000001,843.87537
Afghanistan,1993,1939.6377699999998,578.4028
Afghanistan,1994,1846.19367,428.42456
Afghanistan,1995,1900.25074,632.94037
Afghanistan,1996,1910.6246,600.1753
Afghanistan,1997,1931.78285,570.59814
Afghanistan,1998,1936.4758900000002,545.03876
Afghanistan,1999,1861.2837200000001,518.65784
Afghanistan,2000,1831.323393,502.37274
Afghanistan,2001,1828.049825,489.682
Afghanistan,2002,1896.4185229999998,796.8166
Afghanistan,2003,1923.875313,842.8052
Afghanistan,2004,2005.31144,869.03925
Afghanistan,2005,1984.4368559999998,964.4081
Afghanistan,2006,1982.0030040000001,1057.0966
Afghanistan,2007,2080.7234580000004,1259.9967
Afghanistan,2008,2083.3029699999997,1319.6074
Afghanistan,2009,2099.37158,1557.3207
Afghanistan,2010,2200.214854,1627.6716
Afghanistan,2011,2171.855508,1792.0
Afghanistan,2012,2165.892556,1945.0
Afghanistan,2013,2205.3350330000003,2025.0
Afghanistan,2014,2270.457528,2022.0
Afghanistan,2015,2251.403007,1928.0
Afghanistan,2016,2241.2758160000003,1931.2438
Afghanistan,2017,2308.005753,1909.733
Afghanistan,2018,2261.75426,1888.814
Afghanistan,2019,2223.35386,2031.7373
Afghanistan,2020,2260.61066,1928.4547
Afghanistan,2021,2245.1685939999998,1485.547
Afghanistan,2022,2273.89627,1357.9878
Albania,1961,2184.06644,2332.0
Albania,1962,2210.25285,2409.0
Albania,1963,2131.5930900000003,2491.0
Albania,1964,2246.04483,2576.0
Albania,1965,2229.89243,2670.0
Albania,1966,2226.30494,2770.0
Albania,1967,2228.80435,2876.0
Albania,1968,2300.2382500000003,2979.0
Albania,1969,2356.66734,3080.0
Albania,1970,2368.25475,3194.0
Albania,1971,2317.8613,3322.0
Albania,1972,2348.1350899999998,3451.0
Albania,1973,2395.5913899999996,3623.0
Albania,1974,2460.37289,3637.0
Albania,1975,2465.774476,3649.0
Albania,1976,2653.8001400000003,3665.0
Albania,1977,2754.8127999999997,3681.0
Albania,1978,2672.0252,3696.0
Albania,1979,2596.94481,3716.0
Albania,1980,2595.6441800000002,3741.0
Albania,1981,2684.27055,3762.0
Albania,1982,2680.05214,3783.0
Albania,1983,2822.0390199999997,3805.0
Albania,1984,2754.165265,3826.0
Albania,1985,2608.907134,3846.0
Albania,1986,2754.84688,3870.0
Albania,1987,2578.8383999999996,3894.0
Albania,1988,2693.40575,3920.0
Albania,1989,2682.20908,3948.0
Albania,1990,2700.4622099999997,3983.0
Albania,1991,2711.0296639999997,2942.1006
Albania,1992,2787.04233,2841.7651
Albania,1993,2913.7179800000004,3137.024
Albania,1994,2977.87923,3399.7102
Albania,1995,2799.94951,3666.6506
Albania,1996,2926.57847,3965.6853
Albania,1997,2810.54839,3526.9856
Albania,1998,2822.5535200000004,3873.373
Albania,1999,2910.51374,4432.0425
Albania,2000,2853.9813400000003,4808.4795
Albania,2001,2925.9766,5285.809
Albania,2002,2982.7537300000004,5608.9624
Albania,2003,2879.53761,6004.645
Albania,2004,2897.8126700000003,6419.8706
Albania,2005,2986.0565800000004,6858.4673
Albania,2006,2975.95289,7347.33
Albania,2007,2995.4449299999997,7866.1577
Albania,2008,3108.60524,8522.13
Albania,2009,3184.58442,8859.472
Albania,2010,3239.2099,9222.973
Albania,2011,3284.2463800000005,9484.0
Albania,2012,3325.88029,9634.334
Albania,2013,3318.93074,9748.728
Albania,2014,3295.24866,9942.276
Albania,2015,3311.73186,10192.529
Albania,2016,3345.71288,10547.255
Albania,2017,3355.72552,10958.307
Albania,2018,3332.51043,11426.92
Albania,2019,3361.9877100000003,11715.307
Albania,2020,3343.75013,11372.541
Albania,2021,3336.25255,12455.917
Albania,2022,3408.21615,12978.101
Algeria,1961,1609.556513,2868.0
Algeria,1962,1574.887363,2284.0
Algeria,1963,1547.63036,2818.0
Algeria,1964,1573.2834950000001,2879.0
Algeria,1965,1643.1579550000001,2981.0
Algeria,1966,1637.5059899999999,2750.0
Algeria,1967,1726.42438,2907.0
Algeria,1968,1798.528233,3151.0
Algeria,1969,1807.619194,3355.0
Algeria,1970,1785.25802,3585.0
Algeria,1971,1841.88662,3188.0
Algeria,1972,1988.052774,3746.0
Algeria,1973,1996.976055,3757.0
Algeria,1974,2146.765824,3870.0
Algeria,1975,2209.667042,4020.0
Algeria,1976,2159.50686,4157.0
Algeria,1977,2311.954553,4398.0
Algeria,1978,2454.33446,4812.0
Algeria,1979,2560.0062040000003,5088.0
Algeria,1980,2685.64221,5024.0
Algeria,1981,2716.35319,4991.0
Algeria,1982,2685.7069199999996,5145.0
Algeria,1983,2664.09396,5243.0
Algeria,1984,2603.19828,5361.0
Algeria,1985,2712.51202,5469.0
Algeria,1986,2718.65114,5262.0
Algeria,1987,2718.8082999999997,5088.0
Algeria,1988,2784.95697,4850.0
Algeria,1989,2851.7527959999998,4889.0
Algeria,1990,2847.8364,4697.0
Algeria,1991,2828.29044,4708.232
Algeria,1992,2962.57118,4850.223
Algeria,1993,2957.5349800000004,4816.924
Algeria,1994,2848.77887,4856.9854
Algeria,1995,2867.64455,5142.384
Algeria,1996,2861.8224999999998,5451.6343
Algeria,1997,2803.75212,5638.48
Algeria,1998,2863.11062,6069.7773
Algeria,1999,2917.7908399999997,6421.5083
Algeria,2000,2886.13123,6834.5537
Algeria,2001,2961.383146,7218.2456
Algeria,2002,3000.74528,7814.8384
Algeria,2003,3046.317494,8590.178
Algeria,2004,3063.27773,9182.294
Algeria,2005,3034.0992699999997,9969.623
Algeria,2006,3127.06755,10385.779
Algeria,2007,3121.729396,10974.742
Algeria,2008,3127.45626,11475.002
Algeria,2009,3188.2177699999997,11907.021
Algeria,2010,3213.1421899999996,12587.744
Algeria,2011,3317.0025739999996,13204.0
Algeria,2012,3329.79437,13392.944
Algeria,2013,3405.3445300000003,13508.265
Algeria,2014,3398.20153,13760.384
Algeria,2015,3384.20478,14007.894
Algeria,2016,3413.27325,14198.272
Algeria,2017,3349.87125,14149.915
Algeria,2018,3346.05453,14083.772
Algeria,2019,3431.10708,14000.279
Algeria,2020,3457.48401,13086.293
Algeria,2021,3453.5582249999998,13337.262
Algeria,2022,3424.505486,13506.444
Angola,1961,1715.06593,2225.0
Angola,1962,1749.605935,2128.0
Angola,1963,1797.0558899999999,2200.0
Angola,1964,1819.7001370000003,2407.0
Angola,1965,1847.11112,2544.0
Angola,1966,1871.5972779999997,2646.0
Angola,1967,1913.591886,2753.0
Angola,1968,1860.020404,2665.0
Angola,1969,1964.01516,2695.0
Angola,1970,1990.268168,2818.0
Angola,1971,2021.3583899999999,2754.0
Angola,1972,1960.10932,2729.0
Angola,1973,1895.369753,2852.0
Angola,1974,1836.72416,2727.0
Angola,1975,1802.327694,1710.0
Angola,1976,1816.1527540000002,1521.0
Angola,1977,1864.5254,1500.0
Angola,1978,1887.809324,1530.0
Angola,1979,1853.720107,1527.0
Angola,1980,1846.891544,1532.0
Angola,1981,1766.7092850000001,1471.0
Angola,1982,1645.186135,1374.0
Angola,1983,1616.093015,1288.0
Angola,1984,1559.2522210000002,1259.0
Angola,1985,1563.64068,1242.0
Angola,1986,1511.3027539999998,1106.0
Angola,1987,1486.36212,1211.0
Angola,1988,1447.87991,1360.0
Angola,1989,1418.4165699999999,1360.0
Angola,1990,1458.596697,1384.0
Angola,1991,1427.372047,1437.1472
Angola,1992,1439.1780800000001,1389.3295
Angola,1993,1386.582421,1080.4806
Angola,1994,1457.050262,1120.8481
Angola,1995,1490.657604,1319.1589
Angola,1996,1521.0312800000002,1533.9839
Angola,1997,1511.148993,1687.3177
Angola,1998,1518.35612,1811.1681
Angola,1999,1556.588343,1899.4152
Angola,2000,1540.839033,2013.6362
Angola,2001,1574.4584300000001,2162.485
Angola,2002,1645.26638,2522.6719
Angola,2003,1704.2137440000001,2711.9282
Angola,2004,1743.690846,3064.2986
Angola,2005,1781.2280799999999,3708.7705
Angola,2006,1812.660656,4592.3374
Angola,2007,1852.410654,5773.5483
Angola,2008,1905.35576,6743.748
Angola,2009,1944.654687,7087.604
Angola,2010,2430.5001300000004,7520.6655
Angola,2011,2494.6659799999998,8016.0
Angola,2012,2440.3498099999997,8376.946
Angola,2013,2517.10255,8463.942
Angola,2014,2549.50703,8548.293
Angola,2015,2469.28348,8319.567
Angola,2016,2427.96565,7819.1475
Angola,2017,2448.9493,7535.6123
Angola,2018,2450.51288,7180.3555
Angola,2019,2424.9916279999998,6886.954
Angola,2020,2395.129898,6279.929
Angola,2021,2400.789118,6137.004
Angola,2022,2431.68736,6118.905
Argentina,1961,3139.91171,9344.0
Argentina,1962,3110.4998299999997,9049.0
Argentina,1963,3060.62081,8695.0
Argentina,1964,3103.49537,9446.0
Argentina,1965,3209.11343,10155.0
Argentina,1966,3164.06192,10076.0
Argentina,1967,3238.08067,10200.0
Argentina,1968,3282.71204,10485.0
Argentina,1969,3318.66248,11217.0
Argentina,1970,3347.09876,11639.0
Argentina,1971,3188.935,12003.0
Argentina,1972,3077.59738,12170.0
Argentina,1973,3030.3157,12691.0
Argentina,1974,3220.3165799999997,13284.0
Argentina,1975,3283.63949,12946.0
Argentina,1976,3211.4660599999997,12696.0
Argentina,1977,3193.3947200000002,13236.0
Argentina,1978,3246.17584,12444.0
Argentina,1979,3218.3539499999997,13114.0
Argentina,1980,3234.51483,13080.0
Argentina,1981,3208.71504,12125.0
Argentina,1982,3066.8543,11550.0
Argentina,1983,2994.44661,11775.0
Argentina,1984,3036.43426,11837.0
Argentina,1985,3115.4092499999997,10895.0
Argentina,1986,3026.43414,11515.0
Argentina,1987,3092.36789,11633.0
Argentina,1988,3005.60446,11244.0
Argentina,1989,2949.7867100000003,10393.0
Argentina,1990,2899.37052,10254.0
Argentina,1991,2995.93781,11223.984
Argentina,1992,3061.28762,12267.084
Argentina,1993,3098.6043799999998,12926.795
Argentina,1994,3135.45394,13571.38
Argentina,1995,3141.62772,13086.036
Argentina,1996,3133.80594,13715.227
Argentina,1997,3109.63132,14722.6455
Argentina,1998,3140.05868,15185.959
Argentina,1999,3240.18614,14577.832
Argentina,2000,3232.76162,14368.942
Argentina,2001,3181.97034,13651.981
Argentina,2002,2945.58556,12094.772
Argentina,2003,2973.42965,13088.565
Argentina,2004,2988.45973,14183.226
Argentina,2005,3061.94117,15344.157
Argentina,2006,3064.24601,16490.473
Argentina,2007,3091.10856,17891.943
Argentina,2008,3099.55716,18520.305
Argentina,2009,3068.3108700000003,17328.977
Argentina,2010,3064.11525,18979.992
Argentina,2011,3055.07773,20003.0
Argentina,2012,3085.9728999999998,19573.963
Argentina,2013,3117.30274,19821.643
Argentina,2014,3156.42065,19112.232
Argentina,2015,3210.01235,19423.666
Argentina,2016,3150.76872,18819.643
Argentina,2017,3178.45143,19150.52
Argentina,2018,3220.10117,18460.87
Argentina,2019,3253.1912,17912.637
Argentina,2020,3297.14743,15975.839
Argentina,2021,3342.43326,17470.682
Argentina,2022,3354.89282,18292.318
Armenia,1992,2108.897085,4699.611
Armenia,1993,2048.37299,4130.1475
Armenia,1994,2132.620045,4392.98
Armenia,1995,2211.9436960000003,4703.131
Armenia,1996,2245.21729,4811.4897
Armenia,1997,2252.30772,4836.0444
Armenia,1998,2251.05739,4994.053
Armenia,1999,2235.0980799999998,5000.4526
Armenia,2000,2200.5410739999998,5139.8257
Armenia,2001,2221.35971,5457.5103
Armenia,2002,2252.647946,6082.146
Armenia,2003,2429.6533799999997,6743.241
Armenia,2004,2556.96616,7229.6484
Armenia,2005,2675.716446,8006.9604
Armenia,2006,2768.69343,8798.75
Armenia,2007,2775.12879,9713.213
Armenia,2008,2885.5330299999996,10080.8125
Armenia,2009,2840.61444,8399.087
Armenia,2010,3164.02599,8330.812
Armenia,2011,3163.7783200000003,8465.0
Armenia,2012,3140.0824700000003,9076.433
Armenia,2013,3178.87529,9395.087
Armenia,2014,3182.45403,9745.136
Armenia,2015,3167.1422900000002,10076.352
Armenia,2016,3127.05412,10113.051
Armenia,2017,3065.28845,10894.957
Armenia,2018,3096.59812,11490.369
Armenia,2019,3137.38998,12399.231
Armenia,2020,3121.18362,11546.176
Armenia,2021,3139.1900100000003,12242.478
Armenia,2022,3162.63673,13837.577
Australia,1961,3089.41525,13793.0
Australia,1962,3108.2519700000003,14389.0
Australia,1963,3163.12871,14983.0
Australia,1964,3142.2642800000003,15699.0
Australia,1965,3097.88101,16182.0
Australia,1966,3183.6310000000003,16324.0
Australia,1967,3149.53103,17108.0
Australia,1968,3198.7522799999997,17770.0
Australia,1969,3219.9542599999995,18428.0
Australia,1970,3235.6319000000003,19166.0
Australia,1971,3220.4895500000002,19590.0
Australia,1972,3235.3199400000003,19772.0
Australia,1973,3105.6449199999997,20527.0
Australia,1974,3019.22077,20698.0
Australia,1975,3092.7906000000003,20993.0
Australia,1976,3116.79965,21613.0
Australia,1977,3072.8042,21592.0
Australia,1978,3022.40941,21948.0
Australia,1979,3008.79414,22826.0
Australia,1980,3057.1965600000003,22972.0
Australia,1981,3058.49804,23368.0
Australia,1982,3085.2774099999997,22972.0
Australia,1983,3018.91399,22697.0
Australia,1984,3068.8690100000003,24009.0
Australia,1985,3112.1917000000003,24927.0
Australia,1986,3078.66787,25116.0
Australia,1987,3108.81397,25971.0
Australia,1988,3113.86377,26702.0
Australia,1989,3129.60015,27407.0
Australia,1990,3168.5395399999998,27373.0
Australia,1991,3115.3597,26861.275
Australia,1992,3121.39696,27560.178
Australia,1993,3042.36564,28622.477
Australia,1994,3058.0291100000004,29844.172
Australia,1995,3103.91607,30690.062
Australia,1996,3082.67072,31740.47
Australia,1997,3105.7264800000003,32857.992
Australia,1998,3030.04787,34337.14
Australia,1999,3032.65868,35551.02
Australia,2000,3010.78747,36603.047
Australia,2001,3067.14194,37275.992
Australia,2002,3095.79526,38567.066
Australia,2003,3124.9240099999997,39523.656
Australia,2004,3078.09001,40887.727
Australia,2005,3133.5976499999997,41904.445
Australia,2006,3198.2247500000003,42650.984
Australia,2007,3242.4880300000004,44033.582
Australia,2008,3240.08382,44421.64
Australia,2009,3242.3781,44686.543
Australia,2010,3514.70946,45400.223
Australia,2011,3496.4617200000002,46132.0
Australia,2012,3544.34857,47045.13
Australia,2013,3526.67075,47260.953
Australia,2014,3514.5359500000004,47753.848
Australia,2015,3500.0542,48145.53
Australia,2016,3517.47836,48675.137
Australia,2017,3472.9929300000003,49001.902
Australia,2018,3450.5132,49614.387
Australia,2019,3485.34152,49814.67
Australia,2020,3468.4342500000002,48268.945
Australia,2021,3473.8338299999996,50704.934
Australia,2022,3467.5746200000003,52049.43
Austria,1961,3194.59388,10882.0
Austria,1962,3197.24246,11078.0
Austria,1963,3253.67842,11454.0
Austria,1964,3276.1805699999995,12062.0
Austria,1965,3226.4857199999997,12328.0
Austria,1966,3236.20547,12930.0
Austria,1967,3193.0655800000004,13225.0
Austria,1968,3220.78924,13742.0
Austria,1969,3158.40056,14555.0
Austria,1970,3226.79335,15537.0
Austria,1971,3240.94437,16259.0
Austria,1972,3213.71268,17169.0
Austria,1973,3295.2776999999996,17908.0
Austria,1974,3205.66914,18583.0
Austria,1975,3159.08864,18564.0
Austria,1976,3265.54807,19448.0
Austria,1977,3207.48999,20350.0
Austria,1978,3223.5579399999997,20293.0
Austria,1979,3291.6118500000002,21436.0
Austria,1980,3357.95345,21932.0
Austria,1981,3340.2602399999996,21866.0
Austria,1982,3390.10833,22254.0
Austria,1983,3358.61406,22944.0
Austria,1984,3363.81448,23016.0
Austria,1985,3379.2351,23514.0
Austria,1986,3435.6335099999997,24039.0
Austria,1987,3428.45682,24409.0
Austria,1988,3431.79412,25112.0
Austria,1989,3482.85574,26078.0
Austria,1990,3505.66058,26930.0
Austria,1991,3541.74863,27689.771
Austria,1992,3525.3918299999996,28072.44
Austria,1993,3492.2801,28101.229
Austria,1994,3556.95523,28780.76
Austria,1995,3525.33083,29621.682
Austria,1996,3572.42963,30413.156
Austria,1997,3513.4402499999997,31173.049
Austria,1998,3621.8321,32376.33
Austria,1999,3679.5021500000003,33608.297
Austria,2000,3729.3144700000003,34796.258
Austria,2001,3731.1573,35272.223
Austria,2002,3656.70186,35823.586
Austria,2003,3617.6416,36063.12
Austria,2004,3614.6236,36957.113
Austria,2005,3644.31792,37642.76
Austria,2006,3722.2145800000003,38866.848
Austria,2007,3743.34833,40305.273
Austria,2008,3725.39727,40964.793
Austria,2009,3735.03721,39463.656
Austria,2010,3784.9252699999997,40288.348
Austria,2011,3834.55412,41446.0
Austria,2012,3823.00838,41540.94
Austria,2013,3796.93278,41301.94
Austria,2014,3754.43782,41250.508
Austria,2015,3734.1353799999997,41255.715
Austria,2016,3715.25176,41545.5
Austria,2017,3753.0237,42216.918
Austria,2018,3754.1639,43032.215
Austria,2019,3813.1980000000003,43488.668
Austria,2020,3764.08112,40503.04
Austria,2021,3765.1907,42184.695
Austria,2022,3759.6050800000003,43792.855
Azerbaijan,1992,2332.16823,5638.998
Azerbaijan,1993,2253.7451,4315.357
Azerbaijan,1994,2177.771614,3453.3638
Azerbaijan,1995,2140.2566159999997,2999.319
Azerbaijan,1996,2228.97952,3074.2197
Azerbaijan,1997,2017.38981,3347.6125
Azerbaijan,1998,2108.0130799999997,3550.364
Azerbaijan,1999,2170.82242,3959.7815
Azerbaijan,2000,2266.16206,4214.8887
Azerbaijan,2001,2354.70193,4498.7944
Azerbaijan,2002,2447.37703,4880.4
Azerbaijan,2003,2544.73132,5408.523
Azerbaijan,2004,2631.281425,5971.4746
Azerbaijan,2005,2825.712646,7553.6265
Azerbaijan,2006,2990.0134199999998,10160.346
Azerbaijan,2007,2999.11306,12699.498
Azerbaijan,2008,3004.10171,14072.627
Azerbaijan,2009,2975.03705,15384.293
Azerbaijan,2010,2973.39705,16153.837
Azerbaijan,2011,3003.46542,16176.0
Azerbaijan,2012,3020.2387200000003,16364.532
Azerbaijan,2013,3020.51129,17146.223
Azerbaijan,2014,3020.2183,17451.1
Azerbaijan,2015,3038.1377,17463.758
Azerbaijan,2016,3059.0822,16770.85
Azerbaijan,2017,3118.7481,16647.016
Azerbaijan,2018,3188.2095099999997,16753.209
Azerbaijan,2019,3308.11916,17029.906
Azerbaijan,2020,3378.7936099999997,16189.511
Azerbaijan,2021,3381.7127600000003,16971.725
Azerbaijan,2022,3347.83247,17682.94
Bahrain,2019,3502.46036,39499.707
Bahrain,2020,3523.22108,36890.504
Bahrain,2021,3390.45756,37323.105
Bahrain,2022,3366.1028100000003,38651.6
Bangladesh,1961,2058.7936250000002,899.0
Bangladesh,1962,2031.8740149999999,877.0
Bangladesh,1963,2074.105405,947.0
Bangladesh,1964,2058.7649340000003,939.0
Bangladesh,1965,2026.228594,969.0
Bangladesh,1966,2020.600917,963.0
Bangladesh,1967,1891.093247,921.0
Bangladesh,1968,1993.829683,987.0
Bangladesh,1969,2045.639602,980.0
Bangladesh,1970,2112.398409,1004.0
Bangladesh,1971,1957.3003170000002,934.0
Bangladesh,1972,1800.719505,807.0
Bangladesh,1973,1870.465392,792.0
Bangladesh,1974,1919.728243,872.0
Bangladesh,1975,1806.2930419999998,843.0
Bangladesh,1976,1936.2402280000001,862.0
Bangladesh,1977,1760.156963,843.0
Bangladesh,1978,1889.6305320000001,878.0
Bangladesh,1979,1945.939234,894.0
Bangladesh,1980,1896.200897,875.0
Bangladesh,1981,1875.44546,878.0
Bangladesh,1982,1904.162744,869.0
Bangladesh,1983,1924.252247,891.0
Bangladesh,1984,1904.313975,918.0
Bangladesh,1985,1944.9776969999998,925.0
Bangladesh,1986,1949.5808160000001,944.0
Bangladesh,1987,2024.4321459999999,960.0
Bangladesh,1988,2008.062633,964.0
Bangladesh,1989,1996.314735,966.0
Bangladesh,1990,2030.6763529999998,1006.0
Bangladesh,1991,2044.3664800000001,1031.4299
Bangladesh,1992,2046.89472,1062.4604
Bangladesh,1993,1954.929921,1095.6564
Bangladesh,1994,1953.498348,1136.4185
Bangladesh,1995,1997.50227,1182.9514
Bangladesh,1996,2007.632255,1234.0841
Bangladesh,1997,2058.8740399999997,1291.5126
Bangladesh,1998,2125.26834,1348.1499
Bangladesh,1999,2229.31529,1412.9813
Bangladesh,2000,2221.728513,1485.3092
Bangladesh,2001,2295.631798,1551.1965
Bangladesh,2002,2280.90862,1621.267
Bangladesh,2003,2320.255258,1710.7313
Bangladesh,2004,2354.199856,1812.6246
Bangladesh,2005,2346.0904330000003,1925.6062
Bangladesh,2006,2347.099313,2057.6985
Bangladesh,2007,2391.9751100000003,2194.4224
Bangladesh,2008,2361.98879,2321.0505
Bangladesh,2009,2403.00902,2448.887
Bangladesh,2010,2328.28812,2599.2083
Bangladesh,2011,2365.5314949999997,2772.0
Bangladesh,2012,2383.635523,2914.0488
Bangladesh,2013,2384.773585,3057.4697
Bangladesh,2014,2410.236453,3216.8923
Bangladesh,2015,2480.9955,3402.3213
Bangladesh,2016,2426.111348,3598.5103
Bangladesh,2017,2488.19931,3808.8728
Bangladesh,2018,2566.933216,4056.6465
Bangladesh,2019,2523.014924,4242.7515
Bangladesh,2020,2587.918477,4418.9644
Bangladesh,2021,2593.019894,4684.003
Bangladesh,2022,2608.238706,4925.721
Barbados,1961,2500.03854,5683.0
Barbados,1962,2551.02247,5923.0
Barbados,1963,2608.86701,6033.0
Barbados,1964,2544.63378,6355.0
Barbados,1965,2513.050405,6468.0
Barbados,1966,2514.46112,6873.0
Barbados,1967,2680.49375,7492.0
Barbados,1968,2580.66176,8429.0
Barbados,1969,2576.6839099999997,9247.0
Barbados,1970,2697.12587,10197.0
Barbados,1971,2906.4577600000002,10514.0
Barbados,1972,2805.71605,10567.0
Barbados,1973,2878.82903,10635.0
Barbados,1974,2780.2358700000004,10080.0
Barbados,1975,2736.8489600000003,9825.0
Barbados,1976,2805.83573,10222.0
Barbados,1977,2824.601844,10541.0
Barbados,1978,2934.32782,11014.0
Barbados,1979,2844.02762,11837.0
Barbados,1980,3019.7983700000004,12318.0
Barbados,1981,3014.07827,12065.0
Barbados,1982,2910.2655700000005,11424.0
Barbados,1983,2958.1378000000004,11419.0
Barbados,1984,2905.37066,11772.0
Barbados,1985,2896.5872200000003,11848.0
Barbados,1986,3048.05826,12404.0
Barbados,1987,3109.16917,12683.0
Barbados,1988,3076.22607,13087.0
Barbados,1989,3132.24373,13498.0
Barbados,1990,3111.5746499999996,12994.0
Barbados,1991,3013.66173,12298.506
Barbados,1992,2991.95286,11427.267
Barbados,1993,2923.24661,11343.598
Barbados,1994,2909.5755,11405.56
Barbados,1995,2877.92083,11473.859
Barbados,1996,2924.42963,11760.825
Barbados,1997,2999.87959,12124.509
Barbados,1998,2832.98776,12384.762
Barbados,1999,2981.48781,12237.948
Barbados,2000,2855.16821,12600.022
Barbados,2001,2895.76776,12112.181
Barbados,2002,2868.61018,12025.474
Barbados,2003,2894.22929,12094.819
Barbados,2004,2819.26468,12078.735
Barbados,2005,2945.27132,12379.45
Barbados,2006,2890.91965,12889.877
Barbados,2007,2956.92902,12917.439
Barbados,2008,2940.2776400000002,12786.107
Barbados,2009,2961.20847,12094.324
Barbados,2010,3081.94128,11954.322
Barbados,2011,3045.6125,11870.0
Barbados,2012,3069.98515,11860.0
Barbados,2013,3055.55767,11809.0
Barbados,2014,3042.03813,11780.0
Barbados,2015,3078.9456099999998,11849.0
Barbados,2016,3062.04396,12124.693
Barbados,2017,3033.0863,12157.3125
Barbados,2018,3077.7820199999996,12029.747
Barbados,2019,3125.34586,12040.277
Barbados,2020,3190.0342199999996,10487.387
Barbados,2021,3179.5991299999996,10386.526
Barbados,2022,3190.28283,11545.848
Belarus,1992,3113.40132,9960.843
Belarus,1993,3195.43557,9077.44
Belarus,1994,3121.9429200000004,7932.001
Belarus,1995,3192.36155,6993.622
Belarus,1996,3281.4241700000002,7128.3545
Belarus,1997,3281.5735999999997,7885.0195
Belarus,1998,3219.19099,8481.967
Belarus,1999,3115.74311,8689.713
Belarus,2000,2989.92828,9110.9795
Belarus,2001,3040.47552,9462.374
Belarus,2002,2974.83976,9870.309
Belarus,2003,2815.50027,10492.987
Belarus,2004,2896.51847,11615.686
Belarus,2005,2986.18168,12629.558
Belarus,2006,3087.85221,13792.554
Belarus,2007,3193.2635,14856.956
Belarus,2008,3209.00105,16223.997
Belarus,2009,3132.15199,16088.725
Belarus,2010,3178.2804100000003,17172.46
Belarus,2011,3231.0280700000003,17918.0
Belarus,2012,3304.06142,18245.008
Belarus,2013,3316.57492,18456.41
Belarus,2014,3338.35606,18805.18
Belarus,2015,3303.55515,18122.863
Belarus,2016,3297.0924999999997,17701.959
Belarus,2017,3315.64563,18193.273
Belarus,2018,3317.0792699999997,18809.494
Belarus,2019,3375.14709,19130.395
Belarus,2020,3434.9495,19053.156
Belarus,2021,3417.05687,19541.914
Belarus,2022,3461.49044,18699.799
Belgium,2000,3714.9074,33719.77
Belgium,2001,3752.11552,33923.344
Belgium,2002,3751.20254,34419.695
Belgium,2003,3720.14998,34588.477
Belgium,2004,3729.055,35740.35
Belgium,2005,3726.3446999999996,36338.383
Belgium,2006,3729.9512699999996,37051.902
Belgium,2007,3731.4091799999997,38082.875
Belgium,2008,3723.89189,38117.348
Belgium,2009,3713.75324,36998.65
Belgium,2010,3707.66007,37739.33
Belgium,2011,3704.79698,38130.0
Belgium,2012,3698.28732,38173.234
Belgium,2013,3718.6605,38169.832
Belgium,2014,3795.34491,38599.426
Belgium,2015,3807.9457300000004,39160.324
Belgium,2016,3775.54481,39456.863
Belgium,2017,3795.1495999999997,39940.824
Belgium,2018,3807.8237099999997,40471.914
Belgium,2019,3855.4187899999997,41155.527
Belgium,2020,3865.78395,38763.44
Belgium,2021,3911.83673,40970.805
Belgium,2022,3913.8783000000003,41872.395
Benin,1961,1672.7521780000002,1482.0
Benin,1962,1689.411729,1400.0
Benin,1963,1632.47417,1430.0
Benin,1964,1596.19465,1492.0
Benin,1965,1729.288436,1532.0
Benin,1966,1718.572612,1549.0
Benin,1967,1743.7072400000002,1525.0
Benin,1968,1839.19832,1545.0
Benin,1969,1776.657344,1551.0
Benin,1970,1719.1797499999998,1543.0
Benin,1971,1791.8972239999998,1535.0
Benin,1972,1702.601691,1640.0
Benin,1973,1777.8103449999999,1666.0
Benin,1974,1657.578866,1733.0
Benin,1975,1511.524574,1570.0
Benin,1976,1798.916007,1548.0
Benin,1977,1742.8856099999998,1570.0
Benin,1978,1781.275,1519.0
Benin,1979,1876.6002899999999,1594.0
Benin,1980,1776.06416,1691.0
Benin,1981,1734.83426,1733.0
Benin,1982,1760.01519,1862.0
Benin,1983,1650.547023,1728.0
Benin,1984,1868.4775,1809.0
Benin,1985,1857.27441,1886.0
Benin,1986,1875.0079700000001,1867.0
Benin,1987,1718.98501,1782.0
Benin,1988,1817.4880039999998,1780.0
Benin,1989,1993.278316,1715.0
Benin,1990,2020.690262,1811.0
Benin,1991,2091.515915,1812.4215
Benin,1992,2050.567451,1790.53
Benin,1993,2048.30174,1791.9633
Benin,1994,2068.390572,1731.8035
Benin,1995,2117.831753,1835.5746
Benin,1996,2174.99559,1840.4858
Benin,1997,2167.252677,1867.6058
Benin,1998,2155.82471,1862.7557
Benin,1999,2150.16875,1881.6971
Benin,2000,2160.22646,1908.9366
Benin,2001,2230.880043,1928.0967
Benin,2002,2319.547846,1934.3967
Benin,2003,2286.32926,1919.6151
Benin,2004,2389.8019569999997,1923.7192
Benin,2005,2364.458515,1875.9193
Benin,2006,2379.808726,1870.5325
Benin,2007,2493.254766,1904.5496
Benin,2008,2451.224768,1920.306
Benin,2009,2492.60904,1888.7758
Benin,2010,2507.699193,1854.6655
Benin,2011,2529.70639,1836.0
Benin,2012,2526.4770900000003,1867.0
Benin,2013,2529.826825,1939.0
Benin,2014,2556.29869,2008.0
Benin,2015,2537.13087,2055.0
Benin,2016,2543.3801599999997,2061.9036
Benin,2017,2544.586246,2115.587
Benin,2018,2539.04179,2192.261
Benin,2019,2594.8990599999997,2276.1038
Benin,2020,2635.75922,2297.7698
Benin,2021,2687.201973,2395.1663
Benin,2022,2703.32301,2477.0903
Bolivia,1961,1571.259267,2555.0
Bolivia,1962,1600.1023360000002,2636.0
Bolivia,1963,1647.391578,2742.0
Bolivia,1964,1589.686729,2809.0
Bolivia,1965,1671.1676,2879.0
Bolivia,1966,1677.042923,3014.0
Bolivia,1967,1728.5860400000001,3127.0
Bolivia,1968,1771.920087,3314.0
Bolivia,1969,1752.95282,3379.0
Bolivia,1970,1843.918845,3469.0
Bolivia,1971,1892.5020559999998,3513.0
Bolivia,1972,1854.2827149999998,3602.0
Bolivia,1973,1777.9965399999999,3757.0
Bolivia,1974,1912.217717,3854.0
Bolivia,1975,1977.742804,4010.0
Bolivia,1976,1979.07789,4219.0
Bolivia,1977,1932.31707,4289.0
Bolivia,1978,1970.9728049999999,4328.0
Bolivia,1979,2000.44654,4227.0
Bolivia,1980,1954.108456,4100.0
Bolivia,1981,1934.4215140000001,4060.0
Bolivia,1982,1875.0508,3816.0
Bolivia,1983,1794.8182940000002,3585.0
Bolivia,1984,1873.7391499999999,3561.0
Bolivia,1985,1970.62205,3476.0
Bolivia,1986,1859.269325,3306.0
Bolivia,1987,1884.46908,3330.0
Bolivia,1988,1856.46575,3386.0
Bolivia,1989,1925.6748,3408.0
Bolivia,1990,1846.688174,3502.0
Bolivia,1991,1930.269785,3610.0518
Bolivia,1992,1938.3767400000002,3592.1367
Bolivia,1993,1931.22713,3670.2744
Bolivia,1994,1892.2941700000001,3765.1694
Bolivia,1995,2041.9125999999999,3865.438
Bolivia,1996,1992.17371,3959.4453
Bolivia,1997,2007.4839,4079.5378
Bolivia,1998,1912.6634199999999,4205.6943
Bolivia,1999,2003.82872,4146.4707
Bolivia,2000,2049.11849,4173.5493
Bolivia,2001,2063.08274,4166.4917
Bolivia,2002,2088.46614,4193.755
Bolivia,2003,2109.1286099999998,4230.3726
Bolivia,2004,2047.379875,4330.5557
Bolivia,2005,2104.71706,4445.3477
Bolivia,2006,2157.95143,4581.9023
Bolivia,2007,2162.78421,4713.448
Bolivia,2008,2142.33885,4924.032
Bolivia,2009,2128.05247,5011.3384
Bolivia,2010,2247.25805,5141.759
Bolivia,2011,2266.29685,5331.0
Bolivia,2012,2277.40106,5503.908
Bolivia,2013,2287.62529,5775.7515
Bolivia,2014,2277.9499299999998,5988.2773
Bolivia,2015,2338.58677,6176.267
Bolivia,2016,2382.67974,6337.799
Bolivia,2017,2380.2998799999996,6503.387
Bolivia,2018,2413.31915,6679.4385
Bolivia,2019,2441.0689,6730.809
Bolivia,2020,2404.39555,6062.065
Bolivia,2021,2387.69874,6355.615
Bolivia,2022,2359.75878,6481.3906
Bosnia and Herzegovina,1992,2298.203262,3830.219
Bosnia and Herzegovina,1993,2440.56631,2831.0393
Bosnia and Herzegovina,1994,2596.90078,3017.001
Bosnia and Herzegovina,1995,2498.003164,3237.3074
Bosnia and Herzegovina,1996,2588.0527199999997,4915.325
Bosnia and Herzegovina,1997,2719.19997,5913.081
Bosnia and Herzegovina,1998,2691.5919999999996,6589.637
Bosnia and Herzegovina,1999,2667.1068299999997,7025.973
Bosnia and Herzegovina,2000,2583.50494,7082.035
Bosnia and Herzegovina,2001,2694.309796,7129.3867
Bosnia and Herzegovina,2002,2700.14521,7391.5923
Bosnia and Herzegovina,2003,2642.407674,7551.408
Bosnia and Herzegovina,2004,2901.442,7857.3784
Bosnia and Herzegovina,2005,2877.4862,8057.6826
Bosnia and Herzegovina,2006,2876.2504400000003,8410.801
Bosnia and Herzegovina,2007,2953.815995,8811.861
Bosnia and Herzegovina,2008,3038.9182659999997,9199.262
Bosnia and Herzegovina,2009,3057.7757500000002,9018.506
Bosnia and Herzegovina,2010,3098.18909,8982.458
Bosnia and Herzegovina,2011,3111.71794,8961.0
Bosnia and Herzegovina,2012,3110.81232,8894.932
Bosnia and Herzegovina,2013,3157.3178,9113.055
Bosnia and Herzegovina,2014,3222.31854,9228.818
Bosnia and Herzegovina,2015,3293.55312,9639.478
Bosnia and Herzegovina,2016,3328.21725,9966.366
Bosnia and Herzegovina,2017,3304.84434,10305.933
Bosnia and Herzegovina,2018,3338.30994,10718.778
Bosnia and Herzegovina,2019,3356.95275,11048.235
Bosnia and Herzegovina,2020,3386.4446099999996,10736.168
Bosnia and Herzegovina,2021,3376.34112,11553.761
Bosnia and Herzegovina,2022,3398.26542,12142.863
Botswana,1961,2009.98388,575.0
Botswana,1962,1943.9065799999998,582.0
Botswana,1963,2011.4806800000001,591.0
Botswana,1964,2049.65814,604.0
Botswana,1965,2079.674556,612.0
Botswana,1966,2065.52696,663.0
Botswana,1967,2183.368515,719.0
Botswana,1968,2287.7562040000003,781.0
Botswana,1969,2300.909715,843.0
Botswana,1970,2389.10057,907.0
Botswana,1971,2529.21769,1113.0
Botswana,1972,2536.11952,1361.0
Botswana,1973,2340.13072,1589.0
Botswana,1974,2164.706716,1656.0
Botswana,1975,2225.61825,1712.0
Botswana,1976,2173.39541,1801.0
Botswana,1977,2215.981714,1889.0
Botswana,1978,2039.06748,2005.0
Botswana,1979,2147.50634,2184.0
Botswana,1980,2091.90846,2348.0
Botswana,1981,2118.20805,2528.0
Botswana,1982,2136.21002,2640.0
Botswana,1983,2210.45833,2848.0
Botswana,1984,2331.98024,3124.0
Botswana,1985,2288.86618,3301.0
Botswana,1986,2287.4777599999998,3432.0
Botswana,1987,2299.26483,3601.0
Botswana,1988,2320.31442,3920.0
Botswana,1989,2233.996786,5066.0
Botswana,1990,2348.9821899999997,5267.0
Botswana,1991,2362.0480500000003,5616.011
Botswana,1992,2338.68329,5733.63
Botswana,1993,2192.74364,5787.1143
Botswana,1994,2313.2924949999997,5946.4272
Botswana,1995,2310.97413,6318.4766
Botswana,1996,2336.71738,6647.7676
Botswana,1997,2282.5201700000002,7152.1475
Botswana,1998,2191.2652049999997,7185.2725
Botswana,1999,2224.0279600000003,7876.1387
Botswana,2000,2176.3498799999998,8044.142
Botswana,2001,2243.046326,8082.8237
Botswana,2002,2188.73211,8604.067
Botswana,2003,2181.197754,9042.52
Botswana,2004,2249.0260799999996,9329.509
Botswana,2005,2241.24861,9798.087
Botswana,2006,2174.6829799999996,10665.68
Botswana,2007,2170.360005,11602.068
Botswana,2008,2166.16672,12385.149
Botswana,2009,2156.38089,11494.757
Botswana,2010,2489.70558,12544.728
Botswana,2011,2538.7973300000003,13376.0
Botswana,2012,2555.29299,13134.406
Botswana,2013,2608.01714,14355.76
Botswana,2014,2655.33065,14929.678
Botswana,2015,2703.230695,13980.036
Botswana,2016,2678.76448,14752.188
Botswana,2017,2703.37506,15121.662
Botswana,2018,2700.06484,15515.622
Botswana,2019,2761.737554,15747.324
Botswana,2020,2786.3259900000003,14162.686
Botswana,2021,2824.0867399999997,15612.078
Botswana,2022,2826.45014,16351.91
Brazil,1961,2220.3286900000003,3585.0
Brazil,1962,2283.46018,3711.0
Brazil,1963,2256.52641,3623.0
Brazil,1964,2321.96101,3637.0
Brazil,1965,2347.62137,3617.0
Brazil,1966,2344.75457,3747.0
Brazil,1967,2389.2569599999997,3795.0
Brazil,1968,2474.21589,4050.0
Brazil,1969,2450.3699699999997,4313.0
Brazil,1970,2422.25777,4635.0
Brazil,1971,2443.0961049999996,5024.0
Brazil,1972,2412.90661,5480.0
Brazil,1973,2399.59985,6086.0
Brazil,1974,2493.19288,6416.0
Brazil,1975,2502.88796,6582.0
Brazil,1976,2532.6322600000003,7079.0
Brazil,1977,2567.118136,7248.0
Brazil,1978,2607.61337,7425.0
Brazil,1979,2715.4035999999996,7736.0
Brazil,1980,2709.895495,8249.0
Brazil,1981,2612.4875,7709.0
Brazil,1982,2655.533425,7587.0
Brazil,1983,2610.32536,7203.0
Brazil,1984,2610.8052,7438.0
Brazil,1985,2642.72461,7862.0
Brazil,1986,2697.28302,8281.0
Brazil,1987,2703.64621,8402.0
Brazil,1988,2699.7123540000002,8230.0
Brazil,1989,2746.79872,8333.0
Brazil,1990,2728.2030000000004,7842.0
Brazil,1991,2784.86647,7888.0483
Brazil,1992,2776.7609199999997,7812.7944
Brazil,1993,2777.830005,8166.2354
Brazil,1994,2820.9733,8615.688
Brazil,1995,2814.7118600000003,8951.694
Brazil,1996,2843.23745,9124.516
Brazil,1997,2858.51048,9409.946
Brazil,1998,2858.26922,9419.107
Brazil,1999,2871.04447,9441.759
Brazil,2000,2888.05613,9834.425
Brazil,2001,2902.93874,9953.31
Brazil,2002,2941.56306,10245.069
Brazil,2003,3086.1937500000004,10354.596
Brazil,2004,3104.52199,10949.66
Brazil,2005,3102.23133,11305.771
Brazil,2006,3120.56438,11766.605
Brazil,2007,3129.7991599999996,12500.007
Brazil,2008,3201.3507,13164.012
Brazil,2009,3189.21825,13180.891
Brazil,2010,3302.99449,14215.612
Brazil,2011,3348.81293,14831.0
Brazil,2012,3300.02312,14985.498
Brazil,2013,3311.08978,15305.414
Brazil,2014,3354.3147900000004,15251.89
Brazil,2015,3299.99449,14583.982
Brazil,2016,3280.2753599999996,13990.646
Brazil,2017,3296.81906,14062.75
Brazil,2018,3339.50267,14197.55
Brazil,2019,3350.08406,14257.871
Brazil,2020,3322.74764,13685.926
Brazil,2021,3374.65987,14292.936
Brazil,2022,3383.55516,14640.076
Bulgaria,1961,3170.65669,4897.0
Bulgaria,1962,3213.240105,5252.0
Bulgaria,1963,3280.72183,5448.0
Bulgaria,1964,3327.39588,5829.0
Bulgaria,1965,3411.92428,6137.0
Bulgaria,1966,3492.29521,6575.0
Bulgaria,1967,3457.3977800000002,6886.0
Bulgaria,1968,3452.379446,6963.0
Bulgaria,1969,3475.376355,7246.0
Bulgaria,1970,3448.7129,7608.0
Bulgaria,1971,3527.3639999999996,7814.0
Bulgaria,1972,3473.92547,8145.0
Bulgaria,1973,3473.7326000000003,8423.0
Bulgaria,1974,3455.10381,8630.0
Bulgaria,1975,3501.52398,9295.0
Bulgaria,1976,3590.66356,9535.0
Bulgaria,1977,3495.1758499999996,9398.0
Bulgaria,1978,3567.93464,9594.0
Bulgaria,1979,3591.11218,9954.0
Bulgaria,1980,3590.23115,9634.0
Bulgaria,1981,3658.33682,9860.0
Bulgaria,1982,3640.80103,10154.0
Bulgaria,1983,3614.31457,9942.0
Bulgaria,1984,3608.9831599999998,10249.0
Bulgaria,1985,3596.4820600000003,9924.0
Bulgaria,1986,3654.37936,10170.0
Bulgaria,1987,3664.7808,10173.0
Bulgaria,1988,3672.5861800000002,10098.0
Bulgaria,1989,3599.3498,9908.0
Bulgaria,1990,3128.57178,8922.0
Bulgaria,1991,3058.2642,8319.673
Bulgaria,1992,3055.52626,7846.1157
Bulgaria,1993,2987.87918,7959.1636
Bulgaria,1994,2884.99103,8212.297
Bulgaria,1995,2896.1655100000003,8566.603
Bulgaria,1996,2735.6339,7901.1235
Bulgaria,1997,2670.44403,7927.429
Bulgaria,1998,2815.5267599999997,8322.082
Bulgaria,1999,2878.53526,7921.765
Bulgaria,2000,2813.18434,8410.795
Bulgaria,2001,2818.34191,8832.291
Bulgaria,2002,2781.8627500000002,9471.766
Bulgaria,2003,2757.89275,10080.783
Bulgaria,2004,2762.4367899999997,10853.785
Bulgaria,2005,2718.75314,11758.084
Bulgaria,2006,2752.77315,12706.182
Bulgaria,2007,2725.40653,13785.228
Bulgaria,2008,2770.31564,14761.715
Bulgaria,2009,2769.39156,14363.259
Bulgaria,2010,2775.21796,14686.461
Bulgaria,2011,2787.1047200000003,15112.0
Bulgaria,2012,2794.14194,15314.524
Bulgaria,2013,2856.98639,15314.154
Bulgaria,2014,2878.21859,15550.346
Bulgaria,2015,2779.20967,16186.409
Bulgaria,2016,2845.91768,16795.824
Bulgaria,2017,2855.1426,17386.271
Bulgaria,2018,2909.03589,17982.424
Bulgaria,2019,2902.69697,18840.764
Bulgaria,2020,2918.26639,18203.832
Bulgaria,2021,2983.71854,19753.994
Bulgaria,2022,3035.41647,20592.455
Burkina Faso,1961,1338.805984,1004.0
Burkina Faso,1962,1318.73307,1060.0
Burkina Faso,1963,1462.00823,1039.0
Burkina Faso,1964,1563.627594,1055.0
Burkina Faso,1965,1577.7727380000001,1087.0
Burkina Faso,1966,1565.431845,1082.0
Burkina Faso,1967,1591.974275,1165.0
Burkina Faso,1968,1606.5538749999998,1189.0
Burkina Faso,1969,1608.327189,1199.0
Burkina Faso,1970,1550.062297,1188.0
Burkina Faso,1971,1527.015847,1219.0
Burkina Faso,1972,1463.47485,1253.0
Burkina Faso,1973,1438.395296,1172.0
Burkina Faso,1974,1465.675652,1132.0
Burkina Faso,1975,1508.8307,1068.0
Burkina Faso,1976,1566.3534769999999,1039.0
Burkina Faso,1977,1393.5323950000002,1090.0
Burkina Faso,1978,1565.630988,1189.0
Burkina Faso,1979,1653.239388,1173.0
Burkina Faso,1980,1535.8946799999999,1165.0
Burkina Faso,1981,1473.2219489999998,1186.0
Burkina Faso,1982,1628.518386,1183.0
Burkina Faso,1983,1544.789894,1140.0
Burkina Faso,1984,1497.0884369999999,1129.0
Burkina Faso,1985,1669.27168,1243.0
Burkina Faso,1986,1968.1386929999999,1400.0
Burkina Faso,1987,1949.0811429999999,1336.0
Burkina Faso,1988,1944.828857,1403.0
Burkina Faso,1989,2006.23571,1342.0
Burkina Faso,1990,2112.489985,1286.0
Burkina Faso,1991,2151.09582,1331.2303
Burkina Faso,1992,2212.959008,1264.992
Burkina Faso,1993,2238.061407,1240.1422
Burkina Faso,1994,2273.014554,1189.1213
Burkina Faso,1995,2270.246074,1191.3074
Burkina Faso,1996,2275.9309,1255.7749
Burkina Faso,1997,2254.10913,1268.2632
Burkina Faso,1998,2229.580817,1293.5734
Burkina Faso,1999,2283.6751050000003,1318.7197
Burkina Faso,2000,2256.2874549999997,1275.4819
Burkina Faso,2001,2265.814902,1283.3822
Burkina Faso,2002,2337.827385,1255.5571
Burkina Faso,2003,2411.333572,1277.5808
Burkina Faso,2004,2418.444515,1268.6866
Burkina Faso,2005,2372.82463,1309.9836
Burkina Faso,2006,2460.785966,1322.6372
Burkina Faso,2007,2446.115437,1308.5203
Burkina Faso,2008,2486.562264,1315.4537
Burkina Faso,2009,2535.72553,1287.3678
Burkina Faso,2010,2595.46955,1326.1975
Burkina Faso,2011,2573.103956,1344.0
Burkina Faso,2012,2632.84906,1387.6171
Burkina Faso,2013,2652.611965,1424.2133
Burkina Faso,2014,2639.19575,1443.2963
Burkina Faso,2015,2645.57002,1456.9303
Burkina Faso,2016,2636.55749,1500.0236
Burkina Faso,2017,2610.031163,1548.481
Burkina Faso,2018,2648.926917,1605.3588
Burkina Faso,2019,2628.22172,1651.1173
Burkina Faso,2020,2683.885425,1638.8279
Burkina Faso,2021,2664.49627,1706.9633
Burkina Faso,2022,2694.6313,1704.966
Burundi,2010,1463.418188,717.6115
Burundi,2011,1403.5614349999998,719.0
Burundi,2012,1401.074245,727.0
Burundi,2013,1441.221651,738.0
Burundi,2014,1549.648786,748.0
Burundi,2015,1647.281234,694.0
Burundi,2016,1695.8857630000002,704.635
Burundi,2017,1683.0158059999999,715.09454
Burundi,2018,1731.8337179999999,730.9046
Burundi,2019,1724.6936,738.9831
Burundi,2020,1714.5908800000002,720.446
Burundi,2021,1715.154429,723.1921
Burundi,2022,1697.9514210000002,717.22845
Cambodia,1961,2015.626092,1031.0
Cambodia,1962,1990.86077,1084.0
Cambodia,1963,2063.922902,1135.0
Cambodia,1964,2037.6591700000001,1074.0
Cambodia,1965,2052.7040859999997,1095.0
Cambodia,1966,2066.0522570000003,1116.0
Cambodia,1967,2085.189962,1143.0
Cambodia,1968,2118.898113,1164.0
Cambodia,1969,2107.494388,1151.0
Cambodia,1970,2208.409209,1031.0
Cambodia,1971,2240.30196,980.0
Cambodia,1972,2215.418143,920.0
Cambodia,1973,2151.7387,1239.0
Cambodia,1974,2121.7758750000003,1049.0
Cambodia,1975,1832.360107,925.0
Cambodia,1976,1839.900235,1025.0
Cambodia,1977,1956.052815,1143.0
Cambodia,1978,2112.483294,1291.0
Cambodia,1979,2151.801772,1325.0
Cambodia,1980,2166.939167,1320.0
Cambodia,1981,2272.570107,1301.0
Cambodia,1982,2314.166624,1358.0
Cambodia,1983,2405.5826070000003,1412.0
Cambodia,1984,2379.893352,1476.0
Cambodia,1985,2309.787184,1540.0
Cambodia,1986,2276.526382,1578.0
Cambodia,1987,2401.36487,1490.0
Cambodia,1988,2426.374104,1473.0
Cambodia,1989,2336.90633,1455.0
Cambodia,1990,2380.090885,1404.0
Cambodia,1991,2451.0036959999998,1425.0455
Cambodia,1992,2440.976342,1427.2858
Cambodia,1993,2369.40443,1384.2925
Cambodia,1994,2300.6916300000003,1416.4637
Cambodia,1995,2190.679174,1439.2865
Cambodia,1996,1952.001878,1450.5251
Cambodia,1997,1866.34969,1466.3667
Cambodia,1998,1915.8229939999999,1476.296
Cambodia,1999,2000.8604300000002,1586.2104
Cambodia,2000,2074.38725,1659.0891
Cambodia,2001,2140.18243,1726.4713
Cambodia,2002,2238.211916,1770.9572
Cambodia,2003,2240.7449420000003,1850.2043
Cambodia,2004,2258.60331,1965.8787
Cambodia,2005,2312.60213,2144.845
Cambodia,2006,2362.36524,2286.3848
Cambodia,2007,2371.696135,2422.7566
Cambodia,2008,2383.77516,2482.0068
Cambodia,2009,2394.523855,2433.3062
Cambodia,2010,2521.027485,2426.687
Cambodia,2011,2610.73163,2496.0
Cambodia,2012,2602.1448659999996,2649.3062
Cambodia,2013,2590.72308,2813.6704
Cambodia,2014,2603.7976,2982.7285
Cambodia,2015,2642.22994,3149.8743
Cambodia,2016,2651.587684,3312.0815
Cambodia,2017,2675.3654500000002,3488.5952
Cambodia,2018,2674.86899,3692.43
Cambodia,2019,2716.727315,3896.7979
Cambodia,2020,2721.39525,3728.1985
Cambodia,2021,2694.42873,3796.4844
Cambodia,2022,2655.5548,3944.2468
Cameroon,1961,2103.630266,1321.0
Cameroon,1962,2116.65113,1339.0
Cameroon,1963,2162.220432,1366.0
Cameroon,1964,2168.7603529999997,1390.0
Cameroon,1965,2057.31811,1393.0
Cameroon,1966,2135.301243,1431.0
Cameroon,1967,2141.56076,1443.0
Cameroon,1968,2209.832896,1508.0
Cameroon,1969,2261.47573,1551.0
Cameroon,1970,2273.8832,1565.0
Cameroon,1971,2327.702882,1578.0
Cameroon,1972,2367.540406,1612.0
Cameroon,1973,2347.140066,1599.0
Cameroon,1974,2465.148156,1632.0
Cameroon,1975,2442.202525,1677.0
Cameroon,1976,2392.84798,1664.0
Cameroon,1977,2382.9502,1706.0
Cameroon,1978,2357.88937,1744.0
Cameroon,1979,2392.83731,1785.0
Cameroon,1980,2358.91895,1900.0
Cameroon,1981,2274.075157,2153.0
Cameroon,1982,2278.768645,2257.0
Cameroon,1983,2257.375012,2345.0
Cameroon,1984,2185.319066,2450.0
Cameroon,1985,2223.66288,2585.0
Cameroon,1986,2297.5610699999997,2683.0
Cameroon,1987,2155.190412,2471.0
Cameroon,1988,2112.270947,2287.0
Cameroon,1989,2161.7886399999998,2021.0
Cameroon,1990,2166.5086739999997,1930.0
Cameroon,1991,2146.752667,1833.3545
Cameroon,1992,2252.195233,1754.2467
Cameroon,1993,2154.48745,1677.14
Cameroon,1994,2166.6493,1615.5973
Cameroon,1995,2184.6847159999998,1648.6416
Cameroon,1996,2169.74074,1710.106
Cameroon,1997,2239.157456,1780.4967
Cameroon,1998,2242.9998379999997,1847.2189
Cameroon,1999,2264.3355,1902.266
Cameroon,2000,2260.03767,1961.0879
Cameroon,2001,2308.905394,2028.5474
Cameroon,2002,2352.075135,2084.9207
Cameroon,2003,2379.841805,2143.98
Cameroon,2004,2389.947617,2198.236
Cameroon,2005,2454.9777059999997,2222.911
Cameroon,2006,2496.395308,2269.518
Cameroon,2007,2516.089336,2315.607
Cameroon,2008,2580.411742,2352.7996
Cameroon,2009,2621.08255,2370.1306
Cameroon,2010,2803.621957,2420.1328
Cameroon,2011,2821.9912600000002,2494.0
Cameroon,2012,2855.149344,2536.5469
Cameroon,2013,2865.899175,2590.71
Cameroon,2014,2805.21757,2657.403
Cameroon,2015,2806.571135,2718.3054
Cameroon,2016,2803.365322,2758.029
Cameroon,2017,2779.0168670000003,2779.5483
Cameroon,2018,2810.24348,2815.3162
Cameroon,2019,2863.33447,2832.0767
Cameroon,2020,2841.656895,2769.2869
Cameroon,2021,2865.568187,2791.79
Cameroon,2022,2868.8934600000002,2812.2148
Canada,1961,2811.95517,14080.0
Canada,1962,2849.79009,14787.0
Canada,1963,2905.12356,15248.0
Canada,1964,2798.42122,15938.0
Canada,1965,2924.5639,16694.0
Canada,1966,2912.47867,17448.0
Canada,1967,2944.42742,17658.0
Canada,1968,2931.94304,18297.0
Canada,1969,2990.58666,18988.0
Canada,1970,2957.1772300000002,19207.0
Canada,1971,2910.3520500000004,20024.0
Canada,1972,2922.61222,20837.0
Canada,1973,2961.28806,22058.0
Canada,1974,2973.34259,22643.0
Canada,1975,2878.39272,22819.0
Canada,1976,3028.3599999999997,23754.0
Canada,1977,3004.57,24265.0
Canada,1978,2935.3839900000003,24994.0
Canada,1979,2929.9172799999997,25775.0
Canada,1980,2947.26664,25784.0
Canada,1981,2893.54424,26256.0
Canada,1982,2946.0292499999996,25151.0
Canada,1983,2899.41262,25625.0
Canada,1984,2978.03771,26836.0
Canada,1985,3032.0951299999997,28025.0
Canada,1986,3081.9989,28472.0
Canada,1987,3138.54329,29246.0
Canada,1988,3013.40491,30275.0
Canada,1989,3032.7772400000003,30458.0
Canada,1990,3008.70756,30082.0
Canada,1991,3026.0390800000005,29151.697
Canada,1992,3075.61639,29141.191
Canada,1993,3105.26069,29657.574
Canada,1994,3191.78913,30745.822
Canada,1995,3190.17112,31330.72
Canada,1996,3232.20876,31594.242
Canada,1997,3365.40207,32709.691
Canada,1998,3437.4532600000002,33785.746
Canada,1999,3478.02811,35345.723
Canada,2000,3483.9364,36942.562
Canada,2001,3475.5913899999996,37307.207
Canada,2002,3468.07589,38123.99
Canada,2003,3490.9893300000003,38559.977
Canada,2004,3501.0171499999997,39491.57
Canada,2005,3454.9550900000004,40485.02
Canada,2006,3454.35007,41247.15
Canada,2007,3471.87032,41806.863
Canada,2008,3456.8124799999996,41896.426
Canada,2009,3432.5434400000004,40312.62
Canada,2010,3536.49323,41209.426
Canada,2011,3572.07876,42197.0
Canada,2012,3553.95803,42476.344
Canada,2013,3529.05388,43008.83
Canada,2014,3498.36157,43800.64
Canada,2015,3503.29479,43761.527
Canada,2016,3571.51825,43702.08
Canada,2017,3568.35557,44493.652
Canada,2018,3573.86979,45087.887
Canada,2019,3556.14973,45284.215
Canada,2020,3597.40689,42493.63
Canada,2021,3549.46482,44379.594
Canada,2022,3572.0205100000003,45529.645
Cape Verde,1961,1661.9249770000001,1173.0
Cape Verde,1962,1549.7487959999999,1207.0
Cape Verde,1963,1460.8947200000002,1237.0
Cape Verde,1964,1582.7187000000001,1262.0
Cape Verde,1965,1619.132429,1286.0
Cape Verde,1966,1566.778252,1309.0
Cape Verde,1967,1585.13353,1328.0
Cape Verde,1968,1509.262559,1347.0
Cape Verde,1969,1598.1747839999998,1366.0
Cape Verde,1970,1587.811662,1385.0
Cape Verde,1971,1605.392534,1435.0
Cape Verde,1972,1723.4772619999999,1457.0
Cape Verde,1973,1739.47586,1470.0
Cape Verde,1974,1719.0147160000001,1497.0
Cape Verde,1975,1755.8353430000002,1237.0
Cape Verde,1976,1695.459246,1251.0
Cape Verde,1977,1672.906117,1176.0
Cape Verde,1978,2008.787935,1275.0
Cape Verde,1979,2026.915693,1301.0
Cape Verde,1980,1960.00161,1352.0
Cape Verde,1981,2096.7552,1447.0
Cape Verde,1982,1966.106225,1470.0
Cape Verde,1983,2204.60971,1588.0
Cape Verde,1984,2257.7024499999998,1626.0
Cape Verde,1985,2121.411397,1742.0
Cape Verde,1986,2272.0297499999997,1766.0
Cape Verde,1987,2459.55779,1817.0
Cape Verde,1988,2507.258065,1898.0
Cape Verde,1989,2323.87749,1980.0
Cape Verde,1990,2220.4475359999997,1965.0
Cape Verde,1991,2124.12299,1988.3074
Cape Verde,1992,2355.378874,2029.5961
Cape Verde,1993,2305.464315,2159.2202
Cape Verde,1994,2315.1804700000002,2291.0803
Cape Verde,1995,2199.874695,2444.903
Cape Verde,1996,2220.23725,2594.0996
Cape Verde,1997,2261.19293,2777.465
Cape Verde,1998,2265.949866,2999.6245
Cape Verde,1999,2262.96155,3346.88
Cape Verde,2000,2299.290115,3583.587
Cape Verde,2001,2318.40844,3799.0327
Cape Verde,2002,2284.134535,3998.2617
Cape Verde,2003,2381.68154,4185.4893
Cape Verde,2004,2494.934585,4368.0547
Cape Verde,2005,2485.41756,4659.396
Cape Verde,2006,2468.54075,5140.8706
Cape Verde,2007,2511.01056,5597.85
Cape Verde,2008,2457.34198,5985.107
Cape Verde,2009,2456.43703,5926.5063
Cape Verde,2010,2646.2693950000003,6033.72
Cape Verde,2011,2661.85095,6295.0
Cape Verde,2012,2694.312954,6273.0
Cape Verde,2013,2706.452185,6234.0
Cape Verde,2014,2704.36359,6262.0
Cape Verde,2015,2715.20366,6266.0
Cape Verde,2016,2777.41048,6461.3506
Cape Verde,2017,2817.44637,6676.986
Cape Verde,2018,2884.5566,6848.757
Cape Verde,2019,2917.63479,7297.2793
Cape Verde,2020,3003.45478,5831.9985
Cape Verde,2021,3000.76944,6173.23
Cape Verde,2022,3015.02192,7202.767
Central African Republic,1961,1988.67481,1597.0
Central African Republic,1962,1952.3339959999998,1525.0
Central African Republic,1963,1890.369181,1492.0
Central African Republic,1964,1858.25595,1486.0
Central African Republic,1965,2015.3960459999998,1466.0
Central African Republic,1966,1825.1452769999999,1427.0
Central African Republic,1967,1944.0016890000002,1452.0
Central African Republic,1968,1938.7593390000002,1435.0
Central African Republic,1969,1979.3942299999999,1476.0
Central African Republic,1970,2040.489768,1508.0
Central African Republic,1971,2041.437053,1427.0
Central African Republic,1972,2053.57568,1368.0
Central African Republic,1973,2111.0785800000003,1403.0
Central African Republic,1974,2202.134652,1333.0
Central African Republic,1975,2071.155953,1323.0
Central African Republic,1976,2101.928737,1345.0
Central African Republic,1977,2130.428648,1417.0
Central African Republic,1978,2114.06285,1398.0
Central African Republic,1979,2159.42607,1326.0
Central African Republic,1980,2143.63288,1234.0
Central African Republic,1981,2189.528537,1219.0
Central African Republic,1982,2151.063705,1208.0
Central African Republic,1983,2062.72544,1105.0
Central African Republic,1984,1912.600184,1146.0
Central African Republic,1985,1856.687723,1148.0
Central African Republic,1986,1939.01451,1162.0
Central African Republic,1987,1918.321474,1079.0
Central African Republic,1988,1922.783373,1073.0
Central African Republic,1989,1941.3347239999998,1070.0
Central African Republic,1990,1931.2663659999998,1023.0
Central African Republic,1991,1922.87322,1006.9958
Central African Republic,1992,1899.1489350000002,965.19336
Central African Republic,1993,1857.5082,933.0602
Central African Republic,1994,1847.206948,952.0174
Central African Republic,1995,1840.544528,978.55664
Central African Republic,1996,1848.5818700000002,885.8864
Central African Republic,1997,1858.1405359999999,917.48
Central African Republic,1998,1915.38076,936.2383
Central African Republic,1999,1847.50902,967.8432
Central African Republic,2000,1881.96816,963.94617
Central African Republic,2001,1878.72363,952.5118
Central African Republic,2002,1876.90123,928.77167
Central African Republic,2003,1835.2091659999999,845.50555
Central African Republic,2004,1847.260015,853.182
Central African Republic,2005,1871.1660439999998,858.5237
Central African Republic,2006,1868.84692,881.48517
Central African Republic,2007,1923.40341,897.47833
Central African Republic,2008,1958.00672,901.8513
Central African Republic,2009,2014.78376,898.7005
Central African Republic,2010,2371.9097549999997,910.31036
Central African Republic,2011,2350.59282,909.0
Central African Republic,2012,2351.5266,916.0
Central African Republic,2013,2230.03807,567.0
Central African Republic,2014,2264.17558,561.0
Central African Republic,2015,2301.78127,576.0
Central African Republic,2016,2348.69785,592.92346
Central African Republic,2017,2353.9218,608.28564
Central African Republic,2018,2375.229215,619.18744
Central African Republic,2019,2399.54954,623.5598
Central African Republic,2020,2409.35221,613.78937
Central African Republic,2021,2398.08156,606.85913
Central African Republic,2022,2418.83363,596.393
Chad,1961,2220.07467,971.0
Chad,1962,2332.982844,1004.0
Chad,1963,2320.30249,972.0
Chad,1964,2285.179395,929.0
Chad,1965,2253.996314,913.0
Chad,1966,2218.0100700000003,878.0
Chad,1967,2210.377606,866.0
Chad,1968,2177.9841530000003,843.0
Chad,1969,2138.43945,881.0
Chad,1970,2066.069765,880.0
Chad,1971,1980.342756,877.0
Chad,1972,1838.758912,800.0
Chad,1973,1731.9437169999999,746.0
Chad,1974,1751.1599,829.0
Chad,1975,1689.6924199999999,952.0
Chad,1976,1646.095273,918.0
Chad,1977,1653.2324700000001,830.0
Chad,1978,1630.6327469999999,808.0
Chad,1979,1634.811435,622.0
Chad,1980,1635.124646,583.0
Chad,1981,1647.220187,521.0
Chad,1982,1601.382987,524.0
Chad,1983,1538.514444,577.0
Chad,1984,1527.22809,601.0
Chad,1985,1763.5364339999999,642.0
Chad,1986,1620.5176700000002,662.0
Chad,1987,1562.9615450000001,663.0
Chad,1988,1736.45164,692.0
Chad,1989,1652.3668360000001,685.0
Chad,1990,1639.517805,692.0
Chad,1991,1781.8332249999999,703.28375
Chad,1992,1780.900622,698.739
Chad,1993,1630.2944,680.80054
Chad,1994,1971.0043660000001,713.8271
Chad,1995,1770.3513039999998,700.70764
Chad,1996,1767.467213,694.10504
Chad,1997,1845.724724,719.15314
Chad,1998,1981.848224,753.8608
Chad,1999,1935.90606,733.78125
Chad,2000,1898.767523,716.04236
Chad,2001,1976.038575,783.0552
Chad,2002,1934.2911100000001,831.82916
Chad,2003,1986.250384,925.51263
Chad,2004,1973.925494,1200.2726
Chad,2005,1972.15177,1266.105
Chad,2006,1956.015353,1225.5164
Chad,2007,1957.06524,1422.3408
Chad,2008,1948.31938,1422.2312
Chad,2009,1932.18009,1533.1794
Chad,2010,2255.3892800000003,1720.3344
Chad,2011,2249.68737,1661.0
Chad,2012,2303.74115,1742.654
Chad,2013,2295.88549,1776.092
Chad,2014,2238.513014,1829.8347
Chad,2015,2206.81686,1802.3212
Chad,2016,2258.5825649999997,1648.0383
Chad,2017,2259.2249199999997,1555.7141
Chad,2018,2236.76534,1541.4716
Chad,2019,2218.15772,1543.8029
Chad,2020,2177.4723999999997,1463.5312
Chad,2021,2111.25638,1402.6732
Chad,2022,2097.11102,1393.5635
Chile,1961,2353.35903,6923.0
Chile,1962,2399.14854,7071.0
Chile,1963,2506.0288760000003,7336.0
Chile,1964,2469.81038,7320.0
Chile,1965,2461.86242,7208.0
Chile,1966,2552.73035,7844.0
Chile,1967,2533.2805,7933.0
Chile,1968,2568.8986699999996,8053.0
Chile,1969,2568.70121,8187.0
Chile,1970,2565.6736,8195.0
Chile,1971,2639.10643,8773.0
Chile,1972,2657.53135,8520.0
Chile,1973,2511.2452599999997,7911.0
Chile,1974,2657.92265,7857.0
Chile,1975,2432.71268,6731.0
Chile,1976,2540.0101750000003,6868.0
Chile,1977,2492.9955760000003,7438.0
Chile,1978,2545.0636759999998,7936.0
Chile,1979,2583.65199,8475.0
Chile,1980,2608.2403350000004,9024.0
Chile,1981,2625.112775,9427.0
Chile,1982,2537.5167,8016.0
Chile,1983,2476.908715,7667.0
Chile,1984,2514.81793,7992.0
Chile,1985,2425.35556,8024.0
Chile,1986,2435.3105800000003,8325.0
Chile,1987,2437.583684,8721.0
Chile,1988,2414.1713799999998,9199.0
Chile,1989,2455.73921,10005.0
Chile,1990,2526.378494,10203.0
Chile,1991,2561.6999100000003,10746.491
Chile,1992,2673.18081,11773.301
Chile,1993,2684.26516,12296.926
Chile,1994,2723.67641,12692.551
Chile,1995,2739.43261,13715.933
Chile,1996,2765.41897,14433.319
Chile,1997,2777.7215,15079.831
Chile,1998,2784.69923,15259.541
Chile,1999,2790.266,14846.418
Chile,2000,2823.9402,15211.623
Chile,2001,2859.8059999999996,15448.009
Chile,2002,2893.07224,15509.825
Chile,2003,2885.82224,15809.178
Chile,2004,2913.5276,16478.973
Chile,2005,2907.0507900000002,17137.486
Chile,2006,2956.25778,17920.803
Chile,2007,2932.5966399999998,18487.9
Chile,2008,2941.61343,18804.03
Chile,2009,2888.99344,18184.48
Chile,2010,2875.01005,18909.848
Chile,2011,2902.84044,19705.0
Chile,2012,2887.65746,20690.797
Chile,2013,2939.3212599999997,21171.06
Chile,2014,2938.13174,21337.76
Chile,2015,2925.51889,21574.018
Chile,2016,2954.47366,21715.713
Chile,2017,2956.54022,21709.428
Chile,2018,2990.8237099999997,22175.664
Chile,2019,3022.55344,21924.408
Chile,2020,3079.39109,20205.87
Chile,2021,3136.6498300000003,22324.96
Chile,2022,3113.6503599999996,22740.72
China,1961,1426.0812409999999,874.0
China,1962,1540.657919,926.0
China,1963,1590.261324,1034.0
China,1964,1645.5336419999999,1152.0
China,1965,1767.517571,1253.0
China,1966,1832.2793120000001,1261.0
China,1967,1789.07287,1237.0
China,1968,1734.88969,1178.0
China,1969,1710.61792,1264.0
China,1970,1820.04037,1398.0
China,1971,1826.742068,1446.0
China,1972,1813.3028729999999,1431.0
China,1973,1884.927115,1513.0
China,1974,1883.953475,1519.0
China,1975,1903.693121,1594.0
China,1976,1873.1554800000001,1519.0
China,1977,1914.563231,1583.0
China,1978,2064.2699780000003,1744.0
China,1979,2079.39987,1859.0
China,1980,2147.900795,1930.0
China,1981,2164.72775,1962.0
China,1982,2325.618716,2128.0
China,1983,2395.98322,2227.0
China,1984,2434.03352,2444.0
China,1985,2434.709667,2619.0
China,1986,2434.788654,2748.0
China,1987,2454.5402080000003,2931.0
China,1988,2437.018884,3045.0
China,1989,2429.407792,3022.0
China,1990,2529.7142,2982.0
China,1991,2456.4126969999998,3051.3152
China,1992,2485.650114,3227.7441
China,1993,2571.48248,3506.48
China,1994,2640.440665,3730.164
China,1995,2729.3693000000003,3999.7292
China,1996,2732.11466,4219.644
China,1997,2759.8710300000002,4310.828
China,1998,2801.8356139999996,4309.847
China,1999,2790.9296400000003,4466.7363
China,2000,2831.9929199999997,4730.3545
China,2001,2836.18304,4995.1445
China,2002,2850.6074740000004,5343.1123
China,2003,2851.1884899999995,5649.4634
China,2004,2875.2414,6067.5913
China,2005,2896.91097,6626.592
China,2006,2900.69967,7271.0356
China,2007,2937.78118,7895.713
China,2008,2996.89111,8190.1123
China,2009,3013.49895,8734.041
China,2010,3041.4371199999996,9658.419
China,2011,3088.3301599999995,10221.0
China,2012,3103.4579700000004,10946.834
China,2013,3100.2089800000003,11731.295
China,2014,3199.8789800000004,12515.198
China,2015,3235.54533,13325.432
China,2016,3222.5381399999997,14138.955
China,2017,3257.5286699999997,15030.447
China,2018,3274.77811,15977.008
China,2019,3303.16216,16879.54
China,2020,3323.20666,17225.969
China,2021,3403.83181,18666.605
China,2022,3453.90444,19238.18
Colombia,1961,2244.6128099999996,4049.0
Colombia,1962,2256.41177,4135.0
Colombia,1963,2140.97271,4140.0
Colombia,1964,2187.73127,4264.0
Colombia,1965,2142.992894,4286.0
Colombia,1966,2079.255826,4383.0
Colombia,1967,2064.59857,4438.0
Colombia,1968,2070.92261,4581.0
Colombia,1969,2072.13288,4744.0
Colombia,1970,2098.4648740000002,4932.0
Colombia,1971,2180.913044,5091.0
Colombia,1972,2204.512125,5348.0
Colombia,1973,2228.286631,5577.0
Colombia,1974,2312.07936,5767.0
Colombia,1975,2355.99655,5772.0
Colombia,1976,2489.8944149999998,5918.0
Colombia,1977,2465.745799,6046.0
Colombia,1978,2548.75553,6443.0
Colombia,1979,2529.88082,6658.0
Colombia,1980,2601.1682410000003,6786.0
Colombia,1981,2593.781914,6782.0
Colombia,1982,2589.72925,6698.0
Colombia,1983,2625.313264,6655.0
Colombia,1984,2596.142606,6741.0
Colombia,1985,2561.8727900000004,6809.0
Colombia,1986,2552.71722,7071.0
Colombia,1987,2649.882364,7296.0
Colombia,1988,2602.46744,7442.0
Colombia,1989,2639.220985,7533.0
Colombia,1990,2631.456785,7693.0
Colombia,1991,2633.595909,7713.022
Colombia,1992,2703.19516,7888.1055
Colombia,1993,2747.74961,8180.8706
Colombia,1994,2773.831884,8447.857
Colombia,1995,2831.565326,8735.884
Colombia,1996,2816.533475,8770.583
Colombia,1997,2826.1539700000003,8952.473
Colombia,1998,2784.04735,8863.262
Colombia,1999,2818.98467,8382.14
Colombia,2000,2836.4513749999996,8496.792
Colombia,2001,2875.24203,8528.033
Colombia,2002,2843.45482,8630.542
Colombia,2003,2861.87991,8855.218
Colombia,2004,2843.85802,9211.279
Colombia,2005,2801.485696,9524.723
Colombia,2006,2844.61631,10039.684
Colombia,2007,2885.89003,10602.305
Colombia,2008,2896.47852,10846.737
Colombia,2009,2801.67893,10894.103
Colombia,2010,2801.437184,11191.687
Colombia,2011,2804.0031200000003,11788.0
Colombia,2012,2897.58899,12129.81
Colombia,2013,2974.29732,12633.481
Colombia,2014,3009.37788,12981.565
Colombia,2015,3075.31924,13237.291
Colombia,2016,3090.80285,13367.445
Colombia,2017,3052.0178100000003,13380.643
Colombia,2018,3087.4937600000003,13485.702
Colombia,2019,3063.36896,13603.993
Colombia,2020,3104.47994,12377.135
Colombia,2021,3110.11813,13553.399
Colombia,2022,3120.63921,14468.964
Comoros,2010,2404.64136,1432.5624
Comoros,2011,2387.23911,1479.0
Comoros,2012,2394.36937,1509.0
Comoros,2013,2446.8004760000003,1619.0
Comoros,2014,2444.3678,1647.0
Comoros,2015,2446.856265,1696.0
Comoros,2016,2506.730514,1705.7402
Comoros,2017,2500.043526,1764.7029
Comoros,2018,2489.1687,1801.6912
Comoros,2019,2503.5907100000004,1832.4357
Comoros,2020,2494.925166,1869.9441
Comoros,2021,2448.00923,1886.0608
Comoros,2022,2423.88276,1900.3983
Congo,1961,2005.4909000000002,2020.0
Congo,1962,2009.12617,2039.0
Congo,1963,2006.537656,2059.0
Congo,1964,2043.3908549999999,2079.0
Congo,1965,1997.0125150000001,2099.0
Congo,1966,1931.776327,2157.0
Congo,1967,1927.922382,2216.0
Congo,1968,1926.119216,2275.0
Congo,1969,1850.137036,2335.0
Congo,1970,1806.315537,2396.0
Congo,1971,1845.8020649999999,2546.0
Congo,1972,1907.35554,2582.0
Congo,1973,1859.2690659999998,2950.0
Congo,1974,1807.05903,2848.0
Congo,1975,1913.125595,2745.0
Congo,1976,1887.7283779999998,2794.0
Congo,1977,1931.0358999999999,2517.0
Congo,1978,1949.9710999999998,2595.0
Congo,1979,1966.012996,2807.0
Congo,1980,2028.7848319999998,3075.0
Congo,1981,2007.606512,3625.0
Congo,1982,2122.0061619999997,4355.0
Congo,1983,2120.66893,4473.0
Congo,1984,2155.85669,4664.0
Congo,1985,2149.391795,4484.0
Congo,1986,2137.447451,4058.0
Congo,1987,2173.411795,3953.0
Congo,1988,2151.852594,3908.0
Congo,1989,2107.8511,3865.0
Congo,1990,2003.09212,3794.0
Congo,1991,1999.21319,3862.5742
Congo,1992,2006.0703899999999,3940.9717
Congo,1993,1981.87552,3874.1697
Congo,1994,1961.4095459999999,3635.9893
Congo,1995,1957.597186,3763.5957
Congo,1996,1949.9686459999998,3988.8772
Congo,1997,1986.2277080000001,3899.7627
Congo,1998,2051.2214599999998,4042.7783
Congo,1999,2106.72925,3925.6865
Congo,2000,2159.519316,4159.2227
Congo,2001,2186.651876,4256.6553
Congo,2002,2214.0078430000003,4458.6343
Congo,2003,2182.3363209999998,4467.904
Congo,2004,2189.049486,4560.5127
Congo,2005,1958.2880530000002,4820.7075
Congo,2006,2036.6901,5016.0576
Congo,2007,2016.25598,4844.97
Congo,2008,1988.1534299999998,5081.1313
Congo,2009,1998.82377,5379.0044
Congo,2010,1974.678026,5738.163
Congo,2011,1940.730726,5875.0
Congo,2012,1994.76774,6300.0493
Congo,2013,2073.01563,6140.1865
Congo,2014,2118.4400100000003,6428.496
Congo,2015,2120.49332,6079.4575
Congo,2016,2099.82737,5315.17
Congo,2017,2125.3175,4977.3423
Congo,2018,2110.71554,4637.726
Congo,2019,2125.211354,4583.337
Congo,2020,2160.062774,4203.1104
Congo,2021,2174.630745,4168.0244
Congo,2022,2167.0788000000002,4187.507
Costa Rica,1961,1978.913775,4340.0
Costa Rica,1962,2019.26619,4439.0
Costa Rica,1963,2026.563066,4653.0
Costa Rica,1964,2105.7389700000003,4720.0
Costa Rica,1965,2169.65797,4983.0
Costa Rica,1966,2139.35273,5193.0
Costa Rica,1967,2089.4595,5338.0
Costa Rica,1968,2153.658105,5574.0
Costa Rica,1969,2178.759976,5773.0
Costa Rica,1970,2229.3316,5984.0
Costa Rica,1971,2285.724134,6199.0
Costa Rica,1972,2308.144746,6564.0
Costa Rica,1973,2332.4795139999997,6884.0
Costa Rica,1974,2340.051126,7061.0
Costa Rica,1975,2377.885954,7007.0
Costa Rica,1976,2413.02986,7182.0
Costa Rica,1977,2431.639334,7602.0
Costa Rica,1978,2407.97847,7763.0
Costa Rica,1979,2441.62985,7905.0
Costa Rica,1980,2519.2976200000003,7828.0
Costa Rica,1981,2449.80354,7461.0
Costa Rica,1982,2377.01853,6751.0
Costa Rica,1983,2474.17863,6743.0
Costa Rica,1984,2519.14085,7065.0
Costa Rica,1985,2594.79662,6918.0
Costa Rica,1986,2593.68809,7087.0
Costa Rica,1987,2629.78115,7221.0
Costa Rica,1988,2657.95719,7270.0
Costa Rica,1989,2674.87359,7489.0
Costa Rica,1990,2704.49582,7567.0
Costa Rica,1991,2687.70719,7552.3623
Costa Rica,1992,2668.604774,8038.7676
Costa Rica,1993,2703.78529,8363.483
Costa Rica,1994,2698.6149800000003,8479.568
Costa Rica,1995,2726.21654,8576.423
Costa Rica,1996,2674.03702,8446.781
Costa Rica,1997,2685.94115,8683.948
Costa Rica,1998,2735.81662,9053.852
Costa Rica,1999,2788.44302,9183.8955
Costa Rica,2000,2794.53967,9319.767
Costa Rica,2001,2803.86186,9451.615
Costa Rica,2002,2777.4409,9591.554
Costa Rica,2003,2770.42292,9831.25
Costa Rica,2004,2791.2189500000004,10086.783
Costa Rica,2005,2851.82517,10308.374
Costa Rica,2006,2919.96469,10880.477
Costa Rica,2007,2912.02623,11584.677
Costa Rica,2008,2903.5643999999998,11935.158
Costa Rica,2009,2906.97561,11638.002
Costa Rica,2010,2879.7421999999997,12031.571
Costa Rica,2011,2881.94104,12366.0
Costa Rica,2012,2878.88692,12800.048
Costa Rica,2013,2889.18101,12952.746
Costa Rica,2014,2919.4727000000003,13241.992
Costa Rica,2015,2931.274,13557.923
Costa Rica,2016,3020.2278399999996,13959.342
Costa Rica,2017,3056.06423,14372.68
Costa Rica,2018,3053.2642800000003,14583.144
Costa Rica,2019,3071.60588,14775.292
Costa Rica,2020,3078.41517,13996.39
Costa Rica,2021,3041.7185,14931.956
Costa Rica,2022,2999.13695,15496.82
Cote d'Ivoire,1961,2199.9029,2114.0
Cote d'Ivoire,1962,2289.80833,2128.0
Cote d'Ivoire,1963,2361.231527,2378.0
Cote d'Ivoire,1964,2426.83392,2691.0
Cote d'Ivoire,1965,2472.72209,2520.0
Cote d'Ivoire,1966,2461.34703,2595.0
Cote d'Ivoire,1967,2455.385946,2509.0
Cote d'Ivoire,1968,2565.1420900000003,2758.0
Cote d'Ivoire,1969,2539.19284,2737.0
Cote d'Ivoire,1970,2576.6712399999997,2882.0
Cote d'Ivoire,1971,2521.19915,2874.0
Cote d'Ivoire,1972,2492.884145,2887.0
Cote d'Ivoire,1973,2466.88543,2974.0
Cote d'Ivoire,1974,2463.1729299999997,2931.0
Cote d'Ivoire,1975,2630.249495,2812.0
Cote d'Ivoire,1976,2646.69038,3017.0
Cote d'Ivoire,1977,2685.49543,3033.0
Cote d'Ivoire,1978,2751.6096850000004,3202.0
Cote d'Ivoire,1979,2911.6005999999998,3139.0
Cote d'Ivoire,1980,2934.09198,3253.0
Cote d'Ivoire,1981,3002.55451,3242.0
Cote d'Ivoire,1982,2954.82432,3131.0
Cote d'Ivoire,1983,2856.522824,2901.0
Cote d'Ivoire,1984,2894.96218,2703.0
Cote d'Ivoire,1985,2820.6052,2735.0
Cote d'Ivoire,1986,2795.29748,2718.0
Cote d'Ivoire,1987,2682.035695,2579.0
Cote d'Ivoire,1988,2677.66816,2444.0
Cote d'Ivoire,1989,2610.09715,2343.0
Cote d'Ivoire,1990,2550.48018,2083.0
Cote d'Ivoire,1991,2551.715283,2036.2988
Cote d'Ivoire,1992,2540.072493,2011.5693
Cote d'Ivoire,1993,2450.865848,1983.2335
Cote d'Ivoire,1994,2452.2473,1951.5408
Cote d'Ivoire,1995,2462.44501,2035.1682
Cote d'Ivoire,1996,2472.102026,2179.0356
Cote d'Ivoire,1997,2504.637428,2288.8086
Cote d'Ivoire,1998,2445.469035,2393.499
Cote d'Ivoire,1999,2427.773674,2417.4575
Cote d'Ivoire,2000,2380.5655399999996,2352.8564
Cote d'Ivoire,2001,2371.02293,2342.8276
Cote d'Ivoire,2002,2383.035962,2298.4565
Cote d'Ivoire,2003,2376.62204,2263.0925
Cote d'Ivoire,2004,2395.5295370000003,2280.788
Cote d'Ivoire,2005,2415.589655,2312.8425
Cote d'Ivoire,2006,2392.2676030000002,2343.927
Cote d'Ivoire,2007,2382.86501,2380.1155
Cote d'Ivoire,2008,2324.648948,2435.2705
Cote d'Ivoire,2009,2305.90034,2508.822
Cote d'Ivoire,2010,2471.6192499999997,2555.0164
Cote d'Ivoire,2011,2519.95389,2444.0
Cote d'Ivoire,2012,2508.046018,2648.7744
Cote d'Ivoire,2013,2532.03614,2821.8762
Cote d'Ivoire,2014,2480.19893,2995.1501
Cote d'Ivoire,2015,2546.307112,3182.1077
Cote d'Ivoire,2016,2557.156573,3328.9795
Cote d'Ivoire,2017,2581.483263,3450.22
Cote d'Ivoire,2018,2596.042008,3497.8928
Cote d'Ivoire,2019,2642.60115,3703.0876
Cote d'Ivoire,2020,2680.455482,3682.1353
Cote d'Ivoire,2021,2725.196915,3853.1626
Cote d'Ivoire,2022,2736.158445,4011.7122
Croatia,1992,2314.8083,9331.893
Croatia,1993,2255.3420260000003,8739.54
Croatia,1994,2395.1130200000002,9352.584
Croatia,1995,2585.00014,10180.252
Croatia,1996,2599.972286,11030.079
Croatia,1997,2583.69727,11997.593
Croatia,1998,2578.9679699999997,12476.047
Croatia,1999,2616.1912899999998,12579.877
Croatia,2000,2644.001924,13244.541
Croatia,2001,2830.9641,13817.681
Croatia,2002,2898.77063,14683.838
Croatia,2003,2937.54217,15740.499
Croatia,2004,3004.4458000000004,16628.574
Croatia,2005,3031.837,17581.357
Croatia,2006,3115.03244,18707.49
Croatia,2007,3114.81182,19984.037
Croatia,2008,3141.7207399999998,20717.316
Croatia,2009,3086.02912,19501.588
Croatia,2010,2996.14249,19511.35
Croatia,2011,3029.05926,19813.0
Croatia,2012,3031.4116599999998,19413.893
Croatia,2013,3104.50076,19402.938
Croatia,2014,3019.0876399999997,19403.594
Croatia,2015,3094.42045,20025.754
Croatia,2016,3210.7291800000003,20915.227
Croatia,2017,3175.39782,21852.021
Croatia,2018,3250.3125999999997,22678.035
Croatia,2019,3297.33184,23590.277
Croatia,2020,3335.4190900000003,21672.479
Croatia,2021,3383.94121,25059.947
Croatia,2022,3421.5253000000002,26986.752
Cuba,1961,2093.12863,3068.0
Cuba,1962,2165.49254,2974.0
Cuba,1963,2361.083446,2958.0
Cuba,1964,2305.620104,3158.0
Cuba,1965,2319.032776,3088.0
Cuba,1966,2210.309766,3185.0
Cuba,1967,2279.605165,3489.0
Cuba,1968,2386.63344,3229.0
Cuba,1969,2439.528025,3137.0
Cuba,1970,2549.02056,2976.0
Cuba,1971,2714.62943,3161.0
Cuba,1972,2623.30879,3253.0
Cuba,1973,2590.61525,3486.0
Cuba,1974,2808.1703500000003,3609.0
Cuba,1975,2663.281145,3733.0
Cuba,1976,2757.1449,3786.0
Cuba,1977,2719.97877,3913.0
Cuba,1978,2804.44312,4114.0
Cuba,1979,2719.5307199999997,4183.0
Cuba,1980,2901.9252100000003,4106.0
Cuba,1981,2941.96788,4420.0
Cuba,1982,3013.57405,4487.0
Cuba,1983,3065.1320100000003,4705.0
Cuba,1984,3110.27581,5051.0
Cuba,1985,3110.4213099999997,5120.0
Cuba,1986,3058.95742,5075.0
Cuba,1987,3063.32121,4887.0
Cuba,1988,2979.52701,4994.0
Cuba,1989,2999.66157,4991.0
Cuba,1990,2911.5150599999997,4713.0
Cuba,1991,2727.6800599999997,3982.2656
Cuba,1992,2496.557836,3399.9648
Cuba,1993,2316.93406,2657.466
Cuba,1994,2359.52952,2683.0984
Cuba,1995,2326.42161,2860.7573
Cuba,1996,2451.249714,3249.6353
Cuba,1997,2569.046726,3425.5618
Cuba,1998,2658.0463849999996,3415.5452
Cuba,1999,2905.80496,3623.5955
Cuba,2000,3038.8965399999997,4009.3398
Cuba,2001,3084.5366999999997,4231.3237
Cuba,2002,3163.8102900000004,4369.0405
Cuba,2003,3256.6190800000004,4506.676
Cuba,2004,3356.21067,4561.0166
Cuba,2005,3262.480966,4713.7065
Cuba,2006,3266.50158,5416.141
Cuba,2007,3255.25493,5635.6885
Cuba,2008,3121.18311,6004.894
Cuba,2009,3231.37854,6248.304
Cuba,2010,3242.91565,6578.1904
Cuba,2011,3329.59112,6928.0
Cuba,2012,3360.7009000000003,7138.0
Cuba,2013,3387.03114,7379.0
Cuba,2014,3356.81234,7628.0
Cuba,2015,3373.4688899999996,7889.0
Cuba,2016,3460.52229,7928.05
Cuba,2017,3463.80102,8075.465
Cuba,2018,3415.5253199999997,8262.988
Cuba,2019,3458.5091,8257.785
Cuba,2020,3417.07572,7364.1055
Cuba,2021,3368.4220100000002,7485.821
Cuba,2022,3315.2269699999997,7648.704
Cyprus,1961,2396.957035,3845.0
Cyprus,1962,2329.59102,4211.0
Cyprus,1963,2258.894536,4423.0
Cyprus,1964,2455.95558,3971.0
Cyprus,1965,2540.52726,4825.0
Cyprus,1966,2596.7883,5083.0
Cyprus,1967,2738.949174,5732.0
Cyprus,1968,2819.03135,5947.0
Cyprus,1969,2995.2555,6446.0
Cyprus,1970,2898.34699,6590.0
Cyprus,1971,2915.06063,7382.0
Cyprus,1972,2680.0742899999996,7809.0
Cyprus,1973,2728.2902999999997,7913.0
Cyprus,1974,2343.5461699999996,6503.0
Cyprus,1975,2342.26411,5528.0
Cyprus,1976,2295.0656799999997,6652.0
Cyprus,1977,2321.3143499999996,7704.0
Cyprus,1978,2405.8742199999997,8257.0
Cyprus,1979,2536.3396350000003,9011.0
Cyprus,1980,2462.08797,9451.0
Cyprus,1981,2479.5143,9631.0
Cyprus,1982,2659.8837999999996,10131.0
Cyprus,1983,2616.36297,10544.0
Cyprus,1984,2701.6087399999997,11330.0
Cyprus,1985,2744.8561799999998,11725.0
Cyprus,1986,2622.60668,12121.0
Cyprus,1987,2604.62305,12792.0
Cyprus,1988,2529.2492599999996,13748.0
Cyprus,1989,2593.8992,14712.0
Cyprus,1990,2616.31958,15560.0
Cyprus,1991,2690.35786,15417.124
Cyprus,1992,2755.0368399999998,16570.396
Cyprus,1993,2775.28985,16439.24
Cyprus,1994,2786.66355,17210.986
Cyprus,1995,2798.03114,18751.486
Cyprus,1996,2701.60103,18875.29
Cyprus,1997,2701.2370300000002,19264.787
Cyprus,1998,2707.6085000000003,20212.738
Cyprus,1999,2691.02039,21147.525
Cyprus,2000,2662.9562,22326.799
Cyprus,2001,2639.58559,23095.736
Cyprus,2002,2634.2422500000002,23828.072
Cyprus,2003,2606.9538199999997,24347.076
Cyprus,2004,2596.33893,25355.24
Cyprus,2005,2557.3008339999997,26164.209
Cyprus,2006,2543.53977,27142.018
Cyprus,2007,2615.199985,28109.996
Cyprus,2008,2622.9406099999997,28736.975
Cyprus,2009,2586.58257,27735.033
Cyprus,2010,3011.22479,27630.104
Cyprus,2011,2990.2737,27272.0
Cyprus,2012,2957.45996,25933.494
Cyprus,2013,2909.72872,24281.812
Cyprus,2014,2872.8823300000004,24114.586
Cyprus,2015,2910.38159,25081.504
Cyprus,2016,2869.861,26607.555
Cyprus,2017,2863.5228799999995,27872.812
Cyprus,2018,2857.99194,29089.975
Cyprus,2019,2906.70849,30284.795
Cyprus,2020,2877.82251,28634.457
Cyprus,2021,2867.5224,30252.326
Cyprus,2022,2855.3254500000003,31523.498
Czechia,1993,3043.41016,12974.197
Czechia,1994,2984.30476,13517.582
Czechia,1995,3217.4087600000003,14550.1045
Czechia,1996,3329.28726,15386.32
Czechia,1997,3245.7594799999997,15494.317
Czechia,1998,3277.1584199999998,15657.426
Czechia,1999,3123.6770699999997,16102.508
Czechia,2000,3082.9442099999997,17056.16
Czechia,2001,3169.72224,17868.568
Czechia,2002,3234.94747,18431.027
Czechia,2003,3304.4753,19344.09
Czechia,2004,3304.709,20555.035
Czechia,2005,3302.1515,22128.58
Czechia,2006,3269.55951,23888.164
Czechia,2007,3261.1617100000003,25382.807
Czechia,2008,3278.6281,26186.045
Czechia,2009,3296.45561,25093.863
Czechia,2010,3266.6002,25922.395
Czechia,2011,3274.47851,26725.0
Czechia,2012,3272.84785,26483.38
Czechia,2013,3301.47789,26467.629
Czechia,2014,3205.04123,27030.19
Czechia,2015,3133.57103,28437.604
Czechia,2016,3258.33748,29097.504
Czechia,2017,3298.7303599999996,30531.383
Czechia,2018,3300.29362,31405.09
Czechia,2019,3339.00218,32226.553
Czechia,2020,3352.63902,30365.37
Czechia,2021,3380.7790000000005,31452.557
Czechia,2022,3368.2195300000003,32247.395
Czechoslovakia,1961,3303.67515,8389.0
Czechoslovakia,1962,3351.62335,8454.0
Czechoslovakia,1963,3397.0,8241.0
Czechoslovakia,1964,3369.30881,8563.0
Czechoslovakia,1965,3366.74124,8820.0
Czechoslovakia,1966,3395.85401,9151.0
Czechoslovakia,1967,3382.3869,9507.0
Czechoslovakia,1968,3433.55544,9919.0
Czechoslovakia,1969,3394.2869899999996,10128.0
Czechoslovakia,1970,3360.2419600000003,10307.0
Czechoslovakia,1971,3359.19964,10613.0
Czechoslovakia,1972,3351.0443800000003,10932.0
Czechoslovakia,1973,3369.537,11223.0
Czechoslovakia,1974,3369.4748099999997,11545.0
Czechoslovakia,1975,3360.56029,11794.0
Czechoslovakia,1976,3350.9279,11893.0
Czechoslovakia,1977,3303.26933,12344.0
Czechoslovakia,1978,3357.5841900000005,12411.0
Czechoslovakia,1979,3342.67807,12439.0
Czechoslovakia,1980,3344.15142,12723.0
Czechoslovakia,1981,3394.1008300000003,12612.0
Czechoslovakia,1982,3445.0352700000003,12824.0
Czechoslovakia,1983,3407.77038,12986.0
Czechoslovakia,1984,3450.44744,13260.0
Czechoslovakia,1985,3436.88751,13337.0
Czechoslovakia,1986,3475.52865,13560.0
Czechoslovakia,1987,3489.71955,13603.0
Czechoslovakia,1988,3586.7971500000003,13882.0
Czechoslovakia,1989,3601.6682,13976.0
Czechoslovakia,1990,3648.1246300000003,13570.0
Czechoslovakia,1991,3301.2115400000002,11949.633
Czechoslovakia,1992,3161.60722,11742.929
Democratic Republic of Congo,2010,2163.780026,637.1298
Democratic Republic of Congo,2011,2185.690044,681.0
Democratic Republic of Congo,2012,2144.61261,714.7897
Democratic Republic of Congo,2013,2115.374134,756.906
Democratic Republic of Congo,2014,2167.857229,784.5593
Democratic Republic of Congo,2015,2133.3767,806.7695
Democratic Republic of Congo,2016,2085.997736,783.0341
Democratic Republic of Congo,2017,2121.1118045,785.1293
Democratic Republic of Congo,2018,2101.061678,796.89246
Democratic Republic of Congo,2019,2091.092583,806.479
Democratic Republic of Congo,2020,2026.210096,794.2714
Democratic Republic of Congo,2021,2047.311692,817.43225
Democratic Republic of Congo,2022,2078.9482909999997,844.172
Denmark,1961,3188.82409,14843.0
Denmark,1962,3103.0579399999997,15537.0
Denmark,1963,3099.17925,15513.0
Denmark,1964,3112.72779,16832.0
Denmark,1965,3106.747854,17459.0
Denmark,1966,3117.25054,17789.0
Denmark,1967,3078.336485,18230.0
Denmark,1968,3093.20611,18868.0
Denmark,1969,3083.933794,19974.0
Denmark,1970,3157.8781,20221.0
Denmark,1971,3186.06595,20617.0
Denmark,1972,3098.43076,21579.0
Denmark,1973,3033.543605,22228.0
Denmark,1974,3032.639425,21919.0
Denmark,1975,2989.386224,21712.0
Denmark,1976,2989.263914,23059.0
Denmark,1977,3014.42034,23360.0
Denmark,1978,3031.7919460000003,23632.0
Denmark,1979,3057.71392,24409.0
Denmark,1980,3128.98536,24272.0
Denmark,1981,3136.10073,24063.0
Denmark,1982,3095.11326,24807.0
Denmark,1983,3036.71576,25450.0
Denmark,1984,3020.94288,26581.0
Denmark,1985,3166.49017,27710.0
Denmark,1986,3134.92964,28681.0
Denmark,1987,3209.0417500000003,28728.0
Denmark,1988,3244.19387,29049.0
Denmark,1989,3180.76218,29108.0
Denmark,1990,3160.4019200000002,29412.0
Denmark,1991,3226.8547399999998,29915.447
Denmark,1992,3337.79342,30573.574
Denmark,1993,3340.5126600000003,30649.537
Denmark,1994,3318.0895,32359.297
Denmark,1995,3394.7546700000003,33356.14
Denmark,1996,3288.31456,34325.44
Denmark,1997,3359.91643,35499.062
Denmark,1998,3391.65792,36361.23
Denmark,1999,3330.2723400000004,37523.426
Denmark,2000,3311.99856,39021.176
Denmark,2001,3332.64949,39425.863
Denmark,2002,3368.65903,39709.37
Denmark,2003,3338.3102099999996,39983.145
Denmark,2004,3378.52634,41178.562
Denmark,2005,3413.05126,42264.63
Denmark,2006,3409.26833,44025.484
Denmark,2007,3449.06606,44481.47
Denmark,2008,3327.42408,44246.4
Denmark,2009,3340.53278,42090.17
Denmark,2010,3410.7594799999997,42932.4
Denmark,2011,3394.69735,43575.0
Denmark,2012,3401.3521,43509.613
Denmark,2013,3430.56221,43743.61
Denmark,2014,3437.45251,44215.633
Denmark,2015,3412.09987,44940.887
Denmark,2016,3411.1446800000003,46018.984
Denmark,2017,3426.2613199999996,47022.01
Denmark,2018,3557.4201000000003,47717.457
Denmark,2019,3569.1429099999996,48238.656
Denmark,2020,3592.2869,47171.086
Denmark,2021,3580.57105,49258.75
Denmark,2022,3579.65226,50689.68
Djibouti,1961,1588.3977849999999,4114.0
Djibouti,1962,1658.194956,4057.0
Djibouti,1963,1646.4642900000001,4092.0
Djibouti,1964,1638.235306,4055.0
Djibouti,1965,1672.22883,4047.0
Djibouti,1966,1720.6231,4063.0
Djibouti,1967,1815.0443,4055.0
Djibouti,1968,1861.60054,4028.0
Djibouti,1969,1742.04509,4018.0
Djibouti,1970,1881.6656229999999,4774.0
Djibouti,1971,1880.5379,4846.0
Djibouti,1972,1814.542098,4787.0
Djibouti,1973,1900.268755,4801.0
Djibouti,1974,1799.04869,4414.0
Djibouti,1975,1772.7969560000001,4691.0
Djibouti,1976,1745.25907,4878.0
Djibouti,1977,1707.8595,4036.0
Djibouti,1978,1581.733337,3419.0
Djibouti,1979,1507.4143519999998,3308.0
Djibouti,1980,1581.27932,3167.0
Djibouti,1981,1589.513856,3091.0
Djibouti,1982,1621.5726849999999,3043.0
Djibouti,1983,1632.53681,2963.0
Djibouti,1984,1607.239165,2944.0
Djibouti,1985,1644.8638459999997,2880.0
Djibouti,1986,1698.563875,2743.0
Djibouti,1987,1674.17681,2670.0
Djibouti,1988,1722.93713,2652.0
Djibouti,1989,1634.06007,2436.0
Djibouti,1990,1642.23168,2308.0
Djibouti,1991,1463.8492780000001,2013.3427
Djibouti,1992,1513.2848470000001,2141.634
Djibouti,1993,1645.198114,2290.7847
Djibouti,1994,1663.0651030000001,2175.3618
Djibouti,1995,1790.534547,2262.4287
Djibouti,1996,1763.232557,2081.9954
Djibouti,1997,1799.44387,2080.5134
Djibouti,1998,1856.832995,1974.5657
Djibouti,1999,1869.058647,1930.5078
Djibouti,2000,1928.260534,1880.9988
Djibouti,2001,1886.226432,1845.6991
Djibouti,2002,1920.94125,1824.4551
Djibouti,2003,1943.441173,1945.6655
Djibouti,2004,1980.610024,2097.1233
Djibouti,2005,2097.307266,2126.8052
Djibouti,2006,2130.852565,2342.2192
Djibouti,2007,2205.617395,2396.018
Djibouti,2008,2220.31419,2463.4448
Djibouti,2009,2223.91782,2521.5046
Djibouti,2010,2423.5342920000003,2543.8733
Djibouti,2011,2478.70573,2590.0
Djibouti,2012,2518.73343,2654.0
Djibouti,2013,2570.65899,2724.0
Djibouti,2014,2657.622744,2823.0
Djibouti,2015,2719.74054,2941.0
Djibouti,2016,2699.86924,3084.5425
Djibouti,2017,2716.804987,3197.9792
Djibouti,2018,2749.4819749999997,3308.117
Djibouti,2019,2756.30093,3436.9502
Djibouti,2020,2764.421436,3426.696
Djibouti,2021,2762.887053,3541.5713
Djibouti,2022,2726.4980619999997,3623.0603
Dominica,1961,1757.667614,1176.0
Dominica,1962,1830.8629449999999,1333.0
Dominica,1963,1878.22037,1372.0
Dominica,1964,1884.76066,1419.0
Dominica,1965,1929.111555,1203.0
Dominica,1966,1947.19868,1323.0
Dominica,1967,1956.121435,1325.0
Dominica,1968,2055.62999,1288.0
Dominica,1969,2051.365315,1388.0
Dominica,1970,2062.71822,1492.0
Dominica,1971,2037.696684,1578.0
Dominica,1972,2043.0125600000001,1674.0
Dominica,1973,1941.76754,1793.0
Dominica,1974,1968.7451649999998,1894.0
Dominica,1975,2002.76768,1940.0
Dominica,1976,2070.591045,2066.0
Dominica,1977,2154.24787,2117.0
Dominica,1978,2243.6272,2365.0
Dominica,1979,2114.368285,1932.0
Dominica,1980,2290.33494,2219.0
Dominica,1981,2316.122005,2499.0
Dominica,1982,2354.66242,2592.0
Dominica,1983,2334.061574,2644.0
Dominica,1984,2490.15074,2802.0
Dominica,1985,2568.15641,2872.0
Dominica,1986,2773.43322,3107.0
Dominica,1987,2888.27534,3370.0
Dominica,1988,2987.11878,3687.0
Dominica,1989,3031.35826,3714.0
Dominica,1990,3022.6465399999997,3939.0
Dominica,1991,2976.35668,4083.9958
Dominica,1992,2942.9627499999997,4271.69
Dominica,1993,2921.67595,4339.817
Dominica,1994,2936.47842,4459.365
Dominica,1995,3009.15915,4606.734
Dominica,1996,2964.68679,4894.842
Dominica,1997,3003.04592,5170.808
Dominica,1998,2950.98551,5462.6973
Dominica,1999,2978.0309500000003,5584.024
Dominica,2000,3130.94606,5696.955
Dominica,2001,3117.7203,5799.8164
Dominica,2002,3056.61658,5771.375
Dominica,2003,3071.7351,6321.9556
Dominica,2004,3016.47061,6602.7
Dominica,2005,3021.71618,6697.5347
Dominica,2006,3011.23898,7133.7812
Dominica,2007,3138.7256399999997,7698.7734
Dominica,2008,3116.65056,8454.0625
Dominica,2009,3132.2880099999998,8511.858
Dominica,2010,2981.18127,8768.478
Dominica,2011,2960.99408,8944.0
Dominica,2012,2980.4909,8823.0
Dominica,2013,2961.16736,9145.0
Dominica,2014,2971.7911999999997,9507.0
Dominica,2015,3016.6026199999997,9319.0
Dominica,2016,3008.96388,9567.251
Dominica,2017,3039.07598,8877.882
Dominica,2018,3044.71966,9153.232
Dominica,2019,3139.362,9575.093
Dominica,2020,3148.9338399999997,7974.3066
Dominica,2021,3257.62018,8419.473
Dominica,2022,3280.55732,8879.6455
Dominican Republic,1961,1739.3084800000001,1964.0
Dominican Republic,1962,1877.885345,2222.0
Dominican Republic,1963,1890.000254,2291.0
Dominican Republic,1964,1899.974344,2365.0
Dominican Republic,1965,1835.876667,2007.0
Dominican Republic,1966,1958.760554,2206.0
Dominican Republic,1967,1920.619868,2211.0
Dominican Republic,1968,1980.8013,2150.0
Dominican Republic,1969,2034.57216,2316.0
Dominican Republic,1970,2016.6083800000001,2488.0
Dominican Republic,1971,2047.28839,2678.0
Dominican Republic,1972,2071.498736,2928.0
Dominican Republic,1973,2134.1323519999996,3196.0
Dominican Republic,1974,2173.905853,3295.0
Dominican Republic,1975,2133.460962,3365.0
Dominican Republic,1976,2145.03096,3504.0
Dominican Republic,1977,2219.442325,3586.0
Dominican Republic,1978,2185.1230800000003,3583.0
Dominican Republic,1979,2214.82909,3649.0
Dominican Republic,1980,2299.284015,3781.0
Dominican Republic,1981,2261.46116,3846.0
Dominican Republic,1982,2240.126956,3826.0
Dominican Republic,1983,2255.54396,3905.0
Dominican Republic,1984,2305.59618,3830.0
Dominican Republic,1985,2404.51568,3653.0
Dominican Republic,1986,2407.249005,3682.0
Dominican Republic,1987,2332.399155,3877.0
Dominican Republic,1988,2262.993355,3821.0
Dominican Republic,1989,2300.3542740000003,4219.0
Dominican Republic,1990,2096.16192,3939.0
Dominican Republic,1991,2169.05642,3969.5686
Dominican Republic,1992,2167.61254,4185.406
Dominican Republic,1993,2247.32941,4490.016
Dominican Republic,1994,2278.86843,4597.151
Dominican Republic,1995,2281.72024,4851.629
Dominican Republic,1996,2198.32728,5198.5664
Dominican Republic,1997,2174.5912,5616.89
Dominican Republic,1998,2162.30124,6012.6924
Dominican Republic,1999,2169.825446,6419.7812
Dominican Republic,2000,2244.429869,6788.084
Dominican Republic,2001,2278.35448,6917.0303
Dominican Republic,2002,2306.37642,7327.3657
Dominican Republic,2003,2164.578345,7324.6973
Dominican Republic,2004,2240.864005,7441.4478
Dominican Republic,2005,2357.7825700000003,8156.431
Dominican Republic,2006,2401.933986,9059.885
Dominican Republic,2007,2443.5044199999998,9866.458
Dominican Republic,2008,2395.42301,10225.529
Dominican Republic,2009,2438.6176299999997,10365.675
Dominican Republic,2010,2590.885644,11276.461
Dominican Republic,2011,2647.218,11679.0
Dominican Republic,2012,2682.5277849999998,11854.366
Dominican Republic,2013,2741.9838600000003,12290.143
Dominican Republic,2014,2812.97256,13011.521
Dominican Republic,2015,2795.6145239999996,13765.119
Dominican Republic,2016,2890.55775,14530.1
Dominican Republic,2017,2932.17306,15053.832
Dominican Republic,2018,2994.50943,15944.744
Dominican Republic,2019,3046.48996,16587.236
Dominican Republic,2020,3097.6005999999998,15325.654
Dominican Republic,2021,3147.47473,17046.646
Dominican Republic,2022,3227.9037,17713.52
Ecuador,1961,1970.21874,3633.0
Ecuador,1962,1997.892774,3716.0
Ecuador,1963,2033.77449,3698.0
Ecuador,1964,2026.633285,3843.0
Ecuador,1965,2168.22851,4090.0
Ecuador,1966,2159.101056,4074.0
Ecuador,1967,2119.107935,4163.0
Ecuador,1968,2103.71163,4264.0
Ecuador,1969,2116.1928159999998,4366.0
Ecuador,1970,2145.584554,4535.0
Ecuador,1971,2077.7366,4658.0
Ecuador,1972,2143.566411,4801.0
Ecuador,1973,2063.087446,5244.0
Ecuador,1974,2079.2454900000002,5392.0
Ecuador,1975,2166.831294,5514.0
Ecuador,1976,2224.913025,5877.0
Ecuador,1977,2220.101846,6073.0
Ecuador,1978,2214.999035,6314.0
Ecuador,1979,2219.64923,6472.0
Ecuador,1980,2308.980574,6582.0
Ecuador,1981,2250.046204,6664.0
Ecuador,1982,2256.68291,6558.0
Ecuador,1983,2131.15544,6252.0
Ecuador,1984,2179.309754,6336.0
Ecuador,1985,2143.50328,6433.0
Ecuador,1986,2219.2894850000002,6452.0
Ecuador,1987,2194.5814,5893.0
Ecuador,1988,2253.0165500000003,6357.0
Ecuador,1989,2213.56421,6207.0
Ecuador,1990,2180.69163,6221.0
Ecuador,1991,2124.0292799999997,6513.337
Ecuador,1992,2250.4834199999996,6715.474
Ecuador,1993,2254.7814500000004,6770.1787
Ecuador,1994,2345.04316,6940.0903
Ecuador,1995,2255.29715,6985.1553
Ecuador,1996,2249.5762,6993.644
Ecuador,1997,2286.03563,7181.101
Ecuador,1998,2211.588876,7307.1694
Ecuador,1999,2295.66687,6884.7925
Ecuador,2000,2256.87957,6908.243
Ecuador,2001,2194.730715,7131.194
Ecuador,2002,2219.5303999999996,7359.707
Ecuador,2003,2186.809916,7468.5034
Ecuador,2004,2212.971534,7958.921
Ecuador,2005,2236.7793,8256.777
Ecuador,2006,2219.17442,8521.56
Ecuador,2007,2203.62014,8633.584
Ecuador,2008,2287.04682,9103.872
Ecuador,2009,2279.2014200000003,9081.37
Ecuador,2010,2595.95324,9327.213
Ecuador,2011,2601.5002400000003,9985.0
Ecuador,2012,2594.67918,10398.948
Ecuador,2013,2553.014675,10761.351
Ecuador,2014,2601.24482,11016.161
Ecuador,2015,2603.85203,10878.766
Ecuador,2016,2537.4081239999996,10603.806
Ecuador,2017,2549.781785,10715.15
Ecuador,2018,2541.58861,10716.904
Ecuador,2019,2508.715825,10586.937
Ecuador,2020,2545.8652899999997,9646.065
Ecuador,2021,2578.4804249999997,9937.696
Ecuador,2022,2574.25242,10124.076
Egypt,1961,2165.1408,1643.0
Egypt,1962,2248.279314,1712.0
Egypt,1963,2264.143704,1785.0
Egypt,1964,2302.9556199999997,1859.0
Egypt,1965,2334.8768099999998,1934.0
Egypt,1966,2396.353176,1900.0
Egypt,1967,2338.906297,1835.0
Egypt,1968,2382.212154,1827.0
Egypt,1969,2381.99403,1914.0
Egypt,1970,2384.7803299999996,1999.0
Egypt,1971,2371.759047,2045.0
Egypt,1972,2411.1811930000003,2047.0
Egypt,1973,2450.2372029999997,2063.0
Egypt,1974,2490.552557,2099.0
Egypt,1975,2522.74415,2265.0
Egypt,1976,2603.547257,2560.0
Egypt,1977,2642.443224,2817.0
Egypt,1978,2732.06738,2939.0
Egypt,1979,2849.41661,3076.0
Egypt,1980,2920.810987,3298.0
Egypt,1981,3055.116508,3309.0
Egypt,1982,3102.520826,3543.0
Egypt,1983,3070.20334,3701.0
Egypt,1984,3053.44352,3810.0
Egypt,1985,3045.5340929999998,3939.0
Egypt,1986,3022.2293,3921.0
Egypt,1987,3083.52958,3929.0
Egypt,1988,3061.309626,4001.0
Egypt,1989,3023.649383,4030.0
Egypt,1990,3068.848254,4022.0
Egypt,1991,3031.493157,4180.133
Egypt,1992,3014.4127399999998,4338.9536
Egypt,1993,3013.6817,4542.6323
Egypt,1994,3053.502555,4746.5884
Egypt,1995,3088.560233,5001.067
Egypt,1996,3088.182373,5293.1006
Egypt,1997,3098.840822,5594.597
Egypt,1998,3059.2871779999996,5884.802
Egypt,1999,3054.61604,6211.0156
Egypt,2000,3047.8863300000003,6593.5317
Egypt,2001,3068.9219900000003,6914.937
Egypt,2002,3076.5027259999997,7142.6865
Egypt,2003,3013.48965,7365.8027
Egypt,2004,2939.01987,7661.86
Egypt,2005,2979.94635,8021.8833
Egypt,2006,2991.118,8509.614
Egypt,2007,3034.3377,9130.598
Egypt,2008,3068.3966760000003,9698.017
Egypt,2009,3019.211996,10159.002
Egypt,2010,3219.54227,10719.291
Egypt,2011,3182.403924,10737.0
Egypt,2012,3189.3755,10774.53
Egypt,2013,3143.3684839999996,10871.145
Egypt,2014,3123.24683,11135.728
Egypt,2015,3128.2278300000003,11312.848
Egypt,2016,3079.87458,11458.447
Egypt,2017,3091.89592,11545.594
Egypt,2018,3061.4319699999996,11895.312
Egypt,2019,3082.3167350000003,12300.201
Egypt,2020,3098.206764,12234.504
Egypt,2021,3067.78544,12868.262
Egypt,2022,3071.08072,13205.406
El Salvador,1961,1568.97535,2821.0
El Salvador,1962,1612.004074,3062.0
El Salvador,1963,1660.00639,3096.0
El Salvador,1964,1642.31346,3282.0
El Salvador,1965,1720.6392500000002,3351.0
El Salvador,1966,1730.450627,3464.0
El Salvador,1967,1750.919582,3534.0
El Salvador,1968,1780.326603,3524.0
El Salvador,1969,1772.0258870000002,3520.0
El Salvador,1970,1775.9679800000001,3488.0
El Salvador,1971,1832.508205,3553.0
El Salvador,1972,1832.445886,3668.0
El Salvador,1973,1890.815732,3767.0
El Salvador,1974,1942.455575,3912.0
El Salvador,1975,2088.021668,4030.0
El Salvador,1976,2120.20795,4084.0
El Salvador,1977,2164.30197,4221.0
El Salvador,1978,2198.75687,4375.0
El Salvador,1979,2261.169295,4194.0
El Salvador,1980,2305.697725,3781.0
El Salvador,1981,2363.60337,3507.0
El Salvador,1982,2330.5522330000003,3339.0
El Salvador,1983,2306.9366529999998,3330.0
El Salvador,1984,2324.93976,3357.0
El Salvador,1985,2290.077873,3366.0
El Salvador,1986,2213.34355,3327.0
El Salvador,1987,2186.759024,3351.0
El Salvador,1988,2227.849574,3344.0
El Salvador,1989,2243.2569940000003,3322.0
El Salvador,1990,2284.200897,3378.0
El Salvador,1991,2375.3342430000002,3493.5762
El Salvador,1992,2377.83075,3750.5173
El Salvador,1993,2357.50098,4052.9578
El Salvador,1994,2363.976753,4316.398
El Salvador,1995,2386.154944,4592.2837
El Salvador,1996,2404.7733,4671.339
El Salvador,1997,2432.34732,4882.68
El Salvador,1998,2437.89482,5077.892
El Salvador,1999,2417.17567,5263.8867
El Salvador,2000,2547.7068,5403.715
El Salvador,2001,2635.48024,5550.187
El Salvador,2002,2652.4579400000002,5751.0605
El Salvador,2003,2610.18385,5957.201
El Salvador,2004,2586.3951,6145.98
El Salvador,2005,2599.88558,6441.4956
El Salvador,2006,2617.66895,6782.2314
El Salvador,2007,2614.387706,7139.182
El Salvador,2008,2626.40654,7312.656
El Salvador,2009,2631.39446,7166.159
El Salvador,2010,2627.8369359999997,7351.1147
El Salvador,2011,2630.351225,7607.0
El Salvador,2012,2650.84799,7726.0
El Salvador,2013,2640.29479,7845.0
El Salvador,2014,2644.2153200000002,7935.0
El Salvador,2015,2649.63665,8109.0
El Salvador,2016,2697.4474600000003,8289.273
El Salvador,2017,2750.7768699999997,8454.2
El Salvador,2018,2785.6115600000003,8644.79
El Salvador,2019,2848.1926,8849.834
El Salvador,2020,2798.52766,8137.9746
El Salvador,2021,2828.66712,9017.392
El Salvador,2022,2861.13087,9218.905
Estonia,1992,2487.98441,13214.388
Estonia,1993,2553.233,12207.185
Estonia,1994,2665.35506,12070.061
Estonia,1995,2883.30179,12881.278
Estonia,1996,3014.90394,13547.661
Estonia,1997,2961.17827,15074.775
Estonia,1998,2909.21004,15593.005
Estonia,1999,3049.01324,15335.106
Estonia,2000,2982.4151899999997,16806.975
Estonia,2001,2977.70798,17696.61
Estonia,2002,2973.71085,18589.15
Estonia,2003,3002.69132,19771.742
Estonia,2004,3010.7814200000003,20803.758
Estonia,2005,3097.38035,22518.541
Estonia,2006,3136.80822,24578.816
Estonia,2007,3155.49662,26177.871
Estonia,2008,3241.06203,24429.021
Estonia,2009,3269.00435,20538.049
Estonia,2010,3235.7356,20713.426
Estonia,2011,3222.6690399999998,21997.0
Estonia,2012,3156.98259,22784.3
Estonia,2013,3181.04065,23204.111
Estonia,2014,3177.34961,23982.828
Estonia,2015,3133.97106,24473.66
Estonia,2016,3107.1023299999997,25196.154
Estonia,2017,3104.96849,26661.627
Estonia,2018,3200.4417599999997,27596.41
Estonia,2019,3253.8571,28505.604
Estonia,2020,3246.99499,28261.582
Estonia,2021,3244.6563,30499.156
Estonia,2022,3238.96278,30067.395
Eswatini,1961,2253.1275800000003,861.0
Eswatini,1962,2214.2996599999997,1017.0
Eswatini,1963,2156.68651,1047.0
Eswatini,1964,2134.454264,1172.0
Eswatini,1965,2185.67479,1320.0
Eswatini,1966,2171.30755,1341.0
Eswatini,1967,2105.25489,1431.0
Eswatini,1968,2254.4445299999998,1329.0
Eswatini,1969,2255.66651,1350.0
Eswatini,1970,2319.09938,1704.0
Eswatini,1971,2297.23347,1722.0
Eswatini,1972,2302.47364,1889.0
Eswatini,1973,2404.49911,1902.0
Eswatini,1974,2422.66088,2204.0
Eswatini,1975,2472.84121,2856.0
Eswatini,1976,2536.2035459999997,3142.0
Eswatini,1977,2399.293014,3083.0
Eswatini,1978,2436.15577,3030.0
Eswatini,1979,2407.25323,2990.0
Eswatini,1980,2396.33411,2946.0
Eswatini,1981,2399.343174,3049.0
Eswatini,1982,2449.3162700000003,3005.0
Eswatini,1983,2399.6594,2888.0
Eswatini,1984,2450.3405,2858.0
Eswatini,1985,2382.0506800000003,2812.0
Eswatini,1986,2430.01177,3210.0
Eswatini,1987,2428.25439,3403.0
Eswatini,1988,2419.749035,3492.0
Eswatini,1989,2441.95849,3668.0
Eswatini,1990,2306.9152329999997,3881.0
Eswatini,1991,2231.7771199999997,3851.2898
Eswatini,1992,2234.9360100000004,3901.4001
Eswatini,1993,2175.600265,3982.2793
Eswatini,1994,2238.5514599999997,4134.208
Eswatini,1995,2196.144468,4383.6777
Eswatini,1996,2206.244378,4514.5493
Eswatini,1997,2156.85025,4620.9185
Eswatini,1998,2196.079904,4712.536
Eswatini,1999,2302.9302500000003,4827.286
Eswatini,2000,2402.030236,4894.5205
Eswatini,2001,2366.79839,4976.905
Eswatini,2002,2438.969825,5136.7246
Eswatini,2003,2484.76589,5377.5576
Eswatini,2004,2519.29753,5559.47
Eswatini,2005,2429.253866,5867.2334
Eswatini,2006,2397.0898500000003,6187.766
Eswatini,2007,2403.8938200000002,6467.8203
Eswatini,2008,2371.94601,6791.392
Eswatini,2009,2389.18238,7011.095
Eswatini,2010,2146.10433,7192.752
Eswatini,2011,2203.54106,7389.0
Eswatini,2012,2275.569,7552.0
Eswatini,2013,2370.17189,7805.0
Eswatini,2014,2404.0047999999997,7927.0
Eswatini,2015,2387.24402,7969.0
Eswatini,2016,2390.93039,7993.1494
Eswatini,2017,2417.6604340000004,8092.3403
Eswatini,2018,2479.0629200000003,8219.499
Eswatini,2019,2465.3430399999997,8375.426
Eswatini,2020,2510.4195,8167.6895
Eswatini,2021,2518.964076,8725.725
Eswatini,2022,2517.25342,8522.45
Ethiopia,1993,1498.149116,699.22723
Ethiopia,1994,1533.56879,731.7509
Ethiopia,1995,1556.985249,744.1418
Ethiopia,1996,1636.8381180000001,782.99414
Ethiopia,1997,1661.537738,815.14545
Ethiopia,1998,1657.171358,786.279
Ethiopia,1999,1694.8902199999998,761.90326
Ethiopia,2000,1749.280057,771.7315
Ethiopia,2001,1788.7487999999998,783.89636
Ethiopia,2002,1800.56194,793.9149
Ethiopia,2003,1836.94285,764.52826
Ethiopia,2004,1832.247802,771.4652
Ethiopia,2005,1922.5002650000001,829.2432
Ethiopia,2006,1908.201037,880.6544
Ethiopia,2007,1894.308438,936.3743
Ethiopia,2008,1949.0546570000001,989.9804
Ethiopia,2009,1978.09736,1043.5319
Ethiopia,2010,2180.72524,1106.383
Ethiopia,2011,2195.943582,1199.0
Ethiopia,2012,2246.186114,1291.7769
Ethiopia,2013,2306.10939,1385.158
Ethiopia,2014,2342.189042,1488.9333
Ethiopia,2015,2411.387995,1601.2638
Ethiopia,2016,2425.1119280000003,1722.3092
Ethiopia,2017,2449.988604,1840.3696
Ethiopia,2018,2416.4394540000003,1936.8275
Ethiopia,2019,2376.935885,2030.6775
Ethiopia,2020,2421.136415,2121.8591
Ethiopia,2021,2426.005873,2190.6753
Ethiopia,2022,2441.08454,2289.409
Finland,1961,3266.53817,10613.0
Finland,1962,3153.31703,10869.0
Finland,1963,3072.42538,11148.0
Finland,1964,3089.93442,11647.0
Finland,1965,3123.57524,12226.0
Finland,1966,3136.94516,12471.0
Finland,1967,3051.9559500000005,12667.0
Finland,1968,3043.59129,12900.0
Finland,1969,3161.71727,14151.0
Finland,1970,3128.45849,15266.0
Finland,1971,3145.4284500000003,15565.0
Finland,1972,3159.78153,16654.0
Finland,1973,3200.15856,17669.0
Finland,1974,3154.13407,18109.0
Finland,1975,3204.91854,18237.0
Finland,1976,3147.13649,18104.0
Finland,1977,3045.301236,18100.0
Finland,1978,3039.59399,18425.0
Finland,1979,3007.1199,19657.0
Finland,1980,3093.80052,20640.0
Finland,1981,3025.75801,20935.0
Finland,1982,3108.45839,21495.0
Finland,1983,2987.26833,21944.0
Finland,1984,3000.29542,22486.0
Finland,1985,2962.86828,23148.0
Finland,1986,2965.68556,23621.0
Finland,1987,2944.85761,24519.0
Finland,1988,3101.35651,25644.0
Finland,1989,3230.33205,27012.0
Finland,1990,3145.2963200000004,26884.0
Finland,1991,3103.9994899999997,25174.898
Finland,1992,3185.50844,24219.76
Finland,1993,3034.6737399999997,23943.744
Finland,1994,2987.58496,24797.66
Finland,1995,3031.04014,25761.625
Finland,1996,3017.7871299999997,26637.266
Finland,1997,3150.68835,28239.875
Finland,1998,3176.72798,29715.342
Finland,1999,3172.71111,30986.889
Finland,2000,3150.9111,32689.77
Finland,2001,3171.0883299999996,33481.68
Finland,2002,3151.65751,33986.555
Finland,2003,3154.05093,34607.22
Finland,2004,3187.9422400000003,35888.613
Finland,2005,3201.01771,36787.258
Finland,2006,3238.10768,38160.703
Finland,2007,3283.06828,39998.523
Finland,2008,3238.80169,40129.652
Finland,2009,3236.18908,36662.613
Finland,2010,3158.20996,37615.113
Finland,2011,3182.5206,38432.0
Finland,2012,3256.25152,37715.01
Finland,2013,3236.6268,37203.145
Finland,2014,3231.86809,36907.92
Finland,2015,3228.6399599999995,36986.7
Finland,2016,3258.72033,37924.152
Finland,2017,3259.72364,39043.19
Finland,2018,3308.46522,39430.906
Finland,2019,3333.37554,39874.8
Finland,2020,3352.93599,38871.703
Finland,2021,3328.1465900000003,39977.855
Finland,2022,3360.41257,40701.465
France,1961,3154.9182,12302.0
France,1962,3233.19161,12859.0
France,1963,3223.28045,13330.0
France,1964,3219.66393,14057.0
France,1965,3239.6696,14609.0
France,1966,3228.71271,15213.0
France,1967,3286.6055499999998,15792.0
France,1968,3284.10757,16365.0
France,1969,3283.4363700000004,17352.0
France,1970,3298.90684,18187.0
France,1971,3276.46072,18881.0
France,1972,3243.271,19549.0
France,1973,3259.48697,20441.0
France,1974,3267.4078,20902.0
France,1975,3244.74874,20653.0
France,1976,3283.44046,21465.0
France,1977,3344.24898,22177.0
France,1978,3387.2548100000004,22698.0
France,1979,3382.28392,23326.0
France,1980,3374.99887,23537.0
France,1981,3413.72843,23655.0
France,1982,3413.27775,24120.0
France,1983,3450.24768,24300.0
France,1984,3439.78223,24519.0
France,1985,3482.70314,24755.0
France,1986,3459.5513,25238.0
France,1987,3528.6494199999997,25756.0
France,1988,3556.1600200000003,26763.0
France,1989,3549.37118,27576.0
France,1990,3497.12989,28129.0
France,1991,3530.27216,28294.264
France,1992,3535.6525,28619.805
France,1993,3528.82795,28336.16
France,1994,3499.41644,28907.977
France,1995,3522.8373,29418.863
France,1996,3509.0789299999997,29736.645
France,1997,3537.8787,30341.807
France,1998,3584.2736099999997,31323.078
France,1999,3592.50116,32284.611
France,2000,3588.5959300000004,33409.68
France,2001,3621.52305,33920.098
France,2002,3639.0797199999997,34152.773
France,2003,3574.37718,34292.03
France,2004,3544.99309,35093.824
France,2005,3527.6673,35495.465
France,2006,3501.40568,36166.16
France,2007,3453.7095,36845.684
France,2008,3538.15285,36761.793
France,2009,3517.78323,35534.926
France,2010,3502.21345,36086.727
France,2011,3489.1481599999997,36691.0
France,2012,3453.08304,36625.926
France,2013,3458.15247,36647.22
France,2014,3423.49467,36818.54
France,2015,3410.8134,37077.89
France,2016,3453.60707,37343.84
France,2017,3457.09449,38037.336
France,2018,3442.4511300000004,38555.465
France,2019,3463.75494,39084.656
France,2020,3489.1411000000003,35913.82
France,2021,3493.2731400000002,38242.133
France,2022,3505.48067,39065.71
Gabon,1961,1856.5703389999999,4415.0
Gabon,1962,1868.6802400000001,4497.0
Gabon,1963,1823.566279,4599.0
Gabon,1964,1816.75431,4616.0
Gabon,1965,1829.89219,4626.0
Gabon,1966,1864.3188049999999,4761.0
Gabon,1967,1913.202655,4882.0
Gabon,1968,1964.89455,4927.0
Gabon,1969,1919.22771,5252.0
Gabon,1970,1927.74501,5587.0
Gabon,1971,1957.19454,6027.0
Gabon,1972,1922.99719,6559.0
Gabon,1973,1909.409015,6935.0
Gabon,1974,2066.8071099999997,9083.0
Gabon,1975,2152.95726,9985.0
Gabon,1976,2171.85647,12747.0
Gabon,1977,2229.19752,10849.0
Gabon,1978,2284.9836800000003,8013.0
Gabon,1979,2208.6051399999997,8091.0
Gabon,1980,2205.07639,8402.0
Gabon,1981,2203.94105,8625.0
Gabon,1982,2277.74221,8099.0
Gabon,1983,2333.75049,8281.0
Gabon,1984,2396.1947039999995,8612.0
Gabon,1985,2373.8316999999997,8131.0
Gabon,1986,2384.09224,7818.0
Gabon,1987,2339.2531200000003,6320.0
Gabon,1988,2396.4887799999997,6982.0
Gabon,1989,2379.77903,7422.0
Gabon,1990,2267.19871,7646.0
Gabon,1991,2462.4351800000004,8296.574
Gabon,1992,2404.32647,8194.499
Gabon,1993,2440.0440200000003,8551.059
Gabon,1994,2369.24276,9192.5625
Gabon,1995,2449.10373,9833.989
Gabon,1996,2535.75255,10389.21
Gabon,1997,2527.30833,11202.839
Gabon,1998,2560.92133,11758.16
Gabon,1999,2608.52393,10648.09
Gabon,2000,2610.53526,10637.8
Gabon,2001,2582.73823,11104.553
Gabon,2002,2525.8979600000002,11141.463
Gabon,2003,2533.3615499999996,11665.832
Gabon,2004,2535.62744,12022.507
Gabon,2005,2558.31914,12437.96
Gabon,2006,2544.38762,12342.779
Gabon,2007,2520.76837,13455.612
Gabon,2008,2448.08102,13330.255
Gabon,2009,2467.48358,13617.896
Gabon,2010,2692.12382,14926.699
Gabon,2011,2738.65123,16403.0
Gabon,2012,2757.09082,16682.309
Gabon,2013,2741.35747,16964.445
Gabon,2014,2739.6323899999998,17098.143
Gabon,2015,2735.88587,17180.0
Gabon,2016,2660.51451,16995.238
Gabon,2017,2611.91231,16576.176
Gabon,2018,2630.55919,16253.897
Gabon,2019,2576.6083900000003,16449.715
Gabon,2020,2584.7031500000003,15745.749
Gabon,2021,2546.9949699999997,15597.771
Gabon,2022,2508.00007,15720.901
Gambia,1961,1907.60729,1318.0
Gambia,1962,1901.1073030000002,1262.0
Gambia,1963,1906.61533,1232.0
Gambia,1964,1893.756276,1274.0
Gambia,1965,2015.9549240000001,1368.0
Gambia,1966,1936.953118,1545.0
Gambia,1967,1972.2904039999999,1548.0
Gambia,1968,1986.24683,1519.0
Gambia,1969,1982.2851019999998,1629.0
Gambia,1970,1908.0548939999999,1422.0
Gambia,1971,1938.5999339999998,1376.0
Gambia,1972,1776.540254,1334.0
Gambia,1973,1769.083048,1411.0
Gambia,1974,1677.664053,1452.0
Gambia,1975,1553.273326,1497.0
Gambia,1976,1579.829495,1436.0
Gambia,1977,1561.7948649999998,1417.0
Gambia,1978,1613.563674,1446.0
Gambia,1979,1607.24766,1360.0
Gambia,1980,1657.490483,1325.0
Gambia,1981,1721.7094000000002,1521.0
Gambia,1982,1756.021906,1581.0
Gambia,1983,1821.22703,1482.0
Gambia,1984,1852.6820860000003,1462.0
Gambia,1985,2021.67451,1451.0
Gambia,1986,2193.823507,1422.0
Gambia,1987,2157.139456,1406.0
Gambia,1988,2135.04169,1417.0
Gambia,1989,2099.442195,1407.0
Gambia,1990,2192.8188099999998,1400.0
Gambia,1991,2196.687137,1390.705
Gambia,1992,2137.02958,1391.4054
Gambia,1993,2092.609133,1385.5908
Gambia,1994,2011.159004,1345.035
Gambia,1995,2017.711266,1317.2426
Gambia,1996,2013.679455,1336.8473
Gambia,1997,2084.217006,1308.4867
Gambia,1998,1983.8923100000002,1324.9244
Gambia,1999,2116.781336,1385.6318
Gambia,2000,2187.630902,1440.8619
Gambia,2001,2136.5254800000002,1495.0918
Gambia,2002,2089.457106,1473.4006
Gambia,2003,2099.294915,1478.9562
Gambia,2004,2116.43586,1585.7992
Gambia,2005,2105.0852969999996,1541.6116
Gambia,2006,2071.05588,1530.6844
Gambia,2007,2195.167826,1557.8474
Gambia,2008,2247.45769,1618.4445
Gambia,2009,2280.12665,1692.6423
Gambia,2010,2678.56444,1772.7268
Gambia,2011,2655.33225,1669.0
Gambia,2012,2642.686656,1725.0
Gambia,2013,2608.920474,1767.0
Gambia,2014,2562.045,1743.0
Gambia,2015,2577.106276,1786.0
Gambia,2016,2556.36768,1770.3645
Gambia,2017,2568.75691,1805.8812
Gambia,2018,2487.2307,1886.0532
Gambia,2019,2526.89894,1952.326
Gambia,2020,2496.6134899999997,1914.1969
Gambia,2021,2492.94434,1964.4937
Gambia,2022,2516.9674999999997,2010.5322
Georgia,1992,1946.8862,5286.925
Georgia,1993,1941.44643,3792.6177
Georgia,1994,1999.57445,3463.476
Georgia,1995,2456.4685799999997,3610.8408
Georgia,1996,2637.7094939999997,4030.8848
Georgia,1997,2775.84576,4480.898
Georgia,1998,2768.63469,4619.905
Georgia,1999,2810.3053099999997,4763.3506
Georgia,2000,2812.47663,4891.664
Georgia,2001,2934.04399,5125.1274
Georgia,2002,3079.246996,5406.953
Georgia,2003,3200.18155,6013.0093
Georgia,2004,3230.42739,6342.708
Georgia,2005,3315.60269,6849.789
Georgia,2006,3186.09744,7398.0527
Georgia,2007,3235.10281,8300.144
Georgia,2008,3331.19146,8461.917
Georgia,2009,3309.54166,8062.084
Georgia,2010,2766.89545,8443.437
Georgia,2011,2791.09523,8946.0
Georgia,2012,2812.6454,9497.121
Georgia,2013,2830.83397,9856.679
Georgia,2014,2853.44151,10307.604
Georgia,2015,2932.3588900000004,10629.594
Georgia,2016,2845.8957,10945.466
Georgia,2017,2846.42714,11479.426
Georgia,2018,2960.50189,12035.715
Georgia,2019,3036.45518,12631.664
Georgia,2020,3021.0927300000003,11770.782
Georgia,2021,3022.05724,12994.772
Georgia,2022,3064.7586499999998,14360.359
Germany,1961,2875.38588,12675.0
Germany,1962,2936.8649699999996,13106.0
Germany,1963,2920.69628,13367.0
Germany,1964,3009.04471,14062.0
Germany,1965,3039.28132,14642.0
Germany,1966,3039.08814,14964.0
Germany,1967,3040.65676,14979.0
Germany,1968,3107.0170900000003,15723.0
Germany,1969,3081.1811,16641.0
Germany,1970,3143.90128,17277.0
Germany,1971,3156.50756,17657.0
Germany,1972,3181.8939600000003,18301.0
Germany,1973,3196.66565,19074.0
Germany,1974,3140.01379,19228.0
Germany,1975,3158.33958,19193.0
Germany,1976,3242.20909,20218.0
Germany,1977,3198.9096099999997,20837.0
Germany,1978,3312.87453,21447.0
Germany,1979,3328.35948,22305.0
Germany,1980,3313.7317000000003,22497.0
Germany,1981,3297.61782,22553.0
Germany,1982,3359.4915300000002,22380.0
Germany,1983,3404.64086,22840.0
Germany,1984,3426.99115,23564.0
Germany,1985,3468.39612,24133.0
Germany,1986,3455.48948,24657.0
Germany,1987,3435.5808,25027.0
Germany,1988,3457.63651,25759.0
Germany,1989,3446.71789,26393.0
Germany,1990,3292.87403,25391.0
Germany,1991,3352.91237,26769.96
Germany,1992,3420.92393,27385.055
Germany,1993,3231.01046,27250.701
Germany,1994,3251.36562,28140.057
Germany,1995,3293.64829,28868.945
Germany,1996,3342.1228,29349.982
Germany,1997,3218.45824,30186.945
Germany,1998,3344.64673,31129.584
Germany,1999,3351.7743600000003,32087.604
Germany,2000,3405.93615,33367.285
Germany,2001,3430.69082,34260.29
Germany,2002,3494.47017,34590.93
Germany,2003,3459.2124299999996,34716.44
Germany,2004,3483.9771,35528.715
Germany,2005,3525.2394,36205.574
Germany,2006,3552.4605,38014.137
Germany,2007,3625.97688,39752.207
Germany,2008,3615.35536,40715.434
Germany,2009,3612.62052,38962.938
Germany,2010,3618.29904,41109.582
Germany,2011,3651.88504,43189.0
Germany,2012,3605.57181,43288.32
Germany,2013,3594.03995,43359.137
Germany,2014,3577.50934,44132.758
Germany,2015,3590.41314,44405.168
Germany,2016,3564.55216,45030.47
Germany,2017,3554.88609,46065.1
Germany,2018,3586.32081,46377.39
Germany,2019,3616.8029399999996,46761.945
Germany,2020,3629.23849,44996.43
Germany,2021,3607.7120499999996,46159.05
Germany,2022,3573.12887,46647.793
Ghana,1961,1932.79714,2212.0
Ghana,1962,1873.54842,2257.0
Ghana,1963,1796.18929,2270.0
Ghana,1964,1826.82733,2254.0
Ghana,1965,1831.2582639999998,2220.0
Ghana,1966,1942.826615,2158.0
Ghana,1967,2042.78166,2134.0
Ghana,1968,1973.84908,2101.0
Ghana,1969,1976.2090090000002,2112.0
Ghana,1970,2067.9182600000004,2270.0
Ghana,1971,2060.4841850000003,2377.0
Ghana,1972,1987.55629,2235.0
Ghana,1973,2024.080164,2227.0
Ghana,1974,2057.077673,2319.0
Ghana,1975,1928.3363200000001,1988.0
Ghana,1976,1796.6781500000002,1878.0
Ghana,1977,1593.1474200000002,1882.0
Ghana,1978,1541.043022,2008.0
Ghana,1979,1479.3522480000001,1929.0
Ghana,1980,1438.289065,1844.0
Ghana,1981,1432.1082299999998,1820.0
Ghana,1982,1353.008,1661.0
Ghana,1983,1394.127196,1487.0
Ghana,1984,1627.07035,1530.0
Ghana,1985,1662.5607730000002,1559.0
Ghana,1986,1722.877523,1575.0
Ghana,1987,1831.233135,1605.0
Ghana,1988,1809.646443,1648.0
Ghana,1989,1826.6936999999998,1685.0
Ghana,1990,1642.97603,1693.0
Ghana,1991,1991.409456,1742.6276
Ghana,1992,2024.71988,1771.6003
Ghana,1993,2185.244795,1791.1127
Ghana,1994,2223.001375,1813.6117
Ghana,1995,2264.79599,1856.5728
Ghana,1996,2291.470153,1907.9348
Ghana,1997,2306.901135,1964.9125
Ghana,1998,2333.624906,2017.9895
Ghana,1999,2366.4602999999997,2066.7412
Ghana,2000,2406.2051229999997,2100.293
Ghana,2001,2452.83988,2143.1062
Ghana,2002,2534.17791,2192.0203
Ghana,2003,2544.3452500000003,2256.8174
Ghana,2004,2555.401206,2329.5156
Ghana,2005,2620.444587,2411.2876
Ghana,2006,2690.076902,2503.9578
Ghana,2007,2670.659726,2553.1658
Ghana,2008,2811.331303,2725.7883
Ghana,2009,2889.2429,2793.8708
Ghana,2010,2942.317708,2946.0393
Ghana,2011,2915.4977639999997,3283.0
Ghana,2012,2907.7126799999996,3467.1042
Ghana,2013,2885.66985,3621.6008
Ghana,2014,2877.82282,3627.8384
Ghana,2015,2814.22052,3610.646
Ghana,2016,2793.7804,3640.779
Ghana,2017,2888.47834,3841.8796
Ghana,2018,2972.7766500000002,3983.1216
Ghana,2019,3036.3215600000003,4143.3774
Ghana,2020,3070.1091399999996,4069.252
Ghana,2021,3143.6955660000003,4190.578
Ghana,2022,3132.98187,4242.4106
Greece,1961,2803.6211000000003,5408.0
Greece,1962,2766.11405,5577.0
Greece,1963,2788.2956000000004,6122.0
Greece,1964,2879.0472099999997,6601.0
Greece,1965,2934.14296,7187.0
Greece,1966,2952.85948,7570.0
Greece,1967,3001.83816,7892.0
Greece,1968,3035.75472,8394.0
Greece,1969,3040.99107,9191.0
Greece,1970,3162.2808,9900.0
Greece,1971,3187.9689,10559.0
Greece,1972,3141.7147999999997,11795.0
Greece,1973,3427.17055,12202.0
Greece,1974,3371.01073,11716.0
Greece,1975,3353.14628,12309.0
Greece,1976,3320.31168,12919.0
Greece,1977,3337.12758,13158.0
Greece,1978,3347.4310400000004,13860.0
Greece,1979,3341.16769,14193.0
Greece,1980,3191.56956,14300.0
Greece,1981,3358.90016,14180.0
Greece,1982,3391.3105,14153.0
Greece,1983,3410.9865,14132.0
Greece,1984,3519.50026,14453.0
Greece,1985,3474.97201,14850.0
Greece,1986,3299.71525,15047.0
Greece,1987,3417.42774,14944.0
Greece,1988,3498.0855199999996,15596.0
Greece,1989,3585.9895500000002,16117.0
Greece,1990,3506.3754099999996,15964.0
Greece,1991,3517.54421,16409.69
Greece,1992,3601.57288,16545.963
Greece,1993,3562.78778,16331.314
Greece,1994,3616.18195,16724.287
Greece,1995,3566.06258,17148.197
Greece,1996,3572.41701,17719.557
Greece,1997,3585.0598200000004,18588.295
Greece,1998,3608.39363,19378.709
Greece,1999,3699.41307,20076.559
Greece,2000,3670.2885800000004,20965.332
Greece,2001,3670.5818,21913.797
Greece,2002,3684.3663500000002,22893.959
Greece,2003,3688.9802200000004,24380.066
Greece,2004,3748.78615,25780.385
Greece,2005,3612.90382,26091.523
Greece,2006,3496.68616,27731.111
Greece,2007,3517.7748300000003,28822.916
Greece,2008,3520.9653200000002,28907.926
Greece,2009,3501.83975,27839.898
Greece,2010,3502.5146,26517.465
Greece,2011,3499.17192,24349.0
Greece,2012,3490.93298,22746.207
Greece,2013,3506.89997,22335.27
Greece,2014,3435.6036400000003,22591.598
Greece,2015,3402.7675999999997,22696.203
Greece,2016,3344.94877,22679.81
Greece,2017,3371.88148,22972.889
Greece,2018,3362.5417500000003,23403.611
Greece,2019,3374.75203,23869.793
Greece,2020,3311.7111800000002,21767.22
Greece,2021,3350.13374,23732.201
Greece,2022,3389.03917,25283.906
Guatemala,1961,1843.980946,3532.0
Guatemala,1962,1871.415386,3543.0
Guatemala,1963,1912.354987,3762.0
Guatemala,1964,1969.6381079999999,3814.0
Guatemala,1965,1972.94501,3900.0
Guatemala,1966,1975.416794,4033.0
Guatemala,1967,1980.7703069999998,4114.0
Guatemala,1968,1991.40455,4385.0
Guatemala,1969,2022.356085,4497.0
Guatemala,1970,2036.172874,4653.0
Guatemala,1971,2009.63644,4801.0
Guatemala,1972,2020.794635,5037.0
Guatemala,1973,2078.0579669999997,5255.0
Guatemala,1974,2060.726608,5461.0
Guatemala,1975,2145.666135,5439.0
Guatemala,1976,2100.643083,5705.0
Guatemala,1977,2144.79874,6005.0
Guatemala,1978,2160.875143,6156.0
Guatemala,1979,2166.05084,6298.0
Guatemala,1980,2192.5784400000002,6384.0
Guatemala,1981,2424.249466,6256.0
Guatemala,1982,2298.805746,5903.0
Guatemala,1983,2153.23025,5585.0
Guatemala,1984,2041.5030140000001,5469.0
Guatemala,1985,2216.6903300000004,5292.0
Guatemala,1986,2361.13154,5136.0
Guatemala,1987,2333.7185179999997,5098.0
Guatemala,1988,2337.974928,5086.0
Guatemala,1989,2196.874553,5144.0
Guatemala,1990,2319.844897,5165.0
Guatemala,1991,2276.582036,5166.55
Guatemala,1992,2230.884036,5303.5986
Guatemala,1993,2276.097368,5382.9785
Guatemala,1994,2293.378134,5414.541
Guatemala,1995,2203.440813,5501.042
Guatemala,1996,2165.87107,5511.905
Guatemala,1997,2050.98168,5601.2075
Guatemala,1998,2068.309537,5730.646
Guatemala,1999,2050.897444,5824.8833
Guatemala,2000,2068.8266679999997,5860.272
Guatemala,2001,2127.131455,5882.7197
Guatemala,2002,2266.3734400000003,5980.242
Guatemala,2003,2258.39818,6004.1445
Guatemala,2004,2244.27505,6070.1943
Guatemala,2005,2308.64272,6130.4824
Guatemala,2006,2347.75829,6305.8184
Guatemala,2007,2387.13528,6545.7524
Guatemala,2008,2329.0022200000003,6604.6826
Guatemala,2009,2419.8073400000003,6488.646
Guatemala,2010,2481.38417,6526.4575
Guatemala,2011,2490.7582700000003,6650.0
Guatemala,2012,2490.0138500000003,6718.332
Guatemala,2013,2484.17699,6813.4116
Guatemala,2014,2487.9868,6978.106
Guatemala,2015,2526.67537,7126.9927
Guatemala,2016,2564.4389,7186.66
Guatemala,2017,2606.63342,7279.7397
Guatemala,2018,2588.09768,7399.198
Guatemala,2019,2636.27757,7565.846
Guatemala,2020,2713.15095,7309.368
Guatemala,2021,2745.32082,7764.6963
Guatemala,2022,2790.44722,7969.431
Guinea,1961,1964.2958064999998,703.0
Guinea,1962,1945.0397544999998,741.0
Guinea,1963,1939.4957060000002,689.0
Guinea,1964,2049.789502,720.0
Guinea,1965,2011.825988,756.0
Guinea,1966,2004.292533,759.0
Guinea,1967,2000.032841,767.0
Guinea,1968,1986.120238,776.0
Guinea,1969,1947.763569,784.0
Guinea,1970,1987.656661,795.0
Guinea,1971,1998.514911,822.0
Guinea,1972,1959.63277,826.0
Guinea,1973,2054.954069,821.0
Guinea,1974,2015.4010409999999,848.0
Guinea,1975,2028.326278,854.0
Guinea,1976,2029.68384,905.0
Guinea,1977,2053.15705,858.0
Guinea,1978,2092.41532,897.0
Guinea,1979,2143.825173,869.0
Guinea,1980,2096.378631,872.0
Guinea,1981,2168.54398,859.0
Guinea,1982,2090.448704,858.0
Guinea,1983,2091.661077,850.0
Guinea,1984,2180.761458,824.0
Guinea,1985,2173.898173,821.0
Guinea,1986,2222.340055,819.0
Guinea,1987,2217.861852,826.0
Guinea,1988,2297.02308,856.0
Guinea,1989,2309.404207,869.0
Guinea,1990,2273.52415,861.0
Guinea,1991,2296.202984,827.0069
Guinea,1992,2385.132118,833.22675
Guinea,1993,2434.724926,862.73126
Guinea,1994,2467.476132,882.49445
Guinea,1995,2466.311325,906.2644
Guinea,1996,2450.380394,927.12946
Guinea,1997,2398.43505,976.49664
Guinea,1998,2368.0173569999997,1010.79193
Guinea,1999,2417.41687,1031.3826
Guinea,2000,2447.821334,1046.567
Guinea,2001,2426.8815400000003,1090.652
Guinea,2002,2458.0769339999997,1148.5447
Guinea,2003,2490.47676,1146.3353
Guinea,2004,2510.94556,1159.8251
Guinea,2005,2530.250462,1186.6047
Guinea,2006,2597.876347,1188.4846
Guinea,2007,2604.794801,1253.4077
Guinea,2008,2640.495497,1290.4037
Guinea,2009,2658.8671000000004,1255.2418
Guinea,2010,2422.987873,1291.6963
Guinea,2011,2496.1010770000003,1347.0
Guinea,2012,2535.401654,1397.0
Guinea,2013,2584.90839,1421.0
Guinea,2014,2627.68693,1399.0
Guinea,2015,2609.9321600000003,1364.0
Guinea,2016,2629.77272,1472.953
Guinea,2017,2664.67319,1583.5482
Guinea,2018,2722.09479,1642.1047
Guinea,2019,2779.3478560000003,1690.8837
Guinea,2020,2824.328915,1726.5083
Guinea,2021,2867.363863,1769.8623
Guinea,2022,2872.649778,1809.2666
Guinea-Bissau,1961,1779.930735,851.0
Guinea-Bissau,1962,1727.105933,899.0
Guinea-Bissau,1963,1750.7125970000002,932.0
Guinea-Bissau,1964,1806.910825,1027.0
Guinea-Bissau,1965,1907.174975,1097.0
Guinea-Bissau,1966,1951.4244410000001,1165.0
Guinea-Bissau,1967,1912.767844,1232.0
Guinea-Bissau,1968,1779.045164,1270.0
Guinea-Bissau,1969,1878.100837,1333.0
Guinea-Bissau,1970,1792.951565,1395.0
Guinea-Bissau,1971,1948.4803000000002,1333.0
Guinea-Bissau,1972,1930.5222680000002,1412.0
Guinea-Bissau,1973,1960.0624129999999,1411.0
Guinea-Bissau,1974,1994.162667,1458.0
Guinea-Bissau,1975,2007.9917699999999,1479.0
Guinea-Bissau,1976,1992.5735929999998,1443.0
Guinea-Bissau,1977,1969.57055,1317.0
Guinea-Bissau,1978,1977.49486,1465.0
Guinea-Bissau,1979,1909.9932509999999,1468.0
Guinea-Bissau,1980,1992.571625,1207.0
Guinea-Bissau,1981,2117.521518,1173.0
Guinea-Bissau,1982,2126.8225089999996,1195.0
Guinea-Bissau,1983,2139.655573,1129.0
Guinea-Bissau,1984,2149.74876,1162.0
Guinea-Bissau,1985,2379.295616,1184.0
Guinea-Bissau,1986,2295.668075,1146.0
Guinea-Bissau,1987,2319.371943,1183.0
Guinea-Bissau,1988,2285.78318,1235.0
Guinea-Bissau,1989,2275.2071,1259.0
Guinea-Bissau,1990,2349.1615540000003,1270.0
Guinea-Bissau,1991,2427.1562000000004,1282.7288
Guinea-Bissau,1992,2467.25866,1287.2765
Guinea-Bissau,1993,2373.0194899999997,1280.342
Guinea-Bissau,1994,2387.12388,1284.927
Guinea-Bissau,1995,2377.918125,1310.1874
Guinea-Bissau,1996,2293.296356,1337.4675
Guinea-Bissau,1997,2234.6452600000002,1388.1027
Guinea-Bissau,1998,2207.40062,1130.8127
Guinea-Bissau,1999,2223.953846,1256.0825
Guinea-Bissau,2000,2319.7998740000003,1230.6406
Guinea-Bissau,2001,2348.53875,1233.072
Guinea-Bissau,2002,2345.597733,1196.2325
Guinea-Bissau,2003,2298.3276539999997,1181.9435
Guinea-Bissau,2004,2326.3713040000002,1194.6708
Guinea-Bissau,2005,2339.559053,1226.5609
Guinea-Bissau,2006,2313.0711730000003,1233.8132
Guinea-Bissau,2007,2345.24494,1252.574
Guinea-Bissau,2008,2348.887525,1270.7228
Guinea-Bissau,2009,2314.817465,1292.0293
Guinea-Bissau,2010,2267.520896,1329.3724
Guinea-Bissau,2011,2235.22827,1413.0
Guinea-Bissau,2012,2224.07632,1361.0
Guinea-Bissau,2013,2193.92075,1378.0
Guinea-Bissau,2014,2206.7205400000003,1355.0
Guinea-Bissau,2015,2204.66215,1393.0
Guinea-Bissau,2016,2232.360437,1443.4241
Guinea-Bissau,2017,2262.194118,1492.0392
Guinea-Bissau,2018,2278.020033,1511.8668
Guinea-Bissau,2019,2279.596342,1543.4176
Guinea-Bissau,2020,2300.377656,1531.3096
Guinea-Bissau,2021,2294.583236,1593.8186
Guinea-Bissau,2022,2291.189197,1625.3876
Haiti,1961,1919.7640959999999,1702.0
Haiti,1962,1954.883684,1828.0
Haiti,1963,1956.18108,1675.0
Haiti,1964,1894.808265,1604.0
Haiti,1965,1969.6025730000001,1588.0
Haiti,1966,1938.397316,1546.0
Haiti,1967,1929.024558,1482.0
Haiti,1968,1900.8717470000001,1510.0
Haiti,1969,1911.1356500000002,1527.0
Haiti,1970,1905.503712,1567.0
Haiti,1971,1906.724388,1651.0
Haiti,1972,1928.542887,1635.0
Haiti,1973,1952.89007,1678.0
Haiti,1974,1949.384953,1742.0
Haiti,1975,1947.017398,1726.0
Haiti,1976,1983.530129,1835.0
Haiti,1977,1947.605159,1808.0
Haiti,1978,1977.663122,1859.0
Haiti,1979,1988.9495040000002,1959.0
Haiti,1980,1980.9889469999998,2063.0
Haiti,1981,2025.203305,1964.0
Haiti,1982,2000.326368,1855.0
Haiti,1983,1992.983728,1835.0
Haiti,1984,1936.514868,1803.0
Haiti,1985,1962.889447,1776.0
Haiti,1986,1940.6857,1729.0
Haiti,1987,1861.663624,1682.0
Haiti,1988,1803.2123339999998,1701.0
Haiti,1989,1759.224583,1619.0
Haiti,1990,1812.146866,1602.0
Haiti,1991,1819.130106,1628.7188
Haiti,1992,1787.689174,1535.9707
Haiti,1993,1777.883838,1443.1808
Haiti,1994,1765.262995,1262.337
Haiti,1995,1825.1513799999998,1378.5417
Haiti,1996,1874.5973399999998,1426.4126
Haiti,1997,1904.926267,1456.2339
Haiti,1998,1988.116726,1480.5769
Haiti,1999,2023.6065130000002,1513.3318
Haiti,2000,2022.82549,1520.7292
Haiti,2001,1956.25608,1501.1024
Haiti,2002,1957.7718399999999,1494.1837
Haiti,2003,1922.463375,1495.8921
Haiti,2004,1935.595135,1439.2076
Haiti,2005,1925.578345,1461.8
Haiti,2006,1978.343203,1493.0382
Haiti,2007,1999.58051,1541.7675
Haiti,2008,2036.667596,1555.4932
Haiti,2009,2076.041005,1604.1127
Haiti,2010,2160.800674,1556.5504
Haiti,2011,2154.17925,1648.0
Haiti,2012,2134.3473830000003,1674.0
Haiti,2013,2164.2018799999996,1722.0
Haiti,2014,2222.8216300000004,1749.0
Haiti,2015,2224.822292,1742.0
Haiti,2016,2175.215104,1748.7269
Haiti,2017,2183.85286,1767.923
Haiti,2018,2139.330355,1773.1095
Haiti,2019,2124.189614,1719.4462
Haiti,2020,2110.6797,1641.7617
Haiti,2021,2088.58294,1591.76
Haiti,2022,1991.90393,1546.4222
Honduras,1961,1836.6687,2130.0
Honduras,1962,1816.46515,2174.0
Honduras,1963,1836.88431,2177.0
Honduras,1964,1841.37295,2209.0
Honduras,1965,1899.5332170000001,2314.0
Honduras,1966,1955.4143960000001,2364.0
Honduras,1967,2002.774343,2410.0
Honduras,1968,2011.6720699999998,2463.0
Honduras,1969,2049.69508,2396.0
Honduras,1970,2029.984277,2391.0
Honduras,1971,1982.840413,2404.0
Honduras,1972,1952.11223,2448.0
Honduras,1973,1982.517196,2544.0
Honduras,1974,1956.634536,2797.0
Honduras,1975,2021.5928979999999,2764.0
Honduras,1976,2048.843857,2954.0
Honduras,1977,2034.601568,3153.0
Honduras,1978,2000.82468,3346.0
Honduras,1979,1989.09287,3382.0
Honduras,1980,2019.389776,3282.0
Honduras,1981,2073.84079,3231.0
Honduras,1982,1984.4756320000001,3076.0
Honduras,1983,2051.633517,2947.0
Honduras,1984,2053.635728,2968.0
Honduras,1985,2097.742823,2982.0
Honduras,1986,2117.811127,2898.0
Honduras,1987,2147.349435,2970.0
Honduras,1988,2205.975836,3009.0
Honduras,1989,2251.67406,3045.0
Honduras,1990,2275.5278470000003,2960.0
Honduras,1991,2240.667543,2993.124
Honduras,1992,2281.20339,3094.5479
Honduras,1993,2284.6794959999997,3216.8804
Honduras,1994,2303.42072,3105.972
Honduras,1995,2327.57379,3163.8262
Honduras,1996,2335.63283,3210.2703
Honduras,1997,2317.5181000000002,3303.2676
Honduras,1998,2311.6227799999997,3332.9067
Honduras,1999,2286.1582,3215.1848
Honduras,2000,2245.925044,3335.7153
Honduras,2001,2309.43064,3365.233
Honduras,2002,2316.15071,3431.2512
Honduras,2003,2310.76417,3527.1218
Honduras,2004,2297.55871,3686.6667
Honduras,2005,2297.11016,3851.0554
Honduras,2006,2325.24311,4045.2976
Honduras,2007,2353.65281,4237.302
Honduras,2008,2378.665655,4358.763
Honduras,2009,2367.82137,4200.1606
Honduras,2010,2600.3741,4305.892
Honduras,2011,2624.56661,4421.0
Honduras,2012,2616.9670800000004,4518.0
Honduras,2013,2610.79308,4561.0
Honduras,2014,2559.6533,4620.0
Honduras,2015,2578.481966,4706.0
Honduras,2016,2615.33903,4803.2803
Honduras,2017,2613.8088239999997,4949.0254
Honduras,2018,2633.034424,5052.2056
Honduras,2019,2637.15693,5099.8145
Honduras,2020,2618.1814299999996,4567.8857
Honduras,2021,2661.3576199999998,5062.1187
Honduras,2022,2646.47505,5186.5303
Hong Kong,1961,2718.7057400000003,5169.0
Hong Kong,1962,3056.15718,5780.0
Hong Kong,1963,3485.2425200000002,6381.0
Hong Kong,1964,3059.9307,6664.0
Hong Kong,1965,2566.9593,7414.0
Hong Kong,1966,2545.10702,7412.0
Hong Kong,1967,3019.1314300000004,7474.0
Hong Kong,1968,3539.12813,7696.0
Hong Kong,1969,3231.8591800000004,8534.0
Hong Kong,1970,3048.99593,9250.0
Hong Kong,1971,2938.33871,9787.0
Hong Kong,1972,2923.7721,10632.0
Hong Kong,1973,2913.1889899999996,11717.0
Hong Kong,1974,2877.23492,11719.0
Hong Kong,1975,2856.3469400000004,11456.0
Hong Kong,1976,2891.91388,12929.0
Hong Kong,1977,2914.02961,13986.0
Hong Kong,1978,2919.1099,14689.0
Hong Kong,1979,2985.8397999999997,15903.0
Hong Kong,1980,2972.8986400000003,17086.0
Hong Kong,1981,3023.41478,18301.0
Hong Kong,1982,3048.01999,18527.0
Hong Kong,1983,3084.6466,19349.0
Hong Kong,1984,3073.57786,21042.0
Hong Kong,1985,3083.4845,20883.0
Hong Kong,1986,3126.32867,22823.0
Hong Kong,1987,3214.44226,25414.0
Hong Kong,1988,3280.63726,27063.0
Hong Kong,1989,3345.67208,27377.0
Hong Kong,1990,3313.50077,27960.0
Hong Kong,1991,3316.09033,29008.7
Hong Kong,1992,3174.3545000000004,30202.54
Hong Kong,1993,3193.6394,31242.2
Hong Kong,1994,3208.90654,32219.357
Hong Kong,1995,3234.5994,31941.908
Hong Kong,1996,3148.27988,32261.803
Hong Kong,1997,3134.00501,33385.82
Hong Kong,1998,3069.933776,30866.428
Hong Kong,1999,3106.76605,31134.166
Hong Kong,2000,3108.290805,32894.01
Hong Kong,2001,3136.01108,32734.201
Hong Kong,2002,3166.4828899999998,33038.15
Hong Kong,2003,3201.26778,33594.316
Hong Kong,2004,3212.18405,36052.992
Hong Kong,2005,3218.6676899999998,38191.9
Hong Kong,2006,3236.6134,40172.855
Hong Kong,2007,3229.1016099999997,42230.887
Hong Kong,2008,3216.69965,42635.48
Hong Kong,2009,3228.5441100000003,41076.234
Hong Kong,2010,3127.2804699999997,43170.55
Hong Kong,2011,3144.92686,44532.0
Hong Kong,2012,3099.31889,44795.11
Hong Kong,2013,3090.6689400000005,45997.89
Hong Kong,2014,3121.28385,46941.586
Hong Kong,2015,3066.7998,47653.695
Hong Kong,2016,3105.59445,48385.113
Hong Kong,2017,3156.75007,49841.457
Hong Kong,2018,3182.3060700000005,50847.723
Hong Kong,2019,3195.2419099999997,49631.062
Hong Kong,2020,3103.27241,46550.258
Hong Kong,2021,3046.84893,50006.348
Hong Kong,2022,3004.8685,48289.383
Hungary,1961,2871.29673,6083.0
Hungary,1962,3054.11986,6315.0
Hungary,1963,3080.94355,6644.0
Hungary,1964,3058.5406999999996,6994.0
Hungary,1965,3100.8598199999997,7029.0
Hungary,1966,3295.18291,7406.0
Hungary,1967,3135.87397,7801.0
Hungary,1968,3168.0969999999998,7865.0
Hungary,1969,3241.6328,8069.0
Hungary,1970,3259.7402899999997,8015.0
Hungary,1971,3281.03455,8349.0
Hungary,1972,3217.24276,8505.0
Hungary,1973,3272.9428099999996,8920.0
Hungary,1974,3388.28028,9111.0
Hungary,1975,3388.20252,9253.0
Hungary,1976,3296.30685,9231.0
Hungary,1977,3287.61258,9765.0
Hungary,1978,3330.6443499999996,9967.0
Hungary,1979,3286.76236,9964.0
Hungary,1980,3397.10635,10052.0
Hungary,1981,3416.4352499999995,10123.0
Hungary,1982,3431.4685499999996,10493.0
Hungary,1983,3438.4485400000003,10401.0
Hungary,1984,3405.4113399999997,10696.0
Hungary,1985,3430.36813,10452.0
Hungary,1986,3445.2216,10678.0
Hungary,1987,3602.38902,10861.0
Hungary,1988,3531.85233,11207.0
Hungary,1989,3498.23166,11003.0
Hungary,1990,3381.2270200000003,10296.0
Hungary,1991,3202.4885799999997,9255.909
Hungary,1992,3279.9248,9153.921
Hungary,1993,3107.1549,9294.464
Hungary,1994,3032.17959,9772.224
Hungary,1995,2957.35784,10134.834
Hungary,1996,2937.32559,10359.182
Hungary,1997,3017.4957999999997,10942.326
Hungary,1998,3017.19478,11663.028
Hungary,1999,3008.75929,12316.724
Hungary,2000,3182.41255,13129.273
Hungary,2001,3102.93484,13933.562
Hungary,2002,3084.2768399999995,14899.307
Hungary,2003,3071.06013,15829.9
Hungary,2004,3202.21113,16999.006
Hungary,2005,3279.85845,18140.617
Hungary,2006,3286.79916,19253.062
Hungary,2007,3172.50546,19763.791
Hungary,2008,3158.23954,20380.63
Hungary,2009,3149.31546,19461.07
Hungary,2010,3043.41306,20036.334
Hungary,2011,3056.7945099999997,20886.0
Hungary,2012,3001.70272,20731.67
Hungary,2013,3024.79436,21163.564
Hungary,2014,3071.64237,22118.75
Hungary,2015,3176.98196,22993.375
Hungary,2016,3201.08717,23568.926
Hungary,2017,3236.5473700000002,24641.197
Hungary,2018,3294.72024,25995.51
Hungary,2019,3309.8381099999997,27272.312
Hungary,2020,3368.64696,26091.4
Hungary,2021,3419.79321,28085.963
Hungary,2022,3530.41639,29451.855
Iceland,1961,3256.691505,10728.0
Iceland,1962,3335.50013,11435.0
Iceland,1963,3110.5387549999996,12366.0
Iceland,1964,3142.126236,13386.0
Iceland,1965,3151.21483,14100.0
Iceland,1966,3076.27586,15058.0
Iceland,1967,2952.68063,14642.0
Iceland,1968,2899.6583760000003,13648.0
Iceland,1969,2872.9418800000003,13880.0
Iceland,1970,3009.5236400000003,14830.0
Iceland,1971,2963.5096599999997,16606.0
Iceland,1972,3080.2917500000003,17366.0
Iceland,1973,2954.1831899999997,18277.0
Iceland,1974,2944.82221,19054.0
Iceland,1975,2975.2455899999995,18935.0
Iceland,1976,3035.9575059999997,19877.0
Iceland,1977,3049.74768,21465.0
Iceland,1978,3114.466996,22579.0
Iceland,1979,3207.04423,23443.0
Iceland,1980,3165.6115200000004,24528.0
Iceland,1981,3304.2339300000003,25284.0
Iceland,1982,3180.0268,25477.0
Iceland,1983,3174.51718,24605.0
Iceland,1984,3197.83177,25357.0
Iceland,1985,3158.22998,25990.0
Iceland,1986,3305.52899,27439.0
Iceland,1987,3223.39914,29576.0
Iceland,1988,3116.92716,28934.0
Iceland,1989,3137.83944,28652.0
Iceland,1990,3059.50766,28760.0
Iceland,1991,3107.76149,28258.018
Iceland,1992,3093.4950099999996,26859.281
Iceland,1993,3065.83313,26833.8
Iceland,1994,3112.02178,27457.807
Iceland,1995,3105.4869,27235.834
Iceland,1996,3044.2396200000003,28277.787
Iceland,1997,3129.2397499999997,29939.143
Iceland,1998,3138.8983,31444.615
Iceland,1999,3166.8690699999997,32186.932
Iceland,2000,3149.1133600000003,33108.29
Iceland,2001,3136.84425,33794.453
Iceland,2002,3207.72991,33470.496
Iceland,2003,3240.9395999999997,33920.707
Iceland,2004,3299.83208,36209.242
Iceland,2005,3325.16558,37884.06
Iceland,2006,3369.2550499999998,38707.215
Iceland,2007,3384.5170200000002,41111.156
Iceland,2008,3336.5419599999996,40810.23
Iceland,2009,3345.37479,37701.85
Iceland,2010,3317.3057,36272.688
Iceland,2011,3309.1399,36740.0
Iceland,2012,3361.59429,36933.895
Iceland,2013,3369.38973,38245.496
Iceland,2014,3406.4574000000002,38463.027
Iceland,2015,3478.94211,39756.527
Iceland,2016,3586.86823,41682.867
Iceland,2017,3644.27063,42419.383
Iceland,2018,3657.09742,43321.062
Iceland,2019,3691.91734,43136.605
Iceland,2020,3669.35102,39368.4
Iceland,2021,3652.7790800000002,40412.617
Iceland,2022,3605.1452900000004,42145.594
India,1961,2064.293096,1208.0
India,1962,2099.9203829999997,1208.0
India,1963,2012.9434500000002,1242.0
India,1964,2029.8747549999998,1309.0
India,1965,1961.7764899999997,1229.0
India,1966,1969.6521950000001,1215.0
India,1967,2022.5833240000002,1286.0
India,1968,2042.470286,1290.0
India,1969,2070.717046,1347.0
India,1970,2147.144622,1384.0
India,1971,2024.6182159999998,1364.0
India,1972,2020.8569929999999,1329.0
India,1973,2083.5763699999998,1360.0
India,1974,1973.5815129999999,1344.0
India,1975,2096.806955,1430.0
India,1976,1956.906899,1417.0
India,1977,2142.591754,1494.0
India,1978,2186.034136,1540.0
India,1979,2060.83592,1427.0
India,1980,2027.68626,1495.0
India,1981,2089.33324,1557.0
India,1982,2060.352939,1570.0
India,1983,2239.7807730000004,1663.0
India,1984,2243.971757,1690.0
India,1985,2183.386297,1720.0
India,1986,2182.543,1755.0
India,1987,2192.8723099999997,1793.0
India,1988,2293.816247,1938.0
India,1989,2381.92752,2024.0
India,1990,2214.9898949999997,2087.0
India,1991,2303.2523499999998,2062.3103
India,1992,2335.0488,2115.2573
India,1993,2266.513968,2176.4277
India,1994,2285.398732,2254.899
India,1995,2313.077193,2355.9631
India,1996,2328.3751599999996,2475.568
India,1997,2348.3944979999997,2514.0217
India,1998,2335.655284,2611.7815
India,1999,2367.48713,2707.7407
India,2000,2344.76849,2753.0854
India,2001,2293.18056,2837.8555
India,2002,2241.50185,2870.9236
India,2003,2235.009835,3035.9226
India,2004,2205.586716,3212.511
India,2005,2215.87384,3396.6487
India,2006,2275.116955,3629.4111
India,2007,2336.343554,3870.699
India,2008,2360.19437,4030.6543
India,2009,2345.26765,4270.708
India,2010,2357.56023,4525.7456
India,2011,2391.2083159999997,4768.0
India,2012,2385.44279,4982.083
India,2013,2420.015352,5224.1445
India,2014,2449.473543,5524.1147
India,2015,2422.58428,5869.8467
India,2016,2472.8945999999996,6326.0645
India,2017,2513.8112060000003,6638.7275
India,2018,2525.81517,7046.4365
India,2019,2527.733994,7293.9897
India,2020,2540.723614,6730.547
India,2021,2550.0706499999997,7315.1216
India,2022,2573.63767,7765.593
Indonesia,1961,1825.382259,1690.0
Indonesia,1962,1822.6200520000002,1653.0
Indonesia,1963,1803.0884609999998,1557.0
Indonesia,1964,1842.0820099999999,1583.0
Indonesia,1965,1831.108864,1567.0
Indonesia,1966,1818.667758,1535.0
Indonesia,1967,1824.103147,1470.0
Indonesia,1968,1841.505718,1580.0
Indonesia,1969,1871.6191749999998,1739.0
Indonesia,1970,1902.47369,1882.0
Indonesia,1971,1933.628651,1946.0
Indonesia,1972,1960.2471070000001,2117.0
Indonesia,1973,2039.09566,2375.0
Indonesia,1974,2053.701655,2439.0
Indonesia,1975,2038.4877740000002,2386.0
Indonesia,1976,2011.626263,2536.0
Indonesia,1977,2056.52585,2670.0
Indonesia,1978,2092.361788,2727.0
Indonesia,1979,2148.44676,2810.0
Indonesia,1980,2184.1513720000003,2981.0
Indonesia,1981,2260.148496,3119.0
Indonesia,1982,2261.008033,2941.0
Indonesia,1983,2319.115182,2994.0
Indonesia,1984,2341.8682,3134.0
Indonesia,1985,2356.34307,3143.0
Indonesia,1986,2382.713673,3269.0
Indonesia,1987,2428.744995,3370.0
Indonesia,1988,2520.8322500000004,3500.0
Indonesia,1989,2535.49632,3747.0
Indonesia,1990,2275.975833,4007.0
Indonesia,1991,2292.9900900000002,4310.778
Indonesia,1992,2350.78593,4536.4097
Indonesia,1993,2364.482865,4837.1313
Indonesia,1994,2401.758014,5140.025
Indonesia,1995,2478.308574,5494.904
Indonesia,1996,2471.39361,5851.2954
Indonesia,1997,2419.55308,6055.8486
Indonesia,1998,2405.049605,5203.5796
Indonesia,1999,2385.259545,5186.7134
Indonesia,2000,2355.51979,5384.3867
Indonesia,2001,2345.140583,5526.1475
Indonesia,2002,2373.228927,5720.2817
Indonesia,2003,2392.27051,5938.878
Indonesia,2004,2399.09442,6180.91
Indonesia,2005,2399.685047,6482.012
Indonesia,2006,2416.79482,6782.6245
Indonesia,2007,2457.2187999999996,7157.313
Indonesia,2008,2481.3437759999997,7633.166
Indonesia,2009,2541.6443879999997,7935.844
Indonesia,2010,2574.33034,8386.434
Indonesia,2011,2629.694854,8849.0
Indonesia,2012,2672.8838299999998,9272.009
Indonesia,2013,2711.1504059999997,9676.147
Indonesia,2014,2786.53752,10050.717
Indonesia,2015,2764.305895,10432.305
Indonesia,2016,2858.027674,10849.67
Indonesia,2017,2930.75586,11292.259
Indonesia,2018,2886.82555,11768.468
Indonesia,2019,2875.65643,12250.278
Indonesia,2020,2880.00601,11895.075
Indonesia,2021,2868.998734,12233.969
Indonesia,2022,2796.11191,12801.671
Iran,1961,1781.43524,3622.0
Iran,1962,1771.67525,3586.0
Iran,1963,1808.994356,3867.0
Iran,1964,1872.4649399999998,4026.0
Iran,1965,1876.03013,4388.0
Iran,1966,2014.594136,4686.0
Iran,1967,2026.0093430000002,5062.0
Iran,1968,2147.35177,5659.0
Iran,1969,2015.4308959999998,6212.0
Iran,1970,2065.15792,6677.0
Iran,1971,1994.0482940000002,7296.0
Iran,1972,2123.150614,8247.0
Iran,1973,2268.42653,8706.0
Iran,1974,2339.6119470000003,9210.0
Iran,1975,2364.481718,9377.0
Iran,1976,2389.02241,10665.0
Iran,1977,2416.993405,10205.0
Iran,1978,2447.38015,8710.0
Iran,1979,2515.614866,7678.0
Iran,1980,2592.51844,6334.0
Iran,1981,2617.71463,5887.0
Iran,1982,2569.43386,6535.0
Iran,1983,2639.0212300000003,7108.0
Iran,1984,2616.4385700000003,6951.0
Iran,1985,2599.85793,6853.0
Iran,1986,2609.18872,5984.0
Iran,1987,2684.3563329999997,5713.0
Iran,1988,2623.2125029999997,5249.0
Iran,1989,2766.0406700000003,5303.0
Iran,1990,2783.342186,5620.0
Iran,1991,2817.70162,6380.55
Iran,1992,2882.71437,7036.315
Iran,1993,2989.27588,6914.7666
Iran,1994,2974.3947799999996,6884.706
Iran,1995,2961.891515,7093.735
Iran,1996,2982.09638,7746.409
Iran,1997,3037.738235,8113.724
Iran,1998,3061.23441,8458.387
Iran,1999,3058.351614,8714.627
Iran,2000,3026.65002,9104.763
Iran,2001,3009.26638,9620.627
Iran,2002,3013.35224,10467.371
Iran,2003,3026.0094599999998,11502.853
Iran,2004,3047.81484,12404.323
Iran,2005,3002.2554840000003,13110.143
Iran,2006,2901.256174,14185.753
Iran,2007,2914.61241,15467.107
Iran,2008,2898.19758,15739.983
Iran,2009,2941.42075,16575.07
Iran,2010,2865.71554,17751.33
Iran,2011,2778.63922,18024.0
Iran,2012,2873.3196900000003,17556.533
Iran,2013,2909.8773,16842.896
Iran,2014,2934.6096740000003,17449.938
Iran,2015,2912.983945,16922.88
Iran,2016,2925.90988,17738.059
Iran,2017,2858.7336999999998,18416.479
Iran,2018,2828.588354,18154.533
Iran,2019,2901.15519,17400.414
Iran,2020,2904.73426,17296.264
Iran,2021,2865.7698600000003,18052.37
Iran,2022,2847.2936799999998,18473.066
Iraq,1961,1802.6392,4720.0
Iraq,1962,1929.4551999999999,4809.0
Iraq,1963,2034.0105899999999,4578.0
Iraq,1964,2078.29335,4965.0
Iraq,1965,2097.59097,5241.0
Iraq,1966,2096.2098100000003,5338.0
Iraq,1967,2124.981667,5043.0
Iraq,1968,2134.61665,5745.0
Iraq,1969,2158.0891,5745.0
Iraq,1970,2184.136405,5536.0
Iraq,1971,2202.270335,5686.0
Iraq,1972,2124.081878,5297.0
Iraq,1973,2142.35884,5982.0
Iraq,1974,2178.7893569999997,6097.0
Iraq,1975,2226.951586,6878.0
Iraq,1976,2252.20229,8007.0
Iraq,1977,2321.214538,7957.0
Iraq,1978,2480.581968,9075.0
Iraq,1979,2603.215193,10769.0
Iraq,1980,2688.06002,10165.0
Iraq,1981,2839.82056,8035.0
Iraq,1982,2967.15916,7704.0
Iraq,1983,3043.40564,6805.0
Iraq,1984,3182.459975,6593.0
Iraq,1985,3298.2606699999997,6268.0
Iraq,1986,3393.70446,5992.0
Iraq,1987,3405.25188,6052.0
Iraq,1988,3395.97924,4635.0
Iraq,1989,3386.38512,4098.0
Iraq,1990,3237.3283500000002,3918.0
Iraq,1991,2388.195946,1518.7421
Iraq,1992,2279.255336,2046.1809
Iraq,1993,2252.911943,2132.3823
Iraq,1994,2182.889646,2108.538
Iraq,1995,2154.043025,1996.9279
Iraq,1996,2126.0127199999997,2337.5227
Iraq,1997,2052.38688,2337.948
Iraq,1998,2071.9696919999997,2794.7864
Iraq,1999,2100.382778,3157.1125
Iraq,2000,2121.4688539999997,3649.493
Iraq,2001,2193.100885,4147.6484
Iraq,2002,2204.8606409999998,4631.6523
Iraq,2003,2181.202354,3782.4526
Iraq,2004,2289.4630660000003,6061.5547
Iraq,2005,2265.68498,6441.41
Iraq,2006,2328.168648,7117.6133
Iraq,2007,2408.2806659999997,7587.6055
Iraq,2008,2395.358907,8587.265
Iraq,2009,2449.514264,9268.709
Iraq,2010,2242.73264,10274.33
Iraq,2011,2245.639385,11484.0
Iraq,2012,2210.7609300000004,12521.541
Iraq,2013,2226.512847,12877.205
Iraq,2014,2222.915077,12559.504
Iraq,2015,2214.539964,12574.508
Iraq,2016,2233.17943,14173.763
Iraq,2017,2250.793066,13403.638
Iraq,2018,2279.204265,13724.742
Iraq,2019,2303.01336,14203.617
Iraq,2020,2318.393224,11717.375
Iraq,2021,2313.328743,12355.587
Iraq,2022,2325.391157,13071.94
Ireland,1961,3368.03313,7186.0
Ireland,1962,3373.2335199999998,7390.0
Ireland,1963,3394.78638,7685.0
Ireland,1964,3398.64077,7948.0
Ireland,1965,3400.24008,8051.0
Ireland,1966,3387.85369,8097.0
Ireland,1967,3412.6441,8531.0
Ireland,1968,3404.9647999999997,9197.0
Ireland,1969,3419.5579399999997,9706.0
Ireland,1970,3436.9058800000003,9881.0
Ireland,1971,3483.72407,10128.0
Ireland,1972,3443.15509,10621.0
Ireland,1973,3483.68429,10946.0
Ireland,1974,3522.10284,11225.0
Ireland,1975,3470.32664,11662.0
Ireland,1976,3429.98474,11639.0
Ireland,1977,3514.77291,12425.0
Ireland,1978,3591.15036,13150.0
Ireland,1979,3550.35523,13335.0
Ireland,1980,3577.93201,13614.0
Ireland,1981,3545.33086,13893.0
Ireland,1982,3614.81164,14061.0
Ireland,1983,3553.51623,13931.0
Ireland,1984,3546.13443,14435.0
Ireland,1985,3579.85012,14834.0
Ireland,1986,3610.05897,14768.0
Ireland,1987,3583.5829599999997,15458.0
Ireland,1988,3595.14307,16313.0
Ireland,1989,3606.38351,17343.0
Ireland,1990,3641.56417,18838.0
Ireland,1991,3580.83192,19253.943
Ireland,1992,3611.4631,20032.719
Ireland,1993,3520.05475,20627.078
Ireland,1994,3571.8591699999997,22004.814
Ireland,1995,3510.3498199999995,24266.143
Ireland,1996,3606.54414,26562.908
Ireland,1997,3679.7541300000003,29455.92
Ireland,1998,3674.04888,31908.648
Ireland,1999,3702.16968,35377.164
Ireland,2000,3728.43496,38806.5
Ireland,2001,3724.96104,40966.332
Ireland,2002,3589.98445,43012.816
Ireland,2003,3608.30249,44372.758
Ireland,2004,3590.56434,47028.863
Ireland,2005,3487.32157,49223.383
Ireland,2006,3467.9472100000003,51296.195
Ireland,2007,3449.6637299999998,52322.23
Ireland,2008,3475.04752,49583.14
Ireland,2009,3473.56836,47375.734
Ireland,2010,3557.27174,48623.81
Ireland,2011,3599.6712799999996,48980.0
Ireland,2012,3590.1484,47360.09
Ireland,2013,3606.27625,48181.234
Ireland,2014,3673.25772,50732.348
Ireland,2015,3746.14617,53196.598
Ireland,2016,3790.42921,53686.844
Ireland,2017,3876.80202,55465.652
Ireland,2018,3907.85925,58083.45
Ireland,2019,3878.3838299999998,59733.91
Ireland,2020,3859.45587,55134.855
Ireland,2021,3859.0468,57278.42
Ireland,2022,3844.26748,60257.082
Israel,1961,3116.2684600000002,7964.0
Israel,1962,3132.64463,8396.0
Israel,1963,3035.7583,8915.0
Israel,1964,3103.22997,9430.0
Israel,1965,3044.17655,9997.0
Israel,1966,3104.5066699999998,9867.0
Israel,1967,3139.36926,9918.0
Israel,1968,3164.54682,11210.0
Israel,1969,3159.7914,12310.0
Israel,1970,3113.9576500000003,12913.0
Israel,1971,3237.6245200000003,13885.0
Israel,1972,3199.16649,15108.0
Israel,1973,3286.76289,15374.0
Israel,1974,3218.05379,15980.0
Israel,1975,3212.24341,16176.0
Israel,1976,3253.2667300000003,16053.0
Israel,1977,3248.83729,15721.0
Israel,1978,3166.64439,16139.0
Israel,1979,3148.8404100000002,16761.0
Israel,1980,3118.46938,17508.0
Israel,1981,3157.60685,18103.0
Israel,1982,3291.35151,18155.0
Israel,1983,3271.05759,18468.0
Israel,1984,3248.69125,18305.0
Israel,1985,3303.95018,18605.0
Israel,1986,3343.95005,19160.0
Israel,1987,3426.0818600000002,20196.0
Israel,1988,3346.29872,20256.0
Israel,1989,3342.13219,20091.0
Israel,1990,3366.61618,20829.0
Israel,1991,3324.2900799999998,20912.941
Israel,1992,3342.56873,21531.596
Israel,1993,3328.25644,21484.979
Israel,1994,3316.1953000000003,22128.805
Israel,1995,3450.28384,23378.16
Israel,1996,3494.39856,23979.996
Israel,1997,3497.79173,24226.73
Israel,1998,3483.23112,24506.16
Israel,1999,3449.77906,24644.205
Israel,2000,3496.5212199999996,26058.84
Israel,2001,3528.21516,25427.32
Israel,2002,3611.89676,24823.553
Israel,2003,3491.4409299999998,24545.244
Israel,2004,3540.4756500000003,25210.879
Israel,2005,3565.9596300000003,25686.406
Israel,2006,3579.00134,26571.256
Israel,2007,3508.59323,27624.883
Israel,2008,3535.15143,27857.62
Israel,2009,3547.13682,27644.697
Israel,2010,3603.46734,28575.531
Israel,2011,3605.1171299999996,29370.0
Israel,2012,3605.13932,29580.836
Israel,2013,3611.68795,30316.602
Israel,2014,3669.0418200000004,30906.148
Israel,2015,3660.7329,31050.408
Israel,2016,3704.8757,31822.875
Israel,2017,3738.6853,32549.818
Israel,2018,3677.98171,33227.125
Israel,2019,3754.5194199999996,33951.89
Israel,2020,3789.33641,32730.943
Israel,2021,3842.2389999999996,34969.016
Israel,2022,3894.7433600000004,36648.918
Italy,1961,2961.0166,10158.0
Italy,1962,3025.54396,10882.0
Italy,1963,3096.7123300000003,11576.0
Italy,1964,3088.1456399999997,11934.0
Italy,1965,3129.31676,12111.0
Italy,1966,3152.1337000000003,12659.0
Italy,1967,3226.34234,13476.0
Italy,1968,3289.9848899999997,14513.0
Italy,1969,3333.2588299999998,15248.0
Italy,1970,3458.7075800000002,15492.0
Italy,1971,3444.50284,15683.0
Italy,1972,3487.419,16035.0
Italy,1973,3571.1786,16950.0
Italy,1974,3479.41517,17607.0
Italy,1975,3388.59318,17123.0
Italy,1976,3382.9682199999997,18147.0
Italy,1977,3320.77697,18599.0
Italy,1978,3498.3668399999997,19230.0
Italy,1979,3604.44838,20275.0
Italy,1980,3590.79808,20959.0
Italy,1981,3495.2165999999997,21041.0
Italy,1982,3380.4495500000003,21123.0
Italy,1983,3350.47547,21345.0
Italy,1984,3400.92468,21868.0
Italy,1985,3408.9894999999997,22469.0
Italy,1986,3490.88736,23106.0
Italy,1987,3519.7338600000003,23824.0
Italy,1988,3530.49493,24743.0
Italy,1989,3545.47289,25454.0
Italy,1990,3574.45833,26003.0
Italy,1991,3633.91709,26570.363
Italy,1992,3528.63619,26960.611
Italy,1993,3458.84221,26902.398
Italy,1994,3461.2867300000003,27668.258
Italy,1995,3481.3369599999996,28666.352
Italy,1996,3552.9169199999997,29231.275
Italy,1997,3563.07086,29960.7
Italy,1998,3650.5529500000002,30649.629
Italy,1999,3671.26113,31340.48
Italy,2000,3649.67314,32716.98
Italy,2001,3664.22839,33511.434
Italy,2002,3666.12754,33780.055
Italy,2003,3629.08933,33917.8
Italy,2004,3631.62912,34472.13
Italy,2005,3576.2872500000003,34872.125
Italy,2006,3645.0064199999997,35713.805
Italy,2007,3641.09582,36310.734
Italy,2008,3613.85358,35942.938
Italy,2009,3617.9873399999997,34055.227
Italy,2010,3654.0876900000003,34765.938
Italy,2011,3646.97831,35151.0
Italy,2012,3639.7592,34010.035
Italy,2013,3638.0571,33317.242
Italy,2014,3514.6125599999996,33310.703
Italy,2015,3521.2948800000004,33620.742
Italy,2016,3522.03374,34120.42
Italy,2017,3530.86271,34754.77
Italy,2018,3527.83242,35149.824
Italy,2019,3623.81077,35407.242
Italy,2020,3662.35218,32385.326
Italy,2021,3689.79414,34827.137
Italy,2022,3667.36186,36224.293
Jamaica,1961,1890.714806,4307.0
Jamaica,1962,1998.6687,4339.0
Jamaica,1963,2012.4348,4395.0
Jamaica,1964,2156.92287,4629.0
Jamaica,1965,2163.74238,4894.0
Jamaica,1966,2191.63186,4988.0
Jamaica,1967,2319.66409,5066.0
Jamaica,1968,2329.59469,5235.0
Jamaica,1969,2332.26544,5547.0
Jamaica,1970,2480.8704,6135.0
Jamaica,1971,2551.6108,6062.0
Jamaica,1972,2648.05443,6150.0
Jamaica,1973,2528.00604,6583.0
Jamaica,1974,2611.9883099999997,6229.0
Jamaica,1975,2637.91392,6129.0
Jamaica,1976,2673.7939800000004,5681.0
Jamaica,1977,2624.20799,5501.0
Jamaica,1978,2689.17726,5482.0
Jamaica,1979,2564.4085,5318.0
Jamaica,1980,2635.1715,4975.0
Jamaica,1981,2573.57615,5040.0
Jamaica,1982,2511.617115,5019.0
Jamaica,1983,2529.475786,5117.0
Jamaica,1984,2612.320334,5059.0
Jamaica,1985,2539.05438,4814.0
Jamaica,1986,2570.45936,4884.0
Jamaica,1987,2621.5145899999998,5254.0
Jamaica,1988,2537.944856,5397.0
Jamaica,1989,2591.23757,5748.0
Jamaica,1990,2624.5437899999997,6035.0
Jamaica,1991,2556.71312,6116.5835
Jamaica,1992,2598.18999,6292.029
Jamaica,1993,2671.91446,6414.475
Jamaica,1994,2678.3809300000003,6517.052
Jamaica,1995,2643.0570900000002,6656.283
Jamaica,1996,2674.58127,6648.933
Jamaica,1997,2655.92986,6523.636
Jamaica,1998,2672.33126,6432.653
Jamaica,1999,2692.64729,6485.3228
Jamaica,2000,2702.06146,6531.2847
Jamaica,2001,2777.36006,6615.193
Jamaica,2002,2780.67644,6660.763
Jamaica,2003,2799.87838,6908.667
Jamaica,2004,2785.50075,7004.9844
Jamaica,2005,2789.7783,7073.7705
Jamaica,2006,2786.9120900000003,7286.967
Jamaica,2007,2785.07488,7402.178
Jamaica,2008,2740.40316,7353.107
Jamaica,2009,2741.97634,7115.373
Jamaica,2010,2746.9045100000003,7025.93
Jamaica,2011,2764.87889,7141.0
Jamaica,2012,2761.0969999999998,7119.5054
Jamaica,2013,2804.71115,7147.5337
Jamaica,2014,2791.38966,7198.43
Jamaica,2015,2822.5281999999997,7268.231
Jamaica,2016,2772.49998,7381.3325
Jamaica,2017,2850.6154500000002,7433.147
Jamaica,2018,2880.9573200000004,7569.063
Jamaica,2019,2906.33189,7641.0815
Jamaica,2020,2829.9592000000002,6880.4883
Jamaica,2021,2861.06875,7193.1064
Jamaica,2022,2915.97484,7481.6685
Japan,1961,2424.7311799999998,7055.0
Japan,1962,2472.023,7614.0
Japan,1963,2509.73141,8176.0
Japan,1964,2535.24033,9035.0
Japan,1965,2527.25038,9459.0
Japan,1966,2553.05675,10370.0
Japan,1967,2603.96866,11400.0
Japan,1968,2614.8892,12725.0
Japan,1969,2617.4349199999997,14145.0
Japan,1970,2659.90524,15484.0
Japan,1971,2656.97664,16004.0
Japan,1972,2714.25155,17110.0
Japan,1973,2708.59218,18226.0
Japan,1974,2680.44154,17765.0
Japan,1975,2655.6947099999998,18082.0
Japan,1976,2690.70181,18600.0
Japan,1977,2713.84598,19230.0
Japan,1978,2729.60551,20060.0
Japan,1979,2746.60653,20982.0
Japan,1980,2740.19885,21404.0
Japan,1981,2699.7650399999998,21924.0
Japan,1982,2771.21074,22440.0
Japan,1983,2796.05411,22805.0
Japan,1984,2801.98227,23548.0
Japan,1985,2841.03752,24437.0
Japan,1986,2854.72441,24992.0
Japan,1987,2873.08285,25904.0
Japan,1988,2915.93293,27393.0
Japan,1989,2942.00186,28601.0
Japan,1990,2920.5097699999997,29949.0
Japan,1991,2905.89342,30837.432
Japan,1992,2914.52051,30977.814
Japan,1993,2898.32182,30920.66
Japan,1994,2904.27248,31135.428
Japan,1995,2892.35944,31887.277
Japan,1996,2935.23983,32784.156
Japan,1997,2909.68538,33038.293
Japan,1998,2865.7091,32558.188
Japan,1999,2866.87017,32394.516
Japan,2000,2869.0010199999997,33210.81
Japan,2001,2859.80383,33246.39
Japan,2002,2825.3493900000003,33195.402
Japan,2003,2816.4631200000003,33619.95
Japan,2004,2818.8544,34313.56
Japan,2005,2808.33696,34857.754
Japan,2006,2759.34861,35333.113
Japan,2007,2798.5561399999997,35892.71
Japan,2008,2716.1053,35496.227
Japan,2009,2657.4836400000004,33590.01
Japan,2010,2653.3875900000003,35011.402
Japan,2011,2661.39695,34979.0
Japan,2012,2710.7692100000004,35537.438
Japan,2013,2714.42037,36312.348
Japan,2014,2700.42227,36440.215
Japan,2015,2683.17501,37053.176
Japan,2016,2678.9172399999998,37384.56
Japan,2017,2692.54101,38078.96
Japan,2018,2657.92814,38403.68
Japan,2019,2712.47729,38332.934
Japan,2020,2651.5148900000004,36826.64
Japan,2021,2652.0767,37678.277
Japan,2022,2670.09111,38268.79
Jordan,1961,4064.015684,4280.0
Jordan,1962,4055.407978,4176.0
Jordan,1963,4042.06806,4222.0
Jordan,1964,3824.77403,4752.0
Jordan,1965,3851.1879799999997,5074.0
Jordan,1966,3741.8722700000003,5000.0
Jordan,1967,3376.98104,4876.0
Jordan,1968,2284.7229749999997,4262.0
Jordan,1969,2331.43734,4420.0
Jordan,1970,2287.214328,3818.0
Jordan,1971,2320.559924,3771.0
Jordan,1972,2316.64495,3754.0
Jordan,1973,2260.748015,3806.0
Jordan,1974,2277.24507,3995.0
Jordan,1975,2234.805968,4117.0
Jordan,1976,2367.914055,4935.0
Jordan,1977,2430.87256,5072.0
Jordan,1978,2512.240514,5926.0
Jordan,1979,2558.88518,6247.0
Jordan,1980,2595.31498,7141.0
Jordan,1981,2635.134706,7176.0
Jordan,1982,2629.59685,7401.0
Jordan,1983,2603.1650600000003,7262.0
Jordan,1984,2624.92109,7599.0
Jordan,1985,2655.04043,7578.0
Jordan,1986,2587.8082999999997,7973.0
Jordan,1987,2600.803315,7911.0
Jordan,1988,2584.27254,7571.0
Jordan,1989,2529.16089,6540.0
Jordan,1990,2569.11978,6044.0
Jordan,1991,2550.18534,5900.5093
Jordan,1992,2483.75758,6456.123
Jordan,1993,2481.16408,6460.6626
Jordan,1994,2395.1244960000004,6538.1733
Jordan,1995,2442.70264,6760.1084
Jordan,1996,2409.256254,6783.229
Jordan,1997,2478.8557,6942.459
Jordan,1998,2445.42106,7120.4937
Jordan,1999,2366.24363,7340.4937
Jordan,2000,2413.158145,7621.841
Jordan,2001,2496.25738,7982.7407
Jordan,2002,2564.98455,8394.055
Jordan,2003,2670.0377,8669.625
Jordan,2004,2702.683395,9288.616
Jordan,2005,2710.058175,9860.809
Jordan,2006,2663.26124,10404.562
Jordan,2007,2587.2556299999997,10938.805
Jordan,2008,2597.862234,11378.256
Jordan,2009,2682.15596,11651.25
Jordan,2010,2701.9396850000003,11601.088
Jordan,2011,2662.07638,11615.0
Jordan,2012,2690.64951,11704.657
Jordan,2013,2709.9438099999998,10834.426
Jordan,2014,2786.8174,9765.811
Jordan,2015,2791.6438,9307.248
Jordan,2016,2754.3147099999996,9149.412
Jordan,2017,2719.22624,9186.477
Jordan,2018,2641.1276399999997,9174.501
Jordan,2019,2593.947975,9166.066
Jordan,2020,2596.283845,8896.383
Jordan,2021,2552.689236,9019.895
Jordan,2022,2564.01731,9151.479
Kazakhstan,1992,2730.47558,10012.611
Kazakhstan,1993,2716.68256,9173.638
Kazakhstan,1994,2721.62817,8178.791
Kazakhstan,1995,2668.42432,7674.0635
Kazakhstan,1996,2672.93866,7826.8574
Kazakhstan,1997,2684.6593700000003,8093.796
Kazakhstan,1998,2588.41953,8088.648
Kazakhstan,1999,2605.3487299999997,8421.348
Kazakhstan,2000,2639.48602,9309.42
Kazakhstan,2001,2701.3904,10589.103
Kazakhstan,2002,2741.23509,11640.18
Kazakhstan,2003,2784.3318799999997,12726.287
Kazakhstan,2004,2800.8026,13929.7295
Kazakhstan,2005,2861.27934,15233.841
Kazakhstan,2006,2905.70856,16786.555
Kazakhstan,2007,2993.51872,18181.06
Kazakhstan,2008,3019.4933499999997,18665.766
Kazakhstan,2009,2986.8112,18750.541
Kazakhstan,2010,3083.41942,19964.53
Kazakhstan,2011,3133.02541,21302.0
Kazakhstan,2012,3129.14354,22089.924
Kazakhstan,2013,3157.42233,23110.025
Kazakhstan,2014,3131.1621299999997,23819.748
Kazakhstan,2015,3111.3899,23782.562
Kazakhstan,2016,3116.10592,23731.512
Kazakhstan,2017,3192.7803,24396.78
Kazakhstan,2018,3280.3982,25142.707
Kazakhstan,2019,3290.6727599999995,26026.064
Kazakhstan,2020,3295.49101,25124.486
Kazakhstan,2021,3317.08406,25936.383
Kazakhstan,2022,3330.28267,26491.857
Kenya,1961,2354.099915,1093.0
Kenya,1962,2341.51724,1117.0
Kenya,1963,2213.599075,1138.0
Kenya,1964,2247.3333700000003,1208.0
Kenya,1965,2348.24849,1184.0
Kenya,1966,2320.860864,1294.0
Kenya,1967,2292.66849,1317.0
Kenya,1968,2303.32014,1366.0
Kenya,1969,2344.5440799999997,1404.0
Kenya,1970,2276.380844,1458.0
Kenya,1971,2276.252148,1500.0
Kenya,1972,2326.315977,1524.0
Kenya,1973,2284.89206,1546.0
Kenya,1974,2303.059872,1564.0
Kenya,1975,2307.61468,1502.0
Kenya,1976,2350.4547519999996,1503.0
Kenya,1977,2374.093227,1580.0
Kenya,1978,2387.4163,1656.0
Kenya,1979,2345.00351,1651.0
Kenya,1980,2328.727514,1675.0
Kenya,1981,2308.92038,1647.0
Kenya,1982,2305.501276,1680.0
Kenya,1983,2256.83104,1627.0
Kenya,1984,2086.039634,1594.0
Kenya,1985,2236.124085,1604.0
Kenya,1986,2280.85258,1658.0
Kenya,1987,2192.129374,1698.0
Kenya,1988,2124.47099,1741.0
Kenya,1989,2161.30975,1761.0
Kenya,1990,2092.38691,1780.0
Kenya,1991,2075.57148,1777.7838
Kenya,1992,1978.73281,1724.8744
Kenya,1993,1940.20309,1698.2542
Kenya,1994,2118.885015,1729.7172
Kenya,1995,2118.059824,1789.8945
Kenya,1996,2114.144298,1851.2814
Kenya,1997,2077.41431,1846.3738
Kenya,1998,2106.69438,1889.9731
Kenya,1999,2129.1269899999998,1920.834
Kenya,2000,2091.93914,1914.8864
Kenya,2001,2099.118982,1972.3811
Kenya,2002,2046.016492,1961.8949
Kenya,2003,2019.055376,1997.7769
Kenya,2004,2029.08285,2066.2102
Kenya,2005,2160.3700799999997,2157.8416
Kenya,2006,2152.3948,2255.2585
Kenya,2007,2094.2288,2380.7764
Kenya,2008,2082.685316,2357.2324
Kenya,2009,2133.75885,2404.6296
Kenya,2010,2178.20993,2579.531
Kenya,2011,2185.410315,2712.0
Kenya,2012,2208.096455,2754.7646
Kenya,2013,2233.4479499999998,2786.1372
Kenya,2014,2230.33661,2852.933
Kenya,2015,2236.15847,2921.3428
Kenya,2016,2174.69743,2975.4795
Kenya,2017,2192.94878,3020.9817
Kenya,2018,2226.59864,3120.4314
Kenya,2019,2289.894057,3207.2622
Kenya,2020,2252.2306630000003,3129.5852
Kenya,2021,2162.73822,3292.7585
Kenya,2022,2090.87563,3403.9238
Kuwait,1961,2138.05501,41622.0
Kuwait,1962,2222.542535,42150.0
Kuwait,1963,2179.46288,40377.0
Kuwait,1964,2331.399026,40333.0
Kuwait,1965,2364.01469,37511.0
Kuwait,1966,2459.454106,38335.0
Kuwait,1967,2432.4333,35720.0
Kuwait,1968,2439.23102,35546.0
Kuwait,1969,2375.29138,33415.0
Kuwait,1970,2379.57231,48927.0
Kuwait,1971,2337.03092,49302.0
Kuwait,1972,2407.02091,48283.0
Kuwait,1973,2370.5796,42542.0
Kuwait,1974,2375.07323,34962.0
Kuwait,1975,2412.09188,28950.0
Kuwait,1976,2512.37714,28956.0
Kuwait,1977,2554.58313,26168.0
Kuwait,1978,2600.22116,26363.0
Kuwait,1979,2667.5885,28174.0
Kuwait,1980,2681.42512,21154.0
Kuwait,1981,2661.0085900000004,16402.0
Kuwait,1982,2738.4936,13845.0
Kuwait,1983,2723.26242,14292.0
Kuwait,1984,2727.86118,14384.0
Kuwait,1985,2668.69606,13015.0
Kuwait,1986,2738.8120099999996,13509.0
Kuwait,1987,2812.2502299999996,12416.0
Kuwait,1988,2849.72899,12317.0
Kuwait,1989,2853.45703,12701.0
Kuwait,1990,2826.90233,9757.0
Kuwait,1991,2811.97579,6310.9067
Kuwait,1992,2565.22681,12965.067
Kuwait,1993,2617.28377,19955.314
Kuwait,1994,2898.2930699999997,24532.414
Kuwait,1995,3029.62456,27552.96
Kuwait,1996,2991.91942,29612.66
Kuwait,1997,3054.8127,31511.191
Kuwait,1998,3134.40965,33331.297
Kuwait,1999,3249.46303,33351.195
Kuwait,2000,3349.4350400000003,35844.746
Kuwait,2001,3435.04179,37225.87
Kuwait,2002,3424.99845,39943.15
Kuwait,2003,3511.2582599999996,48809.71
Kuwait,2004,3569.95881,55911.793
Kuwait,2005,3670.6865900000003,62959.6
Kuwait,2006,3666.33512,68546.14
Kuwait,2007,3638.1500699999997,73096.87
Kuwait,2008,3579.0374,75138.12
Kuwait,2009,3539.7597299999998,70072.73
Kuwait,2010,3548.1776900000004,68865.31
Kuwait,2011,3584.7228800000003,77126.0
Kuwait,2012,3551.68829,80657.13
Kuwait,2013,3589.60444,80098.64
Kuwait,2014,3553.4059700000003,79103.414
Kuwait,2015,3542.3673200000003,78261.195
Kuwait,2016,3454.7654199999997,79289.17
Kuwait,2017,3420.65327,74427.02
Kuwait,2018,3427.2933700000003,75163.984
Kuwait,2019,3468.7677700000004,73748.44
Kuwait,2020,3450.3356300000005,66365.99
Kuwait,2021,3416.50807,66418.2
Kuwait,2022,3262.8745,71533.516
Kyrgyzstan,1992,2598.85052,4362.113
Kyrgyzstan,1993,2345.63326,3764.9421
Kyrgyzstan,1994,2361.85517,2993.828
Kyrgyzstan,1995,2322.5022900000004,2776.0303
Kyrgyzstan,1996,2415.78902,2901.5542
Kyrgyzstan,1997,2580.67018,3114.675
Kyrgyzstan,1998,2454.39064,3105.961
Kyrgyzstan,1999,2486.74143,3144.4612
Kyrgyzstan,2000,2362.5769099999998,3246.383
Kyrgyzstan,2001,2416.3912,3357.993
Kyrgyzstan,2002,2433.92709,3299.246
Kyrgyzstan,2003,2547.4761399999998,3464.82
Kyrgyzstan,2004,2642.1404700000003,3632.1472
Kyrgyzstan,2005,2645.76105,3554.1855
Kyrgyzstan,2006,2559.04766,3594.5652
Kyrgyzstan,2007,2591.48029,3831.4949
Kyrgyzstan,2008,2606.00916,4046.7207
Kyrgyzstan,2009,2669.58457,4075.834
Kyrgyzstan,2010,2670.9394700000003,3977.649
Kyrgyzstan,2011,2693.60221,4142.0
Kyrgyzstan,2012,2706.11856,4103.82
Kyrgyzstan,2013,2696.48386,4509.7515
Kyrgyzstan,2014,2679.04122,4644.326
Kyrgyzstan,2015,2683.55231,4772.76
Kyrgyzstan,2016,2638.88768,4925.4097
Kyrgyzstan,2017,2685.90154,5104.14
Kyrgyzstan,2018,2714.0756499999998,5226.4805
Kyrgyzstan,2019,2690.37772,5412.708
Kyrgyzstan,2020,2635.08303,4899.061
Kyrgyzstan,2021,2595.62659,5035.9272
Kyrgyzstan,2022,2632.3074500000002,5304.841
Laos,1961,1952.324928,779.0
Laos,1962,1924.1091809999998,787.0
Laos,1963,1946.88311,794.0
Laos,1964,1995.89888,802.0
Laos,1965,2019.113669,810.0
Laos,1966,2040.989055,818.0
Laos,1967,2037.177175,826.0
Laos,1968,2044.101228,834.0
Laos,1969,1992.713976,842.0
Laos,1970,2030.605834,850.0
Laos,1971,2036.0148709999999,875.0
Laos,1972,2029.31024,886.0
Laos,1973,2021.836628,944.0
Laos,1974,1983.7522079999999,958.0
Laos,1975,1959.70257,999.0
Laos,1976,1965.494294,1023.0
Laos,1977,2036.228935,993.0
Laos,1978,1958.6083549999998,991.0
Laos,1979,1920.71087,966.0
Laos,1980,1929.395194,1054.0
Laos,1981,1922.625627,1199.0
Laos,1982,1933.533507,1256.0
Laos,1983,1900.8182199999999,1283.0
Laos,1984,1873.16258,1344.0
Laos,1985,1877.382504,1382.0
Laos,1986,1900.4975880000002,1409.0
Laos,1987,1928.013259,1350.0
Laos,1988,1871.390355,1286.0
Laos,1989,1903.634662,1428.0
Laos,1990,1983.7322880000002,1481.0
Laos,1991,1960.8033679999999,1512.4799
Laos,1992,1932.532625,1563.9058
Laos,1993,1932.345653,1622.5546
Laos,1994,1960.003894,1718.1158
Laos,1995,1952.60556,1801.5441
Laos,1996,2005.4200099999998,1899.8959
Laos,1997,2014.281193,2002.236
Laos,1998,2031.553,2050.8838
Laos,1999,2022.68342,2167.7795
Laos,2000,2099.17927,2262.2356
Laos,2001,2072.5127,2365.1033
Laos,2002,2111.923957,2486.9893
Laos,2003,2149.852848,2625.3481
Laos,2004,2177.4470069999998,2784.6802
Laos,2005,2238.622832,2948.6997
Laos,2006,2217.743496,2896.1355
Laos,2007,2261.79288,3389.364
Laos,2008,2242.332765,3614.4768
Laos,2009,2321.7417029999997,3843.8298
Laos,2010,2887.08274,4114.0103
Laos,2011,2971.822475,4401.0
Laos,2012,2998.00256,4670.0
Laos,2013,3069.15063,4961.0
Laos,2014,3121.6567299999997,5251.0
Laos,2015,3176.4906300000002,5559.0
Laos,2016,3151.1456749999998,5859.663
Laos,2017,3120.1822,6168.1704
Laos,2018,3142.59275,6454.778
Laos,2019,3168.44978,6706.0063
Laos,2020,3150.542194,6824.144
Laos,2021,3115.82557,6961.1216
Laos,2022,3156.39116,7168.1904
Latvia,1992,3258.2816199999997,9411.195
Latvia,1993,3272.68046,8439.33
Latvia,1994,3178.80277,8704.267
Latvia,1995,3075.5461999999998,8709.07
Latvia,1996,2999.17092,8947.269
Latvia,1997,2921.17376,9773.499
Latvia,1998,2852.70791,10429.767
Latvia,1999,2844.02075,10707.706
Latvia,2000,2788.20461,11309.74
Latvia,2001,2905.3654399999996,12103.828
Latvia,2002,3012.4066700000003,13015.475
Latvia,2003,3045.7165299999997,14142.125
Latvia,2004,3068.66909,15371.182
Latvia,2005,3124.53838,17069.656
Latvia,2006,3181.12126,19128.69
Latvia,2007,3112.57907,21042.367
Latvia,2008,3099.5068,20342.2
Latvia,2009,3129.56372,17582.111
Latvia,2010,3148.14714,17140.227
Latvia,2011,3190.70538,18428.0
Latvia,2012,3170.23789,19970.031
Latvia,2013,3256.2718,20581.918
Latvia,2014,3232.8786800000003,21168.535
Latvia,2015,3212.15372,22179.42
Latvia,2016,3222.12761,22913.023
Latvia,2017,3227.6955,23893.832
Latvia,2018,3261.80661,25039.865
Latvia,2019,3269.7219999999998,25858.602
Latvia,2020,3235.14633,25453.064
Latvia,2021,3253.67409,26738.615
Latvia,2022,3259.24151,27220.303
Lebanon,1961,2438.551566,6027.0
Lebanon,1962,2484.960836,6089.0
Lebanon,1963,2446.1383450000003,5973.0
Lebanon,1964,2471.76464,6156.0
Lebanon,1965,2475.8024100000002,6572.0
Lebanon,1966,2451.1467199999997,6811.0
Lebanon,1967,2474.94309,6295.0
Lebanon,1968,2502.42413,6876.0
Lebanon,1969,2432.69804,6824.0
Lebanon,1970,2412.45318,7084.0
Lebanon,1971,2414.35494,7533.0
Lebanon,1972,2413.458696,8228.0
Lebanon,1973,2412.67187,8397.0
Lebanon,1974,2407.82775,8383.0
Lebanon,1975,2330.998345,5742.0
Lebanon,1976,2351.74512,2442.0
Lebanon,1977,2473.8079,4417.0
Lebanon,1978,2458.59617,4218.0
Lebanon,1979,2474.281524,4536.0
Lebanon,1980,2500.857594,4608.0
Lebanon,1981,2429.13101,4549.0
Lebanon,1982,2475.2700299999997,2823.0
Lebanon,1983,2505.4240200000004,3402.0
Lebanon,1984,2492.99375,4828.0
Lebanon,1985,2440.42533,5895.0
Lebanon,1986,2391.21218,5400.0
Lebanon,1987,2370.8939139999998,6202.0
Lebanon,1988,2415.9025,4385.0
Lebanon,1989,2455.0812100000003,2488.0
Lebanon,1990,2430.73585,3086.0
Lebanon,1991,2461.098055,4326.2993
Lebanon,1992,2450.494015,4618.0054
Lebanon,1993,2469.22312,5053.2803
Lebanon,1994,2511.70079,5585.667
Lebanon,1995,2519.3998300000003,6095.397
Lebanon,1996,2504.14969,6567.4004
Lebanon,1997,2540.13242,6581.053
Lebanon,1998,2507.5935600000003,6994.1567
Lebanon,1999,2509.145044,7147.5547
Lebanon,2000,2456.9070199999996,7405.707
Lebanon,2001,2529.63827,7836.8267
Lebanon,2002,2575.88019,8248.101
Lebanon,2003,2607.57238,8671.1875
Lebanon,2004,2660.53908,9491.61
Lebanon,2005,2664.7624699999997,9933.082
Lebanon,2006,2686.168204,10236.868
Lebanon,2007,2720.362696,11276.507
Lebanon,2008,2657.62185,12479.107
Lebanon,2009,2674.6961899999997,14039.346
Lebanon,2010,3062.1662800000004,15622.367
Lebanon,2011,3014.58458,16230.0
Lebanon,2012,3016.41347,16284.763
Lebanon,2013,2967.58619,15145.569
Lebanon,2014,2932.57248,13586.273
Lebanon,2015,2890.71436,12982.721
Lebanon,2016,2899.13084,13073.557
Lebanon,2017,2901.63557,13209.284
Lebanon,2018,2908.1037699999997,13236.691
Lebanon,2019,2882.3388999999997,12854.797
Lebanon,2020,2870.2136339999997,10182.637
Lebanon,2021,2843.191965,10573.861
Lebanon,2022,2796.69502,10341.159
Lesotho,1961,2297.415214,813.0
Lesotho,1962,2260.913497,918.0
Lesotho,1963,2319.353097,995.0
Lesotho,1964,2237.341773,1054.0
Lesotho,1965,2263.566183,1054.0
Lesotho,1966,2156.967558,1025.0
Lesotho,1967,2133.358427,1113.0
Lesotho,1968,2094.76834,1084.0
Lesotho,1969,2039.156503,1074.0
Lesotho,1970,2040.2439600000002,1073.0
Lesotho,1971,2077.66323,952.0
Lesotho,1972,1996.676483,1108.0
Lesotho,1973,1915.5485640000002,1364.0
Lesotho,1974,2010.779033,1414.0
Lesotho,1975,1971.132324,1270.0
Lesotho,1976,2052.104253,1447.0
Lesotho,1977,2138.80188,1658.0
Lesotho,1978,2203.9241230000002,1934.0
Lesotho,1979,2133.708,1678.0
Lesotho,1980,2099.222876,1589.0
Lesotho,1981,2146.6729800000003,1564.0
Lesotho,1982,2091.39849,1576.0
Lesotho,1983,2142.982764,1561.0
Lesotho,1984,2095.5616,1589.0
Lesotho,1985,2084.06544,1600.0
Lesotho,1986,2075.480464,1645.0
Lesotho,1987,2035.4416019999999,1621.0
Lesotho,1988,2039.8167400000002,1736.0
Lesotho,1989,2058.649376,1804.0
Lesotho,1990,2059.26132,1882.0
Lesotho,1991,2106.68936,1853.543
Lesotho,1992,2110.8965200000002,1914.6238
Lesotho,1993,2116.07986,1903.6763
Lesotho,1994,2152.121164,1924.0946
Lesotho,1995,2063.7410090000003,1888.699
Lesotho,1996,2128.6170869999996,1931.6608
Lesotho,1997,2173.50519,1940.3105
Lesotho,1998,2213.2100849999997,1922.6793
Lesotho,1999,2255.94001,1923.9032
Lesotho,2000,2280.332766,1967.4332
Lesotho,2001,2325.011396,1997.3577
Lesotho,2002,2377.715188,1959.028
Lesotho,2003,2408.903147,2003.09
Lesotho,2004,2464.831313,2004.0602
Lesotho,2005,2531.469985,2013.8077
Lesotho,2006,2588.295904,2056.3296
Lesotho,2007,2563.64247,2106.84
Lesotho,2008,2565.127288,2177.8574
Lesotho,2009,2580.8719730000003,2199.3948
Lesotho,2010,2531.629494,2313.882
Lesotho,2011,2541.964995,2346.0
Lesotho,2012,2494.2487739999997,2456.0
Lesotho,2013,2345.230036,2559.0
Lesotho,2014,2211.3063,2644.0
Lesotho,2015,2086.1829,2710.0
Lesotho,2016,2099.54002,2774.5996
Lesotho,2017,2176.28746,2654.4136
Lesotho,2018,2196.475784,2582.512
Lesotho,2019,1999.061566,2514.2244
Lesotho,2020,1814.54905,2297.383
Lesotho,2021,1816.07367,2311.8909
Lesotho,2022,1821.18928,2312.9583
Liberia,1961,1982.731637,3663.0
Liberia,1962,2016.4304419999999,3612.0
Liberia,1963,2092.88913,3598.0
Liberia,1964,2109.250368,3679.0
Liberia,1965,2093.3199750000003,3639.0
Liberia,1966,2221.38061,4208.0
Liberia,1967,2126.8322500000004,4065.0
Liberia,1968,2176.523272,4136.0
Liberia,1969,2056.737098,4309.0
Liberia,1970,2311.109467,4457.0
Liberia,1971,2397.36201,4544.0
Liberia,1972,2288.310088,4568.0
Liberia,1973,2321.788815,4603.0
Liberia,1974,2331.167432,4616.0
Liberia,1975,2214.04841,4326.0
Liberia,1976,2339.720275,4415.0
Liberia,1977,2476.69157,4339.0
Liberia,1978,2460.116002,4463.0
Liberia,1979,2510.872476,4546.0
Liberia,1980,2436.435023,4138.0
Liberia,1981,2484.54486,3862.0
Liberia,1982,2544.71007,3813.0
Liberia,1983,2439.12082,3572.0
Liberia,1984,2397.7299700000003,3443.0
Liberia,1985,2388.697924,3269.0
Liberia,1986,2393.93646,3129.0
Liberia,1987,2311.30465,3084.0
Liberia,1988,2300.45914,3070.0
Liberia,1989,2211.00911,3054.0
Liberia,1990,2045.675674,1690.0
Liberia,1991,2482.605697,1568.4043
Liberia,1992,2244.954086,915.1206
Liberia,1993,1974.27566,560.333
Liberia,1994,1942.099318,418.12158
Liberia,1995,1906.318882,377.58008
Liberia,1996,1958.455965,391.0859
Liberia,1997,2126.877937,701.7854
Liberia,1998,2054.002183,772.67645
Liberia,1999,2033.928564,848.42114
Liberia,2000,2095.8554480000003,971.93304
Liberia,2001,2026.9810300000001,1097.2496
Liberia,2002,2050.152076,1342.7588
Liberia,2003,2053.934284,851.91095
Liberia,2004,2110.696382,760.8758
Liberia,2005,2139.687253,755.2236
Liberia,2006,2051.9035169999997,769.29297
Liberia,2007,2059.055163,768.20703
Liberia,2008,2140.7638500000003,811.158
Liberia,2009,2161.97804,838.452
Liberia,2010,2112.773614,854.235
Liberia,2011,2095.917698,820.0
Liberia,2012,2101.8959830000003,853.0
Liberia,2013,2074.439768,900.0
Liberia,2014,2110.353967,884.0
Liberia,2015,2097.60399,865.0
Liberia,2016,2133.20043,843.52625
Liberia,2017,2153.62282,848.2952
Liberia,2018,2118.84776,842.37573
Liberia,2019,2105.523564,807.3494
Liberia,2020,2084.3210400000003,768.40546
Liberia,2021,2074.5719520000002,790.2841
Liberia,2022,2075.725566,811.2146
Libya,2010,3085.5593200000003,29157.143
Libya,2011,2995.90315,12893.0
Libya,2012,2961.6750700000002,25302.516
Libya,2013,2988.3708,20190.09
Libya,2014,2942.5004799999997,15154.099
Libya,2015,2968.3796700000003,14720.548
Libya,2016,2963.8423199999997,14219.172
Libya,2017,2960.52857,18455.953
Libya,2018,2974.2252799999997,19504.555
Libya,2019,3005.34025,16971.502
Libya,2020,2964.78575,11741.864
Libya,2021,3019.1309300000003,14797.098
Libya,2022,3013.03387,12755.204
Lithuania,1992,2977.1369999999997,10240.939
Lithuania,1993,2808.80748,8621.097
Lithuania,1994,2777.31787,7830.0054
Lithuania,1995,2824.78115,8299.47
Lithuania,1996,3012.3345799999997,8793.701
Lithuania,1997,3191.62353,9592.64
Lithuania,1998,3204.15334,10382.117
Lithuania,1999,3139.24049,10336.3955
Lithuania,2000,3157.8711300000004,10806.874
Lithuania,2001,3258.6865399999997,11606.729
Lithuania,2002,3254.12101,12490.621
Lithuania,2003,3252.16165,13917.508
Lithuania,2004,3317.54824,14995.767
Lithuania,2005,3426.28254,16417.95
Lithuania,2006,3433.39289,17916.059
Lithuania,2007,3517.47607,20138.473
Lithuania,2008,3460.96029,20879.803
Lithuania,2009,3402.8207700000003,17983.35
Lithuania,2010,3229.57316,18663.762
Lithuania,2011,3343.93041,20243.0
Lithuania,2012,3325.72825,21305.004
Lithuania,2013,3385.20335,22285.684
Lithuania,2014,3401.1967999999997,23273.172
Lithuania,2015,3381.47342,23968.848
Lithuania,2016,3395.98199,24886.84
Lithuania,2017,3411.80901,26318.023
Lithuania,2018,3364.3914299999997,27631.46
Lithuania,2019,3359.39379,28986.053
Lithuania,2020,3363.86269,28971.844
Lithuania,2021,3366.28579,30557.03
Lithuania,2022,3326.19838,30863.32
Luxembourg,2000,3478.32202,50063.824
Luxembourg,2001,3470.5831,50527.664
Luxembourg,2002,3465.67265,51709.734
Luxembourg,2003,3451.9169699999998,51717.03
Luxembourg,2004,3441.36896,52624.164
Luxembourg,2005,3446.85776,53262.094
Luxembourg,2006,3454.47585,54920.81
Luxembourg,2007,3470.1984,58369.703
Luxembourg,2008,3497.01904,56383.19
Luxembourg,2009,3510.0253000000002,52731.39
Luxembourg,2010,3467.33462,54086.336
Luxembourg,2011,3454.9831999999997,54031.0
Luxembourg,2012,3428.14205,53675.46
Luxembourg,2013,3427.7609899999998,53973.395
Luxembourg,2014,3414.4876299999996,54100.086
Luxembourg,2015,3379.3034100000004,54251.45
Luxembourg,2016,3365.7630799999997,55516.098
Luxembourg,2017,3377.92129,55037.188
Luxembourg,2018,3406.01749,54625.96
Luxembourg,2019,3512.4425,54751.6
Luxembourg,2020,3476.67043,53489.332
Luxembourg,2021,3465.00181,55346.676
Luxembourg,2022,3452.7952299999997,55484.777
Madagascar,1961,2420.75218,1795.0
Madagascar,1962,2388.0795040000003,1800.0
Madagascar,1963,2442.02349,1747.0
Madagascar,1964,2495.08077,1779.0
Madagascar,1965,2468.57829,1734.0
Madagascar,1966,2422.9768,1733.0
Madagascar,1967,2450.9881050000004,1790.0
Madagascar,1968,2505.47166,1871.0
Madagascar,1969,2510.82004,1900.0
Madagascar,1970,2468.973355,1954.0
Madagascar,1971,2535.18668,1986.0
Madagascar,1972,2488.20338,1916.0
Madagascar,1973,2453.34631,1824.0
Madagascar,1974,2506.03291,1816.0
Madagascar,1975,2489.34794,1795.0
Madagascar,1976,2533.57812,1694.0
Madagascar,1977,2411.89176,1691.0
Madagascar,1978,2396.03512,1604.0
Madagascar,1979,2349.60865,1714.0
Madagascar,1980,2356.2349160000003,1680.0
Madagascar,1981,2359.2679799999996,1492.0
Madagascar,1982,2177.504235,1423.0
Madagascar,1983,2320.5604359999998,1395.0
Madagascar,1984,2291.79069,1305.0
Madagascar,1985,2278.78089,1296.0
Madagascar,1986,2273.27861,1267.0
Madagascar,1987,2188.663177,1258.0
Madagascar,1988,2090.55913,1240.0
Madagascar,1989,2097.604104,1251.0
Madagascar,1990,2098.38404,1262.0
Madagascar,1991,2008.643397,1160.6705
Madagascar,1992,2010.9770829999998,1152.6461
Madagascar,1993,2008.124003,1154.1895
Madagascar,1994,1947.34938,1132.1718
Madagascar,1995,1940.7016019999999,1129.8485
Madagascar,1996,1931.66681,1132.4437
Madagascar,1997,1930.8656529999998,1152.1545
Madagascar,1998,1922.114786,1174.2272
Madagascar,1999,1913.5438749999998,1206.8938
Madagascar,2000,1912.32204,1238.7764
Madagascar,2001,1899.756906,1290.1064
Madagascar,2002,1856.7086450000002,1110.8217
Madagascar,2003,1886.588032,1198.4432
Madagascar,2004,1890.234407,1239.897
Madagascar,2005,1966.49584,1276.4868
Madagascar,2006,1987.5106,1322.4795
Madagascar,2007,1998.292743,1384.185
Madagascar,2008,1962.815856,1458.7854
Madagascar,2009,1964.2166499999998,1367.6863
Madagascar,2010,2093.609556,1349.6199
Madagascar,2011,2107.765612,1347.0
Madagascar,2012,2097.780495,1350.6381
Madagascar,2013,2049.144607,1345.351
Madagascar,2014,2045.7975900000001,1354.1407
Madagascar,2015,2012.191836,1360.7545
Madagascar,2016,2000.8150699999999,1379.3699
Madagascar,2017,1981.223398,1398.0183
Madagascar,2018,1972.933807,1407.4424
Madagascar,2019,1946.056276,1434.2703
Madagascar,2020,1932.278922,1300.5428
Madagascar,2021,1925.54596,1343.4438
Madagascar,2022,1924.947017,1367.0938
Malawi,1961,1953.248224,644.0
Malawi,1962,1953.629533,626.0
Malawi,1963,2045.096035,599.0
Malawi,1964,2154.173831,572.0
Malawi,1965,2186.804991,633.0
Malawi,1966,2168.074979,679.0
Malawi,1967,2127.825973,725.0
Malawi,1968,2197.854829,697.0
Malawi,1969,2181.466152,722.0
Malawi,1970,2294.37772,713.0
Malawi,1971,2358.790508,794.0
Malawi,1972,2334.747072,851.0
Malawi,1973,2406.173745,896.0
Malawi,1974,2404.704517,928.0
Malawi,1975,2383.702356,934.0
Malawi,1976,2386.535546,942.0
Malawi,1977,2367.158048,961.0
Malawi,1978,2337.706053,1015.0
Malawi,1979,2273.1262150000002,1030.0
Malawi,1980,2211.857894,1004.0
Malawi,1981,2221.9987,925.0
Malawi,1982,2188.643445,904.0
Malawi,1983,2058.877834,913.0
Malawi,1984,1965.1539280000002,925.0
Malawi,1985,1983.9656850000001,966.0
Malawi,1986,1959.043584,936.0
Malawi,1987,1961.5535,905.0
Malawi,1988,1981.515773,872.0
Malawi,1989,1929.912538,864.0
Malawi,1990,1893.19747,861.0
Malawi,1991,1876.820654,899.9751
Malawi,1992,1733.216155,802.9305
Malawi,1993,1790.751857,865.7632
Malawi,1994,1842.5292220000001,791.55005
Malawi,1995,1967.263007,906.879
Malawi,1996,1978.192215,972.82135
Malawi,1997,2026.23106,1005.8521
Malawi,1998,2097.800769,986.0287
Malawi,1999,2172.142542,989.83594
Malawi,2000,2204.994216,967.0872
Malawi,2001,2240.781523,899.2305
Malawi,2002,2181.567817,886.1978
Malawi,2003,2178.26924,905.7955
Malawi,2004,2177.836431,922.7613
Malawi,2005,2205.50639,920.0499
Malawi,2006,2287.799453,929.4762
Malawi,2007,2316.2588459999997,982.39166
Malawi,2008,2344.808294,1017.8208
Malawi,2009,2339.45746,1061.9495
Malawi,2010,2556.0743009999997,1091.5876
Malawi,2011,2562.526048,1102.0
Malawi,2012,2590.252562,1089.3064
Malawi,2013,2586.06224,1112.7039
Malawi,2014,2557.4363359999998,1142.9807
Malawi,2015,2602.773524,1144.3241
Malawi,2016,2573.8517730000003,1138.7363
Malawi,2017,2582.68746,1153.043
Malawi,2018,2591.23638,1172.6713
Malawi,2019,2574.81878,1205.477
Malawi,2020,2620.26976,1186.6827
Malawi,2021,2642.458036,1211.2092
Malawi,2022,2621.52258,1190.0509
Malaysia,1961,2496.365487,2538.0
Malaysia,1962,2531.182064,2609.0
Malaysia,1963,2566.175926,2660.0
Malaysia,1964,2552.030676,2754.0
Malaysia,1965,2558.3493799999997,2876.0
Malaysia,1966,2562.61257,2942.0
Malaysia,1967,2584.62154,2917.0
Malaysia,1968,2649.14992,3096.0
Malaysia,1969,2731.78333,3196.0
Malaysia,1970,2771.5264899999997,3314.0
Malaysia,1971,2710.90795,3475.0
Malaysia,1972,2740.23633,3649.0
Malaysia,1973,2796.02552,4081.0
Malaysia,1974,2832.33622,4285.0
Malaysia,1975,2786.16,4221.0
Malaysia,1976,2806.34731,4638.0
Malaysia,1977,2827.79118,4903.0
Malaysia,1978,2859.28185,5214.0
Malaysia,1979,2921.5186599999997,5510.0
Malaysia,1980,2944.0359900000003,5829.0
Malaysia,1981,2906.06741,6095.0
Malaysia,1982,2879.83311,6303.0
Malaysia,1983,2890.135686,6529.0
Malaysia,1984,2883.92626,6867.0
Malaysia,1985,2759.591955,6626.0
Malaysia,1986,2732.767046,6543.0
Malaysia,1987,2676.46627,6723.0
Malaysia,1988,2690.370135,7144.0
Malaysia,1989,2690.57123,7634.0
Malaysia,1990,2704.1508699999995,8179.0
Malaysia,1991,2702.0842700000003,8781.209
Malaysia,1992,2821.38694,9383.933
Malaysia,1993,2851.77133,10131.93
Malaysia,1994,2891.27596,10867.256
Malaysia,1995,2972.5755799999997,11725.093
Malaysia,1996,2981.53357,12668.668
Malaysia,1997,2966.6118100000003,13344.57
Malaysia,1998,2947.1047200000003,12129.636
Malaysia,1999,2969.77221,12636.607
Malaysia,2000,2897.0226599999996,13474.701
Malaysia,2001,2866.82914,13307.215
Malaysia,2002,2809.8994199999997,13809.872
Malaysia,2003,2817.97819,14362.155
Malaysia,2004,2840.16453,15087.251
Malaysia,2005,2792.75373,15651.118
Malaysia,2006,2799.3390099999997,16353.924
Malaysia,2007,2818.58365,17209.584
Malaysia,2008,2759.9086799999995,17865.64
Malaysia,2009,2805.2116100000003,17430.445
Malaysia,2010,2833.5081600000003,18574.299
Malaysia,2011,2865.85542,19390.0
Malaysia,2012,2888.14957,20162.178
Malaysia,2013,2847.14645,20819.164
Malaysia,2014,2833.2439,21769.006
Malaysia,2015,2876.55373,22550.342
Malaysia,2016,2864.17641,23251.902
Malaysia,2017,2893.55123,24301.559
Malaysia,2018,2893.87997,25175.799
Malaysia,2019,2893.32878,25986.412
Malaysia,2020,2937.12897,24279.316
Malaysia,2021,2918.01238,24764.65
Malaysia,2022,2937.79227,26628.707
Mali,1961,1544.969326,840.0
Mali,1962,1590.348726,827.0
Mali,1963,1645.1016200000001,866.0
Mali,1964,1592.920896,888.0
Mali,1965,1569.144802,881.0
Mali,1966,1569.126196,899.0
Mali,1967,1601.7692000000002,910.0
Mali,1968,1703.76177,923.0
Mali,1969,1585.228605,899.0
Mali,1970,1790.41617,934.0
Mali,1971,1554.41465,945.0
Mali,1972,1522.4019930000002,971.0
Mali,1973,1499.980566,926.0
Mali,1974,1619.7082530000002,883.0
Mali,1975,1687.82409,982.0
Mali,1976,1659.825247,1090.0
Mali,1977,1583.003283,1148.0
Mali,1978,1494.961326,1101.0
Mali,1979,1580.37558,1345.0
Mali,1980,1500.746805,1168.0
Mali,1981,1430.7631299999998,1111.0
Mali,1982,1599.483,1030.0
Mali,1983,1543.1619839999998,1057.0
Mali,1984,1629.3858,1084.0
Mali,1985,1854.207855,1089.0
Mali,1986,1949.390007,1138.0
Mali,1987,1932.197498,1138.0
Mali,1988,2064.902105,1116.0
Mali,1989,2056.525374,1205.0
Mali,1990,2082.40341,1191.0
Mali,1991,2059.67177,1186.7577
Mali,1992,2051.7088830000002,1115.406
Mali,1993,2052.654255,1115.1002
Mali,1994,2048.486034,1111.7854
Mali,1995,2065.15275,1100.2433
Mali,1996,2102.750013,1130.5096
Mali,1997,2097.44264,1160.9517
Mali,1998,2158.61165,1167.4326
Mali,1999,2178.002426,1192.3168
Mali,2000,2175.723175,1153.0461
Mali,2001,2218.63353,1309.2559
Mali,2002,2212.380814,1321.3389
Mali,2003,2229.863756,1391.2634
Mali,2004,2243.52036,1366.983
Mali,2005,2278.1963100000003,1414.7927
Mali,2006,2338.311446,1438.2079
Mali,2007,2395.9264599999997,1441.2059
Mali,2008,2441.92926,1460.496
Mali,2009,2486.8368060000003,1477.4183
Mali,2010,2679.57262,1504.9956
Mali,2011,2686.03291,1500.0
Mali,2012,2699.49141,1449.1959
Mali,2013,2697.5227,1444.1879
Mali,2014,2660.33305,1505.6677
Mali,2015,2659.9989,1555.8046
Mali,2016,2676.73827,1602.7819
Mali,2017,2692.01446,1642.5182
Mali,2018,2683.06764,1673.8774
Mali,2019,2723.3781660000004,1706.0105
Mali,2020,2748.615006,1638.9304
Mali,2021,2715.567102,1643.0144
Mali,2022,2734.44797,1651.9413
Malta,1961,2683.37349,2361.0
Malta,1962,2692.6911,2260.0
Malta,1963,2750.583766,2263.0
Malta,1964,2784.33399,2343.0
Malta,1965,2879.04526,2539.0
Malta,1966,2802.26462,2828.0
Malta,1967,2833.39466,3014.0
Malta,1968,2942.75446,3309.0
Malta,1969,2952.20069,3483.0
Malta,1970,2932.39405,3889.0
Malta,1971,2934.0007299999997,3987.0
Malta,1972,2912.94851,4299.0
Malta,1973,2858.60385,4442.0
Malta,1974,2831.76987,4863.0
Malta,1975,2975.4918,5738.0
Malta,1976,3052.16739,6684.0
Malta,1977,3050.73092,7438.0
Malta,1978,3061.05096,8080.0
Malta,1979,3057.23312,8745.0
Malta,1980,3134.1115099999997,8920.0
Malta,1981,3097.20862,9224.0
Malta,1982,3026.08916,9526.0
Malta,1983,3074.3739100000003,9586.0
Malta,1984,2991.77448,9797.0
Malta,1985,3086.8618500000002,10176.0
Malta,1986,2977.84774,10584.0
Malta,1987,3080.1119,10943.0
Malta,1988,3192.74108,11765.0
Malta,1989,3224.7414900000003,12607.0
Malta,1990,3078.58361,13259.0
Malta,1991,3234.1469500000003,13834.927
Malta,1992,3206.1975300000004,14341.302
Malta,1993,3206.18736,14840.319
Malta,1994,3250.78775,15539.06
Malta,1995,3373.83519,16417.174
Malta,1996,3390.01912,16932.047
Malta,1997,3389.57962,17694.79
Malta,1998,3437.32587,18488.666
Malta,1999,3451.86236,19254.365
Malta,2000,3398.9283,20434.549
Malta,2001,3393.9787300000003,20413.05
Malta,2002,3379.91511,20873.984
Malta,2003,3400.5529399999996,21273.135
Malta,2004,3390.49492,21233.002
Malta,2005,3383.0704100000003,21905.215
Malta,2006,3380.8830500000004,22233.717
Malta,2007,3384.96159,23048.264
Malta,2008,3387.7212600000003,23674.594
Malta,2009,3397.02125,22927.654
Malta,2010,3439.18243,23632.625
Malta,2011,3439.31275,23871.0
Malta,2012,3487.3115799999996,24629.777
Malta,2013,3534.64787,25611.121
Malta,2014,3479.2955199999997,27007.89
Malta,2015,3499.5888400000003,28906.48
Malta,2016,3460.7851,29207.27
Malta,2017,3522.01883,31495.494
Malta,2018,3445.30119,32292.822
Malta,2019,3323.90936,33220.285
Malta,2020,3291.3520200000003,29703.762
Malta,2021,3343.92104,33031.184
Malta,2022,3330.15938,34496.34
Mauritania,1961,2343.85539,1055.0
Mauritania,1962,2314.4726499999997,1019.0
Mauritania,1963,2289.2753199999997,944.0
Mauritania,1964,2279.5998200000004,1208.0
Mauritania,1965,2255.01519,1358.0
Mauritania,1966,2278.76999,1345.0
Mauritania,1967,2267.89871,1372.0
Mauritania,1968,2209.45343,1471.0
Mauritania,1969,2188.64361,1425.0
Mauritania,1970,2079.10092,1548.0
Mauritania,1971,2046.38281,1533.0
Mauritania,1972,1970.3643599999998,1511.0
Mauritania,1973,2081.28967,1473.0
Mauritania,1974,2060.11843,1570.0
Mauritania,1975,2040.33994,1699.0
Mauritania,1976,2072.8582,1779.0
Mauritania,1977,2117.62803,1742.0
Mauritania,1978,2198.42728,1581.0
Mauritania,1979,2136.5206200000002,1706.0
Mauritania,1980,2219.8634899999997,1682.0
Mauritania,1981,2252.68948,1714.0
Mauritania,1982,2280.3064,1548.0
Mauritania,1983,2558.4362899999996,1553.0
Mauritania,1984,2519.79926,1486.0
Mauritania,1985,2555.9331,1502.0
Mauritania,1986,2558.44129,1553.0
Mauritania,1987,2596.7120800000002,1551.0
Mauritania,1988,2603.07573,1533.0
Mauritania,1989,2634.31141,1559.0
Mauritania,1990,2589.32525,1511.0
Mauritania,1991,2607.35148,1547.5435
Mauritania,1992,2603.33567,1559.9049
Mauritania,1993,2636.41631,1668.722
Mauritania,1994,2549.7336649999997,1732.9971
Mauritania,1995,2599.5329659999998,1686.1978
Mauritania,1996,2653.61183,1873.0509
Mauritania,1997,2692.39036,1799.8252
Mauritania,1998,2735.85879,1841.2075
Mauritania,1999,2726.58081,1954.2294
Mauritania,2000,2727.3071760000003,1934.7421
Mauritania,2001,2734.98247,1964.4457
Mauritania,2002,2771.30971,1967.4484
Mauritania,2003,2870.72315,2076.2332
Mauritania,2004,2767.81369,2185.9502
Mauritania,2005,2814.14599,2371.0066
Mauritania,2006,2796.81174,2807.199
Mauritania,2007,2934.8549000000003,2875.0347
Mauritania,2008,2980.79771,2895.665
Mauritania,2009,2956.71486,2855.5747
Mauritania,2010,2854.75926,2982.7488
Mauritania,2011,2890.95266,3104.0
Mauritania,2012,2946.53287,3213.0
Mauritania,2013,2918.18814,3319.0
Mauritania,2014,2914.10824,3459.0
Mauritania,2015,2892.52729,3424.0
Mauritania,2016,2862.71147,3376.7524
Mauritania,2017,2871.27124,3495.223
Mauritania,2018,2895.563975,3567.1013
Mauritania,2019,2895.6113299999997,3659.103
Mauritania,2020,2896.9093700000003,3532.2979
Mauritania,2021,2889.57566,3527.4277
Mauritania,2022,2914.48653,3680.3662
Mauritius,1961,2325.785697,5254.0
Mauritius,1962,2385.282727,5144.0
Mauritius,1963,2354.082774,5745.0
Mauritius,1964,2384.44598,5196.0
Mauritius,1965,2300.1729960000002,5227.0
Mauritius,1966,2335.24645,4921.0
Mauritius,1967,2288.288296,5035.0
Mauritius,1968,2278.26713,4602.0
Mauritius,1969,2215.15003,4758.0
Mauritius,1970,2345.29515,4662.0
Mauritius,1971,2367.994877,4804.0
Mauritius,1972,2372.647383,5128.0
Mauritius,1973,2381.716193,5668.0
Mauritius,1974,2427.36546,6038.0
Mauritius,1975,2487.23162,6030.0
Mauritius,1976,2504.8330349999997,7264.0
Mauritius,1977,2569.53372,7610.0
Mauritius,1978,2636.8903499999997,7763.0
Mauritius,1979,2699.68779,7889.0
Mauritius,1980,2654.494025,6970.0
Mauritius,1981,2708.4510499999997,7264.0
Mauritius,1982,2649.5659459999997,7563.0
Mauritius,1983,2612.3163299999997,7516.0
Mauritius,1984,2639.646296,7798.0
Mauritius,1985,2663.360024,8265.0
Mauritius,1986,2715.372775,9001.0
Mauritius,1987,2703.68475,9840.0
Mauritius,1988,2678.3935300000003,10418.0
Mauritius,1989,2682.24322,10806.0
Mauritius,1990,2700.6457600000003,11489.0
Mauritius,1991,2700.500396,11643.398
Mauritius,1992,2726.856034,12002.38
Mauritius,1993,2705.33556,12228.814
Mauritius,1994,2753.649956,12381.066
Mauritius,1995,2818.1411559999997,12567.928
Mauritius,1996,2796.72262,12841.931
Mauritius,1997,2758.1249,13198.295
Mauritius,1998,2791.4344,13607.885
Mauritius,1999,2791.10013,13572.681
Mauritius,2000,2828.6134599999996,14272.301
Mauritius,2001,2875.03424,14347.61
Mauritius,2002,2869.10504,14196.041
Mauritius,2003,2867.3845499999998,14623.309
Mauritius,2004,2924.43756,14854.613
Mauritius,2005,2903.28956,14725.164
Mauritius,2006,2910.2098699999997,15042.541
Mauritius,2007,2956.1745499999997,15519.419
Mauritius,2008,2879.5502500000002,15957.96
Mauritius,2009,2997.1545,16029.264
Mauritius,2010,3029.59974,16269.32
Mauritius,2011,2991.25105,16483.0
Mauritius,2012,2974.23085,17021.246
Mauritius,2013,2967.3416799999995,17555.555
Mauritius,2014,2969.15985,18192.188
Mauritius,2015,2971.21421,18828.0
Mauritius,2016,2955.86156,19525.314
Mauritius,2017,2990.0693499999998,20259.887
Mauritius,2018,3002.92936,21040.639
Mauritius,2019,3049.66115,21624.842
Mauritius,2020,3099.8561,18445.975
Mauritius,2021,3111.5079299999998,19069.049
Mauritius,2022,3168.1781499999997,20643.094
Mexico,1961,2424.33149,4807.0
Mexico,1962,2408.968856,4881.0
Mexico,1963,2421.758466,5118.0
Mexico,1964,2474.65774,5555.0
Mexico,1965,2487.8134800000003,5737.0
Mexico,1966,2527.4166240000004,5950.0
Mexico,1967,2570.68653,6132.0
Mexico,1968,2602.774094,6432.0
Mexico,1969,2619.48361,6629.0
Mexico,1970,2647.58023,6873.0
Mexico,1971,2644.13816,6912.0
Mexico,1972,2686.66925,7256.0
Mexico,1973,2730.86632,7597.0
Mexico,1974,2758.1596099999997,7801.0
Mexico,1975,2840.463706,8011.0
Mexico,1976,2813.90146,8131.0
Mexico,1977,2857.2270399999998,8177.0
Mexico,1978,2942.2074900000002,8690.0
Mexico,1979,2981.060304,9307.0
Mexico,1980,3135.033316,9929.0
Mexico,1981,3275.78045,10538.0
Mexico,1982,3264.637866,10240.0
Mexico,1983,3233.6137,9656.0
Mexico,1984,3164.897586,9777.0
Mexico,1985,3215.27455,9785.0
Mexico,1986,3167.70726,9283.0
Mexico,1987,3057.031704,9256.0
Mexico,1988,3123.095725,9193.0
Mexico,1989,3090.930254,9392.0
Mexico,1990,3085.7547299999997,9699.0
Mexico,1991,3111.4308300000002,10008.551
Mexico,1992,3129.4640799999997,10262.211
Mexico,1993,3145.27552,10357.829
Mexico,1994,3149.14468,10721.008
Mexico,1995,3114.94146,9944.953
Mexico,1996,3144.64975,10386.499
Mexico,1997,3123.1373,11030.343
Mexico,1998,3129.61184,11510.877
Mexico,1999,3141.6686200000004,11894.203
Mexico,2000,3198.57576,12613.396
Mexico,2001,3246.52324,12565.465
Mexico,2002,3261.10253,12645.504
Mexico,2003,3262.2943999999998,12793.956
Mexico,2004,3253.35632,13287.6
Mexico,2005,3207.5317999999997,13655.801
Mexico,2006,3218.6579,14287.559
Mexico,2007,3236.6197199999997,14684.728
Mexico,2008,3207.14764,14808.09
Mexico,2009,3163.18094,14026.989
Mexico,2010,3146.4422999999997,14697.298
Mexico,2011,3121.89833,15210.0
Mexico,2012,3127.45087,15547.994
Mexico,2013,3121.45113,15614.781
Mexico,2014,3157.6474399999997,15883.877
Mexico,2015,3172.01915,16235.004
Mexico,2016,3199.7236199999998,16705.047
Mexico,2017,3209.8872,16900.13
Mexico,2018,3217.50609,17055.117
Mexico,2019,3252.0127899999998,16802.014
Mexico,2020,3250.73185,15253.691
Mexico,2021,3267.92958,15853.376
Mexico,2022,3297.64975,16235.455
Moldova,1992,2432.37252,5546.366
Moldova,1993,2439.154624,5383.8584
Moldova,1994,2402.59654,3662.2087
Moldova,1995,2449.56078,3558.8267
Moldova,1996,2404.56955,3305.4966
Moldova,1997,2407.23299,3322.479
Moldova,1998,2406.893204,3078.0095
Moldova,1999,2417.11063,2949.9065
Moldova,2000,2424.487956,2989.535
Moldova,2001,2435.37324,3150.6313
Moldova,2002,2461.175335,3373.7092
Moldova,2003,2430.6149699999996,3575.268
Moldova,2004,2442.50833,3813.4312
Moldova,2005,2479.1482100000003,4073.6736
Moldova,2006,2552.98335,4243.0703
Moldova,2007,2626.43111,4342.7456
Moldova,2008,2682.914766,4652.457
Moldova,2009,2620.70813,4342.528
Moldova,2010,2327.95577,4615.324
Moldova,2011,2357.28685,4892.0
Moldova,2012,2338.31297,4914.038
Moldova,2013,2361.66564,5414.3506
Moldova,2014,2344.2979100000002,5744.252
Moldova,2015,2375.67182,5784.4917
Moldova,2016,2419.1581100000003,6102.6943
Moldova,2017,2469.88893,6425.865
Moldova,2018,2527.4334099999996,6760.1113
Moldova,2019,2527.3409599999995,7078.23
Moldova,2020,2498.32546,6560.7476
Moldova,2021,2501.26103,7557.3857
Moldova,2022,2635.04449,6674.871
Mongolia,1961,1964.488515,939.0
Mongolia,1962,1892.10763,966.0
Mongolia,1963,1980.27474,996.0
Mongolia,1964,2139.86347,1027.0
Mongolia,1965,2211.7841799999997,1057.0
Mongolia,1966,2233.5231999999996,1087.0
Mongolia,1967,2207.934,1122.0
Mongolia,1968,2118.8336200000003,1154.0
Mongolia,1969,2143.06067,1189.0
Mongolia,1970,2185.22687,1226.0
Mongolia,1971,2138.845504,1246.0
Mongolia,1972,2133.61964,1256.0
Mongolia,1973,2171.89058,1328.0
Mongolia,1974,2159.96854,1342.0
Mongolia,1975,2175.9152400000003,1387.0
Mongolia,1976,2272.71572,1401.0
Mongolia,1977,2210.949065,1470.0
Mongolia,1978,2292.89157,1537.0
Mongolia,1979,2321.3825699999998,1556.0
Mongolia,1980,2329.424576,1618.0
Mongolia,1981,2317.89264,1714.0
Mongolia,1982,2322.48999,1814.0
Mongolia,1983,2369.18286,1876.0
Mongolia,1984,2329.88302,1940.0
Mongolia,1985,2234.61274,2004.0
Mongolia,1986,2311.93757,2142.0
Mongolia,1987,2254.375,2168.0
Mongolia,1988,2297.11867,2227.0
Mongolia,1989,2270.92094,2232.0
Mongolia,1990,2278.30851,2123.0
Mongolia,1991,2203.1818650000005,1976.0231
Mongolia,1992,1855.069696,1841.0125
Mongolia,1993,1843.470174,1846.2256
Mongolia,1994,1832.164324,1955.4773
Mongolia,1995,2000.21404,2147.8286
Mongolia,1996,1998.98696,2271.7988
Mongolia,1997,1986.858516,2445.0127
Mongolia,1998,2049.63481,2620.489
Mongolia,1999,2084.12675,2801.8618
Mongolia,2000,2125.44484,2936.0627
Mongolia,2001,2166.3792599999997,3133.556
Mongolia,2002,2177.17617,3401.9465
Mongolia,2003,2174.53685,3775.438
Mongolia,2004,2188.99656,4334.2314
Mongolia,2005,2221.03139,4822.2334
Mongolia,2006,2265.237784,5426.8535
Mongolia,2007,2330.3866900000003,6196.5894
Mongolia,2008,2373.794914,6982.1465
Mongolia,2009,2457.17691,7126.8086
Mongolia,2010,2439.80929,7830.064
Mongolia,2011,2533.45211,9484.0
Mongolia,2012,2587.10505,10493.0
Mongolia,2013,2562.02481,11545.0
Mongolia,2014,2597.2761,12283.0
Mongolia,2015,2690.41927,12398.0
Mongolia,2016,2721.5978999999998,12313.544
Mongolia,2017,2653.00151,12728.355
Mongolia,2018,2849.3450300000004,13419.578
Mongolia,2019,2857.67925,13871.33
Mongolia,2020,2951.5818,12990.328
Mongolia,2021,3045.05606,12992.167
Mongolia,2022,3099.36823,13442.906
Montenegro,2006,3189.05814,10307.647
Montenegro,2007,3328.40906,12027.43
Montenegro,2008,3405.9989100000003,13550.356
Montenegro,2009,3413.09206,13459.499
Montenegro,2010,3362.2531400000003,14509.766
Montenegro,2011,3407.1614600000003,15747.0
Montenegro,2012,3285.58968,15421.0
Montenegro,2013,3329.07801,16064.0
Montenegro,2014,3319.1988899999997,16437.0
Montenegro,2015,3394.2793600000005,17249.0
Montenegro,2016,3469.31047,17777.416
Montenegro,2017,3520.2989000000002,18640.195
Montenegro,2018,3548.09642,19617.215
Montenegro,2019,3569.80874,20448.549
Montenegro,2020,3591.75657,17355.623
Montenegro,2021,3688.2985799999997,19656.557
Montenegro,2022,3646.1068,20941.805
Morocco,1961,2176.69825,2138.0
Morocco,1962,2201.713047,2158.0
Morocco,1963,2205.3650979999998,2179.0
Morocco,1964,2276.926732,2201.0
Morocco,1965,2312.98705,2222.0
Morocco,1966,2227.155826,2289.0
Morocco,1967,2279.265483,2359.0
Morocco,1968,2366.45467,2429.0
Morocco,1969,2476.110047,2503.0
Morocco,1970,2461.65976,2576.0
Morocco,1971,2546.828806,2654.0
Morocco,1972,2518.19545,2660.0
Morocco,1973,2536.456067,2700.0
Morocco,1974,2590.8200500000003,2791.0
Morocco,1975,2698.521084,2919.0
Morocco,1976,2623.558283,3175.0
Morocco,1977,2673.204622,3268.0
Morocco,1978,2696.482375,3298.0
Morocco,1979,2763.106825,3382.0
Morocco,1980,2702.2834700000003,3622.0
Morocco,1981,2745.2177540000002,3457.0
Morocco,1982,2810.524958,3725.0
Morocco,1983,2790.59629,3606.0
Morocco,1984,2854.856444,3657.0
Morocco,1985,2885.293165,3784.0
Morocco,1986,3006.61075,3977.0
Morocco,1987,2996.494457,3790.0
Morocco,1988,3080.03428,4077.0
Morocco,1989,3028.0968439999997,4073.0
Morocco,1990,3131.0022900000004,4130.0
Morocco,1991,3112.75938,4353.7295
Morocco,1992,2943.11754,4194.447
Morocco,1993,2921.310197,4097.281
Morocco,1994,3048.5260949999997,4461.0625
Morocco,1995,3000.446766,4156.9253
Morocco,1996,3138.424766,4603.652
Morocco,1997,3144.651544,4469.19
Morocco,1998,3196.820303,4729.183
Morocco,1999,3115.08047,4720.7715
Morocco,2000,3093.887154,4753.638
Morocco,2001,3139.327135,5042.073
Morocco,2002,3166.197025,5140.8726
Morocco,2003,3204.65248,5386.8506
Morocco,2004,3252.39631,5584.154
Morocco,2005,3181.384735,5708.0312
Morocco,2006,3231.016724,6076.9526
Morocco,2007,3196.8539299999998,6228.4316
Morocco,2008,3203.5145599999996,6530.978
Morocco,2009,3215.47144,6741.4604
Morocco,2010,3267.04906,6931.558
Morocco,2011,3315.36902,7226.0
Morocco,2012,3331.55774,7355.326
Morocco,2013,3338.43119,7599.724
Morocco,2014,3388.789956,7714.632
Morocco,2015,3380.86898,7959.528
Morocco,2016,3414.4046799999996,7912.222
Morocco,2017,3367.73013,8222.67
Morocco,2018,3420.55957,8385.949
Morocco,2019,3394.43706,8540.804
Morocco,2020,3355.2664800000002,7849.208
Morocco,2021,3380.26918,8391.295
Morocco,2022,3339.27617,8400.127
Mozambique,1961,2092.9677819999997,2131.0
Mozambique,1962,2125.5398,2232.0
Mozambique,1963,2065.0246859999997,2106.0
Mozambique,1964,2118.03553,2150.0
Mozambique,1965,2134.983865,2153.0
Mozambique,1966,2110.800797,2174.0
Mozambique,1967,2116.5427329999998,2271.0
Mozambique,1968,2025.7072369999999,2469.0
Mozambique,1969,2108.6690550000003,2699.0
Mozambique,1970,2061.167105,2778.0
Mozambique,1971,2137.516205,2895.0
Mozambique,1972,2065.761062,2906.0
Mozambique,1973,2190.457942,2986.0
Mozambique,1974,2097.471458,2684.0
Mozambique,1975,2040.342151,2238.0
Mozambique,1976,2080.4780100000003,2064.0
Mozambique,1977,2003.593155,2013.0
Mozambique,1978,1974.687195,1969.0
Mozambique,1979,1974.22673,1937.0
Mozambique,1980,1996.504129,1945.0
Mozambique,1981,1936.591352,1940.0
Mozambique,1982,1872.095036,1852.0
Mozambique,1983,1829.42864,1694.0
Mozambique,1984,1888.629065,1629.0
Mozambique,1985,1932.420325,1466.0
Mozambique,1986,1767.914985,1479.0
Mozambique,1987,1826.444152,1562.0
Mozambique,1988,1893.771706,1701.0
Mozambique,1989,1803.69836,1776.0
Mozambique,1990,1873.380047,1776.0
Mozambique,1991,1781.4476419999999,1719.0991
Mozambique,1992,1784.581403,1482.4166
Mozambique,1993,1797.61182,1439.2897
Mozambique,1994,1730.9563790000002,1312.3721
Mozambique,1995,1850.491813,1165.8102
Mozambique,1996,1936.538528,1325.5953
Mozambique,1997,1967.935113,1323.6936
Mozambique,1998,1988.212907,1335.6608
Mozambique,1999,2007.127122,1301.5763
Mozambique,2000,2006.069449,1196.0149
Mozambique,2001,2010.576042,1219.381
Mozambique,2002,2079.8993840000003,1199.7332
Mozambique,2003,2143.843523,1155.7037
Mozambique,2004,2121.094709,1125.8322
Mozambique,2005,2108.809353,1107.5338
Mozambique,2006,2192.238242,1099.3418
Mozambique,2007,2169.483838,1067.9664
Mozambique,2008,2257.5859659999996,1031.3622
Mozambique,2009,2258.677671,991.74524
Mozambique,2010,2364.326713,956.53046
Mozambique,2011,2381.929174,925.0
Mozambique,2012,2291.680917,964.58234
Mozambique,2013,2201.258567,1003.7287
Mozambique,2014,2040.5742759999998,1049.1935
Mozambique,2015,1923.44027,1090.3977
Mozambique,2016,1834.669912,1102.8173
Mozambique,2017,1950.0839529999998,1114.3684
Mozambique,2018,2083.224315,1122.5856
Mozambique,2019,2110.827393,1118.6304
Mozambique,2020,2170.662327,1076.6941
Mozambique,2021,2194.313988,1073.57
Mozambique,2022,2175.55559,1087.836
Myanmar,1961,1432.78605,904.0
Myanmar,1962,1488.9085559999999,966.0
Myanmar,1963,1515.40973,977.0
Myanmar,1964,1558.32202,976.0
Myanmar,1965,1529.7379,983.0
Myanmar,1966,1435.613135,925.0
Myanmar,1967,1443.2190460000002,934.0
Myanmar,1968,1451.330484,976.0
Myanmar,1969,1435.609432,998.0
Myanmar,1970,1453.557304,1023.0
Myanmar,1971,1480.6265779999999,1036.0
Myanmar,1972,1443.490869,1023.0
Myanmar,1973,1469.2378089999997,1001.0
Myanmar,1974,1515.109727,1033.0
Myanmar,1975,1501.7647419999998,1057.0
Myanmar,1976,1521.065478,1103.0
Myanmar,1977,1553.4741,1148.0
Myanmar,1978,1597.836215,1205.0
Myanmar,1979,1625.141184,1240.0
Myanmar,1980,1609.2472599999999,1320.0
Myanmar,1981,1686.34801,1369.0
Myanmar,1982,1753.230435,1417.0
Myanmar,1983,1767.113926,1451.0
Myanmar,1984,1796.338725,1492.0
Myanmar,1985,1752.436693,1506.0
Myanmar,1986,1723.386723,1465.0
Myanmar,1987,1719.8901959999998,1382.0
Myanmar,1988,1663.9088499999998,1207.0
Myanmar,1989,1554.666553,1234.0
Myanmar,1990,1794.214356,1253.0
Myanmar,1991,1792.0223099999998,1205.0714
Myanmar,1992,1795.18723,1283.8254
Myanmar,1993,1843.75155,1321.8102
Myanmar,1994,1822.28778,1373.9629
Myanmar,1995,1883.195503,1423.6505
Myanmar,1996,1905.593871,1469.0317
Myanmar,1997,1964.4488099999999,1505.9805
Myanmar,1998,1964.1467499999999,1547.0283
Myanmar,1999,1964.650713,1667.6613
Myanmar,2000,2043.3561129999998,1843.4945
Myanmar,2001,2090.523926,1996.3737
Myanmar,2002,2133.137703,2175.8835
Myanmar,2003,2185.303692,2410.5698
Myanmar,2004,2217.7864,2664.9412
Myanmar,2005,2260.510684,2947.0989
Myanmar,2006,2332.34851,3246.6934
Myanmar,2007,2410.219045,3542.5884
Myanmar,2008,2508.42893,3585.7651
Myanmar,2009,2547.27909,3673.4368
Myanmar,2010,2688.46818,3772.9985
Myanmar,2011,2678.09467,3884.0
Myanmar,2012,2688.8986999999997,4091.202
Myanmar,2013,2704.65759,4371.003
Myanmar,2014,2748.7561,4684.643
Myanmar,2015,2775.7533999999996,4984.669
Myanmar,2016,2794.12968,5252.832
Myanmar,2017,2808.31171,5503.632
Myanmar,2018,2798.8583500000004,5803.431
Myanmar,2019,2795.32625,6140.885
Myanmar,2020,2845.75567,6282.8115
Myanmar,2021,2837.226374,5113.337
Myanmar,2022,2829.19608,5177.4326
Namibia,1961,2259.1401800000003,4787.0
Namibia,1962,2312.1401299999998,5324.0
Namibia,1963,2314.3483,5710.0
Namibia,1964,2319.535926,6468.0
Namibia,1965,2326.5971099999997,6728.0
Namibia,1966,2318.1166599999997,6808.0
Namibia,1967,2309.8642499999996,6365.0
Namibia,1968,2296.03171,6253.0
Namibia,1969,2290.2005799999997,6303.0
Namibia,1970,2260.2638500000003,6164.0
Namibia,1971,2274.35815,6258.0
Namibia,1972,2254.65804,6156.0
Namibia,1973,2247.19362,6177.0
Namibia,1974,2231.12868,6387.0
Namibia,1975,2202.8182100000004,6293.0
Namibia,1976,2210.15993,6150.0
Namibia,1977,2233.541435,5984.0
Namibia,1978,2265.45577,6027.0
Namibia,1979,2300.51711,6073.0
Namibia,1980,2326.61666,6293.0
Namibia,1981,2330.64746,6271.0
Namibia,1982,2315.3692,6064.0
Namibia,1983,2276.71341,5734.0
Namibia,1984,2266.90232,5539.0
Namibia,1985,2209.25717,5396.0
Namibia,1986,2211.35663,5530.0
Namibia,1987,2288.2380599999997,5595.0
Namibia,1988,2281.029966,5386.0
Namibia,1989,2149.8381600000002,5208.0
Namibia,1990,2129.85228,5007.0
Namibia,1991,2141.57013,5239.034
Namibia,1992,2107.4195600000003,5532.6724
Namibia,1993,2067.7831100000003,5294.2427
Namibia,1994,2060.780046,5545.4624
Namibia,1995,2098.813196,5638.7666
Namibia,1996,2109.93826,5687.1167
Namibia,1997,2166.76012,5796.632
Namibia,1998,2157.12237,5859.8833
Namibia,1999,2263.3337899999997,5926.4277
Namibia,2000,2344.06156,5971.815
Namibia,2001,2363.6163100000003,5888.432
Namibia,2002,2294.7354,6069.3203
Namibia,2003,2321.50981,6082.4263
Namibia,2004,2339.17969,6712.772
Namibia,2005,2311.95727,6807.5757
Namibia,2006,2298.4716,7208.6885
Namibia,2007,2286.61024,7509.527
Namibia,2008,2186.23365,7618.031
Namibia,2009,2127.17213,7548.129
Namibia,2010,2205.64854,7905.541
Namibia,2011,2245.136036,8203.0
Namibia,2012,2338.13963,8482.415
Namibia,2013,2350.5022200000003,8788.875
Namibia,2014,2324.63638,9134.8545
Namibia,2015,2361.51079,9333.583
Namibia,2016,2366.0897299999997,9152.549
Namibia,2017,2364.5072099999998,8882.617
Namibia,2018,2355.23307,8805.334
Namibia,2019,2377.025145,8567.793
Namibia,2020,2347.6599100000003,7734.6055
Namibia,2021,2326.208885,7796.0615
Namibia,2022,2297.60271,7979.328
Nepal,1961,1653.447783,990.0
Nepal,1962,1655.949249,998.0
Nepal,1963,1652.1759459999998,1006.0
Nepal,1964,1665.5059310000001,1012.0
Nepal,1965,1648.815125,1019.0
Nepal,1966,1624.138592,1071.0
Nepal,1967,1608.2493009999998,1034.0
Nepal,1968,1651.1547059999998,1023.0
Nepal,1969,1662.601677,1049.0
Nepal,1970,1648.876215,1055.0
Nepal,1971,1630.173969,1022.0
Nepal,1972,1603.606746,1034.0
Nepal,1973,1643.042665,1009.0
Nepal,1974,1634.407777,1052.0
Nepal,1975,1565.4199290000001,1047.0
Nepal,1976,1626.683255,1071.0
Nepal,1977,1646.56454,1081.0
Nepal,1978,1679.192497,1105.0
Nepal,1979,1614.547444,1106.0
Nepal,1980,1628.746116,1057.0
Nepal,1981,1666.6206,1119.0
Nepal,1982,1623.866207,1135.0
Nepal,1983,1764.415388,1076.0
Nepal,1984,1779.564964,1152.0
Nepal,1985,1795.6607099999999,1194.0
Nepal,1986,1748.51421,1218.0
Nepal,1987,1903.4373380000002,1208.0
Nepal,1988,2084.341553,1269.0
Nepal,1989,2153.20597,1290.0
Nepal,1990,2026.811203,1315.0
Nepal,1991,2057.40888,1360.7836
Nepal,1992,2059.465028,1374.6611
Nepal,1993,2017.0762479999999,1385.2411
Nepal,1994,2081.53631,1456.0203
Nepal,1995,2073.007835,1468.079
Nepal,1996,2057.480248,1511.7336
Nepal,1997,2119.07305,1558.3988
Nepal,1998,2101.35399,1570.6635
Nepal,1999,2169.76226,1609.1803
Nepal,2000,2131.72397,1676.7456
Nepal,2001,2158.1522999999997,1738.3142
Nepal,2002,2168.694287,1709.7787
Nepal,2003,2233.171025,1747.7766
Nepal,2004,2274.11782,1802.1438
Nepal,2005,2312.95738,1836.3057
Nepal,2006,2294.62675,1884.1871
Nepal,2007,2352.97447,1927.3865
Nepal,2008,2421.63904,2021.154
Nepal,2009,2474.46097,2085.2437
Nepal,2010,2513.7994129999997,2152.2747
Nepal,2011,2548.479447,2189.0
Nepal,2012,2599.3908539999998,2258.0
Nepal,2013,2627.443573,2316.0
Nepal,2014,2658.002807,2421.0
Nepal,2015,2690.67841,2455.0
Nepal,2016,2794.7176,2443.4324
Nepal,2017,2846.6957540000003,2632.3408
Nepal,2018,2854.43423,2800.8596
Nepal,2019,2887.13401,2953.5603
Nepal,2020,2937.837945,2832.8608
Nepal,2021,2992.140854,2902.0503
Nepal,2022,3012.81715,3013.5178
Netherlands,1961,3020.478,13074.0
Netherlands,1962,3016.36371,13770.0
Netherlands,1963,3035.34522,14078.0
Netherlands,1964,2979.05114,15042.0
Netherlands,1965,2949.72579,15618.0
Netherlands,1966,3008.79404,15838.0
Netherlands,1967,3052.84028,16483.0
Netherlands,1968,3019.08961,17365.0
Netherlands,1969,3025.39087,18270.0
Netherlands,1970,3003.2072,19075.0
Netherlands,1971,2991.3486199999998,19636.0
Netherlands,1972,3029.188876,20079.0
Netherlands,1973,3087.11613,20851.0
Netherlands,1974,3126.00299,21514.0
Netherlands,1975,2956.3539260000002,21318.0
Netherlands,1976,3046.75633,22132.0
Netherlands,1977,3083.59811,22598.0
Netherlands,1978,3068.58212,22992.0
Netherlands,1979,3099.3469,23347.0
Netherlands,1980,3086.4280099999996,23438.0
Netherlands,1981,3003.25977,23153.0
Netherlands,1982,3068.12696,22780.0
Netherlands,1983,3061.76964,23086.0
Netherlands,1984,3094.75656,23750.0
Netherlands,1985,3105.3270899999998,24361.0
Netherlands,1986,3112.3436300000003,24893.0
Netherlands,1987,3130.0319899999995,25085.0
Netherlands,1988,3187.9258,25574.0
Netherlands,1989,3124.94707,26612.0
Netherlands,1990,3249.266605,27515.0
Netherlands,1991,3308.203815,28126.781
Netherlands,1992,3276.86371,28555.732
Netherlands,1993,3284.4215759999997,28879.996
Netherlands,1994,3201.01775,29727.557
Netherlands,1995,3332.70643,30680.348
Netherlands,1996,3346.99771,31811.738
Netherlands,1997,3245.91676,33199.633
Netherlands,1998,3331.4712,34688.55
Netherlands,1999,3248.5773799999997,36409.08
Netherlands,2000,3224.60034,37899.95
Netherlands,2001,3207.21571,38636.223
Netherlands,2002,3199.92936,38653.125
Netherlands,2003,3096.3120799999997,38803.957
Netherlands,2004,3157.23235,39682.375
Netherlands,2005,3198.92559,40679.49
Netherlands,2006,3190.05108,42286.51
Netherlands,2007,3219.70755,44008.75
Netherlands,2008,3209.87172,44840.71
Netherlands,2009,3189.29286,43178.508
Netherlands,2010,3193.36222,43812.348
Netherlands,2011,3196.5285400000002,44591.0
Netherlands,2012,3211.84475,43968.254
Netherlands,2013,3215.2920299999996,43782.97
Netherlands,2014,3229.54027,44245.56
Netherlands,2015,3261.05773,44912.664
Netherlands,2016,3241.8303,45654.47
Netherlands,2017,3252.46075,46706.438
Netherlands,2018,3292.2204600000005,47528.902
Netherlands,2019,3433.55196,48142.67
Netherlands,2020,3435.6009000000004,46014.484
Netherlands,2021,3462.13547,48001.84
Netherlands,2022,3468.39915,49669.867
New Zealand,1961,2919.15254,15533.0
New Zealand,1962,2954.21849,15511.0
New Zealand,1963,2943.77013,16150.0
New Zealand,1964,2948.32319,16606.0
New Zealand,1965,2956.49357,17341.0
New Zealand,1966,3070.42922,18111.0
New Zealand,1967,2977.67944,17027.0
New Zealand,1968,2953.23539,16809.0
New Zealand,1969,2953.1151499999996,18348.0
New Zealand,1970,2955.7642840000003,17835.0
New Zealand,1971,3029.15236,18452.0
New Zealand,1972,3062.30667,18889.0
New Zealand,1973,3097.46485,19804.0
New Zealand,1974,3094.88602,20529.0
New Zealand,1975,3122.8609699999997,19907.0
New Zealand,1976,3216.8349099999996,20161.0
New Zealand,1977,3097.05882,19110.0
New Zealand,1978,3110.8813900000005,19182.0
New Zealand,1979,3045.60889,19580.0
New Zealand,1980,3063.73996,19681.0
New Zealand,1981,3068.044715,20537.0
New Zealand,1982,3081.78912,20715.0
New Zealand,1983,2967.01479,21015.0
New Zealand,1984,3062.54051,21783.0
New Zealand,1985,3021.94858,21780.0
New Zealand,1986,3161.17335,22124.0
New Zealand,1987,3173.1209099999996,22142.0
New Zealand,1988,3140.04129,22022.0
New Zealand,1989,3101.12354,22107.0
New Zealand,1990,3258.02397,21817.0
New Zealand,1991,3163.96738,21125.895
New Zealand,1992,3161.60758,21093.06
New Zealand,1993,3221.26893,21897.676
New Zealand,1994,3169.76186,23076.857
New Zealand,1995,3208.53334,23751.902
New Zealand,1996,3188.41754,24321.248
New Zealand,1997,3201.7457,24802.129
New Zealand,1998,3185.14553,24861.416
New Zealand,1999,3171.65638,25867.992
New Zealand,2000,3173.39405,26823.018
New Zealand,2001,3129.2431100000003,27167.318
New Zealand,2002,3129.64008,28065.855
New Zealand,2003,3118.76726,28876.287
New Zealand,2004,3153.2451300000002,29806.734
New Zealand,2005,3182.26966,30270.248
New Zealand,2006,3153.38263,30798.63
New Zealand,2007,3191.38261,31784.441
New Zealand,2008,3217.2014900000004,31444.633
New Zealand,2009,3157.69573,31233.076
New Zealand,2010,3142.4536399999997,31586.09
New Zealand,2011,3258.12529,32057.0
New Zealand,2012,3229.92989,32714.732
New Zealand,2013,3297.19653,33109.26
New Zealand,2014,3233.7141,33591.32
New Zealand,2015,3194.46767,34248.477
New Zealand,2016,3154.1600799999997,34879.938
New Zealand,2017,3126.8304200000002,35573.965
New Zealand,2018,3153.96288,36420.047
New Zealand,2019,3115.5313800000004,36912.074
New Zealand,2020,3147.86781,35853.69
New Zealand,2021,3151.2576200000003,37837.457
New Zealand,2022,3180.1389599999998,38250.12
Nicaragua,1961,1903.3301000000001,3277.0
Nicaragua,1962,1938.625866,3521.0
Nicaragua,1963,1951.8952,3781.0
Nicaragua,1964,2004.8634200000001,4092.0
Nicaragua,1965,2004.6259499999999,4340.0
Nicaragua,1966,2033.74063,4342.0
Nicaragua,1967,2068.29122,4500.0
Nicaragua,1968,2115.333966,4419.0
Nicaragua,1969,2061.970255,4564.0
Nicaragua,1970,2049.30216,4463.0
Nicaragua,1971,2024.89653,4533.0
Nicaragua,1972,1979.51411,4543.0
Nicaragua,1973,2034.8948639999999,4637.0
Nicaragua,1974,1997.944164,5064.0
Nicaragua,1975,2021.345444,5013.0
Nicaragua,1976,2034.7407759999999,5099.0
Nicaragua,1977,2084.746505,5247.0
Nicaragua,1978,2013.62735,4771.0
Nicaragua,1979,1955.029075,3405.0
Nicaragua,1980,2026.494624,3414.0
Nicaragua,1981,2133.99404,3480.0
Nicaragua,1982,2011.051134,3360.0
Nicaragua,1983,2062.86856,3437.0
Nicaragua,1984,2143.153696,3308.0
Nicaragua,1985,2166.085456,3107.0
Nicaragua,1986,2195.5566200000003,3011.0
Nicaragua,1987,2129.1913670000004,2922.0
Nicaragua,1988,2106.469862,2498.0
Nicaragua,1989,2073.5320199999996,2393.0
Nicaragua,1990,1723.78889,2291.0
Nicaragua,1991,1791.4479299999998,2209.7942
Nicaragua,1992,1778.902808,2163.4165
Nicaragua,1993,1847.4717059999998,2114.692
Nicaragua,1994,1930.27652,2154.299
Nicaragua,1995,1971.820386,2264.0925
Nicaragua,1996,1987.269452,2395.2021
Nicaragua,1997,1972.094893,2482.691
Nicaragua,1998,2090.609644,2569.8284
Nicaragua,1999,2107.1690049999997,2748.127
Nicaragua,2000,2166.29925,2858.5269
Nicaragua,2001,2341.35206,2944.2446
Nicaragua,2002,2335.100854,2969.4575
Nicaragua,2003,2366.649996,3049.15
Nicaragua,2004,2410.64332,3220.261
Nicaragua,2005,2450.74321,3370.7776
Nicaragua,2006,2459.2720600000002,3525.5537
Nicaragua,2007,2515.4084000000003,3729.8513
Nicaragua,2008,2507.454166,3856.5522
Nicaragua,2009,2510.791675,3771.947
Nicaragua,2010,2539.58755,3916.9658
Nicaragua,2011,2571.72135,4189.0
Nicaragua,2012,2582.648795,4376.0
Nicaragua,2013,2571.4931,4527.0
Nicaragua,2014,2551.7613899999997,4685.0
Nicaragua,2015,2557.28272,4866.0
Nicaragua,2016,2638.00648,5015.8643
Nicaragua,2017,2667.7023200000003,5174.224
Nicaragua,2018,2645.25248,4930.4297
Nicaragua,2019,2681.32319,4721.7275
Nicaragua,2020,2701.63385,4575.1865
Nicaragua,2021,2750.75761,4978.8413
Nicaragua,2022,2781.3615,5092.8413
Niger,1961,1530.073763,1239.0
Niger,1962,1537.8005600000001,1341.0
Niger,1963,1557.0081,1443.0
Niger,1964,1595.008924,1415.0
Niger,1965,1742.958524,1490.0
Niger,1966,1743.039185,1441.0
Niger,1967,1818.90431,1417.0
Niger,1968,1940.75696,1398.0
Niger,1969,1884.9131300000001,1326.0
Niger,1970,1859.059792,1337.0
Niger,1971,1976.786707,1382.0
Niger,1972,1839.44439,1282.0
Niger,1973,1901.18026,1039.0
Niger,1974,1905.7354400000002,1105.0
Niger,1975,1917.0450839999999,1050.0
Niger,1976,1991.559824,1033.0
Niger,1977,2014.9221240000002,1087.0
Niger,1978,2025.386507,1205.0
Niger,1979,2026.497924,1261.0
Niger,1980,2064.213283,1291.0
Niger,1981,2061.98947,1277.0
Niger,1982,2104.39794,1231.0
Niger,1983,2108.139005,1180.0
Niger,1984,2055.40987,956.0
Niger,1985,1998.7236400000002,950.0
Niger,1986,1963.76649,969.0
Niger,1987,1996.257997,912.0
Niger,1988,2017.549033,939.0
Niger,1989,2020.687296,915.0
Niger,1990,2131.699133,872.0
Niger,1991,1957.2531050000002,865.9134
Niger,1992,1937.6977200000001,785.2636
Niger,1993,1914.4009099999998,771.54144
Niger,1994,1874.305515,776.80255
Niger,1995,1942.9951969999997,702.4934
Niger,1996,1985.1557400000002,712.85583
Niger,1997,2061.263963,693.1094
Niger,1998,2079.080452,755.248
Niger,1999,2113.0312559999998,736.91754
Niger,2000,2222.905534,693.3765
Niger,2001,2237.9779,723.31134
Niger,2002,2209.50692,734.59155
Niger,2003,2299.13354,758.1143
Niger,2004,2350.04339,725.13165
Niger,2005,2342.349106,757.2439
Niger,2006,2341.2731400000002,771.4197
Niger,2007,2360.12522,766.18695
Niger,2008,2417.65946,809.4504
Niger,2009,2421.6245,775.2534
Niger,2010,2556.17434,810.1572
Niger,2011,2470.737576,799.0
Niger,2012,2513.453594,849.7977
Niger,2013,2520.882208,861.0156
Niger,2014,2520.827738,884.34576
Niger,2015,2586.695975,888.36847
Niger,2016,2620.927542,903.57153
Niger,2017,2601.007092,913.8115
Niger,2018,2687.2857050000002,942.5486
Niger,2019,2651.6958400000003,964.32434
Niger,2020,2712.99578,962.7823
Niger,2021,2583.492623,941.2575
Niger,2022,2724.30486,1007.72095
Nigeria,1961,1953.591531,1313.0
Nigeria,1962,2032.589233,1349.0
Nigeria,1963,1990.388293,1433.0
Nigeria,1964,1957.290657,1451.0
Nigeria,1965,1884.713035,1505.0
Nigeria,1966,1740.050032,1414.0
Nigeria,1967,1838.125016,1160.0
Nigeria,1968,1832.113175,1114.0
Nigeria,1969,1956.099002,1372.0
Nigeria,1970,2001.494027,1744.0
Nigeria,1971,1873.8064599999998,1894.0
Nigeria,1972,1661.4195300000001,1908.0
Nigeria,1973,1773.9709699999999,2012.0
Nigeria,1974,1884.379543,2179.0
Nigeria,1975,1840.494482,2051.0
Nigeria,1976,1758.5435639999998,2208.0
Nigeria,1977,1784.039547,2220.0
Nigeria,1978,1790.77954,2028.0
Nigeria,1979,1738.932946,2104.0
Nigeria,1980,1857.32162,2080.0
Nigeria,1981,1872.64027,1855.0
Nigeria,1982,1860.47435,1784.0
Nigeria,1983,1710.782162,1631.0
Nigeria,1984,1737.0389949999999,1527.0
Nigeria,1985,1841.145371,1621.0
Nigeria,1986,1982.267965,1610.0
Nigeria,1987,1946.0563359999999,1556.0
Nigeria,1988,1990.71387,1667.0
Nigeria,1989,2072.945476,1729.0
Nigeria,1990,2158.057832,1773.0
Nigeria,1991,2300.647656,1759.0035
Nigeria,1992,2391.661729,1793.9402
Nigeria,1993,2476.53118,1817.7495
Nigeria,1994,2449.44502,1820.3046
Nigeria,1995,2505.666755,1851.0375
Nigeria,1996,2497.832739,1924.0884
Nigeria,1997,2537.21107,1977.2856
Nigeria,1998,2565.596863,2025.8649
Nigeria,1999,2564.198727,2034.8275
Nigeria,2000,2537.60715,2144.8254
Nigeria,2001,2535.38138,2282.823
Nigeria,2002,2522.1500770000002,2609.1294
Nigeria,2003,2519.600167,2848.2812
Nigeria,2004,2559.836202,3136.6274
Nigeria,2005,2603.6533769999996,3347.8206
Nigeria,2006,2619.6706169999998,3564.6323
Nigeria,2007,2612.09589,3817.4836
Nigeria,2008,2612.681313,4084.2002
Nigeria,2009,2572.631628,4416.347
Nigeria,2010,2484.218244,4904.8657
Nigeria,2011,2471.29418,5136.0
Nigeria,2012,2457.56998,5216.3154
Nigeria,2013,2432.90411,5356.3887
Nigeria,2014,2485.594518,5550.727
Nigeria,2015,2477.81588,5558.026
Nigeria,2016,2469.604768,5337.1294
Nigeria,2017,2469.695844,5248.6885
Nigeria,2018,2450.76176,5215.3755
Nigeria,2019,2464.97681,5197.0825
Nigeria,2020,2443.3157300000003,4976.3223
Nigeria,2021,2482.965576,5029.0884
Nigeria,2022,2451.686967,5070.4927
North Korea,1990,2266.937492,2455.8186
North Korea,1991,2266.48976,2315.959
North Korea,1992,2128.744866,2120.5461
North Korea,1993,2182.44672,1996.2933
North Korea,1994,2154.20004,1925.956
North Korea,1995,2019.020884,1816.009
North Korea,1996,2000.172714,1733.0995
North Korea,1997,2052.761583,1604.8995
North Korea,1998,2042.1590339999998,1579.9309
North Korea,1999,2035.101305,1664.6421
North Korea,2000,2072.037954,1657.1444
North Korea,2001,2028.0671949999999,1704.3733
North Korea,2002,2118.5808079999997,1710.9496
North Korea,2003,2130.72336,1729.6221
North Korea,2004,2149.9835519999997,1753.6919
North Korea,2005,2127.8706570000004,1808.0618
North Korea,2006,2092.595595,1778.4956
North Korea,2007,2063.276356,1746.9276
North Korea,2008,2050.96144,1794.6573
North Korea,2009,2045.468723,1768.8898
North Korea,2010,2053.541013,1751.4363
North Korea,2011,2063.838208,1756.6108
North Korea,2012,2071.1243,1770.9209
North Korea,2013,2050.37461,1781.3009
North Korea,2014,2072.03183,1791.3436
North Korea,2015,2043.16419,1762.5167
North Korea,2016,2027.678805,1821.212
North Korea,2017,2041.006915,1749.0596
North Korea,2018,1981.192095,1668.5446
North Macedonia,1992,2317.11799,7991.5977
North Macedonia,1993,2283.909974,7317.835
North Macedonia,1994,2655.15699,7154.067
North Macedonia,1995,2541.3168,7039.1196
North Macedonia,1996,2535.84464,7095.1665
North Macedonia,1997,2721.940125,7179.0264
North Macedonia,1998,2834.4586,7411.548
North Macedonia,1999,2774.83935,7732.047
North Macedonia,2000,2743.072654,8083.7896
North Macedonia,2001,2629.41834,7835.027
North Macedonia,2002,2721.4330449999998,7964.0776
North Macedonia,2003,2740.5153099999998,8160.413
North Macedonia,2004,2871.22492,8561.384
North Macedonia,2005,2780.31392,8984.545
North Macedonia,2006,2833.5046599999996,9466.264
North Macedonia,2007,3038.8298400000003,10099.407
North Macedonia,2008,3000.3264799999997,10674.208
North Macedonia,2009,3055.83605,10657.878
North Macedonia,2010,3037.18973,11038.29
North Macedonia,2011,3008.61809,11321.0
North Macedonia,2012,3052.66924,11255.701
North Macedonia,2013,3103.35992,11568.169
North Macedonia,2014,3085.08919,11968.066
North Macedonia,2015,3171.7681199999997,12412.94
North Macedonia,2016,3226.20507,12752.585
North Macedonia,2017,3248.4770200000003,12878.021
North Macedonia,2018,3336.8187499999995,13238.034
North Macedonia,2019,3434.33721,13751.228
North Macedonia,2020,3523.42361,13125.83
North Macedonia,2021,3569.9566699999996,13692.046
North Macedonia,2022,3581.65409,14050.995
Norway,1961,2784.06625,12106.0
Norway,1962,2929.17238,12347.0
Norway,1963,2802.4226799999997,12723.0
Norway,1964,2860.56998,13256.0
Norway,1965,2900.71992,13852.0
Norway,1966,2994.00658,14258.0
Norway,1967,2950.77189,15020.0
Norway,1968,3027.17552,15224.0
Norway,1969,2999.0261,15779.0
Norway,1970,3014.54686,15983.0
Norway,1971,3045.79144,16692.0
Norway,1972,3085.06983,17409.0
Norway,1973,3085.6193700000003,18050.0
Norway,1974,2982.04083,18691.0
Norway,1975,2968.02348,19560.0
Norway,1976,3185.07633,20610.0
Norway,1977,3167.04485,21399.0
Norway,1978,3220.9202400000004,22061.0
Norway,1979,3262.07625,22971.0
Norway,1980,3346.9496,24031.0
Norway,1981,3329.2400900000002,24179.0
Norway,1982,3146.8305900000005,24141.0
Norway,1983,3157.69238,24924.0
Norway,1984,3195.37493,26321.0
Norway,1985,3194.64367,27608.0
Norway,1986,3232.51575,28504.0
Norway,1987,3302.44501,28953.0
Norway,1988,3116.96555,28786.0
Norway,1989,3182.78385,28942.0
Norway,1990,3154.9702500000003,29434.0
Norway,1991,3222.3266300000005,31127.676
Norway,1992,3218.80232,33041.207
Norway,1993,3220.64375,34819.516
Norway,1994,3275.2142999999996,37492.836
Norway,1995,3224.78391,40043.797
Norway,1996,3314.7113799999997,43133.145
Norway,1997,3335.09416,46556.48
Norway,1998,3408.71518,48956.73
Norway,1999,3421.30494,51129.184
Norway,2000,3378.88705,54039.96
Norway,2001,3419.01786,56578.38
Norway,2002,3458.25732,58840.414
Norway,2003,3433.4833399999998,60852.258
Norway,2004,3474.24366,64824.145
Norway,2005,3520.71594,68108.555
Norway,2006,3452.32845,71310.53
Norway,2007,3472.8502,74879.81
Norway,2008,3485.26585,76522.06
Norway,2009,3476.3345,76625.63
Norway,2010,3569.77033,78476.15
Norway,2011,3561.50368,80623.0
Norway,2012,3579.59577,81725.22
Norway,2013,3562.35014,81564.3
Norway,2014,3518.7295599999998,82311.33
Norway,2015,3459.02103,82983.99
Norway,2016,3418.22872,83213.016
Norway,2017,3417.9187199999997,84600.71
Norway,2018,3487.2850200000003,84739.92
Norway,2019,3533.83948,85115.32
Norway,2020,3533.2112500000003,83543.1
Norway,2021,3507.68753,86334.59
Norway,2022,3490.10272,88366.22
Oman,1990,2406.221606,10327.0
Oman,1991,2375.26225,11131.0
Oman,1992,2444.5858799999996,12251.157
Oman,1993,2344.66046,13226.644
Oman,1994,2428.3253,14079.533
Oman,1995,2400.4416,15292.176
Oman,1996,2420.26734,16491.168
Oman,1997,2344.3547799999997,18518.48
Oman,1998,2485.10277,20213.02
Oman,1999,2532.74752,21519.67
Oman,2000,2489.85073,24186.365
Oman,2001,2601.34551,26431.1
Oman,2002,2593.3117899999997,27141.844
Oman,2003,2659.10811,27313.98
Oman,2004,2729.5727500000003,28607.084
Oman,2005,2786.81774,30392.56
Oman,2006,2812.31335,33374.895
Oman,2007,2832.85561,36424.98
Oman,2008,2907.58339,40909.938
Oman,2009,3001.6341,44244.65
Oman,2010,3319.29669,46182.16
Oman,2011,3187.77693,44454.0
Oman,2012,3026.7682800000002,47427.582
Oman,2013,3028.9868500000002,48900.758
Oman,2014,3061.69395,48528.41
Oman,2015,3055.14867,49926.875
Oman,2016,2992.09061,51382.734
Oman,2017,3062.58386,50502.68
Oman,2018,3077.68599,50135.402
Oman,2019,3091.548,48596.527
Oman,2020,3099.76519,46133.21
Oman,2021,3045.80791,46573.574
Oman,2022,2964.2367400000003,47988.65
Pakistan,1961,1874.0730279999998,1066.0
Pakistan,1962,1937.178954,1114.0
Pakistan,1963,1951.53881,1152.0
Pakistan,1964,2091.5695969999997,1208.0
Pakistan,1965,2190.44559,1229.0
Pakistan,1966,2092.709,1294.0
Pakistan,1967,2090.72417,1307.0
Pakistan,1968,2039.29295,1361.0
Pakistan,1969,2342.606026,1411.0
Pakistan,1970,2335.031688,1517.0
Pakistan,1971,2254.72684,1484.0
Pakistan,1972,2314.140173,1455.0
Pakistan,1973,2292.53887,1521.0
Pakistan,1974,2290.7773079999997,1533.0
Pakistan,1975,2202.7852249999996,1559.0
Pakistan,1976,2219.324788,1604.0
Pakistan,1977,2232.001472,1631.0
Pakistan,1978,2299.8177220000002,1720.0
Pakistan,1979,2244.6019100000003,1733.0
Pakistan,1980,2144.156694,1851.0
Pakistan,1981,2108.77454,1924.0
Pakistan,1982,2162.88968,2002.0
Pakistan,1983,2151.33373,2077.0
Pakistan,1984,2170.583322,2106.0
Pakistan,1985,2111.198212,2230.0
Pakistan,1986,2102.57376,2302.0
Pakistan,1987,2155.0605699999996,2364.0
Pakistan,1988,2102.7279799999997,2442.0
Pakistan,1989,2282.38305,2487.0
Pakistan,1990,2239.8857,2531.0
Pakistan,1991,2115.97998,2644.5742
Pakistan,1992,2207.27335,2732.3816
Pakistan,1993,2225.40923,2777.332
Pakistan,1994,2264.16805,2855.9062
Pakistan,1995,2248.90385,2947.6826
Pakistan,1996,2258.8685100000002,2979.808
Pakistan,1997,2251.4281,2986.7056
Pakistan,1998,2219.160916,3035.4517
Pakistan,1999,2261.37549,3111.9585
Pakistan,2000,2226.95764,3154.5115
Pakistan,2001,2131.79857,3176.9468
Pakistan,2002,2068.09683,3265.6865
Pakistan,2003,2108.72185,3437.992
Pakistan,2004,2119.574606,3664.5334
Pakistan,2005,2123.9491900000003,3883.9346
Pakistan,2006,2132.15214,4062.6665
Pakistan,2007,2150.21086,4160.365
Pakistan,2008,2134.54005,4224.405
Pakistan,2009,2125.522075,4288.462
Pakistan,2010,2316.65939,4354.267
Pakistan,2011,2326.20734,4464.0
Pakistan,2012,2316.4472100000003,4538.3457
Pakistan,2013,2306.84548,4638.1616
Pakistan,2014,2363.303,4750.878
Pakistan,2015,2350.460245,4889.915
Pakistan,2016,2388.36031,5030.8354
Pakistan,2017,2409.2661000000003,5189.937
Pakistan,2018,2404.597,5299.071
Pakistan,2019,2370.170185,5219.534
Pakistan,2020,2402.04199,5242.6953
Pakistan,2021,2390.32088,5463.7744
Pakistan,2022,2364.039,5531.723
Panama,1961,2119.4226,3462.0
Panama,1962,2040.1550040000002,3647.0
Panama,1963,2164.94656,3877.0
Panama,1964,2163.4889599999997,3929.0
Panama,1965,2120.41015,4151.0
Panama,1966,2183.076145,4331.0
Panama,1967,2239.6333400000003,4559.0
Panama,1968,2260.631456,4752.0
Panama,1969,2366.86652,4976.0
Panama,1970,2207.7760399999997,5131.0
Panama,1971,2337.797316,5471.0
Panama,1972,2138.24622,5571.0
Panama,1973,2214.135735,5719.0
Panama,1974,2402.9005749999997,5695.0
Panama,1975,2397.546658,5649.0
Panama,1976,2106.186264,5604.0
Panama,1977,2389.24856,5512.0
Panama,1978,2154.6666800000003,5946.0
Panama,1979,2126.38591,6075.0
Panama,1980,2136.903575,6849.0
Panama,1981,2283.7144909999997,7313.0
Panama,1982,2322.55849,7444.0
Panama,1983,2354.4204,7186.0
Panama,1984,2366.034415,7192.0
Panama,1985,2506.0498900000002,7404.0
Panama,1986,2548.457194,7578.0
Panama,1987,2278.345815,7653.0
Panama,1988,2223.088594,6743.0
Panama,1989,2206.305915,6715.0
Panama,1990,2267.69046,7119.0
Panama,1991,2228.01005,7659.47
Panama,1992,2330.56891,8148.6313
Panama,1993,2367.70096,8450.672
Panama,1994,2371.65914,8549.647
Panama,1995,2252.55937,8555.783
Panama,1996,2280.213155,8652.076
Panama,1997,2203.8872499999998,9054.722
Panama,1998,2421.30589,9560.335
Panama,1999,2240.64848,9784.694
Panama,2000,2163.6770699999997,9898.788
Panama,2001,2300.30221,9804.559
Panama,2002,2382.512285,9879.454
Panama,2003,2402.98726,10153.772
Panama,2004,2285.86875,10769.523
Panama,2005,2371.35131,11389.244
Panama,2006,2384.5725300000004,12195.747
Panama,2007,2503.40495,13492.383
Panama,2008,2560.76928,14466.968
Panama,2009,2556.53312,14515.766
Panama,2010,2685.57935,15169.125
Panama,2011,2750.42252,16762.0
Panama,2012,2793.4204499999996,18051.0
Panama,2013,2790.4188,18979.0
Panama,2014,2790.2388,19855.0
Panama,2015,2799.48899,20723.0
Panama,2016,2836.35381,21445.125
Panama,2017,2876.7468900000003,22331.217
Panama,2018,3041.13004,22843.75
Panama,2019,3052.50938,23218.432
Panama,2020,3025.12979,18840.738
Panama,2021,3056.45121,21539.07
Panama,2022,3066.9617,23557.02
Paraguay,1961,2168.9409299999998,2396.0
Paraguay,1962,2193.3586400000004,2499.0
Paraguay,1963,2194.85493,2504.0
Paraguay,1964,2303.04357,2546.0
Paraguay,1965,2406.46371,2624.0
Paraguay,1966,2402.87992,2584.0
Paraguay,1967,2406.26116,2676.0
Paraguay,1968,2484.75904,2699.0
Paraguay,1969,2507.06736,2730.0
Paraguay,1970,2554.74077,2825.0
Paraguay,1971,2553.78632,2906.0
Paraguay,1972,2534.03421,3017.0
Paraguay,1973,2551.9586600000002,3150.0
Paraguay,1974,2570.654795,3319.0
Paraguay,1975,2478.18866,3464.0
Paraguay,1976,2562.42968,3629.0
Paraguay,1977,2649.5932000000003,3945.0
Paraguay,1978,2704.8868700000003,4302.0
Paraguay,1979,2641.3911500000004,4693.0
Paraguay,1980,2658.2012999999997,5113.0
Paraguay,1981,2576.89162,5424.0
Paraguay,1982,2648.99386,5230.0
Paraguay,1983,2671.07805,4935.0
Paraguay,1984,2631.70053,4945.0
Paraguay,1985,2745.31908,4994.0
Paraguay,1986,2663.47858,4854.0
Paraguay,1987,2669.717504,4919.0
Paraguay,1988,2635.37352,5082.0
Paraguay,1989,2680.83057,5222.0
Paraguay,1990,2547.45342,5230.0
Paraguay,1991,2514.37621,5224.3
Paraguay,1992,2504.81911,5186.564
Paraguay,1993,2566.2768100000003,5270.8994
Paraguay,1994,2673.72028,5305.5005
Paraguay,1995,2660.15506,5463.623
Paraguay,1996,2671.08575,5360.743
Paraguay,1997,2725.00101,5399.426
Paraguay,1998,2718.39566,5321.9194
Paraguay,1999,2765.01829,5150.4087
Paraguay,2000,2714.4667799999997,4896.4297
Paraguay,2001,2779.15614,4918.046
Paraguay,2002,2836.74597,5571.4272
Paraguay,2003,2914.3964699999997,5726.99
Paraguay,2004,2859.87374,5876.66
Paraguay,2005,2812.2228000000005,5922.791
Paraguay,2006,2863.76444,6128.6426
Paraguay,2007,2833.7020899999998,6383.4854
Paraguay,2008,2816.10149,6713.0303
Paraguay,2009,2829.24925,6376.9414
Paraguay,2010,3080.40614,7139.027
Paraguay,2011,3122.5559700000003,7377.0
Paraguay,2012,3060.0447599999998,7232.376
Paraguay,2013,3122.5501299999996,7735.565
Paraguay,2014,3136.7572899999996,8047.5933
Paraguay,2015,3096.1403499999997,8188.404
Paraguay,2016,3069.4662399999997,8438.709
Paraguay,2017,3103.45006,8741.245
Paraguay,2018,3111.8847100000003,8915.669
Paraguay,2019,3103.7562900000003,8776.076
Paraguay,2020,3115.6443600000002,8603.079
Paraguay,2021,3098.47119,8845.659
Paraguay,2022,3065.15507,8762.771
Peru,1961,2072.847926,5008.0
Peru,1962,2090.843924,5230.0
Peru,1963,1934.6286049999999,5314.0
Peru,1964,2112.18365,5523.0
Peru,1965,2069.08743,5729.0
Peru,1966,2087.3464,6038.0
Peru,1967,2066.3569399999997,6107.0
Peru,1968,2019.2559800000001,5874.0
Peru,1969,2250.129254,5859.0
Peru,1970,2142.29,6143.0
Peru,1971,2192.53175,6242.0
Peru,1972,2124.058006,6264.0
Peru,1973,2070.16063,6413.0
Peru,1974,2091.99995,6566.0
Peru,1975,2163.75659,6896.0
Peru,1976,2108.273114,6808.0
Peru,1977,2054.9693500000003,6626.0
Peru,1978,1909.4534159999998,6454.0
Peru,1979,2045.7807200000002,6664.0
Peru,1980,2037.2491,6795.0
Peru,1981,2172.9937200000004,6921.0
Peru,1982,2150.983645,6770.0
Peru,1983,2178.4138199999998,5729.0
Peru,1984,1974.3084059999999,5859.0
Peru,1985,2046.0932549999998,5844.0
Peru,1986,2217.00537,6290.0
Peru,1987,2220.7904049999997,6682.0
Peru,1988,2229.91622,6003.0
Peru,1989,2122.444995,5160.0
Peru,1990,1999.706435,4795.0
Peru,1991,2153.7496,4812.212
Peru,1992,2110.353105,4698.483
Peru,1993,2129.356944,4857.021
Peru,1994,2171.78068,5361.423
Peru,1995,2164.93314,5668.0327
Peru,1996,2233.1643,5739.79
Peru,1997,2276.5438400000003,6027.8164
Peru,1998,2211.410604,5926.733
Peru,1999,2223.05059,5945.1953
Peru,2000,2312.74167,6038.2446
Peru,2001,2270.9736199999998,6010.225
Peru,2002,2289.1981299999998,6274.4185
Peru,2003,2236.08761,6472.341
Peru,2004,2259.0582400000003,6731.005
Peru,2005,2375.63844,7091.1333
Peru,2006,2407.753896,7560.897
Peru,2007,2443.5187699999997,8138.3647
Peru,2008,2516.8244,8812.618
Peru,2009,2565.30126,8836.017
Peru,2010,2592.416215,9507.78
Peru,2011,2605.78339,10044.0
Peru,2012,2671.37395,10605.589
Peru,2013,2702.16514,11173.4375
Peru,2014,2737.02667,11389.862
Peru,2015,2763.7452000000003,11713.57
Peru,2016,2757.16701,12132.035
Peru,2017,2767.6068800000003,12390.033
Peru,2018,2793.58916,12677.875
Peru,2019,2836.54745,12680.354
Peru,2020,2863.27273,11136.991
Peru,2021,2848.03275,12550.461
Peru,2022,2853.61301,12762.967
Philippines,1961,1686.842822,2410.0
Philippines,1962,1632.4545360000002,2450.0
Philippines,1963,1700.813263,2542.0
Philippines,1964,1715.740088,2550.0
Philippines,1965,1777.503244,2603.0
Philippines,1966,1744.2090859999998,2636.0
Philippines,1967,1768.2907750000002,2694.0
Philippines,1968,1748.72813,2745.0
Philippines,1969,1757.39444,2789.0
Philippines,1970,1723.5286939999999,2812.0
Philippines,1971,1757.51694,2882.0
Philippines,1972,1827.599534,2954.0
Philippines,1973,1815.07073,3131.0
Philippines,1974,1922.0156699999998,3154.0
Philippines,1975,1969.6613399999999,3241.0
Philippines,1976,2025.76314,3430.0
Philippines,1977,2087.7201400000004,3524.0
Philippines,1978,2132.387565,3606.0
Philippines,1979,2144.812165,3703.0
Philippines,1980,2242.4517100000003,3787.0
Philippines,1981,2194.17099,3819.0
Philippines,1982,2175.72463,3859.0
Philippines,1983,2013.9730599999998,3837.0
Philippines,1984,2107.002266,3469.0
Philippines,1985,2075.082245,3135.0
Philippines,1986,2091.73959,3161.0
Philippines,1987,2111.52685,3218.0
Philippines,1988,2108.76226,3355.0
Philippines,1989,2182.1086,3481.0
Philippines,1990,2224.480976,3502.0
Philippines,1991,2182.876825,3432.5828
Philippines,1992,2214.34764,3399.2427
Philippines,1993,2173.835475,3427.1294
Philippines,1994,2280.55184,3529.0073
Philippines,1995,2258.5257,3637.6255
Philippines,1996,2331.08306,3790.7788
Philippines,1997,2307.2875999999997,3928.0144
Philippines,1998,2249.7234550000003,3852.6328
Philippines,1999,2306.35429,3917.0886
Philippines,2000,2332.71931,4033.5608
Philippines,2001,2311.68087,4090.2183
Philippines,2002,2332.07686,4181.376
Philippines,2003,2331.0244,4333.214
Philippines,2004,2399.37227,4562.5024
Philippines,2005,2410.3932,4721.0005
Philippines,2006,2453.840365,4908.6167
Philippines,2007,2507.9827099999998,5172.662
Philippines,2008,2518.1305899999998,5328.6826
Philippines,2009,2526.3145,5338.306
Philippines,2010,2411.1383400000004,5694.047
Philippines,2011,2418.9353060000003,5851.0
Philippines,2012,2449.56895,6155.8296
Philippines,2013,2444.12824,6465.518
Philippines,2014,2463.227754,6760.7627
Philippines,2015,2510.82895,7070.4756
Philippines,2016,2592.2953,7463.518
Philippines,2017,2636.386575,7865.815
Philippines,2018,2728.6114500000003,8234.928
Philippines,2019,2801.07465,8602.1455
Philippines,2020,2793.9231,7624.4136
Philippines,2021,2834.87273,7894.1777
Philippines,2022,2888.633205,8370.666
Poland,1961,3276.91075,5461.0
Poland,1962,3281.62564,5325.0
Poland,1963,3301.08734,5582.0
Poland,1964,3314.5439499999998,5773.0
Poland,1965,3369.0899799999997,6036.0
Poland,1966,3390.36153,6362.0
Poland,1967,3385.2721,6540.0
Poland,1968,3398.8919100000003,6881.0
Poland,1969,3411.98062,6760.0
Poland,1970,3431.4027100000003,7058.0
Poland,1971,3441.0065400000003,7503.0
Poland,1972,3480.34529,7986.0
Poland,1973,3513.7517399999997,8512.0
Poland,1974,3522.37407,8928.0
Poland,1975,3543.86205,9258.0
Poland,1976,3591.34834,9397.0
Poland,1977,3579.7785,9483.0
Poland,1978,3587.95886,9741.0
Poland,1979,3591.15448,9471.0
Poland,1980,3583.48854,9149.0
Poland,1981,3370.3876600000003,8584.0
Poland,1982,3289.7901300000003,8429.0
Poland,1983,3367.2196000000004,8764.0
Poland,1984,3347.79939,9006.0
Poland,1985,3367.6052799999998,9022.0
Poland,1986,3432.4947899999997,9240.0
Poland,1987,3459.2582599999996,9059.0
Poland,1988,3480.4473,9228.0
Poland,1989,3497.23306,9060.0
Poland,1990,3355.3197499999997,8150.0
Poland,1991,3296.79922,7625.843
Poland,1992,3370.6190399999996,7873.925
Poland,1993,3435.3497399999997,8229.529
Poland,1994,3309.66279,8721.827
Poland,1995,3329.98397,9408.274
Poland,1996,3350.48589,10066.171
Poland,1997,3325.74895,10811.274
Poland,1998,3387.00439,11413.256
Poland,1999,3393.04493,12058.42
Poland,2000,3427.30877,12732.167
Poland,2001,3427.05473,13017.584
Poland,2002,3433.6320299999998,13415.571
Poland,2003,3425.16624,14035.637
Poland,2004,3385.09024,14906.094
Poland,2005,3377.21901,15580.937
Poland,2006,3363.82196,16711.447
Poland,2007,3378.92041,18067.428
Poland,2008,3363.0969600000003,19011.547
Poland,2009,3435.25923,19718.465
Poland,2010,3414.6149000000005,20608.693
Poland,2011,3434.17767,21837.0
Poland,2012,3409.98521,22169.826
Poland,2013,3354.78149,22378.305
Poland,2014,3373.0773,23247.818
Poland,2015,3330.08979,24285.14
Poland,2016,3405.3049300000002,25020.621
Poland,2017,3453.0334300000004,26310.113
Poland,2018,3489.99765,27880.836
Poland,2019,3501.79878,29142.023
Poland,2020,3547.85556,28577.14
Poland,2021,3601.89979,30687.662
Poland,2022,3754.60377,32468.402
Portugal,1961,2478.9690499999997,4972.0
Portugal,1962,2580.116374,5308.0
Portugal,1963,2687.7558799999997,5585.0
Portugal,1964,2555.81694,5926.0
Portugal,1965,2834.8167700000004,6363.0
Portugal,1966,2765.89428,6637.0
Portugal,1967,2923.0831799999996,7143.0
Portugal,1968,2945.30228,7767.0
Portugal,1969,3031.56218,7949.0
Portugal,1970,3005.18398,8724.0
Portugal,1971,3036.34703,9358.0
Portugal,1972,2993.4170599999998,10130.0
Portugal,1973,2978.5989099999997,11258.0
Portugal,1974,3048.2767599999997,11234.0
Portugal,1975,3028.23313,10388.0
Portugal,1976,3006.8661700000002,10861.0
Portugal,1977,2981.1693800000003,11422.0
Portugal,1978,2828.81444,11700.0
Portugal,1979,2768.32148,12326.0
Portugal,1980,2786.40759,12822.0
Portugal,1981,2776.99732,12934.0
Portugal,1982,2822.20129,13198.0
Portugal,1983,2834.79615,13158.0
Portugal,1984,2861.59406,12894.0
Portugal,1985,2992.48474,13240.0
Portugal,1986,3136.3176,13774.0
Portugal,1987,3293.1340099999998,14641.0
Portugal,1988,3295.87882,15729.0
Portugal,1989,3321.307,16533.0
Portugal,1990,3372.17883,17256.0
Portugal,1991,3412.13695,17949.809
Portugal,1992,3403.18843,18598.527
Portugal,1993,3469.96011,18519.934
Portugal,1994,3507.03407,18819.027
Portugal,1995,3478.4955099999997,19262.031
Portugal,1996,3532.52576,19939.31
Portugal,1997,3411.96146,20810.178
Portugal,1998,3529.93579,21782.12
Portugal,1999,3578.14038,22589.922
Portugal,2000,3551.875,23372.041
Portugal,2001,3536.88231,23751.371
Portugal,2002,3528.23365,23896.459
Portugal,2003,3517.92135,23677.52
Portugal,2004,3533.8749900000003,24142.766
Portugal,2005,3533.66863,24377.95
Portugal,2006,3525.32577,24809.04
Portugal,2007,3533.04979,25477.205
Portugal,2008,3539.9571100000003,25590.88
Portugal,2009,3508.58752,24902.457
Portugal,2010,3514.59153,25463.164
Portugal,2011,3493.84132,25133.0
Portugal,2012,3463.51163,24211.438
Portugal,2013,3444.51101,24119.96
Portugal,2014,3402.72659,24442.387
Portugal,2015,3463.71217,24983.701
Portugal,2016,3402.22927,25568.695
Portugal,2017,3428.37568,26529.986
Portugal,2018,3454.74896,27329.69
Portugal,2019,3467.00892,28056.057
Portugal,2020,3476.27348,25700.283
Portugal,2021,3490.47567,27138.479
Portugal,2022,3461.2218599999997,28992.059
Qatar,2019,3493.11699,150732.22
Qatar,2020,3453.7158600000002,143118.53
Qatar,2021,3344.61561,143468.75
Qatar,2022,3298.7329,149171.11
Romania,1961,2857.291635,3109.8738
Romania,1962,2902.93586,3199.5
Romania,1963,2942.0915999999997,3405.6587
Romania,1964,2956.64478,3599.467
Romania,1965,3019.38588,3803.3682
Romania,1966,3076.95188,4212.6973
Romania,1967,3064.34699,4372.449
Romania,1968,3061.3927400000002,4366.12
Romania,1969,3078.23379,4501.1245
Romania,1970,2908.84188,4547.4023
Romania,1971,3016.435724,5134.1865
Romania,1972,3069.70278,5413.418
Romania,1973,3101.74042,5541.7134
Romania,1974,3177.44638,5796.996
Romania,1975,3094.1089199999997,5995.4507
Romania,1976,3262.29262,6243.1465
Romania,1977,3249.00446,6322.24
Romania,1978,3287.67744,6476.1567
Romania,1979,3226.12205,6612.0225
Romania,1980,3190.93973,6591.6367
Romania,1981,3172.52891,6514.127
Romania,1982,3004.40923,6490.4365
Romania,1983,3031.71003,6418.194
Romania,1984,3109.28139,6659.454
Romania,1985,3069.17085,6628.6064
Romania,1986,2981.57716,6718.445
Romania,1987,2950.67254,6551.899
Romania,1988,2974.69107,6511.956
Romania,1989,2976.06073,6281.1543
Romania,1990,3185.9588999999996,5596.0
Romania,1991,2974.0333600000004,5033.141
Romania,1992,2882.22379,4818.304
Romania,1993,3046.59707,5055.917
Romania,1994,2973.09205,5427.071
Romania,1995,3067.92544,6014.69
Romania,1996,3096.68924,6476.4746
Romania,1997,3087.4854800000003,6446.418
Romania,1998,3110.8361,6407.467
Romania,1999,3125.2833,6613.933
Romania,2000,3189.65524,7089.9463
Romania,2001,3296.64728,7860.4434
Romania,2002,3392.18328,8673.619
Romania,2003,3459.8013300000002,9369.233
Romania,2004,3472.2873,10531.172
Romania,2005,3540.02278,11313.822
Romania,2006,3597.79644,12823.231
Romania,2007,3560.2563499999997,14418.83
Romania,2008,3606.64298,16347.344
Romania,2009,3598.4107400000003,15866.127
Romania,2010,3358.20936,16377.328
Romania,2011,3394.48643,17174.0
Romania,2012,3351.40855,17580.932
Romania,2013,3418.26877,17691.443
Romania,2014,3476.99929,18487.26
Romania,2015,3537.6697999999997,19162.186
Romania,2016,3580.31509,19825.604
Romania,2017,3597.0033900000003,23003.695
Romania,2018,3621.8546100000003,24000.455
Romania,2019,3650.14631,23267.516
Romania,2020,3646.1856,24799.71
Romania,2021,3659.59117,26102.588
Romania,2022,3716.5238200000003,26197.904
Russia,1992,2922.68354,10487.548
Russia,1993,2986.23699,9789.066
Russia,1994,2929.05143,8743.747
Russia,1995,2899.1003499999997,8586.323
Russia,1996,2792.42673,8479.381
Russia,1997,2860.37125,8813.35
Russia,1998,2864.5212199999996,8557.495
Russia,1999,2889.66875,9340.029
Russia,2000,2877.8877300000004,10552.885
Russia,2001,2955.0667700000004,11391.194
Russia,2002,3016.32636,12259.477
Russia,2003,3044.78742,13521.239
Russia,2004,3094.79446,14880.979
Russia,2005,3189.26869,16243.101
Russia,2006,3238.25939,18008.336
Russia,2007,3304.22187,20018.123
Russia,2008,3308.89577,21563.463
Russia,2009,3268.92562,20335.559
Russia,2010,3281.0431799999997,21737.385
Russia,2011,3306.8246099999997,23130.0
Russia,2012,3327.2931399999998,24020.31
Russia,2013,3305.59919,24389.973
Russia,2014,3342.72063,24135.035
Russia,2015,3296.19672,23607.953
Russia,2016,3309.80026,23610.37
Russia,2017,3335.9312099999997,24013.967
Russia,2018,3334.9910099999997,24690.082
Russia,2019,3329.8143600000003,25244.12
Russia,2020,3349.89659,24625.385
Russia,2021,3372.0576,26119.947
Russia,2022,3433.4209499999997,25437.107
Rwanda,1961,1726.158854,1167.0
Rwanda,1962,1866.4310209999999,1296.0
Rwanda,1963,1787.2280099999998,1140.0
Rwanda,1964,1802.497014,980.0
Rwanda,1965,1821.8782489999999,1023.0
Rwanda,1966,1953.752772,1065.0
Rwanda,1967,2142.444204,1109.0
Rwanda,1968,2053.6721589999997,1154.0
Rwanda,1969,2133.9295810000003,1243.0
Rwanda,1970,2159.260966,1337.0
Rwanda,1971,2128.34498,1315.0
Rwanda,1972,2055.113676,1282.0
Rwanda,1973,2058.0872600000002,1288.0
Rwanda,1974,2017.9566340000001,1262.0
Rwanda,1975,2173.9766805,1199.0
Rwanda,1976,2219.701252,1387.0
Rwanda,1977,2243.042131,1409.0
Rwanda,1978,2227.818881,1495.0
Rwanda,1979,2268.341473,1584.0
Rwanda,1980,2263.521989,1672.0
Rwanda,1981,2274.7398169999997,1706.0
Rwanda,1982,2271.208361,1680.0
Rwanda,1983,2248.4627849999997,1722.0
Rwanda,1984,2149.562442,1597.0
Rwanda,1985,2234.367425,1621.0
Rwanda,1986,2120.349053,1642.0
Rwanda,1987,2075.399589,1586.0
Rwanda,1988,1955.684569,1538.0
Rwanda,1989,1974.754766,1476.0
Rwanda,1990,1779.4720670000002,1398.0
Rwanda,1991,1807.646828,1282.2594
Rwanda,1992,1610.8619950000002,1301.689
Rwanda,1993,1472.970093,1110.9209
Rwanda,1994,1570.238467,707.2971
Rwanda,1995,1810.780011,1049.2385
Rwanda,1996,1565.427671,976.4079
Rwanda,1997,1437.686913,932.0059
Rwanda,1998,1542.799292,950.38947
Rwanda,1999,1676.066466,975.83594
Rwanda,2000,1898.1305770000001,1023.6182
Rwanda,2001,2021.121914,1067.2347
Rwanda,2002,2240.5004750000003,1154.1061
Rwanda,2003,2129.83235,1130.0414
Rwanda,2004,2066.679408,1159.0281
Rwanda,2005,2121.254406,1210.5105
Rwanda,2006,2123.566015,1261.7609
Rwanda,2007,2134.284401,1291.1934
Rwanda,2008,2190.742871,1364.745
Rwanda,2009,2298.5494360000002,1384.2589
Rwanda,2010,2119.7785830000003,1416.3923
Rwanda,2011,2126.810568,1449.0
Rwanda,2012,2141.6804,1528.552
Rwanda,2013,2147.58986,1552.4253
Rwanda,2014,2143.054946,1601.3938
Rwanda,2015,2160.961466,1708.3467
Rwanda,2016,2190.439158,1774.9015
Rwanda,2017,2232.201263,1799.474
Rwanda,2018,2205.578848,1908.049
Rwanda,2019,2207.822309,2042.8529
Rwanda,2020,2236.787642,1935.2662
Rwanda,2021,2292.728334,2106.9736
Rwanda,2022,2336.472904,2198.0662
Saint Lucia,1961,1643.51289,1747.0
Saint Lucia,1962,1701.32311,1798.0
Saint Lucia,1963,1655.6014249999998,1849.0
Saint Lucia,1964,1752.604052,1900.0
Saint Lucia,1965,1720.6701420000002,1946.0
Saint Lucia,1966,1796.85912,1989.0
Saint Lucia,1967,1777.2237240000002,2036.0
Saint Lucia,1968,1825.2348000000002,2091.0
Saint Lucia,1969,1857.5594640000002,2150.0
Saint Lucia,1970,1919.7610320000001,2203.0
Saint Lucia,1971,2036.07629,2265.0
Saint Lucia,1972,1960.573375,2279.0
Saint Lucia,1973,1928.524969,2268.0
Saint Lucia,1974,1906.0556900000001,2356.0
Saint Lucia,1975,1885.03864,2428.0
Saint Lucia,1976,1924.758376,2820.0
Saint Lucia,1977,2116.47458,3027.0
Saint Lucia,1978,2200.40589,3196.0
Saint Lucia,1979,2227.0295560000004,3247.0
Saint Lucia,1980,2160.907325,3011.0
Saint Lucia,1981,2239.87045,3051.0
Saint Lucia,1982,2229.286536,3102.0
Saint Lucia,1983,2219.74413,3229.0
Saint Lucia,1984,2341.53793,3403.0
Saint Lucia,1985,2367.17738,3606.0
Saint Lucia,1986,2421.36742,4157.0
Saint Lucia,1987,2458.81949,4224.0
Saint Lucia,1988,2390.711966,4779.0
Saint Lucia,1989,2445.2616500000004,5093.0
Saint Lucia,1990,2500.44265,5203.0
Saint Lucia,1991,2577.4628000000002,5270.2544
Saint Lucia,1992,2694.9709900000003,5737.2886
Saint Lucia,1993,2687.89845,5804.0557
Saint Lucia,1994,2711.08856,5945.7686
Saint Lucia,1995,2647.81367,6095.83
Saint Lucia,1996,2647.02199,6330.9346
Saint Lucia,1997,2707.4239399999997,6344.7847
Saint Lucia,1998,2655.38091,6831.2295
Saint Lucia,1999,2679.100355,7111.8687
Saint Lucia,2000,2681.97545,7191.275
Saint Lucia,2001,2590.6596799999998,7014.288
Saint Lucia,2002,2650.34744,7141.7544
Saint Lucia,2003,2624.72141,7602.129
Saint Lucia,2004,2629.5284,8322.346
Saint Lucia,2005,2646.22419,8418.911
Saint Lucia,2006,2652.75903,9135.34
Saint Lucia,2007,2624.1950500000003,9377.8955
Saint Lucia,2008,2619.0631299999995,9931.685
Saint Lucia,2009,2659.4987199999996,10061.634
Saint Lucia,2010,2595.37813,10058.623
Saint Lucia,2011,2625.20099,10255.0
Saint Lucia,2012,2606.34669,10067.0
Saint Lucia,2013,2575.78516,10037.0
Saint Lucia,2014,2619.2841399999998,10035.0
Saint Lucia,2015,2612.96795,10185.0
Saint Lucia,2016,2631.2923,10486.955
Saint Lucia,2017,2664.83108,10796.247
Saint Lucia,2018,2665.07322,11060.511
Saint Lucia,2019,2683.49007,10977.819
Saint Lucia,2020,2734.5097100000003,8164.9062
Saint Lucia,2021,2735.12575,9067.721
Saint Lucia,2022,2737.5406000000003,10452.165
Sao Tome and Principe,1961,2143.761934,1454.0
Sao Tome and Principe,1962,2052.671792,1549.0
Sao Tome and Principe,1963,2038.15261,1643.0
Sao Tome and Principe,1964,2068.166241,1733.0
Sao Tome and Principe,1965,2049.479955,1816.0
Sao Tome and Principe,1966,2026.738633,1921.0
Sao Tome and Principe,1967,2052.11861,2004.0
Sao Tome and Principe,1968,2054.77445,2083.0
Sao Tome and Principe,1969,2026.0088600000001,2165.0
Sao Tome and Principe,1970,2018.1211899999998,2243.0
Sao Tome and Principe,1971,1993.3802300000002,2326.0
Sao Tome and Principe,1972,1972.745851,2324.0
Sao Tome and Principe,1973,1953.810552,2313.0
Sao Tome and Principe,1974,1799.1706100000001,2399.0
Sao Tome and Principe,1975,1754.1841590000001,2469.0
Sao Tome and Principe,1976,1843.6268369999998,2432.0
Sao Tome and Principe,1977,1960.743274,2911.0
Sao Tome and Principe,1978,1972.5438760000002,2909.0
Sao Tome and Principe,1979,1936.9564500000001,3295.0
Sao Tome and Principe,1980,1983.58631,3182.0
Sao Tome and Principe,1981,1977.820666,2783.0
Sao Tome and Principe,1982,1957.220438,2817.0
Sao Tome and Principe,1983,2014.13466,2656.0
Sao Tome and Principe,1984,2013.6873600000001,2447.0
Sao Tome and Principe,1985,1988.547846,2622.0
Sao Tome and Principe,1986,1863.244205,2418.0
Sao Tome and Principe,1987,1835.658466,2299.0
Sao Tome and Principe,1988,1902.559086,2295.0
Sao Tome and Principe,1989,2055.681414,2316.0
Sao Tome and Principe,1990,2106.942084,2217.0
Sao Tome and Principe,1991,2127.493665,2203.008
Sao Tome and Principe,1992,2098.27148,2185.4644
Sao Tome and Principe,1993,2118.564474,2183.8743
Sao Tome and Principe,1994,2149.987906,2204.8767
Sao Tome and Principe,1995,2032.93687,2219.4814
Sao Tome and Principe,1996,2089.0407960000002,2221.0535
Sao Tome and Principe,1997,2109.9552000000003,2209.4182
Sao Tome and Principe,1998,2145.552426,2228.905
Sao Tome and Principe,1999,2152.89025,2247.1223
Sao Tome and Principe,2000,2296.676252,2218.8196
Sao Tome and Principe,2001,2332.640796,2245.6062
Sao Tome and Principe,2002,2363.38047,2250.0894
Sao Tome and Principe,2003,2395.5131499999998,2363.1824
Sao Tome and Principe,2004,2406.5233,2408.7607
Sao Tome and Principe,2005,2441.971953,2532.8706
Sao Tome and Principe,2006,2452.091957,2713.762
Sao Tome and Principe,2007,2412.316942,2752.0876
Sao Tome and Principe,2008,2384.32271,2925.8857
Sao Tome and Principe,2009,2368.8380740000002,2949.8867
Sao Tome and Principe,2010,2346.51518,3093.3452
Sao Tome and Principe,2011,2314.60036,3179.0
Sao Tome and Principe,2012,2335.36275,3217.0
Sao Tome and Principe,2013,2366.72736,3314.0
Sao Tome and Principe,2014,2330.98515,3474.0
Sao Tome and Principe,2015,2314.251124,3545.0
Sao Tome and Principe,2016,2362.37937,3629.3381
Sao Tome and Principe,2017,2363.1923100000004,3707.3599
Sao Tome and Principe,2018,2365.1095699999996,3756.814
Sao Tome and Principe,2019,2389.21745,3781.2275
Sao Tome and Principe,2020,2429.5756199999996,3826.3755
Sao Tome and Principe,2021,2432.9513,3821.0012
Sao Tome and Principe,2022,2388.36159,3751.6428
Saudi Arabia,1961,2856.50048,6481.0
Saudi Arabia,1962,2905.225376,7085.0
Saudi Arabia,1963,2962.5013,7516.0
Saudi Arabia,1964,3000.87837,7978.0
Saudi Arabia,1965,3058.0899550000004,8717.0
Saudi Arabia,1966,3046.8090599999996,9726.0
Saudi Arabia,1967,3080.784017,10302.0
Saudi Arabia,1968,3070.92114,10916.0
Saudi Arabia,1969,3045.46954,11429.0
Saudi Arabia,1970,3073.821315,12153.0
Saudi Arabia,1971,3083.70793,13509.0
Saudi Arabia,1972,2859.43115,15138.0
Saudi Arabia,1973,2719.0917799999997,17598.0
Saudi Arabia,1974,2715.9539,19659.0
Saudi Arabia,1975,2901.81369,18788.0
Saudi Arabia,1976,3091.8454899999997,19297.0
Saudi Arabia,1977,3427.3607,20824.0
Saudi Arabia,1978,3764.79017,20593.0
Saudi Arabia,1979,4273.34722,20472.0
Saudi Arabia,1980,4677.35299,21068.0
Saudi Arabia,1981,4734.1447800000005,21393.0
Saudi Arabia,1982,4754.5052,20535.0
Saudi Arabia,1983,4793.129080000001,17315.0
Saudi Arabia,1984,4443.475829999999,16343.0
Saudi Arabia,1985,4390.070659999999,14422.0
Saudi Arabia,1986,4184.15081,12897.0
Saudi Arabia,1987,4081.44989,12919.0
Saudi Arabia,1988,4393.17295,12795.0
Saudi Arabia,1989,4251.73986,12758.0
Saudi Arabia,1990,4366.51521,14335.0
Saudi Arabia,1991,4297.29076,16830.412
Saudi Arabia,1992,4106.73688,17905.28
Saudi Arabia,1993,3986.01648,18101.092
Saudi Arabia,1994,3857.71088,18678.932
Saudi Arabia,1995,3980.48124,19223.332
Saudi Arabia,1996,3969.6097099999997,20280.494
Saudi Arabia,1997,3946.09829,21087.428
Saudi Arabia,1998,3890.88627,22310.918
Saudi Arabia,1999,3895.7885399999996,22058.572
Saudi Arabia,2000,3873.97283,23904.516
Saudi Arabia,2001,3776.00504,24191.996
Saudi Arabia,2002,3681.24148,24053.975
Saudi Arabia,2003,3652.77484,27367.094
Saudi Arabia,2004,3586.2539699999998,30233.512
Saudi Arabia,2005,3591.8488700000003,32700.332
Saudi Arabia,2006,3600.23398,34483.043
Saudi Arabia,2007,3529.15977,36070.316
Saudi Arabia,2008,3412.38733,39393.43
Saudi Arabia,2009,3327.14855,39671.555
Saudi Arabia,2010,3400.10214,42737.656
Saudi Arabia,2011,3326.0335699999996,48470.0
Saudi Arabia,2012,3448.2228,49835.047
Saudi Arabia,2013,3387.35797,50021.12
Saudi Arabia,2014,3488.6583899999996,50790.992
Saudi Arabia,2015,3498.20911,51941.598
Saudi Arabia,2016,3521.67027,51959.074
Saudi Arabia,2017,3575.8296,50593.27
Saudi Arabia,2018,3706.50461,50906.484
Saudi Arabia,2019,3786.0919999999996,50123.336
Saudi Arabia,2020,3780.00871,46723.93
Saudi Arabia,2021,3730.0107500000004,49841.145
Saudi Arabia,2022,3707.28291,53516.91
Senegal,1961,2176.4910529999997,2351.0
Senegal,1962,2195.80785,2370.0
Senegal,1963,2493.459453,2402.0
Senegal,1964,2407.39678,2389.0
Senegal,1965,2377.218522,2409.0
Senegal,1966,2301.1213820000003,2404.0
Senegal,1967,2304.27983,2310.0
Senegal,1968,2236.742862,2389.0
Senegal,1969,2225.0580600000003,2171.0
Senegal,1970,2072.03716,2287.0
Senegal,1971,2066.848207,2216.0
Senegal,1972,2037.8567979999998,2289.0
Senegal,1973,2117.393897,2096.0
Senegal,1974,2143.047297,2118.0
Senegal,1975,2089.016966,2225.0
Senegal,1976,2088.2449079999997,2370.0
Senegal,1977,1957.37096,2236.0
Senegal,1978,1978.9829459999999,2082.0
Senegal,1979,2082.34966,2158.0
Senegal,1980,2078.75581,2021.0
Senegal,1981,2316.471927,1943.0
Senegal,1982,2266.485037,2168.0
Senegal,1983,2107.13089,2153.0
Senegal,1984,2218.0426500000003,1989.0
Senegal,1985,2334.0861800000002,2000.0
Senegal,1986,2240.9255599999997,2031.0
Senegal,1987,2034.03537,2048.0
Senegal,1988,2040.2519300000001,2085.0
Senegal,1989,2043.0947099999998,1980.0
Senegal,1990,2177.17457,1999.0
Senegal,1991,2185.56164,1982.626
Senegal,1992,2062.23285,1942.9268
Senegal,1993,2184.232954,1906.8239
Senegal,1994,2112.07279,1847.5983
Senegal,1995,2133.71465,1886.5428
Senegal,1996,2077.45348,1866.3423
Senegal,1997,2086.7964039999997,1866.3911
Senegal,1998,2081.56224,1915.4297
Senegal,1999,2129.20169,1978.0964
Senegal,2000,2140.94002,1983.524
Senegal,2001,2154.01374,2009.9423
Senegal,2002,2128.3965980000003,1959.6141
Senegal,2003,2213.2270200000003,2025.0234
Senegal,2004,2246.3914299999997,2074.9539
Senegal,2005,2244.08347,2121.1587
Senegal,2006,2326.703335,2104.437
Senegal,2007,2368.803658,2137.6716
Senegal,2008,2477.47834,2146.7915
Senegal,2009,2495.4959,2129.3364
Senegal,2010,2456.68557,2151.3247
Senegal,2011,2447.21042,2123.0
Senegal,2012,2480.66036,2141.3882
Senegal,2013,2431.02495,2127.3865
Senegal,2014,2444.65592,2191.9766
Senegal,2015,2468.243983,2262.3123
Senegal,2016,2524.69725,2335.8652
Senegal,2017,2561.6890059999996,2435.9604
Senegal,2018,2590.4689200000003,2514.8071
Senegal,2019,2645.75064,2559.8176
Senegal,2020,2717.93782,2524.2656
Senegal,2021,2736.65222,2607.2322
Senegal,2022,2772.05679,2660.6816
Serbia,2006,3620.493,9902.426
Serbia,2007,3563.08451,10768.942
Serbia,2008,3564.34383,11650.228
Serbia,2009,3606.25535,11576.589
Serbia,2010,3330.87934,11963.555
Serbia,2011,3391.7449300000003,12463.0
Serbia,2012,3409.77645,12438.256
Serbia,2013,3471.7267699999998,12860.451
Serbia,2014,3434.79201,12717.727
Serbia,2015,3494.45537,13013.854
Serbia,2016,3492.82816,13518.949
Serbia,2017,3519.7491499999996,13876.65
Serbia,2018,3586.91268,14579.859
Serbia,2019,3678.8873399999998,15293.246
Serbia,2020,3747.13512,15256.421
Serbia,2021,3816.87599,16563.828
Serbia,2022,3840.87232,17097.686
Seychelles,2010,2835.79175,20147.178
Seychelles,2011,2767.43559,21545.0
Seychelles,2012,2763.4298,22130.0
Seychelles,2013,2721.9999500000004,23036.0
Seychelles,2014,2737.76927,24250.0
Seychelles,2015,2752.21974,25690.0
Seychelles,2016,2778.92436,28588.604
Seychelles,2017,2793.3347599999997,30072.227
Seychelles,2018,2780.7827399999996,31524.877
Seychelles,2019,2779.50245,32745.871
Seychelles,2020,2792.47251,29647.482
Seychelles,2021,2780.5547699999997,30125.953
Seychelles,2022,2750.77638,31055.39
Sierra Leone,1961,1725.222757,1181.0
Sierra Leone,1962,1753.6402400000002,1216.0
Sierra Leone,1963,1861.378917,1218.0
Sierra Leone,1964,1874.6736500000002,1215.0
Sierra Leone,1965,2028.95632,1282.0
Sierra Leone,1966,2112.693024,1342.0
Sierra Leone,1967,2154.35746,1313.0
Sierra Leone,1968,2116.290811,1420.0
Sierra Leone,1969,2124.3518050000002,1525.0
Sierra Leone,1970,2146.219854,1553.0
Sierra Leone,1971,2115.436274,1535.0
Sierra Leone,1972,2091.204143,1525.0
Sierra Leone,1973,2057.523845,1553.0
Sierra Leone,1974,2026.86371,1581.0
Sierra Leone,1975,2046.55928,1551.0
Sierra Leone,1976,2016.693856,1511.0
Sierra Leone,1977,2052.6976999999997,1495.0
Sierra Leone,1978,2048.9179599999998,1524.0
Sierra Leone,1979,2040.97579,1572.0
Sierra Leone,1980,2070.07713,1584.0
Sierra Leone,1981,2060.539147,1615.0
Sierra Leone,1982,2056.37618,1610.0
Sierra Leone,1983,1943.044277,1575.0
Sierra Leone,1984,1921.331153,1608.0
Sierra Leone,1985,1943.502516,1610.0
Sierra Leone,1986,1971.401887,1597.0
Sierra Leone,1987,1986.014787,1624.0
Sierra Leone,1988,1941.887492,1626.0
Sierra Leone,1989,1946.026362,1642.0
Sierra Leone,1990,1878.5468070000002,1635.0
Sierra Leone,1991,1900.4051600000003,1467.3888
Sierra Leone,1992,1952.94439,1354.9681
Sierra Leone,1993,1956.5800980000001,1405.1628
Sierra Leone,1994,2003.910212,1500.2092
Sierra Leone,1995,2007.134503,1383.1082
Sierra Leone,1996,2032.2749330000001,1060.5624
Sierra Leone,1997,2034.341434,885.29846
Sierra Leone,1998,1985.735127,882.7294
Sierra Leone,1999,1931.005535,814.1233
Sierra Leone,2000,1862.3986720000003,828.7939
Sierra Leone,2001,1826.361277,923.0458
Sierra Leone,2002,1848.216734,1101.7504
Sierra Leone,2003,1849.651302,1156.5192
Sierra Leone,2004,1862.37557,1197.153
Sierra Leone,2005,1937.56805,1223.7015
Sierra Leone,2006,2023.41802,1247.2528
Sierra Leone,2007,2066.8464249999997,1320.7577
Sierra Leone,2008,2061.825653,1363.4875
Sierra Leone,2009,2096.918982,1378.3579
Sierra Leone,2010,2457.434682,1421.1521
Sierra Leone,2011,2476.5688840000003,1479.0
Sierra Leone,2012,2466.85694,1665.0
Sierra Leone,2013,2454.50393,1965.0
Sierra Leone,2014,2406.824255,2007.0
Sierra Leone,2015,2496.878844,1563.0
Sierra Leone,2016,2405.03707,1622.4203
Sierra Leone,2017,2442.973073,1643.3287
Sierra Leone,2018,2444.48851,1660.427
Sierra Leone,2019,2389.50495,1707.3713
Sierra Leone,2020,2406.293728,1635.713
Sierra Leone,2021,2439.7803599999997,1665.1047
Sierra Leone,2022,2408.56956,1690.4982
Slovakia,1993,2794.5535,10481.115
Slovakia,1994,2983.36536,11063.948
Slovakia,1995,2839.63616,11874.398
Slovakia,1996,2911.21565,12622.909
Slovakia,1997,2908.97269,13335.459
Slovakia,1998,2944.02073,13822.1875
Slovakia,1999,2887.2586300000003,13750.333
Slovakia,2000,2782.15633,13904.985
Slovakia,2001,2789.4559,14361.901
Slovakia,2002,2805.39721,14984.731
Slovakia,2003,2795.63278,15773.095
Slovakia,2004,2823.2504,16570.861
Slovakia,2005,2848.54248,17649.52
Slovakia,2006,2843.64698,19099.428
Slovakia,2007,2809.09571,21109.94
Slovakia,2008,2883.12774,22231.988
Slovakia,2009,2920.51927,20953.037
Slovakia,2010,2821.0314799999996,21941.213
Slovakia,2011,2809.14847,22483.0
Slovakia,2012,2762.5705,22745.203
Slovakia,2013,2857.48637,22860.525
Slovakia,2014,2831.20125,23453.041
Slovakia,2015,2736.11801,24647.719
Slovakia,2016,2855.52425,25087.715
Slovakia,2017,2882.17117,25788.756
Slovakia,2018,2905.93043,26790.652
Slovakia,2019,3026.3763,27429.225
Slovakia,2020,3011.69771,26468.295
Slovakia,2021,2975.6608699999997,27365.623
Slovakia,2022,3075.6248299999997,27519.287
Slovenia,1992,2600.38108,15462.71
Slovenia,1993,2793.8925,15872.12
Slovenia,1994,2849.73767,16664.705
Slovenia,1995,2912.77441,17816.8
Slovenia,1996,3053.0042999999996,18376.246
Slovenia,1997,2933.81151,19258.945
Slovenia,1998,2857.90874,19851.057
Slovenia,1999,3074.14041,20793.918
Slovenia,2000,3060.9623,21501.336
Slovenia,2001,3055.55735,22006.953
Slovenia,2002,3078.64239,22725.312
Slovenia,2003,3110.73609,23257.422
Slovenia,2004,3160.3715,24150.584
Slovenia,2005,3075.87213,24966.94
Slovenia,2006,3129.23823,26182.78
Slovenia,2007,3152.19121,27832.764
Slovenia,2008,3166.80535,28473.596
Slovenia,2009,3192.14895,25905.512
Slovenia,2010,3240.99521,26000.92
Slovenia,2011,3231.08843,26004.0
Slovenia,2012,3221.5068499999998,25269.232
Slovenia,2013,3231.30143,24975.363
Slovenia,2014,3262.51208,25638.66
Slovenia,2015,3229.99656,26186.248
Slovenia,2016,3227.8,27004.717
Slovenia,2017,3259.63943,28288.89
Slovenia,2018,3250.15489,29461.344
Slovenia,2019,3192.8657700000003,30229.299
Slovenia,2020,3150.57845,28733.303
Slovenia,2021,3092.9376199999997,31019.943
Slovenia,2022,3100.39995,32673.762
South Africa,1961,2819.81156,4929.0
South Africa,1962,2750.6446100000003,5067.0
South Africa,1963,2854.8391300000003,5294.0
South Africa,1964,2875.69578,5499.0
South Africa,1965,2972.722636,5673.0
South Africa,1966,2846.9000100000003,5762.0
South Africa,1967,2773.5178,5993.0
South Africa,1968,2806.858004,6087.0
South Africa,1969,2833.2343499999997,6290.0
South Africa,1970,2845.20217,6448.0
South Africa,1971,2807.0324499999997,6591.0
South Africa,1972,2874.33069,6550.0
South Africa,1973,2912.8448200000003,6655.0
South Africa,1974,2881.97815,6853.0
South Africa,1975,2897.91367,6808.0
South Africa,1976,2846.52853,6802.0
South Africa,1977,2829.59123,6623.0
South Africa,1978,2830.01222,6653.0
South Africa,1979,2791.121685,6746.0
South Africa,1980,2819.1642199999997,6998.0
South Africa,1981,2765.00149,7141.0
South Africa,1982,2819.5363150000003,6891.0
South Africa,1983,2723.73245,6554.0
South Africa,1984,2701.42865,6672.0
South Africa,1985,2717.32395,6385.0
South Africa,1986,2630.170096,6236.0
South Africa,1987,2701.5584,6212.0
South Africa,1988,2628.6090000000004,6319.0
South Africa,1989,2565.653505,6306.0
South Africa,1990,2555.468184,6111.0
South Africa,1991,2546.216246,6034.9004
South Africa,1992,2546.1025799999998,5901.9844
South Africa,1993,2597.172695,5965.9116
South Africa,1994,2604.94459,6172.9736
South Africa,1995,2613.5141999999996,6406.428
South Africa,1996,2615.12892,6725.791
South Africa,1997,2644.88076,6950.4717
South Africa,1998,2682.844826,7024.2954
South Africa,1999,2681.251975,7234.2856
South Africa,2000,2744.41156,7582.7783
South Africa,2001,2783.39997,7839.6255
South Africa,2002,2795.170885,8171.2065
South Africa,2003,2830.4831400000003,8451.452
South Africa,2004,2853.68297,8877.921
South Africa,2005,2877.14161,9393.693
South Africa,2006,2863.78064,9978.471
South Africa,2007,2866.51481,10576.291
South Africa,2008,2875.47676,10977.146
South Africa,2009,2888.41004,10873.046
South Africa,2010,2834.58721,11318.6045
South Africa,2011,2839.48167,11838.0
South Africa,2012,2859.7072900000003,11938.226
South Africa,2013,2836.1153400000003,12048.068
South Africa,2014,2801.0667000000003,12034.149
South Africa,2015,2765.59835,12009.91
South Africa,2016,2778.35306,11908.111
South Africa,2017,2797.6391599999997,11867.522
South Africa,2018,2784.30056,11873.3
South Africa,2019,2756.26765,11739.936
South Africa,2020,2734.8742899999997,10839.133
South Africa,2021,2677.30109,11273.159
South Africa,2022,2651.04106,11415.887
South Korea,1961,2057.768276,1605.8468
South Korea,1962,2098.6661169999998,1620.4901
South Korea,1963,2129.393003,1720.8241
South Korea,1964,2174.770614,1834.9778
South Korea,1965,2294.997184,1917.4283
South Korea,1966,2371.336565,2093.888
South Korea,1967,2434.914536,2232.0535
South Korea,1968,2528.648116,2468.4836
South Korea,1969,2633.026013,2764.1533
South Korea,1970,2720.3667809999997,2974.8074
South Korea,1971,2798.54486,3221.6746
South Korea,1972,2871.781908,3387.8906
South Korea,1973,2952.833693,3822.046
South Korea,1974,2924.4246630000002,4112.6016
South Korea,1975,3005.3377499999997,4362.007
South Korea,1976,3064.48752,4855.941
South Korea,1977,3024.6108000000004,5367.795
South Korea,1978,3098.1393529999996,5856.4966
South Korea,1979,3073.6081099999997,6265.886
South Korea,1980,2970.31028,6064.04
South Korea,1981,2920.6286999999998,6398.851
South Korea,1982,2887.50421,6821.475
South Korea,1983,2898.88436,7611.7344
South Korea,1984,2948.37999,8303.519
South Korea,1985,2904.60686,8859.355
South Korea,1986,2948.64078,9756.205
South Korea,1987,3020.53838,10864.975
South Korea,1988,3025.5403100000003,12039.945
South Korea,1989,2994.9606700000004,12759.489
South Korea,1990,2881.64656,13874.0
South Korea,1991,2878.6308900000004,15056.16
South Korea,1992,2938.32021,15712.002
South Korea,1993,2900.731465,16503.434
South Korea,1994,2928.90657,17720.395
South Korea,1995,2974.34935,19089.299
South Korea,1996,3013.22338,20204.56
South Korea,1997,3025.8309,21055.945
South Korea,1998,2933.12677,19624.691
South Korea,1999,3045.51001,21540.693
South Korea,2000,3041.76094,23108.018
South Korea,2001,3025.30433,23804.438
South Korea,2002,3022.04461,25250.637
South Korea,2003,2999.6335799999997,25679.246
South Korea,2004,3039.80209,26646.504
South Korea,2005,3048.93418,27443.283
South Korea,2006,3066.60512,28516.484
South Korea,2007,3099.5772699999998,29716.57
South Korea,2008,3154.76909,30117.729
South Korea,2009,3177.8203599999997,29967.562
South Korea,2010,3330.57662,31537.773
South Korea,2011,3335.28819,32225.0
South Korea,2012,3290.10605,32826.48
South Korea,2013,3295.57346,33711.656
South Korea,2014,3328.53302,34573.09
South Korea,2015,3326.03773,35357.52
South Korea,2016,3326.35025,36255.24
South Korea,2017,3379.33735,37296.047
South Korea,2018,3389.10483,38214.324
South Korea,2019,3384.2641000000003,38935.992
South Korea,2020,3377.05455,38606.984
South Korea,2021,3411.65081,40277.953
South Korea,2022,3444.16588,41320.9
Spain,1961,2662.20584,5581.4375
Spain,1962,2791.05012,6075.9097
Spain,1963,2699.5416299999997,6631.5728
Spain,1964,2595.40692,6938.4917
Spain,1965,2657.279576,7411.985
Spain,1966,2711.5935600000003,7872.8496
Spain,1967,2740.26221,8207.074
Spain,1968,2746.43666,8598.881
Spain,1969,2637.5917600000002,9299.07
Spain,1970,2729.65312,9502.939
Spain,1971,2760.93752,9885.877
Spain,1972,2835.3278499999997,10787.692
Spain,1973,2845.9969300000002,11629.702
Spain,1974,3074.80684,12379.95
Spain,1975,3079.1526999999996,12613.324
Spain,1976,3044.59834,13044.986
Spain,1977,3000.87151,13335.212
Spain,1978,2999.50777,13568.676
Spain,1979,3046.1067599999997,13678.094
Spain,1980,3112.2650599999997,14005.935
Spain,1981,2977.45313,13895.314
Spain,1982,3064.67021,14046.1045
Spain,1983,3038.6961300000003,14240.944
Spain,1984,3027.98823,14313.326
Spain,1985,3099.5857100000003,14696.966
Spain,1986,3085.71104,15242.98
Spain,1987,3135.08514,16273.085
Spain,1988,3190.5231999999996,17275.508
Spain,1989,3221.61182,18360.352
Spain,1990,3243.1580000000004,19215.0
Spain,1991,3390.10632,19958.06
Spain,1992,3375.6458,20329.168
Spain,1993,3270.07634,20056.54
Spain,1994,3258.68444,20673.955
Spain,1995,3166.2635,21522.098
Spain,1996,3296.65233,22185.066
Spain,1997,3234.99789,23113.615
Spain,1998,3264.0944600000003,24284.861
Spain,1999,3260.17235,25549.54
Spain,2000,3299.6536800000003,26994.86
Spain,2001,3292.53271,28153.553
Spain,2002,3326.126,28753.322
Spain,2003,3258.91507,29371.865
Spain,2004,3206.62042,30088.092
Spain,2005,3178.1125,30885.602
Spain,2006,3179.57528,31907.424
Spain,2007,3162.6774699999996,32735.434
Spain,2008,3139.16971,32844.324
Spain,2009,3144.44452,31669.691
Spain,2010,3181.8938200000002,31786.404
Spain,2011,3201.42703,31600.0
Spain,2012,3196.3354200000003,30645.215
Spain,2013,3220.01091,30327.451
Spain,2014,3175.66164,30842.184
Spain,2015,3203.25429,32057.098
Spain,2016,3281.24559,33002.676
Spain,2017,3299.1604,33924.137
Spain,2018,3347.73459,34553.625
Spain,2019,3350.62932,34957.465
Spain,2020,3354.57539,30834.514
Spain,2021,3383.3222699999997,32553.05
Spain,2022,3356.25644,34123.387
Sri Lanka,1961,2121.91116,2050.0
Sri Lanka,1962,2143.769805,2067.0
Sri Lanka,1963,2184.625192,2058.0
Sri Lanka,1964,2288.934296,2104.0
Sri Lanka,1965,2291.030945,2118.0
Sri Lanka,1966,2341.1958999999997,2047.0
Sri Lanka,1967,2370.003103,2181.0
Sri Lanka,1968,2367.044246,2291.0
Sri Lanka,1969,2328.309863,2329.0
Sri Lanka,1970,2306.527103,2389.0
Sri Lanka,1971,2240.296609,2322.0
Sri Lanka,1972,2198.440033,2327.0
Sri Lanka,1973,2223.909204,2378.0
Sri Lanka,1974,2216.023387,2418.0
Sri Lanka,1975,2202.027506,2434.0
Sri Lanka,1976,2213.972988,2464.0
Sri Lanka,1977,2233.854745,2582.0
Sri Lanka,1978,2297.08032,2694.0
Sri Lanka,1979,2348.792904,2815.0
Sri Lanka,1980,2312.469997,2917.0
Sri Lanka,1981,2269.3586029999997,3049.0
Sri Lanka,1982,2287.39841,3151.0
Sri Lanka,1983,2364.2592299999997,3268.0
Sri Lanka,1984,2372.1476270000003,3387.0
Sri Lanka,1985,2410.04156,3484.0
Sri Lanka,1986,2389.565015,3607.0
Sri Lanka,1987,2332.827444,3590.0
Sri Lanka,1988,2357.671602,3633.0
Sri Lanka,1989,2320.31318,3677.0
Sri Lanka,1990,2295.75418,3864.0
Sri Lanka,1991,2327.401667,4214.982
Sri Lanka,1992,2280.817337,4020.974
Sri Lanka,1993,2205.143026,4247.023
Sri Lanka,1994,2398.07003,4500.8193
Sri Lanka,1995,2306.73192,4702.295
Sri Lanka,1996,2297.926947,5187.709
Sri Lanka,1997,2298.0933999999997,5628.5303
Sri Lanka,1998,2294.494675,5440.221
Sri Lanka,1999,2352.57899,5488.515
Sri Lanka,2000,2261.40134,5841.094
Sri Lanka,2001,2288.3286820000003,5620.966
Sri Lanka,2002,2266.89283,5721.3086
Sri Lanka,2003,2277.47022,5963.57
Sri Lanka,2004,2307.100773,6191.9663
Sri Lanka,2005,2319.13987,6491.198
Sri Lanka,2006,2350.973626,6904.036
Sri Lanka,2007,2360.887867,7283.6323
Sri Lanka,2008,2422.000915,7622.4087
Sri Lanka,2009,2429.792402,7796.6475
Sri Lanka,2010,2463.454115,8319.703
Sri Lanka,2011,2448.836698,8918.0
Sri Lanka,2012,2512.9257239999997,9599.045
Sri Lanka,2013,2525.26978,9898.523
Sri Lanka,2014,2556.47397,10437.811
Sri Lanka,2015,2642.19585,10784.185
Sri Lanka,2016,2695.97467,11236.119
Sri Lanka,2017,2683.0013,11868.202
Sri Lanka,2018,2688.78989,12051.547
Sri Lanka,2019,2669.5056299999997,11939.55
Sri Lanka,2020,2731.71051,11447.249
Sri Lanka,2021,2743.3563,11751.948
Sri Lanka,2022,2678.9530050000003,10705.481
Sweden,1961,2847.670716,14564.0
Sweden,1962,2821.370986,15093.0
Sweden,1963,2815.801,15808.0
Sweden,1964,2902.2564740000003,16761.0
Sweden,1965,2861.972866,17239.0
Sweden,1966,2874.4358199999997,17432.0
Sweden,1967,2860.6497499999996,17883.0
Sweden,1968,2831.89664,18428.0
Sweden,1969,2815.22231,19215.0
Sweden,1970,2876.2424,20269.0
Sweden,1971,2902.111835,20320.0
Sweden,1972,2861.8678499999996,20725.0
Sweden,1973,2865.0923199999997,21509.0
Sweden,1974,2888.97335,22132.0
Sweden,1975,2932.13898,22607.0
Sweden,1976,3008.81986,22765.0
Sweden,1977,2966.96629,22322.0
Sweden,1978,2933.67361,22646.0
Sweden,1979,2968.464615,23465.0
Sweden,1980,2991.2131249999998,23809.0
Sweden,1981,2964.8545000000004,23777.0
Sweden,1982,2980.2371650000005,24002.0
Sweden,1983,2983.96907,24412.0
Sweden,1984,3053.10568,25357.0
Sweden,1985,2977.2888399999997,25805.0
Sweden,1986,2977.97413,26309.0
Sweden,1987,2904.62151,27016.0
Sweden,1988,2958.27581,27468.0
Sweden,1989,2983.67807,27933.0
Sweden,1990,2973.16461,28068.0
Sweden,1991,2942.0298000000003,27614.035
Sweden,1992,3056.6881599999997,27198.53
Sweden,1993,3144.1606899999997,26558.824
Sweden,1994,3090.11157,27505.955
Sweden,1995,3088.26247,28519.443
Sweden,1996,3042.0373799999998,29012.105
Sweden,1997,3091.72195,29862.666
Sweden,1998,3066.65545,31187.164
Sweden,1999,3117.2358600000002,32705.215
Sweden,2000,3098.97834,34202.605
Sweden,2001,3121.1978,34666.664
Sweden,2002,3128.04873,35569.773
Sweden,2003,3118.24543,36435.754
Sweden,2004,3142.5372400000006,38016.062
Sweden,2005,3122.09905,39258.992
Sweden,2006,3094.16504,40992.3
Sweden,2007,3092.6404,42399.844
Sweden,2008,3133.13894,42189.965
Sweden,2009,3129.84156,40116.312
Sweden,2010,3206.67122,42634.754
Sweden,2011,3224.05195,42079.0
Sweden,2012,3232.91887,41523.145
Sweden,2013,3232.95064,41661.805
Sweden,2014,3257.9963500000003,42346.836
Sweden,2015,3230.06864,43782.457
Sweden,2016,3225.0006,44131.03
Sweden,2017,3203.58089,44658.484
Sweden,2018,3169.04854,45003.492
Sweden,2019,3237.44516,45434.402
Sweden,2020,3269.47778,44128.332
Sweden,2021,3303.13218,46226.543
Sweden,2022,3347.40227,47126.13
Switzerland,1961,3549.01393,17307.562
Switzerland,1962,3438.89261,17793.977
Switzerland,1963,3359.48655,18437.84
Switzerland,1964,3410.2213,19195.447
Switzerland,1965,3429.48859,19802.512
Switzerland,1966,3442.4636499999997,20224.54
Switzerland,1967,3303.17134,20742.252
Switzerland,1968,3416.4476600000003,21395.387
Switzerland,1969,3415.10376,22307.674
Switzerland,1970,3491.2829899999997,23478.992
Switzerland,1971,3455.7237699999996,24486.979
Switzerland,1972,3527.04369,25356.91
Switzerland,1973,3541.0446,26003.715
Switzerland,1974,3413.8221399999998,25718.27
Switzerland,1975,3235.88698,24467.992
Switzerland,1976,3342.60978,24752.908
Switzerland,1977,3527.20213,25430.568
Switzerland,1978,3472.97386,26158.8
Switzerland,1979,3407.70192,26641.096
Switzerland,1980,3503.1838,27405.73
Switzerland,1981,3500.65339,27729.586
Switzerland,1982,3453.39933,27660.95
Switzerland,1983,3432.2573899999998,28009.328
Switzerland,1984,3399.02888,28315.082
Switzerland,1985,3400.1054,29416.752
Switzerland,1986,3420.84017,30847.994
Switzerland,1987,3432.26518,31774.371
Switzerland,1988,3426.91551,32482.908
Switzerland,1989,3406.69092,33315.586
Switzerland,1990,3420.94625,34250.0
Switzerland,1991,3321.95552,34128.64
Switzerland,1992,3389.6553200000003,34356.8
Switzerland,1993,3334.74008,34625.535
Switzerland,1994,3316.0586000000003,35423.83
Switzerland,1995,3300.0184200000003,36004.23
Switzerland,1996,3334.41044,36720.492
Switzerland,1997,3318.41185,38165.477
Switzerland,1998,3328.7585599999998,39890.54
Switzerland,1999,3320.672,41091.637
Switzerland,2000,3431.40798,43251.105
Switzerland,2001,3368.14358,44398.64
Switzerland,2002,3418.6733,44934.316
Switzerland,2003,3411.21926,45441.598
Switzerland,2004,3393.8761400000003,47263.598
Switzerland,2005,3375.66186,49273.902
Switzerland,2006,3433.6227200000003,51862.965
Switzerland,2007,3436.9339099999997,54509.54
Switzerland,2008,3450.0637500000003,56054.883
Switzerland,2009,3467.4210700000003,55171.5
Switzerland,2010,3424.1933,57219.5
Switzerland,2011,3466.01089,58686.0
Switzerland,2012,3376.2678100000003,58750.938
Switzerland,2013,3387.06678,59120.062
Switzerland,2014,3408.8852800000004,59775.54
Switzerland,2015,3384.9961599999997,60070.867
Switzerland,2016,3349.1172,60647.64
Switzerland,2017,3370.06916,60903.223
Switzerland,2018,3388.4973,62185.477
Switzerland,2019,3408.47793,62448.598
Switzerland,2020,3453.57942,60521.26
Switzerland,2021,3407.8977,62595.31
Switzerland,2022,3432.28457,63323.254
Syria,2010,3089.26192,6520.6123
Syria,2011,3056.917895,5979.0
Syria,2012,2937.62964,4443.686
Syria,2013,2881.83743,3487.681
Syria,2014,2844.4027100000003,3384.4143
Syria,2015,2798.462206,3464.0376
Syria,2016,2683.894136,3380.5535
Syria,2017,2623.59755,3422.1772
Syria,2018,2525.8379400000003,3418.6953
Syria,2019,2486.64218,3385.4192
Syria,2020,2423.34096,2903.7397
Syria,2021,2392.327784,2682.3398
Syria,2022,2351.3495,2494.7612
Taiwan,1961,2395.5538960000003,2228.0
Taiwan,1962,2336.196738,2326.0
Taiwan,1963,2293.52758,2463.0
Taiwan,1964,2360.86865,2676.0
Taiwan,1965,2337.12402,2885.0
Taiwan,1966,2349.78446,3054.0
Taiwan,1967,2357.95698,3300.0
Taiwan,1968,2413.4643699999997,3484.0
Taiwan,1969,2482.49626,3720.0
Taiwan,1970,2553.9292100000002,4044.0
Taiwan,1971,2585.460124,4470.0
Taiwan,1972,2643.94485,4962.0
Taiwan,1973,2667.62338,5496.0
Taiwan,1974,2718.69342,5455.0
Taiwan,1975,2784.64693,5614.0
Taiwan,1976,2766.27003,6245.0
Taiwan,1977,2772.28004,6752.0
Taiwan,1978,2779.971515,7519.0
Taiwan,1979,2796.11636,7967.0
Taiwan,1980,2728.6422700000003,8384.0
Taiwan,1981,2678.76709,8749.0
Taiwan,1982,2665.343645,8910.0
Taiwan,1983,2619.5215200000002,9530.0
Taiwan,1984,2596.03412,10394.0
Taiwan,1985,2660.17476,10779.0
Taiwan,1986,2695.10249,11918.0
Taiwan,1987,2730.8640100000002,13705.0
Taiwan,1988,2775.61281,14183.0
Taiwan,1989,2856.75828,15203.0
Taiwan,1990,2895.0779300000004,15841.0
Taiwan,1991,2935.25944,16934.814
Taiwan,1992,2921.55047,18101.332
Taiwan,1993,3003.89654,19087.598
Taiwan,1994,3010.18703,20269.266
Taiwan,1995,3022.92405,21329.686
Taiwan,1996,3049.18851,22390.053
Taiwan,1997,3052.53496,23437.768
Taiwan,1998,3006.03699,24131.22
Taiwan,1999,3044.52408,25471.781
Taiwan,2000,3063.43951,26787.445
Taiwan,2001,2964.69339,26203.977
Taiwan,2002,2962.6443600000002,27425.807
Taiwan,2003,2961.16305,28348.852
Taiwan,2004,2965.99495,29975.139
Taiwan,2005,2972.36964,31374.455
Taiwan,2006,2938.40337,32867.367
Taiwan,2007,2954.4437800000005,34761.312
Taiwan,2008,2915.34663,34762.367
Taiwan,2009,2927.34703,33974.453
Taiwan,2010,2943.17314,37385.49
Taiwan,2011,2918.2428600000003,38565.0
Taiwan,2012,2909.9010799999996,39291.184
Taiwan,2013,2925.10593,40140.73
Taiwan,2014,2933.6666800000003,41930.84
Taiwan,2015,2938.30697,42438.46
Taiwan,2016,2931.69063,43262.195
Taiwan,2017,2930.44655,44618.29
Taiwan,2018,2959.5891300000003,45817.938
Taiwan,2019,2976.00309,47200.254
Taiwan,2020,2971.99035,48779.438
Taiwan,2021,2953.4568,51943.883
Taiwan,2022,3016.36696,53142.984
Tajikistan,1992,1999.26321,2832.7034
Tajikistan,1993,2028.0203270000002,2482.4136
Tajikistan,1994,1987.372497,1928.3185
Tajikistan,1995,1919.401084,1666.184
Tajikistan,1996,1868.775052,1559.5212
Tajikistan,1997,1850.788727,1552.6323
Tajikistan,1998,1883.8236539999998,1589.3315
Tajikistan,1999,1901.64442,1621.3206
Tajikistan,2000,1928.239493,1723.3563
Tajikistan,2001,1925.7665299999999,1845.4783
Tajikistan,2002,1904.05708,1982.8837
Tajikistan,2003,1918.245714,2135.9082
Tajikistan,2004,1942.1326640000002,2301.292
Tajikistan,2005,2021.747152,2416.867
Tajikistan,2006,2033.031844,2524.8447
Tajikistan,2007,2040.068,2647.2095
Tajikistan,2008,2064.0270600000003,2801.7761
Tajikistan,2009,2084.913,2853.8884
Tajikistan,2010,2255.807322,2975.9268
Tajikistan,2011,2293.519766,3111.0
Tajikistan,2012,2306.0987,3283.9092
Tajikistan,2013,2308.897234,3464.207
Tajikistan,2014,2358.5486,3631.8794
Tajikistan,2015,2421.456096,3784.3435
Tajikistan,2016,2482.30869,3978.5557
Tajikistan,2017,2554.46239,4192.402
Tajikistan,2018,2628.557875,4440.1567
Tajikistan,2019,2710.67114,4695.543
Tajikistan,2020,2702.99825,4828.3936
Tajikistan,2021,2710.8888349999997,5205.606
Tajikistan,2022,2706.02073,5507.5454
Tanzania,1961,1777.7338340000001,703.0
Tanzania,1962,1790.9042250000002,746.0
Tanzania,1963,1815.9125199999999,770.0
Tanzania,1964,1732.2690479999999,787.0
Tanzania,1965,1774.287366,792.0
Tanzania,1966,1851.3878599999998,867.0
Tanzania,1967,1742.7520599999998,875.0
Tanzania,1968,1732.095875,894.0
Tanzania,1969,1727.6061599999998,883.0
Tanzania,1970,1727.267532,905.0
Tanzania,1971,1685.833713,915.0
Tanzania,1972,1697.0508200000002,945.0
Tanzania,1973,1811.729077,945.0
Tanzania,1974,1889.429363,937.0
Tanzania,1975,2145.474162,956.0
Tanzania,1976,2186.5880970000003,996.0
Tanzania,1977,2175.06781,993.0
Tanzania,1978,2154.35633,993.0
Tanzania,1979,2177.2986849999998,977.0
Tanzania,1980,2165.738084,958.0
Tanzania,1981,2142.11681,920.0
Tanzania,1982,2176.25725,905.0
Tanzania,1983,2144.839523,875.0
Tanzania,1984,2177.82992,870.0
Tanzania,1985,2191.637226,843.0
Tanzania,1986,2190.9166099999998,845.0
Tanzania,1987,2194.230433,859.0
Tanzania,1988,2144.048576,867.0
Tanzania,1989,2204.773995,870.0
Tanzania,1990,2134.637256,875.0
Tanzania,1991,2194.062348,891.8943
Tanzania,1992,2127.6922329999998,895.4806
Tanzania,1993,2086.981847,900.4133
Tanzania,1994,2057.434315,904.75745
Tanzania,1995,2000.63919,931.00275
Tanzania,1996,2029.07617,979.7304
Tanzania,1997,2004.505048,1017.1681
Tanzania,1998,2074.282837,1052.0751
Tanzania,1999,2052.743955,1100.3531
Tanzania,2000,1991.00738,1148.6802
Tanzania,2001,2013.501748,1213.6268
Tanzania,2002,2090.593447,1293.2051
Tanzania,2003,1965.43642,1369.9391
Tanzania,2004,2078.988637,1464.3854
Tanzania,2005,2114.460355,1554.1523
Tanzania,2006,2122.25219,1621.9966
Tanzania,2007,2198.09709,1754.4626
Tanzania,2008,2121.148623,1848.1746
Tanzania,2009,2133.3371,1946.8481
Tanzania,2010,2246.081135,2068.8638
Tanzania,2011,2295.33358,2227.0
Tanzania,2012,2326.051627,2271.4644
Tanzania,2013,2364.107854,2353.3416
Tanzania,2014,2376.901515,2436.4563
Tanzania,2015,2378.7581999999998,2505.9724
Tanzania,2016,2392.7956400000003,2592.6619
Tanzania,2017,2379.6353,2683.0535
Tanzania,2018,2362.986774,2785.1824
Tanzania,2019,2387.138778,2894.6472
Tanzania,2020,2401.904572,2948.4724
Tanzania,2021,2417.5671,3008.113
Tanzania,2022,2386.335956,3057.3286
Thailand,1961,1980.257998,1753.0
Thailand,1962,2107.928014,1831.0
Thailand,1963,2218.0811999999996,1921.0
Thailand,1964,2208.71187,1991.0
Thailand,1965,2107.155984,2085.0
Thailand,1966,2329.597096,2251.0
Thailand,1967,2161.070377,2369.0
Thailand,1968,2226.13965,2488.0
Thailand,1969,2238.957024,2608.0
Thailand,1970,2246.32086,2700.0
Thailand,1971,2254.68409,2750.0
Thailand,1972,2234.30494,2786.0
Thailand,1973,2336.64653,2987.0
Thailand,1974,2346.220148,3045.0
Thailand,1975,2352.410847,3123.0
Thailand,1976,2298.71535,3333.0
Thailand,1977,2253.3233099999998,3585.0
Thailand,1978,2452.6603999999998,3861.0
Thailand,1979,2267.026903,3979.0
Thailand,1980,2251.714627,4071.0
Thailand,1981,2280.31199,4230.0
Thailand,1982,2108.05542,4375.0
Thailand,1983,2229.4470499999998,4538.0
Thailand,1984,2168.79302,4720.0
Thailand,1985,2139.41985,4862.0
Thailand,1986,2170.79393,5053.0
Thailand,1987,2144.20649,5453.0
Thailand,1988,2159.080796,6089.0
Thailand,1989,2136.93854,6735.0
Thailand,1990,2253.46739,7385.0
Thailand,1991,2322.8235000000004,7849.7446
Thailand,1992,2316.4453160000003,8409.0205
Thailand,1993,2291.112526,8964.292
Thailand,1994,2372.336354,9499.518
Thailand,1995,2410.29357,10080.208
Thailand,1996,2542.716514,10458.358
Thailand,1997,2517.3607700000002,9995.618
Thailand,1998,2573.8162899999998,9077.748
Thailand,1999,2530.243775,9347.061
Thailand,2000,2576.5263400000003,9627.1045
Thailand,2001,2554.46383,9818.721
Thailand,2002,2610.8322449999996,10276.398
Thailand,2003,2626.47872,10868.836
Thailand,2004,2636.2166859999998,11408.326
Thailand,2005,2701.114704,11742.128
Thailand,2006,2767.2454399999997,12180.711
Thailand,2007,2723.73464,12694.715
Thailand,2008,2698.54,12768.129
Thailand,2009,2660.029864,12543.398
Thailand,2010,2742.889435,13343.547
Thailand,2011,2730.82357,13318.0
Thailand,2012,2752.7238,14202.251
Thailand,2013,2722.84253,14504.184
Thailand,2014,2760.612885,14571.971
Thailand,2015,2775.52372,14960.908
Thailand,2016,2763.078934,15411.534
Thailand,2017,2751.86278,15994.506
Thailand,2018,2777.007956,16610.05
Thailand,2019,2800.5273,16905.293
Thailand,2020,2850.3787300000004,15815.915
Thailand,2021,2858.2524160000003,16019.519
Thailand,2022,2876.50584,16421.072
Togo,1961,1914.596287,1103.0
Togo,1962,2044.0378699999999,1117.0
Togo,1963,1975.900047,1143.0
Togo,1964,2041.3275489999999,1275.0
Togo,1965,2094.623678,1412.0
Togo,1966,2062.998376,1503.0
Togo,1967,2146.055905,1546.0
Togo,1968,2048.69097,1581.0
Togo,1969,1941.198384,1707.0
Togo,1970,1971.084363,1631.0
Togo,1971,2068.1332,1699.0
Togo,1972,2045.389515,1709.0
Togo,1973,1929.853036,1591.0
Togo,1974,1811.11701,1612.0
Togo,1975,1763.559856,1556.0
Togo,1976,1694.51154,1505.0
Togo,1977,1667.9272839999999,1543.0
Togo,1978,1760.6988339999998,1650.0
Togo,1979,1894.898415,1698.0
Togo,1980,1908.8010250000002,1572.0
Togo,1981,1888.946743,1423.0
Togo,1982,1846.3302939999999,1323.0
Togo,1983,1746.392719,1211.0
Togo,1984,1782.591712,1239.0
Togo,1985,1926.620824,1240.0
Togo,1986,1756.985508,1237.0
Togo,1987,1674.0785899999998,1165.0
Togo,1988,1842.3693979999998,1239.0
Togo,1989,1866.519287,1246.0
Togo,1990,1980.815294,1275.0
Togo,1991,1823.3033719999999,1249.168
Togo,1992,1784.71532,1181.8712
Togo,1993,1900.607944,1003.16486
Togo,1994,2021.73765,1145.7776
Togo,1995,1987.22842,1170.5977
Togo,1996,2026.2353640000001,1215.74
Togo,1997,2053.2574059999997,1226.327
Togo,1998,2018.235235,1174.8528
Togo,1999,2037.5885079999998,1183.013
Togo,2000,2054.847698,1150.366
Togo,2001,2038.4822219999999,1115.5503
Togo,2002,2041.7878329999999,1081.7445
Togo,2003,2082.8676809999997,1114.4639
Togo,2004,2128.320483,1121.8059
Togo,2005,2121.366967,1119.8043
Togo,2006,2159.699256,1144.8815
Togo,2007,2163.974322,1145.9207
Togo,2008,2177.169377,1150.3579
Togo,2009,2194.346025,1165.8888
Togo,2010,2356.29367,1191.1449
Togo,2011,2353.53637,1227.0
Togo,2012,2330.7918,1263.0
Togo,2013,2354.02788,1292.0
Togo,2014,2367.489875,1334.0
Togo,2015,2291.443655,1370.0
Togo,2016,2339.953112,1412.9878
Togo,2017,2317.10175,1433.7917
Togo,2018,2303.504474,1466.341
Togo,2019,2372.7827239999997,1501.8667
Togo,2020,2431.410447,1482.7515
Togo,2021,2484.69408,1534.8236
Togo,2022,2527.4065259999998,1586.5889
Trinidad and Tobago,1961,2283.0119400000003,10155.0
Trinidad and Tobago,1962,2357.59009,10383.0
Trinidad and Tobago,1963,2357.0623100000003,10708.0
Trinidad and Tobago,1964,2354.11777,10841.0
Trinidad and Tobago,1965,2371.37258,11206.0
Trinidad and Tobago,1966,2374.893534,11531.0
Trinidad and Tobago,1967,2324.75474,11679.0
Trinidad and Tobago,1968,2225.277584,12248.0
Trinidad and Tobago,1969,2370.203906,12588.0
Trinidad and Tobago,1970,2348.242516,13141.0
Trinidad and Tobago,1971,2409.66967,13185.0
Trinidad and Tobago,1972,2399.42486,13753.0
Trinidad and Tobago,1973,2451.27609,13844.0
Trinidad and Tobago,1974,2543.46749,14430.0
Trinidad and Tobago,1975,2484.74164,14534.0
Trinidad and Tobago,1976,2598.0506299999997,15696.0
Trinidad and Tobago,1977,2582.87563,16412.0
Trinidad and Tobago,1978,2704.99504,18042.0
Trinidad and Tobago,1979,2703.3971,18568.0
Trinidad and Tobago,1980,2888.3112300000003,19734.0
Trinidad and Tobago,1981,2883.10764,20298.0
Trinidad and Tobago,1982,2919.00375,18771.0
Trinidad and Tobago,1983,2944.44837,16982.0
Trinidad and Tobago,1984,2964.62968,17680.0
Trinidad and Tobago,1985,2848.3406999999997,16671.0
Trinidad and Tobago,1986,2978.98135,15871.0
Trinidad and Tobago,1987,2881.2251800000004,14929.0
Trinidad and Tobago,1988,2722.4284,14198.0
Trinidad and Tobago,1989,2620.52756,13970.0
Trinidad and Tobago,1990,2562.74509,14112.0
Trinidad and Tobago,1991,2600.12397,14060.736
Trinidad and Tobago,1992,2498.0761899999998,14195.952
Trinidad and Tobago,1993,2473.587845,13745.797
Trinidad and Tobago,1994,2474.18892,13350.896
Trinidad and Tobago,1995,2515.5775999999996,14187.659
Trinidad and Tobago,1996,2552.93509,15004.265
Trinidad and Tobago,1997,2526.2760200000002,15931.672
Trinidad and Tobago,1998,2568.0765,17013.754
Trinidad and Tobago,1999,2572.9845100000002,18159.916
Trinidad and Tobago,2000,2668.1486800000002,19179.918
Trinidad and Tobago,2001,2717.63696,19736.68
Trinidad and Tobago,2002,2676.96633,21052.45
Trinidad and Tobago,2003,2636.76401,23814.066
Trinidad and Tobago,2004,2661.8025,25403.27
Trinidad and Tobago,2005,2643.89818,26651.834
Trinidad and Tobago,2006,2686.25198,29792.424
Trinidad and Tobago,2007,2729.68237,30806.174
Trinidad and Tobago,2008,2712.48438,31434.305
Trinidad and Tobago,2009,2725.62755,29657.463
Trinidad and Tobago,2010,2961.7189399999997,30235.994
Trinidad and Tobago,2011,3023.62559,29745.0
Trinidad and Tobago,2012,3046.92964,30944.223
Trinidad and Tobago,2013,3075.34441,31976.953
Trinidad and Tobago,2014,3044.72358,32878.203
Trinidad and Tobago,2015,3046.64794,32480.59
Trinidad and Tobago,2016,3030.3295900000003,30158.125
Trinidad and Tobago,2017,3048.48716,28618.176
Trinidad and Tobago,2018,3033.57759,27863.434
Trinidad and Tobago,2019,3023.10589,27582.568
Trinidad and Tobago,2020,3027.20952,25548.51
Trinidad and Tobago,2021,2998.84522,25237.664
Trinidad and Tobago,2022,2985.06396,25773.006
Tunisia,1961,2082.626852,2289.0
Tunisia,1962,2160.16898,2198.0
Tunisia,1963,2227.785194,2480.0
Tunisia,1964,2239.343582,2533.0
Tunisia,1965,2328.326994,2635.0
Tunisia,1966,2251.383823,2636.0
Tunisia,1967,2358.37833,2558.0
Tunisia,1968,2346.8821669999998,2766.0
Tunisia,1969,2257.99437,2805.0
Tunisia,1970,2297.60401,2912.0
Tunisia,1971,2387.44113,3159.0
Tunisia,1972,2524.59688,3645.0
Tunisia,1973,2505.73391,3540.0
Tunisia,1974,2573.310887,3735.0
Tunisia,1975,2546.59815,3899.0
Tunisia,1976,2493.23387,4095.0
Tunisia,1977,2585.63912,4132.0
Tunisia,1978,2662.58472,4304.0
Tunisia,1979,2685.391305,4481.0
Tunisia,1980,2818.770246,4693.0
Tunisia,1981,2743.008725,4830.0
Tunisia,1982,2751.70478,4713.0
Tunisia,1983,2898.9604440000003,4844.0
Tunisia,1984,2957.7823660000004,4890.0
Tunisia,1985,2972.67646,5039.0
Tunisia,1986,3038.05771,4841.0
Tunisia,1987,3022.0045099999998,5043.0
Tunisia,1988,3069.38587,4940.0
Tunisia,1989,3069.407235,5023.0
Tunisia,1990,3082.217134,5316.0
Tunisia,1991,3044.11628,5446.228
Tunisia,1992,3077.56955,5789.955
Tunisia,1993,3098.5894799999996,5843.0684
Tunisia,1994,3049.391076,5968.8447
Tunisia,1995,3064.21122,6048.7476
Tunisia,1996,3137.94643,6388.394
Tunisia,1997,3182.52895,6680.1035
Tunisia,1998,3235.62561,6944.661
Tunisia,1999,3302.3979799999997,7297.4746
Tunisia,2000,3180.45698,7548.438
Tunisia,2001,3185.1399,7848.094
Tunisia,2002,3120.12262,7916.6797
Tunisia,2003,3167.70961,8281.715
Tunisia,2004,3178.0337,8705.084
Tunisia,2005,3155.81291,8983.384
Tunisia,2006,3214.04549,9420.023
Tunisia,2007,3199.7849699999997,9932.938
Tunisia,2008,3254.52178,10294.922
Tunisia,2009,3291.23801,10533.218
Tunisia,2010,3299.819965,10721.812
Tunisia,2011,3314.8678,10437.0
Tunisia,2012,3341.73648,10750.85
Tunisia,2013,3335.389745,10881.511
Tunisia,2014,3370.17074,11084.781
Tunisia,2015,3389.085685,11063.081
Tunisia,2016,3380.68242,11064.023
Tunisia,2017,3394.88242,11194.365
Tunisia,2018,3445.39489,11376.29
Tunisia,2019,3498.67352,11451.897
Tunisia,2020,3527.3208799999998,10354.239
Tunisia,2021,3531.28296,10726.256
Tunisia,2022,3539.66658,10913.846
Turkey,1961,2866.6027599999998,3022.0
Turkey,1962,2816.96705,3142.0
Turkey,1963,2899.32488,3374.0
Turkey,1964,2884.95372,3453.0
Turkey,1965,2867.5694,3481.0
Turkey,1966,2958.8379299999997,3824.0
Turkey,1967,2922.63164,3929.0
Turkey,1968,2932.556485,4122.0
Turkey,1969,2904.49037,4267.0
Turkey,1970,2981.03164,4398.0
Turkey,1971,3048.47279,4715.0
Turkey,1972,3100.78857,4929.0
Turkey,1973,3019.42197,5050.0
Turkey,1974,3033.4619940000002,5353.0
Turkey,1975,3149.917014,5719.0
Turkey,1976,3228.183065,6110.0
Turkey,1977,3172.4072,6271.0
Turkey,1978,3175.894315,6350.0
Turkey,1979,3255.731496,6204.0
Turkey,1980,3331.95766,6070.0
Turkey,1981,3242.13612,6201.0
Turkey,1982,3318.47773,6381.0
Turkey,1983,3329.7823900000003,6489.0
Turkey,1984,3318.95142,6736.0
Turkey,1985,3518.0456249999997,6958.0
Turkey,1986,3505.87817,7323.0
Turkey,1987,3568.1519900000003,7838.0
Turkey,1988,3597.93088,8019.0
Turkey,1989,3593.64877,7992.0
Turkey,1990,3638.8298299999997,8606.0
Turkey,1991,3586.8986250000003,8658.379
Turkey,1992,3570.84699,9150.435
Turkey,1993,3584.545974,9865.301
Turkey,1994,3577.67367,9308.695
Turkey,1995,3562.6572240000005,9962.536
Turkey,1996,3536.7723699999997,10644.634
Turkey,1997,3461.74384,11432.437
Turkey,1998,3518.7417699999996,11772.83
Turkey,1999,3486.48885,11151.674
Turkey,2000,3535.9182299999998,11904.008
Turkey,2001,3503.7488599999997,10950.992
Turkey,2002,3497.968005,11753.953
Turkey,2003,3487.832304,12380.207
Turkey,2004,3517.1044260000003,13423.795
Turkey,2005,3528.36714,14487.758
Turkey,2006,3573.1019699999997,15425.188
Turkey,2007,3565.68402,16090.835
Turkey,2008,3534.80249,16182.732
Turkey,2009,3559.84786,15188.421
Turkey,2010,3643.05602,16528.12
Turkey,2011,3650.9767600000005,17919.0
Turkey,2012,3694.29055,18539.223
Turkey,2013,3708.53497,19855.717
Turkey,2014,3666.44575,20557.4
Turkey,2015,3698.80036,21519.33
Turkey,2016,3652.14206,21937.162
Turkey,2017,3699.1572499999997,23278.996
Turkey,2018,3716.21958,23650.49
Turkey,2019,3718.4811600000003,23497.504
Turkey,2020,3743.03176,23721.88
Turkey,2021,3745.7033500000002,26175.93
Turkey,2022,3784.93202,27361.988
Turkmenistan,1992,2520.32621,4587.7637
Turkmenistan,1993,2552.23245,4604.3843
Turkmenistan,1994,2533.24972,3769.6248
Turkmenistan,1995,2537.086204,3473.6802
Turkmenistan,1996,2511.488545,3226.9849
Turkmenistan,1997,2539.5994,2856.1487
Turkmenistan,1998,2551.02585,3037.7043
Turkmenistan,1999,2578.016144,3527.1604
Turkmenistan,2000,2566.45609,4173.195
Turkmenistan,2001,2553.78471,5014.0625
Turkmenistan,2002,2586.734704,5795.641
Turkmenistan,2003,2620.3301,6784.561
Turkmenistan,2004,2665.84173,7781.7437
Turkmenistan,2005,2660.53507,8791.676
Turkmenistan,2006,2644.94038,9752.355
Turkmenistan,2007,2687.46446,10829.376
Turkmenistan,2008,2642.53552,12426.719
Turkmenistan,2009,2624.87895,13188.448
Turkmenistan,2010,2682.93872,14397.149
Turkmenistan,2011,2649.52059,16518.0
Turkmenistan,2012,2657.88771,17333.729
Turkmenistan,2013,2658.06838,17080.463
Turkmenistan,2014,2723.80736,17536.766
Turkmenistan,2015,2709.88676,17857.26
Turkmenistan,2016,2672.7072200000002,17484.646
Turkmenistan,2017,2662.4364299999997,18104.434
Turkmenistan,2018,2628.8541,18064.107
Turkmenistan,2019,2582.0048399999996,17264.172
Turkmenistan,2020,2579.169,16580.84
Turkmenistan,2021,2574.0619500000003,17169.06
Turkmenistan,2022,2521.1929099999998,17234.555
USSR,1961,3103.40744,6532.0
USSR,1962,3166.4191,6599.0
USSR,1963,3215.6584,6352.0
USSR,1964,3219.9378100000004,7076.0
USSR,1965,3230.17972,7387.0
USSR,1966,3225.39952,7657.0
USSR,1967,3254.61513,7911.0
USSR,1968,3312.01607,8292.0
USSR,1969,3309.8737,8329.0
USSR,1970,3366.5770300000004,8886.0
USSR,1971,3344.87485,9033.0
USSR,1972,3298.20234,8995.0
USSR,1973,3340.57936,9658.0
USSR,1974,3373.26823,9844.0
USSR,1975,3355.6400599999997,9779.0
USSR,1976,3414.67008,10143.0
USSR,1977,3370.68738,10288.0
USSR,1978,3386.37703,10455.0
USSR,1979,3381.77181,10316.0
USSR,1980,3377.08444,10245.0
USSR,1981,3355.0996400000004,10254.0
USSR,1982,3376.7431500000002,10418.0
USSR,1983,3382.89332,10659.0
USSR,1984,3382.1376800000003,10694.0
USSR,1985,3373.24661,10692.0
USSR,1986,3355.51761,11035.0
USSR,1987,3392.85583,11081.0
USSR,1988,3381.4749,11226.0
USSR,1989,3333.5492400000003,11336.0
USSR,1990,3356.5952,10989.0
USSR,1991,3015.04668,10388.253
Uganda,1961,2060.5253000000002,1093.0
Uganda,1962,2034.526366,1106.0
Uganda,1963,2064.5472019999997,1197.0
Uganda,1964,2040.6226700000002,1251.0
Uganda,1965,2095.611884,1242.0
Uganda,1966,1978.9785860000002,1280.0
Uganda,1967,2161.467356,1310.0
Uganda,1968,2178.854043,1304.0
Uganda,1969,2154.692524,1404.0
Uganda,1970,2210.1409439999998,1382.0
Uganda,1971,2176.888694,1385.0
Uganda,1972,2226.845923,1364.0
Uganda,1973,2132.58144,1331.0
Uganda,1974,2176.950236,1302.0
Uganda,1975,2181.94798,1243.0
Uganda,1976,2225.7318729999997,1219.0
Uganda,1977,2202.38776,1207.0
Uganda,1978,2126.706825,1111.0
Uganda,1979,2008.2716329999998,966.0
Uganda,1980,1934.158047,912.0
Uganda,1981,2006.935,923.0
Uganda,1982,2139.74119,972.0
Uganda,1983,2249.765137,1014.0
Uganda,1984,2123.275853,897.0
Uganda,1985,2030.76984,886.0
Uganda,1986,2054.2287180000003,858.0
Uganda,1987,2110.7431,877.0
Uganda,1988,2183.829703,902.0
Uganda,1989,2313.05838,929.0
Uganda,1990,2325.37844,932.0
Uganda,1991,2272.01862,915.40533
Uganda,1992,2220.315207,934.82623
Uganda,1993,2241.25651,959.1882
Uganda,1994,2225.963736,994.5334
Uganda,1995,2244.155406,1054.714
Uganda,1996,2147.70658,1091.5275
Uganda,1997,2177.54029,1107.501
Uganda,1998,2292.5935499999996,1137.6382
Uganda,1999,2273.2105300000003,1185.4313
Uganda,2000,2293.06051,1191.9539
Uganda,2001,2311.544658,1255.8844
Uganda,2002,2367.39053,1301.0588
Uganda,2003,2425.92366,1335.0305
Uganda,2004,2403.991512,1364.6852
Uganda,2005,2390.39158,1451.0973
Uganda,2006,2348.487307,1501.3855
Uganda,2007,2292.2353630000002,1569.8298
Uganda,2008,2265.35728,1679.3995
Uganda,2009,2292.56318,1757.3862
Uganda,2010,2343.91701,1831.2906
Uganda,2011,2298.57368,1890.0
Uganda,2012,2308.612623,1878.8959
Uganda,2013,2290.741114,1895.4644
Uganda,2014,2234.864006,1941.1904
Uganda,2015,2154.913046,2026.8052
Uganda,2016,2026.3139,1953.0966
Uganda,2017,2051.650363,1998.5995
Uganda,2018,2137.265382,2036.3313
Uganda,2019,2125.470167,2128.9087
Uganda,2020,2159.117676,2032.2618
Uganda,2021,2172.23454,2083.8281
Uganda,2022,2163.471323,2122.0278
Ukraine,1992,3323.52384,8130.277
Ukraine,1993,3192.76143,7090.2573
Ukraine,1994,2940.74755,5585.413
Ukraine,1995,2852.04842,5024.1816
Ukraine,1996,2780.83555,4636.6265
Ukraine,1997,2833.4979599999997,4612.4043
Ukraine,1998,2806.21987,4640.199
Ukraine,1999,2756.09349,4751.3164
Ukraine,2000,2866.80419,5165.808
Ukraine,2001,2956.45936,5793.6597
Ukraine,2002,3018.17989,6262.9824
Ukraine,2003,3019.90514,7029.5703
Ukraine,2004,3158.75462,8049.3955
Ukraine,2005,3179.7168,8496.677
Ukraine,2006,3216.03013,9355.988
Ukraine,2007,3224.67798,10355.818
Ukraine,2008,3271.7815600000004,10824.076
Ukraine,2009,3149.7177600000005,9381.225
Ukraine,2010,3097.04927,9601.209
Ukraine,2011,3139.92587,10333.0
Ukraine,2012,3121.91648,10381.639
Ukraine,2013,3111.24715,10405.39
Ukraine,2014,3085.35127,9817.459
Ukraine,2015,3023.1992099999998,8959.174
Ukraine,2016,3012.3171,9221.608
Ukraine,2017,2982.74684,9477.51
Ukraine,2018,2938.99987,9827.172
Ukraine,2019,2894.46059,10139.761
Ukraine,2020,2874.87689,9769.828
Ukraine,2021,2885.65519,10133.885
Ukraine,2022,2757.92057,7749.0996
United Arab Emirates,1961,2053.7433499999997,36949.0
United Arab Emirates,1962,2087.171605,38654.0
United Arab Emirates,1963,2192.61519,39889.0
United Arab Emirates,1964,2200.69782,40927.0
United Arab Emirates,1965,2260.781495,41705.0
United Arab Emirates,1966,2423.474646,42213.0
United Arab Emirates,1967,2578.48328,42416.0
United Arab Emirates,1968,2656.13117,42040.0
United Arab Emirates,1969,2461.87845,40639.0
United Arab Emirates,1970,2372.51921,39135.0
United Arab Emirates,1971,2262.066865,39540.0
United Arab Emirates,1972,2268.3635249999998,39540.0
United Arab Emirates,1973,2931.56333,39669.0
United Arab Emirates,1974,2791.78491,45347.0
United Arab Emirates,1975,3084.1542200000004,40591.0
United Arab Emirates,1976,3191.76924,40803.0
United Arab Emirates,1977,3197.07117,41915.0
United Arab Emirates,1978,3263.07171,35936.0
United Arab Emirates,1979,3121.23689,39534.0
United Arab Emirates,1980,3391.76106,44168.0
United Arab Emirates,1981,3368.7627600000005,42456.0
United Arab Emirates,1982,3397.63272,36635.0
United Arab Emirates,1983,3423.88186,32737.0
United Arab Emirates,1984,3570.0352000000003,32135.0
United Arab Emirates,1985,3399.09103,29562.0
United Arab Emirates,1986,3326.92466,21949.0
United Arab Emirates,1987,3392.4074,21487.0
United Arab Emirates,1988,3242.4026599999997,20215.0
United Arab Emirates,1989,3215.02879,21072.0
United Arab Emirates,1990,2927.6087399999997,22254.0
United Arab Emirates,1993,3085.05393,25558.756
United Arab Emirates,1994,3179.05149,28334.582
United Arab Emirates,1995,3142.25884,31239.918
United Arab Emirates,1996,3095.50043,34042.742
United Arab Emirates,1997,3018.00142,38168.465
United Arab Emirates,1998,2997.13122,39667.793
United Arab Emirates,1999,2990.61866,42372.438
United Arab Emirates,2000,2854.03142,48888.03
United Arab Emirates,2001,2792.56398,51263.375
United Arab Emirates,2002,2733.70402,54077.47
United Arab Emirates,2003,2682.3977,59823.266
United Arab Emirates,2004,2713.94118,64925.67
United Arab Emirates,2005,2850.60955,65599.055
United Arab Emirates,2006,3116.90979,67830.93
United Arab Emirates,2007,3283.66021,65412.8
United Arab Emirates,2008,3397.05119,63862.086
United Arab Emirates,2009,3647.83079,58860.535
United Arab Emirates,2010,3659.2478600000004,60112.402
United Arab Emirates,2011,3695.21262,65307.0
United Arab Emirates,2012,3664.6212,66007.0
United Arab Emirates,2013,3590.87322,66825.305
United Arab Emirates,2014,3407.05358,67791.39
United Arab Emirates,2015,3278.79039,71319.61
United Arab Emirates,2016,3160.5261,74292.95
United Arab Emirates,2017,3160.62798,73973.29
United Arab Emirates,2018,3156.6907300000003,74206.484
United Arab Emirates,2019,3246.80942,74396.14
United Arab Emirates,2020,3243.94954,70188.27
United Arab Emirates,2021,3171.18752,72460.04
United Arab Emirates,2022,3061.70186,77203.67
United Kingdom,1961,3241.29108,14118.0
United Kingdom,1962,3205.1318,14131.0
United Kingdom,1963,3234.0030699999998,14583.0
United Kingdom,1964,3217.5579,15251.0
United Kingdom,1965,3249.35879,15545.0
United Kingdom,1966,3252.3139300000003,15757.0
United Kingdom,1967,3232.81931,16018.0
United Kingdom,1968,3231.48319,16593.0
United Kingdom,1969,3248.55141,16820.0
United Kingdom,1970,3288.3808799999997,17162.0
United Kingdom,1971,3251.40755,17440.0
United Kingdom,1972,3173.83299,18002.0
United Kingdom,1973,3241.39329,19168.0
United Kingdom,1974,3126.29514,18903.0
United Kingdom,1975,3137.13123,18884.0
United Kingdom,1976,3183.71142,19311.0
United Kingdom,1977,3177.1691899999996,19740.0
United Kingdom,1978,3112.10688,20448.0
United Kingdom,1979,3179.2519199999997,20988.0
United Kingdom,1980,3127.8450199999997,20612.0
United Kingdom,1981,3102.3892299999998,20319.0
United Kingdom,1982,3133.4444599999997,20650.0
United Kingdom,1983,3127.43242,21366.0
United Kingdom,1984,3139.07341,21869.0
United Kingdom,1985,3198.1256,22579.0
United Kingdom,1986,3216.04154,23498.0
United Kingdom,1987,3231.02845,24536.0
United Kingdom,1988,3252.69902,25679.0
United Kingdom,1989,3221.8730400000004,26164.0
United Kingdom,1990,3244.2304999999997,26189.0
United Kingdom,1991,3209.38518,25792.014
United Kingdom,1992,3271.83788,25790.186
United Kingdom,1993,3219.59766,26349.342
United Kingdom,1994,3237.50141,27277.543
United Kingdom,1995,3188.1999100000003,27861.215
United Kingdom,1996,3272.9443300000003,28472.248
United Kingdom,1997,3334.77371,29259.764
United Kingdom,1998,3359.38821,30077.385
United Kingdom,1999,3406.95648,30932.537
United Kingdom,2000,3368.81528,31946.037
United Kingdom,2001,3407.0104899999997,32660.441
United Kingdom,2002,3422.90128,33271.3
United Kingdom,2003,3406.17622,34232.426
United Kingdom,2004,3447.69598,34865.78
United Kingdom,2005,3434.02534,35623.625
United Kingdom,2006,3427.11219,36214.07
United Kingdom,2007,3398.8528,36816.676
United Kingdom,2008,3396.93937,36264.79
United Kingdom,2009,3381.25846,34402.36
United Kingdom,2010,3306.8375800000003,34754.473
United Kingdom,2011,3324.31293,34971.0
United Kingdom,2012,3306.3587500000003,35243.64
United Kingdom,2013,3332.8687,35660.56
United Kingdom,2014,3351.71037,36521.86
United Kingdom,2015,3365.55249,37101.227
United Kingdom,2016,3347.26098,37593.906
United Kingdom,2017,3372.2163,38283.938
United Kingdom,2018,3327.96817,38704.6
United Kingdom,2019,3362.5699400000003,39113.01
United Kingdom,2020,3359.9629999999997,34651.184
United Kingdom,2021,3328.6783800000003,37134.33
United Kingdom,2022,3322.3112199999996,38406.53
United States,1961,2970.82428,18175.0
United States,1962,2939.88829,18976.0
United States,1963,2934.25616,19514.0
United States,1964,2993.81033,20360.0
United States,1965,2982.21999,21390.0
United States,1966,3008.70462,22529.0
United States,1967,3027.665,22842.0
United States,1968,3045.8948,23691.0
United States,1969,3072.6928800000005,24195.0
United States,1970,3059.53419,23958.0
United States,1971,3071.6618599999997,24394.0
United States,1972,3073.7458349999997,25414.0
United States,1973,3047.64201,26602.0
United States,1974,3036.4535100000003,26286.0
United States,1975,3037.28741,25956.0
United States,1976,3167.38044,27058.0
United States,1977,3139.4744499999997,28001.0
United States,1978,3159.76048,29286.0
United States,1979,3219.18251,29949.0
United States,1980,3182.38817,29611.0
United States,1981,3221.3584199999996,30056.0
United States,1982,3193.1350600000005,29210.0
United States,1983,3231.2769399999997,30158.0
United States,1984,3276.3967199999997,32076.0
United States,1985,3382.5120500000003,33023.0
United States,1986,3357.15587,33850.0
United States,1987,3459.4549399999996,34730.0
United States,1988,3471.57234,35863.0
United States,1989,3450.1606600000005,36756.0
United States,1990,3508.62869,36982.0
United States,1991,3530.3167200000003,36463.957
United States,1992,3559.63133,37240.3
United States,1993,3600.28927,37761.535
United States,1994,3659.4121299999997,38807.28
United States,1995,3577.78769,39390.625
United States,1996,3591.9175999999998,40412.75
United States,1997,3663.1811,41722.67
United States,1998,3683.63105,43072.758
United States,1999,3707.69735,44575.848
United States,2000,3796.48628,45886.47
United States,2001,3749.38395,45878.008
United States,2002,3824.97885,46266.297
United States,2003,3815.7586300000003,47157.996
United States,2004,3844.1358099999998,48492.72
United States,2005,3859.707,49654.76
United States,2006,3811.02258,50489.86
United States,2007,3781.18196,50901.746
United States,2008,3720.42375,50275.746
United States,2009,3662.37859,48452.934
United States,2010,3730.68003,49266.914
United States,2011,3724.2399100000002,49675.0
United States,2012,3759.0421300000003,50436.434
United States,2013,3745.29387,51010.797
United States,2014,3728.98849,51796.62
United States,2015,3736.7081,52808.152
United States,2016,3754.28641,53301.016
United States,2017,3763.3105,54152.363
United States,2018,3790.2988800000003,55454.668
United States,2019,3836.51555,56469.26
United States,2020,3851.46162,54379.207
United States,2021,3856.6633899999997,57522.703
United States,2022,3874.9798,58487.465
Uruguay,1961,2804.90769,7740.0
Uruguay,1962,2719.186725,7498.0
Uruguay,1963,2783.91636,7450.0
Uruguay,1964,2852.76733,7498.0
Uruguay,1965,2767.2562900000003,7498.0
Uruguay,1966,2753.56984,7693.0
Uruguay,1967,2675.28817,7305.0
Uruguay,1968,2738.1706599999998,7353.0
Uruguay,1969,2887.7642399999995,7740.0
Uruguay,1970,2971.381825,8030.0
Uruguay,1971,2812.5596100000002,7933.0
Uruguay,1972,2761.390324,7643.0
Uruguay,1973,2724.4307799999997,7885.0
Uruguay,1974,2888.425,8176.0
Uruguay,1975,2847.459234,8563.0
Uruguay,1976,2830.80347,8853.0
Uruguay,1977,2661.2123540000002,8950.0
Uruguay,1978,2655.1532239999997,9483.0
Uruguay,1979,2839.0020799999998,9966.0
Uruguay,1980,2788.66282,10546.0
Uruguay,1981,2836.77783,10643.0
Uruguay,1982,2771.8781200000003,9578.0
Uruguay,1983,2557.4679100000003,8950.0
Uruguay,1984,2674.56189,8805.0
Uruguay,1985,2644.57093,8901.0
Uruguay,1986,2569.474824,9628.0
Uruguay,1987,2614.0955599999998,10305.0
Uruguay,1988,2590.91846,10256.0
Uruguay,1989,2497.255556,10305.0
Uruguay,1990,2531.54687,10305.0
Uruguay,1991,2707.332724,10586.408
Uruguay,1992,2775.49829,11349.542
Uruguay,1993,2764.87379,11581.705
Uruguay,1994,2807.7477200000003,12344.15
Uruguay,1995,2707.06494,12092.639
Uruguay,1996,2855.68054,12660.163
Uruguay,1997,2851.57929,13226.478
Uruguay,1998,2866.9470499999998,13744.321
Uruguay,1999,2872.77363,13348.756
Uruguay,2000,2858.1527100000003,13050.063
Uruguay,2001,2915.30556,12463.919
Uruguay,2002,2880.52216,11399.581
Uruguay,2003,2872.94106,11438.687
Uruguay,2004,2866.26102,11955.31
Uruguay,2005,2842.53453,12757.499
Uruguay,2006,2857.7946899999997,13223.781
Uruguay,2007,2927.62078,13976.393
Uruguay,2008,2999.9909900000002,14869.927
Uruguay,2009,3021.93488,15143.996
Uruguay,2010,3138.60589,16415.629
Uruguay,2011,3151.33226,17211.0
Uruguay,2012,3184.1817499999997,17776.027
Uruguay,2013,3190.27205,18553.332
Uruguay,2014,3211.19424,19104.312
Uruguay,2015,3177.0541000000003,19123.604
Uruguay,2016,3199.1454599999997,19393.982
Uruguay,2017,3222.6885899999997,19656.627
Uruguay,2018,3272.3874299999998,19697.76
Uruguay,2019,3307.91101,19714.148
Uruguay,2020,3286.3113399999997,18460.04
Uruguay,2021,3317.8698999999997,19222.295
Uruguay,2022,3338.0566200000003,20181.94
Uzbekistan,1992,2724.15277,5530.4785
Uzbekistan,1993,2711.319955,5193.4644
Uzbekistan,1994,2701.21363,4744.458
Uzbekistan,1995,2658.87716,4535.263
Uzbekistan,1996,2597.26927,4452.882
Uzbekistan,1997,2544.32498,4529.3345
Uzbekistan,1998,2502.6996799999997,4575.987
Uzbekistan,1999,2436.135575,4630.6514
Uzbekistan,2000,2371.9721799999998,4667.26
Uzbekistan,2001,2286.79868,4725.2524
Uzbekistan,2002,2283.05754,4777.2886
Uzbekistan,2003,2336.62486,4844.73
Uzbekistan,2004,2362.523475,5068.2085
Uzbekistan,2005,2441.66206,5284.005
Uzbekistan,2006,2521.7283159999997,5535.1216
Uzbekistan,2007,2542.205854,5907.999
Uzbekistan,2008,2552.44335,6278.2734
Uzbekistan,2009,2554.10501,6618.0977
Uzbekistan,2010,2938.49254,7002.8594
Uzbekistan,2011,3017.5433700000003,7396.0
Uzbekistan,2012,3100.68818,7847.0747
Uzbekistan,2013,3157.0654000000004,8340.988
Uzbekistan,2014,3227.56334,8831.602
Uzbekistan,2015,3247.20569,9381.347
Uzbekistan,2016,3263.09026,9845.353
Uzbekistan,2017,3197.16511,10182.692
Uzbekistan,2018,3218.44138,10682.418
Uzbekistan,2019,3236.3464599999998,11219.243
Uzbekistan,2020,3240.88227,11341.919
Uzbekistan,2021,3238.66579,12076.092
Uzbekistan,2022,3242.6127699999997,12559.401
Venezuela,1961,2006.45465,12231.0
Venezuela,1962,1968.14787,12848.0
Venezuela,1963,1968.684426,13232.0
Venezuela,1964,2156.759714,14019.0
Venezuela,1965,2126.36897,14347.0
Venezuela,1966,2079.43213,14174.0
Venezuela,1967,2096.265894,14250.0
Venezuela,1968,2127.6652400000003,14520.0
Venezuela,1969,2182.815525,14655.0
Venezuela,1970,2204.55321,15289.0
Venezuela,1971,2194.797669,15192.0
Venezuela,1972,2152.703596,15135.0
Venezuela,1973,2159.32498,15540.0
Venezuela,1974,2186.224455,15943.0
Venezuela,1975,2304.950745,16385.0
Venezuela,1976,2387.7683739999998,17174.0
Venezuela,1977,2533.39808,17693.0
Venezuela,1978,2549.91191,17481.0
Venezuela,1979,2626.10961,17135.0
Venezuela,1980,2683.17431,16270.0
Venezuela,1981,2732.87892,15750.0
Venezuela,1982,2553.90488,15423.0
Venezuela,1983,2590.48694,14155.0
Venezuela,1984,2732.19455,13597.0
Venezuela,1985,2613.1252999999997,13270.0
Venezuela,1986,2379.5488299999997,13751.0
Venezuela,1987,2554.37975,13866.0
Venezuela,1988,2749.6202,14308.0
Venezuela,1989,2287.965,12750.0
Venezuela,1990,2351.75908,13251.0
Venezuela,1991,2412.7555,14274.525
Venezuela,1992,2511.21066,14901.616
Venezuela,1993,2390.367944,14693.902
Venezuela,1994,2360.28903,14129.278
Venezuela,1995,2422.87768,14448.282
Venezuela,1996,2368.96651,14211.81
Venezuela,1997,2271.98126,14894.337
Venezuela,1998,2342.2013580000003,14739.051
Venezuela,1999,2329.1767,13669.484
Venezuela,2000,2442.1273899999997,13992.608
Venezuela,2001,2497.96285,14298.037
Venezuela,2002,2209.1384,12856.049
Venezuela,2003,2406.07712,11728.183
Venezuela,2004,2484.45164,13713.045
Venezuela,2005,2484.44635,14944.34
Venezuela,2006,2510.893705,16253.686
Venezuela,2007,2607.66911,17386.086
Venezuela,2008,2814.64167,18019.09
Venezuela,2009,2872.5480000000002,17242.945
Venezuela,2010,2915.8741600000003,17105.58
Venezuela,2011,2914.28482,17746.0
Venezuela,2012,2865.9235,18486.459
Venezuela,2013,2831.36628,18484.234
Venezuela,2014,2876.30152,17579.223
Venezuela,2015,2616.03273,16333.083
Venezuela,2016,2231.71238,13428.789
Venezuela,2017,2291.93092,11363.969
Venezuela,2018,2195.312696,9446.1875
Venezuela,2019,2240.55123,7061.7617
Venezuela,2020,2303.5332,4952.53
Venezuela,2021,2299.2385,4896.802
Venezuela,2022,2325.32096,5267.1753
Vietnam,1961,1936.224728,1294.0
Vietnam,1962,1999.907858,1411.0
Vietnam,1963,1998.8028,1406.0
Vietnam,1964,1988.803446,1427.0
Vietnam,1965,1997.2340479999998,1398.0
Vietnam,1966,1979.19795,1369.0
Vietnam,1967,1994.6856200000002,1165.0
Vietnam,1968,2023.067685,1114.0
Vietnam,1969,2046.21192,1178.0
Vietnam,1970,2127.163833,1172.0
Vietnam,1971,2068.83303,1202.0
Vietnam,1972,2044.2776330000002,1278.0
Vietnam,1973,2080.624096,1333.0
Vietnam,1974,2089.36973,1248.0
Vietnam,1975,1976.1889070000002,1132.0
Vietnam,1976,1992.422417,1290.0
Vietnam,1977,1913.1606619999998,1304.0
Vietnam,1978,1854.778454,1285.0
Vietnam,1979,2007.99251,1267.0
Vietnam,1980,2019.546562,1207.0
Vietnam,1981,2094.6538,1223.0
Vietnam,1982,2041.000434,1293.0
Vietnam,1983,2068.359485,1333.0
Vietnam,1984,2123.451605,1420.0
Vietnam,1985,2101.571477,1471.0
Vietnam,1986,2158.69117,1481.0
Vietnam,1987,2092.293454,1500.0
Vietnam,1988,2092.16357,1556.0
Vietnam,1989,2093.02322,1588.0
Vietnam,1990,2004.080594,1634.0
Vietnam,1991,1953.4248670000002,1688.1599
Vietnam,1992,2025.508287,1792.6708
Vietnam,1993,2135.95672,1894.8586
Vietnam,1994,2167.8863029999998,2018.3507
Vietnam,1995,2138.691905,2167.042
Vietnam,1996,2128.6312470000003,2323.0464
Vietnam,1997,2092.278373,2466.8735
Vietnam,1998,2220.7939699999997,2564.2844
Vietnam,1999,2307.8723,2641.3484
Vietnam,2000,2347.36107,2773.1016
Vietnam,2001,2409.81608,2915.686
Vietnam,2002,2473.123016,3070.6934
Vietnam,2003,2531.0637100000004,3242.2854
Vietnam,2004,2595.5808500000003,3437.6643
Vietnam,2005,2585.47491,3637.6565
Vietnam,2006,2591.18721,3828.9077
Vietnam,2007,2636.95176,4037.233
Vietnam,2008,2682.33555,4200.2354
Vietnam,2009,2691.0903,4360.0615
Vietnam,2010,2729.50319,4571.8486
Vietnam,2011,2757.69078,4786.0
Vietnam,2012,2815.86086,4987.9644
Vietnam,2013,2800.45792,5199.779
Vietnam,2014,2833.53956,5465.4834
Vietnam,2015,2822.804344,5776.465
Vietnam,2016,2847.2821599999997,6089.623
Vietnam,2017,2862.40951,6437.739
Vietnam,2018,2885.8263500000003,6842.1387
Vietnam,2019,2922.1471300000003,7266.0483
Vietnam,2020,2966.22749,7395.3613
Vietnam,2021,3004.10426,7507.759
Vietnam,2022,3026.15203,8050.359
Yemen,1961,1642.72955,1545.0
Yemen,1962,1642.4243940000001,1554.0
Yemen,1963,1653.449826,1568.0
Yemen,1964,1651.5009770000001,1576.0
Yemen,1965,1659.004833,1588.0
Yemen,1966,1657.13178,1605.0
Yemen,1967,1640.0150720000001,1624.0
Yemen,1968,1620.7370580000002,1639.0
Yemen,1969,1624.344833,1658.0
Yemen,1970,1589.569103,1961.0
Yemen,1971,1563.557099,2254.0
Yemen,1972,1547.201658,2383.0
Yemen,1973,1554.454375,2614.0
Yemen,1974,1546.724393,2703.0
Yemen,1975,1539.225039,2844.0
Yemen,1976,1591.421596,3193.0
Yemen,1977,1644.340187,3446.0
Yemen,1978,1726.5239900000001,3636.0
Yemen,1979,1702.88671,3733.0
Yemen,1980,1676.96101,3650.0
Yemen,1981,1686.27367,3767.0
Yemen,1982,1747.1701939999998,3724.0
Yemen,1983,1725.745735,3827.0
Yemen,1984,1772.008134,3861.0
Yemen,1985,1731.5169620000001,3717.0
Yemen,1986,1797.3050739999999,3684.0
Yemen,1987,1816.930436,3712.0
Yemen,1988,1888.25587,3747.0
Yemen,1989,1851.891346,3751.0
Yemen,1990,1738.6424229999998,3622.0
Yemen,1991,1741.43373,3661.9236
Yemen,1992,1833.985484,3759.7183
Yemen,1993,1845.0996100000002,3712.341
Yemen,1994,1828.477147,3775.0696
Yemen,1995,1832.840118,3823.3188
Yemen,1996,1830.269528,3855.572
Yemen,1997,1846.071154,3927.6804
Yemen,1998,1856.112168,4044.1484
Yemen,1999,1864.836065,4080.2185
Yemen,2000,1867.12302,4212.1055
Yemen,2001,1843.4260829999998,4249.0337
Yemen,2002,1853.76001,4292.0986
Yemen,2003,1838.2081640000001,4326.5103
Yemen,2004,1841.0112800000002,4371.3955
Yemen,2005,1849.6249500000001,4485.583
Yemen,2006,1857.9350559999998,4497.2593
Yemen,2007,1877.96362,4516.1436
Yemen,2008,1844.398165,4549.009
Yemen,2009,1851.985306,4593.5425
Yemen,2010,2077.61783,4812.345
Yemen,2011,2024.7133359999998,4088.0
Yemen,2012,2093.206088,4064.3423
Yemen,2013,2084.64094,4139.823
Yemen,2014,2005.756476,4019.4
Yemen,2015,1861.54964,2820.6172
Yemen,2016,1759.522743,2495.4993
Yemen,2017,1811.2277599999998,2314.9673
Yemen,2018,1801.036758,2281.545
Yemen,2019,1823.7244,2265.343
Yemen,2020,1903.95093,2031.4436
Yemen,2021,1918.2098070000002,1972.2102
Yemen,2022,1836.514322,1959.3195
Yugoslavia,1961,3063.10632,3950.0
Yugoslavia,1962,3204.56374,4041.0
Yugoslavia,1963,3218.0764,4481.0
Yugoslavia,1964,3291.57842,4941.0
Yugoslavia,1965,3291.6179300000003,4981.0
Yugoslavia,1966,3385.0054099999998,5311.0
Yugoslavia,1967,3405.56988,5378.0
Yugoslavia,1968,3368.77789,5523.0
Yugoslavia,1969,3390.61042,6001.0
Yugoslavia,1970,3393.49264,6288.0
Yugoslavia,1971,3427.1384900000003,6730.0
Yugoslavia,1972,3385.21129,6948.0
Yugoslavia,1973,3414.71792,7226.0
Yugoslavia,1974,3569.1986800000004,7767.0
Yugoslavia,1975,3541.5749299999998,7976.0
Yugoslavia,1976,3608.08645,8207.0
Yugoslavia,1977,3613.83143,8780.0
Yugoslavia,1978,3574.51347,9283.0
Yugoslavia,1979,3572.53924,9873.0
Yugoslavia,1980,3631.30252,10037.0
Yugoslavia,1981,3656.86646,10106.0
Yugoslavia,1982,3619.73003,10080.0
Yugoslavia,1983,3651.62709,9907.0
Yugoslavia,1984,3620.8393300000002,10029.0
Yugoslavia,1985,3602.97982,10009.0
Yugoslavia,1986,3700.19376,10299.0
Yugoslavia,1987,3666.24273,10119.0
Yugoslavia,1988,3653.43833,9884.0
Yugoslavia,1989,3653.31216,9887.0
Yugoslavia,1990,3687.67692,9000.0
Yugoslavia,1991,3414.52153,7867.96
Zambia,1961,2101.99894,1495.0
Zambia,1962,2094.89674,1443.0
Zambia,1963,2046.1700739999999,1438.0
Zambia,1964,1997.2113299999999,1588.0
Zambia,1965,1978.6442240000001,1828.0
Zambia,1966,2106.595214,1683.0
Zambia,1967,2129.296106,1765.0
Zambia,1968,2156.104357,1741.0
Zambia,1969,2172.01233,1683.0
Zambia,1970,2170.325095,1710.0
Zambia,1971,2205.284245,1661.0
Zambia,1972,2223.218753,1761.0
Zambia,1973,2278.2436900000002,1693.0
Zambia,1974,2293.1593270000003,1776.0
Zambia,1975,2311.9137,1659.0
Zambia,1976,2334.63024,1707.0
Zambia,1977,2416.71809,1578.0
Zambia,1978,2293.143303,1541.0
Zambia,1979,2300.875824,1451.0
Zambia,1980,2285.2766,1452.0
Zambia,1981,2256.831768,1492.0
Zambia,1982,2157.481917,1398.0
Zambia,1983,2153.107763,1320.0
Zambia,1984,2136.200018,1269.0
Zambia,1985,2038.01547,1250.0
Zambia,1986,2059.967953,1215.0
Zambia,1987,2044.9345979999998,1203.0
Zambia,1988,2078.23958,1239.0
Zambia,1989,2089.8009230000002,1215.0
Zambia,1990,2095.771518,1285.0
Zambia,1991,2020.2144170000001,1279.7516
Zambia,1992,1995.702165,1308.8517
Zambia,1993,1992.6224630000002,1312.337
Zambia,1994,2033.5017659999999,1142.2018
Zambia,1995,2062.90061,1180.9438
Zambia,1996,2049.624587,1260.7262
Zambia,1997,1987.698237,1311.357
Zambia,1998,1949.3022600000002,1308.9514
Zambia,1999,1977.868724,1373.8511
Zambia,2000,1888.59714,1428.5023
Zambia,2001,1856.6437850000002,1504.4498
Zambia,2002,1844.9826,1579.0227
Zambia,2003,1884.71987,1698.5515
Zambia,2004,1839.149664,1828.3098
Zambia,2005,1833.2395900000001,1970.0187
Zambia,2006,1785.34151,2133.594
Zambia,2007,1716.501345,2318.627
Zambia,2008,1722.95408,2504.757
Zambia,2009,1785.376855,2743.322
Zambia,2010,1925.60493,3032.0679
Zambia,2011,1961.687957,3205.0
Zambia,2012,1991.33775,3344.8652
Zambia,2013,2026.588373,3409.314
Zambia,2014,2079.104896,3461.09
Zambia,2015,2105.637044,3454.3528
Zambia,2016,2167.21936,3476.8513
Zambia,2017,2215.049483,3489.8547
Zambia,2018,2244.302717,3521.5051
Zambia,2019,2226.928715,3466.2363
Zambia,2020,2207.140337,3270.599
Zambia,2021,2184.012014,3321.5945
Zambia,2022,2143.649404,3342.4214
Zimbabwe,1961,2086.2876100000003,1524.0
Zimbabwe,1962,2134.402467,1497.0
Zimbabwe,1963,2124.99509,1436.0
Zimbabwe,1964,2119.179852,1519.0
Zimbabwe,1965,2128.47175,1568.0
Zimbabwe,1966,2134.5000099999997,1541.0
Zimbabwe,1967,2243.13062,1618.0
Zimbabwe,1968,2260.758272,1592.0
Zimbabwe,1969,2213.27056,1731.0
Zimbabwe,1970,2283.669375,2043.0
Zimbabwe,1971,2315.441104,2157.0
Zimbabwe,1972,2345.922062,2268.0
Zimbabwe,1973,2336.335724,2283.0
Zimbabwe,1974,2341.431668,2275.0
Zimbabwe,1975,2290.463695,2235.0
Zimbabwe,1976,2322.683383,2163.0
Zimbabwe,1977,2349.9688450000003,1946.0
Zimbabwe,1978,2372.47509,1964.0
Zimbabwe,1979,2384.032943,1930.0
Zimbabwe,1980,2375.7919199999997,2064.0
Zimbabwe,1981,2243.75234,2243.0
Zimbabwe,1982,2246.9763430000003,2240.0
Zimbabwe,1983,2209.819577,2190.0
Zimbabwe,1984,2166.691554,2067.0
Zimbabwe,1985,2128.660622,2128.0
Zimbabwe,1986,2103.379617,2107.0
Zimbabwe,1987,2068.6344099999997,2004.0
Zimbabwe,1988,2108.98886,2114.0
Zimbabwe,1989,2112.8110340000003,2181.0
Zimbabwe,1990,2077.4488069999998,2160.0
Zimbabwe,1991,2024.9238220000002,2222.2554
Zimbabwe,1992,2005.846003,1971.4456
Zimbabwe,1993,2005.755081,1948.9105
Zimbabwe,1994,2029.7263149999999,2110.712
Zimbabwe,1995,2061.697555,2102.8599
Zimbabwe,1996,2104.1508440000002,2292.4875
Zimbabwe,1997,2128.485562,2326.5388
Zimbabwe,1998,2123.3811,2369.019
Zimbabwe,1999,2097.904818,2323.0093
Zimbabwe,2000,2080.802595,2211.1963
Zimbabwe,2001,2132.20431,2193.7385
Zimbabwe,2002,2113.5247,2025.3177
Zimbabwe,2003,2082.418756,1700.9558
Zimbabwe,2004,2098.076425,1604.503
Zimbabwe,2005,2061.92287,1496.0343
Zimbabwe,2006,2129.661584,1455.7286
Zimbabwe,2007,2098.414914,1422.1553
Zimbabwe,2008,2065.70703,1197.5261
Zimbabwe,2009,2105.5490999999997,1285.0466
Zimbabwe,2010,2156.732855,1401.8566
Zimbabwe,2011,2154.39265,1515.0
Zimbabwe,2012,2189.80352,1749.8566
Zimbabwe,2013,2176.45865,1766.3789
Zimbabwe,2014,2099.128465,1789.0048
Zimbabwe,2015,2078.2237299999997,1798.7872
Zimbabwe,2016,2099.3088500000003,1782.8301
Zimbabwe,2017,2039.27126,1843.9463
Zimbabwe,2018,2070.65649,1900.1992
Zimbabwe,2019,2038.33556,1753.0244
Zimbabwe,2020,2035.493934,1585.9728
Zimbabwe,2021,2083.99536,1687.2532
Zimbabwe,2022,2072.45038,1703.5294
