Country,Year,Animal protein,Vegetal protein,Fat,Carbohydrates,Total calories,Animal protein percentage,Vegetal protein percentage,Fat percentage,Carbohydrates percentage
Afghanistan,1961,52.592644,277.46216,328.06265,2256.2456,2914.3630540000004,1.8,9.52,11.26,77.42
Afghanistan,1962,52.415733,270.24432,329.04678,2183.914,2835.620833,1.85,9.53,11.6,77.02
Afghanistan,1963,55.23608,244.75029,337.5722,1986.1553,2623.71387,2.11,9.33,12.87,75.7
Afghanistan,1964,55.759033,269.1064,341.00363,2206.7134,2872.582463,1.94,9.37,11.87,76.82
Afghanistan,1965,58.14664,268.2374,347.9166,2201.8955,2876.19614,2.02,9.33,12.1,76.56
Afghanistan,1966,62.705387,245.4112,349.87152,2005.2974,2663.2855069999996,2.35,9.21,13.14,75.29
Afghanistan,1967,65.267166,266.47842,366.47104,2192.4536,2890.6702259999997,2.26,9.22,12.68,75.85
Afghanistan,1968,67.99034,259.274,367.69077,2144.099,2839.05411,2.39,9.13,12.95,75.52
Afghanistan,1969,66.9603,263.5174,363.7241,2163.978,2858.1798,2.34,9.22,12.73,75.71
Afghanistan,1970,59.675236,224.53345,332.9948,1855.2793,2472.482786,2.41,9.08,13.47,75.04
Afghanistan,1971,56.02949,228.62068,309.92413,1864.302,2458.8763,2.28,9.3,12.6,75.82
Afghanistan,1972,51.905445,245.77483,306.24603,2007.1022,2611.028505,1.99,9.41,11.73,76.87
Afghanistan,1973,54.95839,249.71422,329.5141,2043.8928,2678.07951,2.05,9.32,12.3,76.32
Afghanistan,1974,55.675114,247.46681,343.82535,2023.5875,2670.554774,2.08,9.27,12.87,75.77
Afghanistan,1975,56.0491,249.70541,353.3039,2045.1337,2704.19211,2.07,9.23,13.07,75.63
Afghanistan,1976,58.956196,253.79013,370.2414,2086.3452,2769.332926,2.13,9.16,13.37,75.34
Afghanistan,1977,56.66654,221.27306,337.65442,1816.143,2431.73702,2.33,9.1,13.89,74.69
Afghanistan,1978,56.634903,232.97891,336.20184,1915.9663,2541.781953,2.23,9.17,13.23,75.38
Afghanistan,1979,56.889755,230.8598,349.58075,1907.1758,2544.506105,2.24,9.07,13.74,74.95
Afghanistan,1980,60.409195,222.5012,360.74377,1836.3655,2480.019665,2.44,8.97,14.55,74.05
Afghanistan,1981,68.80807,239.52504,421.93808,1967.3612,2697.6323899999998,2.55,8.88,15.64,72.93
Afghanistan,1982,74.89827,249.6149,468.0107,2058.116,2850.63987,2.63,8.76,16.42,72.2
Afghanistan,1983,75.21506,245.11047,466.73026,2043.0394,2830.09519,2.66,8.66,16.49,72.19
Afghanistan,1984,70.33897,224.1101,436.93845,1866.0695,2597.45702,2.71,8.63,16.82,71.84
Afghanistan,1985,60.294453,210.38487,416.5221,1737.2896,2424.491023,2.49,8.68,17.18,71.66
Afghanistan,1986,50.688736,205.16116,417.41284,1690.5283,2363.791036,2.14,8.68,17.66,71.52
Afghanistan,1987,54.597195,242.3649,362.061,1990.2426,2649.265695,2.06,9.15,13.67,75.12
Afghanistan,1988,56.043446,213.16388,371.67014,1765.5884,2406.465866,2.33,8.86,15.44,73.37
Afghanistan,1989,56.518772,199.96916,434.5447,1634.284,2325.316632,2.43,8.6,18.69,70.28
Afghanistan,1990,66.02912,191.93243,424.2225,1571.376,2253.56005,2.93,8.52,18.82,69.73
Afghanistan,1991,66.94067,178.9756,381.36395,1479.0425,2106.32272,3.18,8.5,18.11,70.22
Afghanistan,1992,62.158974,165.50763,356.75882,1382.486,1966.9114240000001,3.16,8.41,18.14,70.29
Afghanistan,1993,59.34682,171.50055,302.3398,1406.4506,1939.6377699999998,3.06,8.84,15.59,72.51
Afghanistan,1994,60.90544,161.57593,291.0558,1332.6565,1846.19367,3.3,8.75,15.77,72.18
Afghanistan,1995,62.48845,155.85016,377.09473,1304.8174,1900.25074,3.29,8.2,19.84,68.67
Afghanistan,1996,66.38979,158.57251,362.5729,1323.0894,1910.6246,3.47,8.3,18.98,69.25
Afghanistan,1997,69.97301,164.31494,317.6618,1379.8331,1931.78285,3.62,8.51,16.44,71.43
Afghanistan,1998,72.08615,163.0995,325.76144,1375.5288,1936.4758900000002,3.72,8.42,16.82,71.03
Afghanistan,1999,72.92216,152.71846,343.8879,1291.7552,1861.2837200000001,3.92,8.21,18.48,69.4
Afghanistan,2000,60.566673,154.56778,295.93774,1320.2512,1831.323393,3.31,8.44,16.16,72.09
Afghanistan,2001,46.602135,162.45496,255.36453,1363.6282,1828.049825,2.55,8.89,13.97,74.59
Afghanistan,2002,59.241013,162.35194,279.95117,1394.8744,1896.4185229999998,3.12,8.56,14.76,73.55
Afghanistan,2003,53.770893,168.06454,274.45728,1427.5826,1923.875313,2.79,8.74,14.27,74.2
Afghanistan,2004,54.43897,170.86089,320.66998,1459.3416,2005.31144,2.71,8.52,15.99,72.77
Afghanistan,2005,53.054146,164.98943,336.93658,1429.4567,1984.4368559999998,2.67,8.31,16.98,72.03
Afghanistan,2006,45.487274,170.09337,282.45056,1483.9718,1982.0030040000001,2.3,8.58,14.25,74.87
Afghanistan,2007,46.617058,181.22075,293.70575,1559.1799,2080.7234580000004,2.24,8.71,14.12,74.93
Afghanistan,2008,48.17924,184.34683,273.0293,1577.7476,2083.3029699999997,2.31,8.85,13.11,75.73
Afghanistan,2009,47.13155,186.10506,278.91547,1587.2195,2099.37158,2.25,8.86,13.29,75.6
Afghanistan,2010,49.673714,212.48868,341.39716,1596.6553,2200.214854,2.26,9.66,15.52,72.57
Afghanistan,2011,48.197678,206.78357,322.73306,1594.1412,2171.855508,2.22,9.52,14.86,73.4
Afghanistan,2012,49.408356,201.2623,336.0187,1579.2032,2165.892556,2.28,9.29,15.51,72.91
Afghanistan,2013,48.714203,204.23259,342.46564,1609.9226,2205.3350330000003,2.21,9.26,15.53,73.0
Afghanistan,2014,58.663258,203.56549,376.58218,1631.6466,2270.457528,2.58,8.97,16.59,71.86
Afghanistan,2015,50.642647,205.08476,350.4579,1645.2177,2251.403007,2.25,9.11,15.57,73.08
Afghanistan,2016,48.629646,210.6486,374.06497,1607.9326,2241.2758160000003,2.17,9.4,16.69,71.74
Afghanistan,2017,47.020023,214.32661,367.72092,1678.9382,2308.005753,2.04,9.29,15.93,72.74
Afghanistan,2018,44.61164,206.72322,378.1406,1632.2788,2261.75426,1.97,9.14,16.72,72.17
Afghanistan,2019,40.82642,202.57567,376.05807,1603.8937,2223.35386,1.84,9.11,16.91,72.14
Afghanistan,2020,44.2103,208.64229,376.79507,1630.963,2260.61066,1.96,9.23,16.67,72.15
Afghanistan,2021,41.823364,203.62323,378.2147,1621.5073,2245.1685939999998,1.86,9.07,16.85,72.22
Afghanistan,2022,36.48791,210.94066,412.3134,1614.1543,2273.89627,1.6,9.28,18.13,70.99
Albania,1961,74.15804,185.65056,396.58044,1527.6774,2184.06644,3.4,8.5,18.16,69.95
Albania,1962,73.18874,187.54617,408.67004,1540.8479,2210.25285,3.31,8.49,18.49,69.71
Albania,1963,71.77946,183.5814,383.87183,1492.3604,2131.5930900000003,3.37,8.61,18.01,70.01
Albania,1964,69.97493,189.5814,430.0312,1556.4573,2246.04483,3.12,8.44,19.15,69.3
Albania,1965,71.07163,192.5978,395.4151,1570.8079,2229.89243,3.19,8.64,17.73,70.44
Albania,1966,71.2721,185.25214,419.3063,1550.4744,2226.30494,3.2,8.32,18.83,69.64
Albania,1967,76.42178,185.24104,419.45273,1547.6888,2228.80435,3.43,8.31,18.82,69.44
Albania,1968,71.90208,194.06885,423.40152,1610.8658,2300.2382500000003,3.13,8.44,18.41,70.03
Albania,1969,71.64231,198.77113,429.3245,1656.9294,2356.66734,3.04,8.43,18.22,70.31
Albania,1970,72.8042,199.62315,459.655,1636.1724,2368.25475,3.07,8.43,19.41,69.09
Albania,1971,75.93813,195.79703,431.79254,1614.3336,2317.8613,3.28,8.45,18.63,69.65
Albania,1972,73.11864,204.88165,392.8406,1677.2942,2348.1350899999998,3.11,8.73,16.73,71.43
Albania,1973,75.88791,203.90443,433.34125,1682.4578,2395.5913899999996,3.17,8.51,18.09,70.23
Albania,1974,76.71155,210.28592,460.97952,1712.3959,2460.37289,3.12,8.55,18.74,69.6
Albania,1975,76.206436,206.55226,481.82678,1701.189,2465.774476,3.09,8.38,19.54,68.99
Albania,1976,78.10887,229.69237,514.1342,1831.8647,2653.8001400000003,2.94,8.66,19.37,69.03
Albania,1977,78.95391,244.04659,530.8847,1900.9276,2754.8127999999997,2.87,8.86,19.27,69.0
Albania,1978,84.0262,231.5689,514.2332,1842.1969,2672.0252,3.14,8.67,19.25,68.94
Albania,1979,85.26984,216.72087,547.9583,1746.9958,2596.94481,3.28,8.35,21.1,67.27
Albania,1980,85.62826,217.89012,526.6978,1765.428,2595.6441800000002,3.3,8.39,20.29,68.02
Albania,1981,88.19173,229.22627,546.54395,1820.3086,2684.27055,3.29,8.54,20.36,67.81
Albania,1982,89.09363,229.01167,523.60614,1838.3407,2680.05214,3.32,8.55,19.54,68.59
Albania,1983,89.92473,244.07564,574.13245,1913.9062,2822.0390199999997,3.19,8.65,20.34,67.82
Albania,1984,86.601585,240.93784,550.39984,1876.226,2754.165265,3.14,8.75,19.98,68.12
Albania,1985,84.990364,225.51537,519.9506,1778.4508,2608.907134,3.26,8.64,19.93,68.17
Albania,1986,80.86226,246.43736,527.47876,1900.0685,2754.84688,2.94,8.95,19.15,68.97
Albania,1987,83.82,221.17903,533.15967,1740.6797,2578.8383999999996,3.25,8.58,20.67,67.5
Albania,1988,89.54484,231.33801,552.7504,1819.7725,2693.40575,3.32,8.59,20.52,67.56
Albania,1989,91.71088,229.9454,575.0723,1785.4805,2682.20908,3.42,8.57,21.44,66.57
Albania,1990,100.57328,225.92183,576.5613,1797.4058,2700.4622099999997,3.72,8.37,21.35,66.56
Albania,1991,112.488754,219.45425,650.58386,1728.5028,2711.0296639999997,4.15,8.09,24.0,63.76
Albania,1992,117.82446,240.01747,660.6361,1768.5643,2787.04233,4.23,8.61,23.7,63.46
Albania,1993,124.05454,245.98244,694.8513,1848.8297,2913.7179800000004,4.26,8.44,23.85,63.45
Albania,1994,146.02684,243.48846,698.48193,1889.882,2977.87923,4.9,8.18,23.46,63.46
Albania,1995,162.82372,207.21893,723.52466,1706.3822,2799.94951,5.82,7.4,25.84,60.94
Albania,1996,174.17168,214.85292,767.65247,1769.9014,2926.57847,5.95,7.34,26.23,60.48
Albania,1997,150.00594,217.29405,679.0182,1764.2302,2810.54839,5.34,7.73,24.16,62.77
Albania,1998,148.2436,218.09792,697.2069,1759.0051,2822.5535200000004,5.25,7.73,24.7,62.32
Albania,1999,162.62482,223.43742,719.4494,1805.0021,2910.51374,5.59,7.68,24.72,62.02
Albania,2000,162.38437,215.0789,709.87317,1766.6449,2853.9813400000003,5.69,7.54,24.87,61.9
Albania,2001,171.571,216.04,751.4009,1786.9647,2925.9766,5.86,7.38,25.68,61.07
Albania,2002,186.50542,221.41531,759.7898,1815.0432,2982.7537300000004,6.25,7.42,25.47,60.85
Albania,2003,195.50108,202.52333,769.9959,1711.5173,2879.53761,6.79,7.03,26.74,59.44
Albania,2004,198.85852,196.69972,828.72943,1673.525,2897.8126700000003,6.86,6.79,28.6,57.75
Albania,2005,203.05733,205.25995,828.4788,1749.2605,2986.0565800000004,6.8,6.87,27.74,58.58
Albania,2006,210.14084,196.92365,858.8569,1710.0315,2975.95289,7.06,6.62,28.86,57.46
Albania,2007,210.22578,197.32231,860.52014,1727.3767,2995.4449299999997,7.02,6.59,28.73,57.67
Albania,2008,224.84909,205.3135,905.87305,1772.5696,3108.60524,7.23,6.6,29.14,57.02
Albania,2009,229.95401,203.77936,975.90015,1774.9509,3184.58442,7.22,6.4,30.64,55.74
Albania,2010,228.48158,205.52202,940.696,1864.5103,3239.2099,7.05,6.34,29.04,57.56
Albania,2011,233.17213,210.9349,942.03375,1898.1056,3284.2463800000005,7.1,6.42,28.68,57.79
Albania,2012,234.08281,212.61462,971.16736,1908.0155,3325.88029,7.04,6.39,29.2,57.37
Albania,2013,239.69778,210.86256,967.2908,1901.0796,3318.93074,7.22,6.35,29.14,57.28
Albania,2014,232.9776,212.23846,998.8756,1851.157,3295.24866,7.07,6.44,30.31,56.18
Albania,2015,242.32573,210.94113,1006.515,1851.95,3311.73186,7.32,6.37,30.39,55.92
Albania,2016,254.51982,208.58696,1042.5271,1840.079,3345.71288,7.61,6.23,31.16,55.0
Albania,2017,257.59473,207.80049,1062.9656,1827.3647,3355.72552,7.68,6.19,31.68,54.46
Albania,2018,250.54466,207.91907,1048.0946,1825.9521,3332.51043,7.52,6.24,31.45,54.79
Albania,2019,257.3271,214.53221,1032.5458,1857.5826,3361.9877100000003,7.65,6.38,30.71,55.25
Albania,2020,243.29144,217.13753,1005.32916,1877.992,3343.75013,7.28,6.49,30.07,56.16
Albania,2021,238.6279,225.00348,972.12317,1900.498,3336.25255,7.15,6.74,29.14,56.97
Albania,2022,264.61392,215.92113,1070.9807,1856.7004,3408.21615,7.76,6.34,31.42,54.48
Algeria,1961,42.908253,136.08159,266.45667,1164.11,1609.556513,2.67,8.45,16.55,72.32
Algeria,1962,36.496433,138.31708,227.74135,1172.3325,1574.887363,2.32,8.78,14.46,74.44
Algeria,1963,30.14233,132.96657,242.56676,1141.9547,1547.63036,1.95,8.59,15.67,73.79
Algeria,1964,31.261345,132.64618,266.45697,1142.919,1573.2834950000001,1.99,8.43,16.94,72.65
Algeria,1965,32.552505,141.4051,277.54315,1191.6572,1643.1579550000001,1.98,8.61,16.89,72.52
Algeria,1966,33.85499,139.631,274.4881,1189.5319,1637.5059899999999,2.07,8.53,16.76,72.64
Algeria,1967,33.50123,147.33832,289.90723,1255.6776,1726.42438,1.94,8.53,16.79,72.73
Algeria,1968,36.898293,153.03304,297.6427,1310.9542,1798.528233,2.05,8.51,16.55,72.89
Algeria,1969,37.827484,152.45494,311.63147,1305.7053,1807.619194,2.09,8.43,17.24,72.23
Algeria,1970,36.45124,151.26198,322.4016,1275.1432,1785.25802,2.04,8.47,18.06,71.43
Algeria,1971,38.76529,152.57675,325.66058,1324.884,1841.88662,2.1,8.28,17.68,71.93
Algeria,1972,40.771744,168.72105,348.94678,1429.6132,1988.052774,2.05,8.49,17.55,71.91
Algeria,1973,40.306335,173.69699,323.82083,1459.1519,1996.976055,2.02,8.7,16.22,73.07
Algeria,1974,45.618774,180.3543,409.59515,1511.1976,2146.765824,2.13,8.4,19.08,70.39
Algeria,1975,46.083042,189.61478,363.82202,1610.1472,2209.667042,2.09,8.58,16.47,72.87
Algeria,1976,48.65484,187.15022,332.8827,1590.8191,2159.50686,2.25,8.67,15.41,73.67
Algeria,1977,52.497803,187.46822,458.16263,1613.8259,2311.954553,2.27,8.11,19.82,69.8
Algeria,1978,52.64673,203.42496,479.66327,1718.5995,2454.33446,2.15,8.29,19.54,70.02
Algeria,1979,51.556114,208.77922,506.50427,1793.1666,2560.0062040000003,2.01,8.16,19.79,70.05
Algeria,1980,57.81652,217.11546,543.14453,1867.5657,2685.64221,2.15,8.08,20.22,69.54
Algeria,1981,63.55241,208.22932,635.89026,1808.6812,2716.35319,2.34,7.67,23.41,66.58
Algeria,1982,67.67564,206.62178,637.5785,1773.831,2685.7069199999996,2.52,7.69,23.74,66.05
Algeria,1983,73.17243,207.62103,583.6054,1799.6951,2664.09396,2.75,7.79,21.91,67.55
Algeria,1984,71.26516,204.17406,566.97656,1760.7825,2603.19828,2.74,7.84,21.78,67.64
Algeria,1985,75.94735,213.01797,581.128,1842.4187,2712.51202,2.8,7.85,21.42,67.92
Algeria,1986,70.331,224.69492,505.28412,1918.3411,2718.65114,2.59,8.26,18.59,70.56
Algeria,1987,74.85766,221.88618,517.47266,1904.5918,2718.8082999999997,2.75,8.16,19.03,70.05
Algeria,1988,72.84687,227.0525,594.0759,1890.9817,2784.95697,2.62,8.15,21.33,67.9
Algeria,1989,76.789566,230.69933,622.386,1921.8779,2851.7527959999998,2.69,8.09,21.82,67.39
Algeria,1990,78.29885,226.45865,643.5459,1899.533,2847.8364,2.75,7.95,22.6,66.7
Algeria,1991,75.75223,229.90596,621.23035,1901.4019,2828.29044,2.68,8.13,21.96,67.23
Algeria,1992,76.64318,239.73224,676.66656,1969.5292,2962.57118,2.59,8.09,22.84,66.48
Algeria,1993,85.47431,236.76797,659.5457,1975.747,2957.5349800000004,2.89,8.01,22.3,66.8
Algeria,1994,81.6588,232.76883,618.75104,1915.6002,2848.77887,2.87,8.17,21.72,67.24
Algeria,1995,77.43155,234.354,637.5747,1918.2843,2867.64455,2.7,8.17,22.23,66.89
Algeria,1996,66.16004,243.25842,569.90564,1982.4984,2861.8224999999998,2.31,8.5,19.91,69.27
Algeria,1997,69.10382,230.37343,602.54517,1901.7297,2803.75212,2.46,8.22,21.49,67.83
Algeria,1998,74.69626,248.0441,594.00146,1946.3688,2863.11062,2.61,8.66,20.75,67.98
Algeria,1999,73.15516,251.44522,615.72266,1977.4678,2917.7908399999997,2.51,8.62,21.1,67.77
Algeria,2000,76.69089,234.75294,605.0492,1969.6382,2886.13123,2.66,8.13,20.96,68.24
Algeria,2001,79.053406,238.39159,645.72595,1998.2122,2961.383146,2.67,8.05,21.8,67.48
Algeria,2002,82.19477,245.72255,604.11926,2068.7087,3000.74528,2.74,8.19,20.13,68.94
Algeria,2003,81.605484,255.44281,562.9302,2146.339,3046.317494,2.68,8.39,18.48,70.46
Algeria,2004,89.46661,252.85292,588.8552,2132.103,3063.27773,2.92,8.25,19.22,69.6
Algeria,2005,89.64851,255.44696,568.2936,2120.7102,3034.0992699999997,2.95,8.42,18.73,69.9
Algeria,2006,89.8198,253.90105,634.178,2149.1687,3127.06755,2.87,8.12,20.28,68.73
Algeria,2007,89.966576,251.70932,620.0242,2160.0293,3121.729396,2.88,8.06,19.86,69.19
Algeria,2008,87.50426,254.9608,620.759,2164.2322,3127.45626,2.8,8.15,19.85,69.2
Algeria,2009,93.41171,261.41336,603.7727,2229.62,3188.2177699999997,2.93,8.2,18.94,69.93
Algeria,2010,106.33585,254.12804,791.8713,2060.807,3213.1421899999996,3.31,7.91,24.64,64.14
Algeria,2011,111.819084,253.34569,878.0353,2073.8025,3317.0025739999996,3.37,7.64,26.47,62.52
Algeria,2012,115.84131,260.0293,827.35876,2126.565,3329.79437,3.48,7.81,24.85,63.86
Algeria,2013,117.00678,258.26962,913.90533,2116.1628,3405.3445300000003,3.44,7.58,26.84,62.14
Algeria,2014,120.69488,254.79591,912.21124,2110.4995,3398.20153,3.55,7.5,26.84,62.11
Algeria,2015,117.78124,257.45874,875.6818,2133.283,3384.20478,3.48,7.61,25.88,63.04
Algeria,2016,118.77441,252.28204,938.5034,2103.7134,3413.27325,3.48,7.39,27.5,61.63
Algeria,2017,114.34367,250.39568,902.9874,2082.1445,3349.87125,3.41,7.47,26.96,62.16
Algeria,2018,108.14916,264.86877,817.7178,2155.3188,3346.05453,3.23,7.92,24.44,64.41
Algeria,2019,110.47595,268.10147,861.03186,2191.4978,3431.10708,3.22,7.81,25.09,63.87
Algeria,2020,106.31551,264.9995,891.2212,2194.9478,3457.48401,3.07,7.66,25.78,63.48
Algeria,2021,101.539825,275.04974,879.74866,2197.22,3453.5582249999998,2.94,7.96,25.47,63.62
Algeria,2022,104.938286,273.0291,871.1319,2175.4062,3424.505486,3.06,7.97,25.44,63.52
Angola,1961,28.46361,111.22174,246.64328,1328.7373,1715.06593,1.66,6.48,14.38,77.47
Angola,1962,30.702265,113.45987,278.9174,1326.5264,1749.605935,1.75,6.48,15.94,75.82
Angola,1963,30.29683,115.75639,258.44437,1392.5583,1797.0558899999999,1.69,6.44,14.38,77.49
Angola,1964,35.963997,121.02667,268.43997,1394.2695,1819.7001370000003,1.98,6.65,14.75,76.62
Angola,1965,36.68636,116.55399,275.88577,1417.985,1847.11112,1.99,6.31,14.94,76.77
Angola,1966,37.471558,116.93027,280.91785,1436.2776,1871.5972779999997,2.0,6.25,15.01,76.74
Angola,1967,42.555256,121.33029,283.48254,1466.2238,1913.591886,2.22,6.34,14.81,76.62
Angola,1968,43.574184,114.08659,284.02393,1418.3357,1860.020404,2.34,6.13,15.27,76.25
Angola,1969,43.39807,120.06127,284.58032,1515.9755,1964.01516,2.21,6.11,14.49,77.19
Angola,1970,47.482838,120.12509,291.88574,1530.7745,1990.268168,2.39,6.04,14.67,76.91
Angola,1971,42.56767,124.51245,303.23407,1551.0442,2021.3583899999999,2.11,6.16,15.0,76.73
Angola,1972,35.8393,121.05274,293.90228,1509.315,1960.10932,1.83,6.18,14.99,77.0
Angola,1973,35.947693,115.2464,291.01596,1453.1597,1895.369753,1.9,6.08,15.35,76.67
Angola,1974,37.16606,117.21605,289.29025,1393.0518,1836.72416,2.02,6.38,15.75,75.84
Angola,1975,35.116074,124.05092,282.6941,1360.4666,1802.327694,1.95,6.88,15.68,75.48
Angola,1976,41.000584,119.53692,300.31485,1355.3004,1816.1527540000002,2.26,6.58,16.54,74.62
Angola,1977,52.53637,119.40083,363.9051,1328.6831,1864.5254,2.82,6.4,19.52,71.26
Angola,1978,52.566624,121.06253,390.49487,1323.6853,1887.809324,2.78,6.41,20.69,70.12
Angola,1979,51.142307,119.74692,400.79388,1282.037,1853.720107,2.76,6.46,21.62,69.16
Angola,1980,51.114754,122.09704,386.76895,1286.9108,1846.891544,2.77,6.61,20.94,69.68
Angola,1981,57.25412,114.133545,371.71152,1223.6101,1766.7092850000001,3.24,6.46,21.04,69.26
Angola,1982,63.11226,103.352875,345.826,1132.895,1645.186135,3.84,6.28,21.02,68.86
Angola,1983,62.17755,101.136665,338.6022,1114.1766,1616.093015,3.85,6.26,20.95,68.94
Angola,1984,66.657326,93.797455,328.56134,1070.2361,1559.2522210000002,4.27,6.02,21.07,68.64
Angola,1985,77.41272,90.94512,319.99484,1075.288,1563.64068,4.95,5.82,20.46,68.77
Angola,1986,63.357044,87.33197,321.75854,1038.8552,1511.3027539999998,4.19,5.78,21.29,68.74
Angola,1987,65.13763,83.27999,316.8902,1021.0543,1486.36212,4.38,5.6,21.32,68.69
Angola,1988,64.12169,79.49357,332.95825,971.3064,1447.87991,4.43,5.49,23.0,67.08
Angola,1989,62.78237,74.05101,343.77374,937.80945,1418.4165699999999,4.43,5.22,24.24,66.12
Angola,1990,55.037357,81.70274,362.3826,959.474,1458.596697,3.77,5.6,24.84,65.78
Angola,1991,41.713642,78.252945,337.5456,969.85986,1427.372047,2.92,5.48,23.65,67.95
Angola,1992,39.4999,80.73568,328.3186,990.6239,1439.1780800000001,2.74,5.61,22.81,68.83
Angola,1993,37.483826,80.889885,297.53897,970.66974,1386.582421,2.7,5.83,21.46,70.0
Angola,1994,35.061382,91.28722,273.11716,1057.5845,1457.050262,2.41,6.27,18.74,72.58
Angola,1995,33.293804,90.9041,285.5686,1080.8911,1490.657604,2.23,6.1,19.16,72.51
Angola,1996,35.60496,94.51307,305.41885,1085.4944,1521.0312800000002,2.34,6.21,20.08,71.37
Angola,1997,37.133083,97.50925,293.83646,1082.6702,1511.148993,2.46,6.45,19.44,71.65
Angola,1998,36.43445,92.55945,297.80222,1091.56,1518.35612,2.4,6.1,19.61,71.89
Angola,1999,37.427113,92.61916,292.29367,1134.2484,1556.588343,2.4,5.95,18.78,72.87
Angola,2000,41.341263,94.41079,300.10248,1104.9845,1540.839033,2.68,6.13,19.48,71.71
Angola,2001,43.29117,95.00006,304.4297,1131.7375,1574.4584300000001,2.75,6.03,19.34,71.88
Angola,2002,47.66547,100.03907,309.44754,1188.1143,1645.26638,2.9,6.08,18.81,72.21
Angola,2003,46.580124,102.20126,334.44876,1220.9836,1704.2137440000001,2.73,6.0,19.62,71.64
Angola,2004,43.60086,104.003006,332.95908,1263.1279,1743.690846,2.5,5.96,19.1,72.44
Angola,2005,45.45262,107.61123,348.63873,1279.5255,1781.2280799999999,2.55,6.04,19.57,71.83
Angola,2006,47.357616,109.60002,350.46002,1305.243,1812.660656,2.61,6.05,19.33,72.01
Angola,2007,51.25031,112.082344,360.5168,1328.5612,1852.410654,2.77,6.05,19.46,71.72
Angola,2008,54.38539,119.83797,369.8512,1361.2812,1905.35576,2.85,6.29,19.41,71.44
Angola,2009,49.954742,123.958015,373.90063,1396.8413,1944.654687,2.57,6.37,19.23,71.83
Angola,2010,64.95296,127.94007,487.9897,1749.6174,2430.5001300000004,2.67,5.26,20.08,71.99
Angola,2011,73.76407,130.94025,513.50366,1776.458,2494.6659799999998,2.96,5.25,20.58,71.21
Angola,2012,82.27573,128.37575,482.96973,1746.7286,2440.3498099999997,3.37,5.26,19.79,71.58
Angola,2013,82.62133,133.62512,504.182,1796.6741,2517.10255,3.28,5.31,20.03,71.38
Angola,2014,98.92193,138.95415,561.55975,1750.0712,2549.50703,3.88,5.45,22.03,68.64
Angola,2015,75.31958,140.2902,524.0505,1729.6232,2469.28348,3.05,5.68,21.22,70.05
Angola,2016,67.29474,135.26881,512.1433,1713.2588,2427.96565,2.77,5.57,21.09,70.56
Angola,2017,70.69878,140.39842,526.6739,1711.1782,2448.9493,2.89,5.73,21.51,69.87
Angola,2018,68.38845,140.41415,502.90088,1738.8094,2450.51288,2.79,5.73,20.52,70.96
Angola,2019,61.118458,133.62917,490.0769,1740.1671,2424.9916279999998,2.52,5.51,20.21,71.76
Angola,2020,55.842228,133.62961,464.26596,1741.3921,2395.129898,2.33,5.58,19.38,72.71
Angola,2021,58.911148,134.64833,458.17004,1749.0596,2400.789118,2.45,5.61,19.08,72.85
Angola,2022,64.31688,132.06932,472.15976,1763.1414,2431.68736,2.64,5.43,19.42,72.51
Antigua and Barbuda,1961,124.1339,104.32075,435.63644,1289.9766,1954.0676899999999,6.35,5.34,22.29,66.01
Antigua and Barbuda,1962,126.76811,98.66257,515.0468,1394.762,2135.23948,5.94,4.62,24.12,65.32
Antigua and Barbuda,1963,119.34954,97.69243,490.90442,1304.7529,2012.69929,5.93,4.85,24.39,64.83
Antigua and Barbuda,1964,120.466545,109.42411,508.7021,1387.8757,2126.468455,5.67,5.15,23.92,65.27
Antigua and Barbuda,1965,118.98907,111.70239,530.67645,1462.6709,2224.03881,5.35,5.02,23.86,65.77
Antigua and Barbuda,1966,126.00092,100.66444,555.45844,1394.7294,2176.8532,5.79,4.62,25.52,64.07
Antigua and Barbuda,1967,117.15904,73.0639,555.2917,1219.5474,1965.0620399999998,5.96,3.72,28.26,62.06
Antigua and Barbuda,1968,107.93348,78.39126,545.5779,1282.1064,2014.00904,5.36,3.89,27.09,63.66
Antigua and Barbuda,1969,131.03816,81.27175,539.28326,1310.3014,2061.8945700000004,6.36,3.94,26.15,63.55
Antigua and Barbuda,1970,137.03726,88.18751,659.56244,1372.2972,2257.08441,6.07,3.91,29.22,60.8
Antigua and Barbuda,1971,135.79893,87.73069,660.6733,1324.3661,2208.56902,6.15,3.97,29.91,59.96
Antigua and Barbuda,1972,137.72423,89.09127,613.597,1189.7648,2030.1772999999998,6.78,4.39,30.22,58.6
Antigua and Barbuda,1973,131.9444,84.326004,554.2616,1199.0764,1969.608404,6.7,4.28,28.14,60.88
Antigua and Barbuda,1974,128.49338,89.18243,551.7435,1169.2317,1938.65101,6.63,4.6,28.46,60.31
Antigua and Barbuda,1975,133.89786,91.86016,595.4368,1186.6243,2007.8191199999999,6.67,4.58,29.66,59.1
Antigua and Barbuda,1976,132.85217,89.930016,530.0248,1214.2749,1967.081886,6.75,4.57,26.94,61.73
Antigua and Barbuda,1977,139.66006,89.61228,483.09708,1163.874,1876.24342,7.44,4.78,25.75,62.03
Antigua and Barbuda,1978,148.99496,79.11197,526.718,1075.4436,1830.26853,8.14,4.32,28.78,58.76
Antigua and Barbuda,1979,158.09453,78.80418,593.9815,1097.2366,1928.11681,8.2,4.09,30.81,56.91
Antigua and Barbuda,1980,181.99696,87.02503,683.0749,1187.7026,2139.7994900000003,8.51,4.07,31.92,55.51
Antigua and Barbuda,1981,187.03058,84.26558,717.1564,1226.4541,2214.9066599999996,8.44,3.8,32.38,55.37
Antigua and Barbuda,1982,182.9401,83.11584,686.08936,1126.859,2079.0043,8.8,4.0,33.0,54.2
Antigua and Barbuda,1983,184.73354,89.81033,709.00085,1135.9456,2119.49032,8.72,4.24,33.45,53.6
Antigua and Barbuda,1984,204.85051,102.23929,827.26416,1188.1392,2322.49316,8.82,4.4,35.62,51.16
Antigua and Barbuda,1985,222.53876,96.26172,773.2425,1147.8616,2239.90458,9.94,4.3,34.52,51.25
Antigua and Barbuda,1986,226.13974,94.49468,793.99817,1125.3164,2239.94899,10.1,4.22,35.45,50.24
Antigua and Barbuda,1987,225.3133,95.999626,809.5311,1102.5369,2233.380926,10.09,4.3,36.25,49.37
Antigua and Barbuda,1988,232.54955,97.212685,833.9861,1178.4315,2342.179835,9.93,4.15,35.61,50.31
Antigua and Barbuda,1989,233.69759,102.154526,893.5582,1208.8579,2438.268216,9.58,4.19,36.65,49.58
Antigua and Barbuda,1990,218.28658,106.07437,865.9659,1236.3212,2426.64805,9.0,4.37,35.69,50.95
Antigua and Barbuda,1991,203.19911,105.84674,934.9176,1233.8446,2477.8080499999996,8.2,4.27,37.73,49.8
Antigua and Barbuda,1992,226.15134,109.65032,861.7786,1293.1772,2490.75746,9.08,4.4,34.6,51.92
Antigua and Barbuda,1993,203.0971,106.82432,796.7495,1249.5333,2356.20422,8.62,4.53,33.81,53.03
Antigua and Barbuda,1994,206.10448,103.33304,678.63446,1273.3408,2261.4127799999997,9.11,4.57,30.01,56.31
Antigua and Barbuda,1995,197.39233,100.47178,654.3933,1230.3502,2182.60761,9.04,4.6,29.98,56.37
Antigua and Barbuda,1996,204.84566,96.045296,680.44495,1221.6301,2202.966006,9.3,4.36,30.89,55.45
Antigua and Barbuda,1997,209.74278,92.72797,699.6258,1190.4111,2192.50765,9.57,4.23,31.91,54.29
Antigua and Barbuda,1998,202.42882,94.01694,701.04785,1204.6458,2202.1394099999998,9.19,4.27,31.83,54.7
Antigua and Barbuda,1999,203.8667,94.213,719.3547,1209.9061,2227.3405,9.15,4.23,32.3,54.32
Antigua and Barbuda,2000,199.03902,96.29038,704.8031,1239.421,2239.5535,8.89,4.3,31.47,55.34
Antigua and Barbuda,2001,198.32863,88.774086,682.4508,1196.767,2166.3205159999998,9.16,4.1,31.5,55.24
Antigua and Barbuda,2002,200.3896,86.813324,688.9379,1173.4136,2149.554424,9.32,4.04,32.05,54.59
Antigua and Barbuda,2003,203.73563,88.403366,693.8353,1168.9617,2154.935996,9.45,4.1,32.2,54.25
Antigua and Barbuda,2004,199.48396,91.633385,699.6634,1205.1688,2195.949545,9.08,4.17,31.86,54.88
Antigua and Barbuda,2005,240.13773,107.84504,764.93835,1318.3274,2431.24852,9.88,4.44,31.46,54.22
Antigua and Barbuda,2006,232.33325,104.58704,765.3955,1295.9749,2398.29069,9.69,4.36,31.91,54.04
Antigua and Barbuda,2007,243.52895,100.743645,786.183,1349.0557,2479.511295,9.82,4.06,31.71,54.41
Antigua and Barbuda,2008,246.34412,103.54247,765.18463,1325.8073,2440.87852,10.09,4.24,31.35,54.32
Antigua and Barbuda,2009,240.56859,100.536736,763.7153,1268.5249,2373.345526,10.14,4.24,32.18,53.45
Antigua and Barbuda,2010,280.64316,104.41227,833.45953,1120.322,2338.8369599999996,12.0,4.46,35.64,47.9
Antigua and Barbuda,2011,251.53871,118.15124,834.78735,1175.1907,2379.668,10.57,4.97,35.08,49.38
Antigua and Barbuda,2012,264.57388,129.25165,854.7192,1174.5317,2423.07643,10.92,5.33,35.27,48.47
Antigua and Barbuda,2013,246.8645,119.0886,855.1575,1235.4888,2456.5994,10.05,4.85,34.81,50.29
Antigua and Barbuda,2014,247.05188,119.442604,853.5782,1196.85,2416.922684,10.22,4.94,35.32,49.52
Antigua and Barbuda,2015,255.78963,117.38787,855.13806,1197.2477,2425.56326,10.55,4.84,35.26,49.36
Antigua and Barbuda,2016,215.70296,120.11694,830.45636,1246.1127,2412.38896,8.94,4.98,34.42,51.65
Antigua and Barbuda,2017,260.8409,121.15076,844.33734,1227.3364,2453.6654,10.63,4.94,34.41,50.02
Antigua and Barbuda,2018,255.26428,126.82562,859.88367,1253.2852,2495.2587700000004,10.23,5.08,34.46,50.23
Antigua and Barbuda,2019,250.79622,123.703545,838.9933,1262.3026,2475.795665,10.13,5.0,33.89,50.99
Antigua and Barbuda,2020,244.25958,115.16653,842.58655,1248.4044,2450.4170599999998,9.97,4.7,34.39,50.95
Antigua and Barbuda,2021,262.34406,120.488434,884.1843,1199.4014,2466.418194,10.64,4.89,35.85,48.63
Antigua and Barbuda,2022,267.52777,121.0745,879.1743,1215.948,2483.7245700000003,10.77,4.87,35.4,48.96
Argentina,1961,264.29523,163.37442,852.95276,1859.2893,3139.91171,8.42,5.2,27.16,59.21
Argentina,1962,267.03006,152.31143,901.95404,1789.2043,3110.4998299999997,8.58,4.9,29.0,57.52
Argentina,1963,267.63013,154.13168,910.9764,1727.8826,3060.62081,8.74,5.04,29.76,56.46
Argentina,1964,228.86765,156.62766,857.55756,1860.4425,3103.49537,7.37,5.05,27.63,59.95
Argentina,1965,237.45222,165.86974,915.64087,1890.1506,3209.11343,7.4,5.17,28.53,58.9
Argentina,1966,261.95264,142.64148,1010.2462,1749.2216,3164.06192,8.28,4.51,31.93,55.28
Argentina,1967,262.98764,146.74823,1013.3718,1814.973,3238.08067,8.12,4.53,31.3,56.05
Argentina,1968,276.97003,148.67691,1036.4064,1820.6587,3282.71204,8.44,4.53,31.57,55.46
Argentina,1969,287.18884,147.49164,1060.5657,1823.4163,3318.66248,8.65,4.44,31.96,54.94
Argentina,1970,270.8175,154.44873,1003.39453,1918.438,3347.09876,8.09,4.61,29.98,57.32
Argentina,1971,241.28702,148.21228,946.4507,1852.985,3188.935,7.57,4.65,29.68,58.11
Argentina,1972,230.92038,139.7189,917.4861,1789.472,3077.59738,7.5,4.54,29.81,58.15
Argentina,1973,239.20366,139.53548,958.44556,1693.131,3030.3157,7.89,4.6,31.63,55.87
Argentina,1974,262.86325,145.85608,957.78485,1853.8124,3220.3165799999997,8.16,4.53,29.74,57.57
Argentina,1975,283.41006,141.70503,1042.7472,1815.7772,3283.63949,8.63,4.32,31.76,55.3
Argentina,1976,282.7138,139.66402,1022.72144,1766.3668,3211.4660599999997,8.8,4.35,31.85,55.0
Argentina,1977,281.16827,140.54385,1020.2722,1751.4104,3193.3947200000002,8.8,4.4,31.95,54.84
Argentina,1978,290.51254,139.0195,1039.6888,1776.955,3246.17584,8.95,4.28,32.03,54.74
Argentina,1979,288.45615,139.2242,1033.5408,1757.1328,3218.3539499999997,8.96,4.33,32.11,54.6
Argentina,1980,290.80154,136.76749,1054.7278,1752.218,3234.51483,8.99,4.23,32.61,54.17
Argentina,1981,285.90204,140.2228,1054.4694,1728.1208,3208.71504,8.91,4.37,32.86,53.86
Argentina,1982,251.56223,139.27127,970.2083,1705.8125,3066.8543,8.2,4.54,31.64,55.62
Argentina,1983,246.40588,133.79869,924.86334,1689.3787,2994.44661,8.23,4.47,30.89,56.42
Argentina,1984,256.36554,136.10912,941.9752,1701.9844,3036.43426,8.44,4.48,31.02,56.05
Argentina,1985,275.71268,138.21637,978.2359,1723.2443,3115.4092499999997,8.85,4.44,31.4,55.31
Argentina,1986,252.38942,134.61035,957.91437,1681.52,3026.43414,8.34,4.45,31.65,55.56
Argentina,1987,264.20966,138.11777,984.61346,1705.427,3092.36789,8.54,4.47,31.84,55.15
Argentina,1988,244.95876,142.5367,948.9209,1669.1881,3005.60446,8.15,4.74,31.57,55.54
Argentina,1989,243.19713,137.76784,928.76654,1640.0552,2949.7867100000003,8.24,4.67,31.49,55.6
Argentina,1990,233.74245,132.07027,892.9982,1640.5596,2899.37052,8.06,4.56,30.8,56.58
Argentina,1991,240.59071,137.9923,938.5247,1678.8301,2995.93781,8.03,4.61,31.33,56.04
Argentina,1992,253.93335,135.78131,992.72186,1678.8511,3061.28762,8.29,4.44,32.43,54.84
Argentina,1993,264.51498,137.0307,1029.3114,1667.7473,3098.6043799999998,8.54,4.42,33.22,53.82
Argentina,1994,262.76196,138.45688,1037.9794,1696.2557,3135.45394,8.38,4.42,33.1,54.1
Argentina,1995,254.86617,141.23915,1016.1174,1729.405,3141.62772,8.11,4.5,32.34,55.05
Argentina,1996,255.3913,142.98734,1001.0901,1734.3372,3133.80594,8.15,4.56,31.94,55.34
Argentina,1997,256.75308,144.28214,990.8822,1717.7139,3109.63132,8.26,4.64,31.86,55.24
Argentina,1998,261.3307,145.81468,1025.2594,1707.6539,3140.05868,8.32,4.64,32.65,54.38
Argentina,1999,272.1558,146.51794,1065.54,1755.9724,3240.18614,8.4,4.52,32.89,54.19
Argentina,2000,268.6564,147.00142,1039.6503,1777.4535,3232.76162,8.31,4.55,32.16,54.98
Argentina,2001,255.07277,146.25967,1019.8849,1760.753,3181.97034,8.02,4.6,32.05,55.34
Argentina,2002,216.05579,141.80763,883.20074,1704.5214,2945.58556,7.33,4.81,29.98,57.87
Argentina,2003,222.30069,143.52309,879.84467,1727.7612,2973.42965,7.48,4.83,29.59,58.11
Argentina,2004,219.89064,142.35649,900.1501,1726.0625,2988.45973,7.36,4.76,30.12,57.76
Argentina,2005,240.30374,138.48213,949.9212,1733.2341,3061.94117,7.85,4.52,31.02,56.61
Argentina,2006,246.28116,140.47905,950.4477,1727.0381,3064.24601,8.04,4.58,31.02,56.36
Argentina,2007,249.2151,139.33086,979.6701,1722.8925,3091.10856,8.06,4.51,31.69,55.74
Argentina,2008,250.79128,139.25433,983.07385,1726.4377,3099.55716,8.09,4.49,31.72,55.7
Argentina,2009,248.16873,137.30984,978.0681,1704.7642,3068.3108700000003,8.09,4.48,31.88,55.56
Argentina,2010,249.69469,161.37976,917.0337,1736.0071,3064.11525,8.15,5.27,29.93,56.66
Argentina,2011,251.36942,158.35956,927.71075,1717.638,3055.07773,8.23,5.18,30.37,56.22
Argentina,2012,259.98285,152.16081,1000.66724,1673.162,3085.9728999999998,8.42,4.93,32.43,54.22
Argentina,2013,267.3356,157.47874,979.7527,1712.7357,3117.30274,8.58,5.05,31.43,54.94
Argentina,2014,265.4007,154.19995,1039.685,1697.135,3156.42065,8.41,4.89,32.94,53.77
Argentina,2015,284.39432,158.35503,1049.2861,1717.9769,3210.01235,8.86,4.93,32.69,53.52
Argentina,2016,276.68985,155.61317,1037.1393,1681.3264,3150.76872,8.78,4.94,32.92,53.36
Argentina,2017,282.61743,156.5278,1037.315,1701.9912,3178.45143,8.89,4.92,32.64,53.55
Argentina,2018,290.542,159.73247,1062.4397,1707.387,3220.10117,9.02,4.96,32.99,53.02
Argentina,2019,285.34668,171.36722,1139.7153,1656.762,3253.1912,8.77,5.27,35.03,50.93
Argentina,2020,297.96863,172.4431,1177.1753,1649.5604,3297.14743,9.04,5.23,35.7,50.03
Argentina,2021,296.88757,183.05669,1229.1577,1633.3313,3342.43326,8.88,5.48,36.77,48.87
Argentina,2022,295.98633,187.58229,1241.1943,1630.1299,3354.89282,8.82,5.59,37.0,48.59
Armenia,1992,73.154785,172.41972,273.66418,1589.6584,2108.897085,3.47,8.18,12.98,75.38
Armenia,1993,52.73658,175.73654,241.44257,1578.4573,2048.37299,2.57,8.58,11.79,77.06
Armenia,1994,75.410675,165.44977,342.2522,1549.5074,2132.620045,3.54,7.76,16.05,72.66
Armenia,1995,63.806446,176.41292,384.03723,1587.6871,2211.9436960000003,2.88,7.98,17.36,71.78
Armenia,1996,66.27262,178.72702,384.19345,1616.0242,2245.21729,2.95,7.96,17.11,71.98
Armenia,1997,68.86455,182.04059,385.40558,1615.997,2252.30772,3.06,8.08,17.11,71.75
Armenia,1998,72.03384,185.32413,334.98062,1658.7188,2251.05739,3.2,8.23,14.88,73.69
Armenia,1999,74.9852,184.8645,336.90588,1638.3425,2235.0980799999998,3.35,8.27,15.07,73.3
Armenia,2000,78.101494,179.07443,366.24835,1577.1168,2200.5410739999998,3.55,8.14,16.64,71.67
Armenia,2001,81.15553,177.78815,381.00433,1581.4117,2221.35971,3.65,8.0,17.15,71.19
Armenia,2002,94.174446,170.27983,437.42657,1550.7671,2252.647946,4.18,7.56,19.42,68.84
Armenia,2003,102.18132,178.14796,516.9108,1632.4133,2429.6533799999997,4.21,7.33,21.28,67.19
Armenia,2004,104.68142,195.90724,504.1348,1752.2427,2556.96616,4.09,7.66,19.72,68.53
Armenia,2005,120.547646,189.82744,568.73016,1796.6112,2675.716446,4.51,7.09,21.26,67.15
Armenia,2006,126.21305,198.71928,600.4962,1843.2649,2768.69343,4.56,7.18,21.69,66.58
Armenia,2007,140.5556,190.00739,693.1088,1751.457,2775.12879,5.06,6.85,24.98,63.11
Armenia,2008,155.77252,196.64671,739.2657,1793.8481,2885.5330299999996,5.4,6.81,25.62,62.17
Armenia,2009,153.00204,187.94746,706.19354,1793.4714,2840.61444,5.39,6.62,24.86,63.14
Armenia,2010,171.97006,220.38063,847.235,1924.4403,3164.02599,5.44,6.97,26.78,60.82
Armenia,2011,179.27292,226.28546,855.87494,1902.345,3163.7783200000003,5.67,7.15,27.05,60.13
Armenia,2012,182.017,222.62477,861.3496,1874.0911,3140.0824700000003,5.8,7.09,27.43,59.68
Armenia,2013,187.67534,227.62485,889.5716,1874.0035,3178.87529,5.9,7.16,27.98,58.95
Armenia,2014,200.86386,220.24617,946.8745,1814.4695,3182.45403,6.31,6.92,29.75,57.01
Armenia,2015,203.35524,227.08461,931.32874,1805.3737,3167.1422900000002,6.42,7.17,29.41,57.0
Armenia,2016,204.42563,224.69145,939.53314,1758.4039,3127.05412,6.54,7.19,30.05,56.23
Armenia,2017,213.09285,208.67053,975.73627,1667.7888,3065.28845,6.95,6.81,31.83,54.41
Armenia,2018,208.60521,205.52487,967.67474,1714.7933,3096.59812,6.74,6.64,31.25,55.38
Armenia,2019,215.31935,202.80893,1003.9042,1715.3575,3137.38998,6.86,6.46,32.0,54.67
Armenia,2020,205.43845,211.06743,962.99274,1741.685,3121.18362,6.58,6.76,30.85,55.8
Armenia,2021,220.45439,203.10742,999.7459,1715.8823,3139.1900100000003,7.02,6.47,31.85,54.66
Armenia,2022,216.31236,206.93097,1021.963,1717.4304,3162.63673,6.84,6.54,32.31,54.3
Australia,1961,271.66064,147.68425,1001.45636,1668.614,3089.41525,8.79,4.78,32.42,54.01
Australia,1962,282.37228,148.45512,1004.40857,1673.016,3108.2519700000003,9.08,4.78,32.31,53.82
Australia,1963,281.99655,153.51506,1007.3003,1720.3168,3163.12871,8.92,4.85,31.85,54.39
Australia,1964,289.6956,150.82068,993.9483,1707.7997,3142.2642800000003,9.22,4.8,31.63,54.35
Australia,1965,285.3854,146.25601,993.2638,1672.9758,3097.88101,9.21,4.72,32.06,54.0
Australia,1966,286.386,160.40834,998.31866,1738.518,3183.6310000000003,9.0,5.04,31.36,54.61
Australia,1967,273.054,155.3471,998.39923,1722.7307,3149.53103,8.67,4.93,31.7,54.7
Australia,1968,282.41492,154.01476,1014.4659,1747.8567,3198.7522799999997,8.83,4.81,31.71,54.64
Australia,1969,285.73364,151.09412,1039.2296,1743.8969,3219.9542599999995,8.87,4.69,32.27,54.16
Australia,1970,279.62253,153.31097,1049.6907,1753.0077,3235.6319000000003,8.64,4.74,32.44,54.18
Australia,1971,288.80194,151.76671,1042.7283,1737.1926,3220.4895500000002,8.97,4.71,32.38,53.94
Australia,1972,294.06155,148.09549,1084.711,1708.4519,3235.3199400000003,9.09,4.58,33.53,52.81
Australia,1973,287.14685,137.41827,1042.426,1638.6538,3105.6449199999997,9.25,4.42,33.57,52.76
Australia,1974,258.34445,144.37837,974.19385,1642.3041,3019.22077,8.56,4.78,32.27,54.39
Australia,1975,306.57925,141.39041,1017.29114,1627.5298,3092.7906000000003,9.91,4.57,32.89,52.62
Australia,1976,314.6257,136.48055,1007.8748,1657.8186,3116.79965,10.09,4.38,32.34,53.19
Australia,1977,304.5828,136.9622,989.2437,1642.0155,3072.8042,9.91,4.46,32.19,53.44
Australia,1978,309.00186,134.2982,992.56445,1586.5449,3022.40941,10.22,4.44,32.84,52.49
Australia,1979,284.66052,136.23068,997.13184,1590.7711,3008.79414,9.46,4.53,33.14,52.87
Australia,1980,275.7907,136.11696,1008.7082,1636.5807,3057.1965600000003,9.02,4.45,32.99,53.53
Australia,1981,275.17514,137.76695,1012.98175,1632.5742,3058.49804,9.0,4.5,33.12,53.38
Australia,1982,282.80746,141.78145,1040.4894,1620.1991,3085.2774099999997,9.17,4.6,33.72,52.51
Australia,1983,275.37903,137.68951,1015.88745,1589.958,3018.91399,9.12,4.56,33.65,52.67
Australia,1984,273.58026,151.34311,1013.05524,1630.8904,3068.8690100000003,8.91,4.93,33.01,53.14
Australia,1985,278.2126,150.0952,1055.8616,1628.0223,3112.1917000000003,8.94,4.82,33.93,52.31
Australia,1986,279.60654,145.87473,1083.6951,1569.4915,3078.66787,9.08,4.74,35.2,50.98
Australia,1987,282.41223,150.86244,1110.2665,1565.2728,3108.81397,9.08,4.85,35.71,50.35
Australia,1988,281.25735,151.22482,1106.4163,1574.9653,3113.86377,9.03,4.86,35.53,50.58
Australia,1989,285.33005,145.442,1135.916,1562.9121,3129.60015,9.12,4.65,36.3,49.94
Australia,1990,288.8259,150.38274,1155.6929,1573.638,3168.5395399999998,9.12,4.75,36.47,49.66
Australia,1991,282.2925,142.4639,1151.6398,1538.9635,3115.3597,9.06,4.57,36.97,49.4
Australia,1992,283.23306,133.3261,1184.203,1520.6348,3121.39696,9.07,4.27,37.94,48.72
Australia,1993,281.03378,131.05576,1164.3799,1465.8962,3042.36564,9.24,4.31,38.27,48.18
Australia,1994,284.45477,137.94174,1149.4645,1486.1681,3058.0291100000004,9.3,4.51,37.59,48.6
Australia,1995,276.99872,154.72505,1130.3002,1541.8921,3103.91607,8.92,4.98,36.42,49.68
Australia,1996,276.26822,147.2709,1126.4421,1532.6895,3082.67072,8.96,4.78,36.54,49.72
Australia,1997,270.52722,146.73956,1147.2229,1541.2368,3105.7264800000003,8.71,4.72,36.94,49.63
Australia,1998,271.46817,135.915,1129.0773,1493.5874,3030.04787,8.96,4.49,37.26,49.29
Australia,1999,274.44858,133.1794,1181.5898,1443.4409,3032.65868,9.05,4.39,38.96,47.6
Australia,2000,273.27603,134.60464,1177.8309,1425.0759,3010.78747,9.08,4.47,39.12,47.33
Australia,2001,272.33966,133.31198,1215.9285,1445.5618,3067.14194,8.88,4.35,39.64,47.13
Australia,2002,274.66757,147.13329,1187.741,1486.2534,3095.79526,8.87,4.75,38.37,48.01
Australia,2003,282.29016,159.22615,1186.857,1496.5507,3124.9240099999997,9.03,5.1,37.98,47.89
Australia,2004,265.8534,143.61731,1216.4001,1452.2192,3078.09001,8.64,4.67,39.52,47.18
Australia,2005,283.44955,140.8754,1249.1315,1460.1412,3133.5976499999997,9.05,4.5,39.86,46.6
Australia,2006,284.31366,139.68419,1308.0497,1466.1772,3198.2247500000003,8.89,4.37,40.9,45.84
Australia,2007,296.9949,142.35313,1313.3901,1489.7499,3242.4880300000004,9.16,4.39,40.51,45.94
Australia,2008,280.4764,150.79202,1285.2974,1523.518,3240.08382,8.66,4.65,39.67,47.02
Australia,2009,275.3745,142.7658,1307.6545,1516.5833,3242.3781,8.49,4.4,40.33,46.77
Australia,2010,334.58078,156.72908,1377.4457,1645.9539,3514.70946,9.52,4.46,39.19,46.83
Australia,2011,342.36115,144.68597,1417.0135,1592.4011,3496.4617200000002,9.79,4.14,40.53,45.54
Australia,2012,338.2845,146.76367,1429.0958,1630.2046,3544.34857,9.54,4.14,40.32,45.99
Australia,2013,333.40482,149.55473,1393.437,1650.2742,3526.67075,9.45,4.24,39.51,46.79
Australia,2014,332.01788,144.54417,1441.8013,1596.1726,3514.5359500000004,9.45,4.11,41.02,45.42
Australia,2015,335.0436,143.3514,1450.7615,1570.8977,3500.0542,9.57,4.1,41.45,44.88
Australia,2016,338.40286,143.6432,1457.3859,1578.0464,3517.47836,9.62,4.08,41.43,44.86
Australia,2017,325.25937,144.45366,1428.7668,1574.5131,3472.9929300000003,9.37,4.16,41.14,45.34
Australia,2018,328.43372,144.62698,1435.53,1541.9225,3450.5132,9.52,4.19,41.6,44.69
Australia,2019,326.38477,160.12755,1439.1777,1559.6515,3485.34152,9.36,4.59,41.29,44.75
Australia,2020,334.44003,161.05772,1398.6355,1574.301,3468.4342500000002,9.64,4.64,40.32,45.39
Australia,2021,310.0182,161.38043,1414.5853,1587.8499,3473.8338299999996,8.92,4.65,40.72,45.71
Australia,2022,305.8852,159.69652,1434.841,1567.1519,3467.5746200000003,8.82,4.61,41.38,45.19
Austria,1961,194.89926,160.58066,1006.79266,1832.3213,3194.59388,6.1,5.03,31.52,57.36
Austria,1962,202.42862,156.92824,1032.8606,1805.025,3197.24246,6.33,4.91,32.3,56.46
Austria,1963,201.71204,160.35988,1072.7822,1818.8243,3253.67842,6.2,4.93,32.97,55.9
Austria,1964,206.54967,158.8597,1095.8374,1814.9338,3276.1805699999995,6.3,4.85,33.45,55.4
Austria,1965,202.64735,156.83527,1088.7585,1778.2446,3226.4857199999997,6.28,4.86,33.74,55.11
Austria,1966,201.0613,155.64227,1090.2368,1789.2651,3236.20547,6.21,4.81,33.69,55.29
Austria,1967,204.7375,151.07388,1088.5778,1748.6764,3193.0655800000004,6.41,4.73,34.09,54.76
Austria,1968,207.54384,151.6282,1097.4646,1764.1526,3220.78924,6.44,4.71,34.07,54.77
Austria,1969,208.11586,149.4155,1103.7573,1697.1119,3158.40056,6.59,4.73,34.95,53.73
Austria,1970,209.71649,148.85176,1125.6263,1742.5988,3226.79335,6.5,4.61,34.88,54.0
Austria,1971,214.44415,146.97632,1148.5886,1730.9353,3240.94437,6.62,4.53,35.44,53.41
Austria,1972,218.69681,144.66217,1164.6927,1685.661,3213.71268,6.81,4.5,36.24,52.45
Austria,1973,220.40546,144.01584,1191.522,1739.3344,3295.2776999999996,6.69,4.37,36.16,52.78
Austria,1974,221.84314,136.2785,1155.6632,1691.8843,3205.66914,6.92,4.25,36.05,52.78
Austria,1975,224.81612,139.35382,1163.8759,1631.0428,3159.08864,7.12,4.41,36.84,51.63
Austria,1976,235.98947,136.3817,1239.3073,1653.8696,3265.54807,7.23,4.18,37.95,50.65
Austria,1977,232.76408,133.68561,1227.0457,1613.9946,3207.48999,7.26,4.17,38.26,50.32
Austria,1978,239.62483,134.15941,1243.1013,1606.6724,3223.5579399999997,7.43,4.16,38.56,49.84
Austria,1979,243.87509,136.19466,1282.6,1628.9421,3291.6118500000002,7.41,4.14,38.97,49.49
Austria,1980,245.1356,134.99875,1328.8489,1648.9702,3357.95345,7.3,4.02,39.57,49.11
Austria,1981,251.93625,135.08699,1343.2875,1609.9495,3340.2602399999996,7.54,4.04,40.22,48.2
Austria,1982,246.48082,135.68411,1365.4559,1642.4875,3390.10833,7.27,4.0,40.28,48.45
Austria,1983,251.81609,131.42577,1365.7263,1609.6459,3358.61406,7.5,3.91,40.66,47.93
Austria,1984,250.12927,134.11221,1365.6326,1613.9404,3363.81448,7.44,3.99,40.6,47.98
Austria,1985,251.58977,133.24643,1391.3055,1603.0934,3379.2351,7.45,3.94,41.17,47.44
Austria,1986,256.09445,135.62186,1396.8872,1647.03,3435.6335099999997,7.45,3.95,40.66,47.94
Austria,1987,257.59537,138.30115,1393.8481,1638.7122,3428.45682,7.51,4.03,40.66,47.8
Austria,1988,256.33157,136.42935,1360.4526,1678.5806,3431.79412,7.47,3.98,39.64,48.91
Austria,1989,260.96384,142.0781,1402.7157,1677.0981,3482.85574,7.49,4.08,40.27,48.15
Austria,1990,262.75174,146.61684,1404.4055,1691.8865,3505.66058,7.5,4.18,40.06,48.26
Austria,1991,265.53156,145.41487,1427.3267,1703.4755,3541.74863,7.5,4.11,40.3,48.1
Austria,1992,272.00687,141.41176,1444.3207,1667.6525,3525.3918299999996,7.72,4.01,40.97,47.3
Austria,1993,266.79907,141.44333,1427.7235,1656.3142,3492.2801,7.64,4.05,40.88,47.43
Austria,1994,281.55646,137.95827,1428.3721,1709.0684,3556.95523,7.92,3.88,40.16,48.05
Austria,1995,255.5915,148.32503,1381.1162,1740.2981,3525.33083,7.25,4.21,39.18,49.37
Austria,1996,263.4231,151.87273,1411.7643,1745.3695,3572.42963,7.37,4.25,39.52,48.86
Austria,1997,264.46027,138.12268,1418.1305,1692.7268,3513.4402499999997,7.53,3.93,40.36,48.18
Austria,1998,259.23,158.2845,1412.3639,1791.9537,3621.8321,7.16,4.37,39.0,49.48
Austria,1999,258.85742,163.84953,1417.575,1839.2202,3679.5021500000003,7.04,4.45,38.53,49.99
Austria,2000,259.63074,164.86653,1432.4532,1872.364,3729.3144700000003,6.96,4.42,38.41,50.21
Austria,2001,259.65973,168.26237,1447.1646,1856.0706,3731.1573,6.96,4.51,38.79,49.75
Austria,2002,258.17197,166.57419,1390.3077,1841.648,3656.70186,7.06,4.56,38.02,50.36
Austria,2003,240.97562,168.36218,1364.78,1843.5238,3617.6416,6.66,4.65,37.73,50.96
Austria,2004,237.4465,165.4748,1403.7491,1807.9532,3614.6236,6.57,4.58,38.84,50.02
Austria,2005,242.48996,168.72176,1371.9805,1861.1257,3644.31792,6.65,4.63,37.65,51.07
Austria,2006,236.5643,169.62648,1461.9626,1854.0612,3722.2145800000003,6.36,4.56,39.28,49.81
Austria,2007,242.57137,172.81306,1467.4186,1860.5453,3743.34833,6.48,4.62,39.2,49.7
Austria,2008,237.73589,170.30388,1460.0311,1857.3264,3725.39727,6.38,4.57,39.19,49.86
Austria,2009,240.69571,170.0681,1515.2633,1809.0101,3735.03721,6.44,4.55,40.57,48.43
Austria,2010,278.08618,164.63629,1595.0966,1747.1062,3784.9252699999997,7.35,4.35,42.14,46.16
Austria,2011,278.2928,168.11942,1594.865,1793.2769,3834.55412,7.26,4.38,41.59,46.77
Austria,2012,255.58238,167.2823,1598.5797,1801.564,3823.00838,6.69,4.38,41.81,47.12
Austria,2013,263.4233,167.80388,1588.2482,1777.4574,3796.93278,6.94,4.42,41.83,46.81
Austria,2014,257.909,173.36572,1517.01,1806.1531,3754.43782,6.87,4.62,40.41,48.11
Austria,2015,264.67218,167.8097,1525.1345,1776.519,3734.1353799999997,7.09,4.49,40.84,47.58
Austria,2016,270.63712,168.25334,1510.5907,1765.7706,3715.25176,7.28,4.53,40.66,47.53
Austria,2017,262.56317,168.69633,1543.1936,1778.5706,3753.0237,7.0,4.49,41.12,47.39
Austria,2018,271.3263,170.6588,1530.44,1781.7388,3754.1639,7.23,4.55,40.77,47.46
Austria,2019,267.4132,173.8626,1649.3547,1722.5675,3813.1980000000003,7.01,4.56,43.25,45.17
Austria,2020,266.63348,169.38174,1637.8428,1690.2231,3764.08112,7.08,4.5,43.51,44.9
Austria,2021,261.52313,170.30247,1634.8081,1698.557,3765.1907,6.95,4.52,43.42,45.11
Austria,2022,266.27637,174.95341,1632.7178,1685.6575,3759.6050800000003,7.08,4.65,43.43,44.84
Azerbaijan,1992,81.73656,197.51997,354.0509,1698.8608,2332.16823,3.5,8.47,15.18,72.84
Azerbaijan,1993,71.07112,200.91104,327.62494,1654.138,2253.7451,3.15,8.91,14.54,73.4
Azerbaijan,1994,62.377674,191.49059,346.15375,1577.7496,2177.771614,2.86,8.79,15.89,72.45
Azerbaijan,1995,64.831856,185.39496,336.9545,1553.0753,2140.2566159999997,3.03,8.66,15.74,72.56
Azerbaijan,1996,61.20419,189.86935,377.57288,1600.3331,2228.97952,2.75,8.52,16.94,71.8
Azerbaijan,1997,63.12703,177.16295,295.75073,1481.3491,2017.38981,3.13,8.78,14.66,73.43
Azerbaijan,1998,69.55615,182.48543,307.0936,1548.8779,2108.0130799999997,3.3,8.66,14.57,73.48
Azerbaijan,1999,72.32896,185.86952,335.40564,1577.2183,2170.82242,3.33,8.56,15.45,72.66
Azerbaijan,2000,71.14279,195.67245,332.92322,1666.4236,2266.16206,3.14,8.63,14.69,73.54
Azerbaijan,2001,68.40652,205.49763,347.06778,1733.73,2354.70193,2.91,8.73,14.74,73.63
Azerbaijan,2002,71.8401,210.11043,368.7474,1796.6791,2447.37703,2.94,8.59,15.07,73.41
Azerbaijan,2003,76.1626,215.17627,415.90515,1837.4873,2544.73132,2.99,8.46,16.34,72.21
Azerbaijan,2004,76.336075,223.74367,449.58118,1881.6205,2631.281425,2.9,8.5,17.09,71.51
Azerbaijan,2005,85.020386,241.31606,448.5682,2050.808,2825.712646,3.01,8.54,15.87,72.58
Azerbaijan,2006,84.74688,260.20874,442.2355,2202.8223,2990.0134199999998,2.83,8.7,14.79,73.67
Azerbaijan,2007,87.06154,261.7012,429.14862,2221.2017,2999.11306,2.9,8.73,14.31,74.06
Azerbaijan,2008,90.42207,263.2446,441.29904,2209.136,3004.10171,3.01,8.76,14.69,73.54
Azerbaijan,2009,103.22733,251.86992,472.569,2147.3708,2975.03705,3.47,8.47,15.88,72.18
Azerbaijan,2010,117.59072,248.14833,574.7847,2032.8733,2973.39705,3.95,8.35,19.33,68.37
Azerbaijan,2011,121.73862,250.1506,583.951,2047.6252,3003.46542,4.05,8.33,19.44,68.18
Azerbaijan,2012,123.66692,244.7035,619.5082,2032.3601,3020.2387200000003,4.09,8.1,20.51,67.29
Azerbaijan,2013,127.29783,244.15611,599.15155,2049.9058,3020.51129,4.21,8.08,19.84,67.87
Azerbaijan,2014,132.62834,232.40306,651.4487,2003.7382,3020.2183,4.39,7.69,21.57,66.34
Azerbaijan,2015,133.74057,235.80573,659.2669,2009.3245,3038.1377,4.4,7.76,21.7,66.14
Azerbaijan,2016,134.7771,235.5061,669.7306,2019.0684,3059.0822,4.41,7.7,21.89,66.0
Azerbaijan,2017,139.7507,239.2089,712.8073,2026.9812,3118.7481,4.48,7.67,22.86,64.99
Azerbaijan,2018,140.11662,238.20636,767.76953,2042.117,3188.2095099999997,4.39,7.47,24.08,64.05
Azerbaijan,2019,143.96065,251.48581,790.65,2122.0227,3308.11916,4.35,7.6,23.9,64.15
Azerbaijan,2020,147.64235,248.05046,828.8518,2154.249,3378.7936099999997,4.37,7.34,24.53,63.76
Azerbaijan,2021,152.32178,244.62578,891.3182,2093.447,3381.7127600000003,4.5,7.23,26.36,61.9
Azerbaijan,2022,155.62373,237.03748,914.90826,2040.263,3347.83247,4.65,7.08,27.33,60.94
Bahamas,1961,144.476,130.69487,543.56415,1484.6726,2303.40762,6.27,5.67,23.6,64.46
Bahamas,1962,143.2539,126.863716,539.2651,1440.9695,2250.3522159999998,6.37,5.64,23.96,64.03
Bahamas,1963,143.3836,124.72719,534.529,1433.4976,2236.13739,6.41,5.58,23.9,64.11
Bahamas,1964,153.31496,122.43982,570.83966,1452.9026,2299.4970399999997,6.67,5.32,24.82,63.18
Bahamas,1965,154.3073,120.23553,575.89825,1465.4935,2315.93458,6.66,5.19,24.87,63.28
Bahamas,1966,165.80109,124.19995,611.7686,1509.2483,2411.0179399999997,6.88,5.15,25.37,62.6
Bahamas,1967,164.65709,121.46525,612.11694,1456.6022,2354.84148,6.99,5.16,25.99,61.86
Bahamas,1968,174.9443,115.07133,674.9175,1420.0388,2384.97193,7.34,4.82,28.3,59.54
Bahamas,1969,166.22481,113.24963,684.0599,1425.2885,2388.82284,6.96,4.74,28.64,59.66
Bahamas,1970,176.97807,110.85802,695.90546,1405.7549,2389.4964499999996,7.41,4.64,29.12,58.83
Bahamas,1971,168.58536,111.64859,696.8371,1388.3032,2365.37425,7.13,4.72,29.46,58.69
Bahamas,1972,160.9175,104.28761,684.08093,1336.4327,2285.7187400000003,7.04,4.56,29.93,58.47
Bahamas,1973,160.16917,101.27337,655.59906,1297.4117,2214.4533,7.23,4.57,29.61,58.59
Bahamas,1974,152.85487,99.8008,660.0314,1248.0415,2160.72857,7.07,4.62,30.55,57.76
Bahamas,1975,148.89507,98.53085,627.0669,1233.9232,2108.41602,7.06,4.67,29.74,58.52
Bahamas,1976,146.9386,101.79872,631.6614,1243.4077,2123.80642,6.92,4.79,29.74,58.55
Bahamas,1977,130.50383,94.2188,544.5451,1222.9924,1992.2601300000001,6.55,4.73,27.33,61.39
Bahamas,1978,133.65967,89.99728,514.52295,1227.3866,1965.5665000000001,6.8,4.58,26.18,62.44
Bahamas,1979,140.46892,92.15338,574.7489,1236.4695,2043.8407,6.87,4.51,28.12,60.5
Bahamas,1980,171.74187,104.03978,705.8623,1402.4496,2384.09355,7.2,4.36,29.61,58.83
Bahamas,1981,165.6244,94.77235,655.82684,1354.8955,2271.11909,7.29,4.17,28.88,59.66
Bahamas,1982,179.89117,115.73316,724.65826,1493.512,2513.79459,7.16,4.6,28.83,59.41
Bahamas,1983,175.12978,115.46573,723.7759,1455.6904,2470.06181,7.09,4.67,29.3,58.93
Bahamas,1984,182.72586,109.62813,739.4907,1422.3093,2454.15399,7.45,4.47,30.13,57.96
Bahamas,1985,183.42024,114.0481,733.3932,1477.751,2508.61254,7.31,4.55,29.24,58.91
Bahamas,1986,192.39476,115.87496,788.839,1447.0167,2544.1254200000003,7.56,4.55,31.01,56.88
Bahamas,1987,189.61165,111.37689,791.1248,1447.3616,2539.47494,7.47,4.39,31.15,56.99
Bahamas,1988,195.1202,115.4337,790.82324,1494.0193,2595.39644,7.52,4.45,30.47,57.56
Bahamas,1989,187.22018,114.949326,790.88074,1487.919,2580.969246,7.25,4.45,30.64,57.65
Bahamas,1990,195.51419,110.89529,725.4957,1486.2493,2518.15448,7.76,4.4,28.81,59.02
Bahamas,1991,189.68227,102.53999,754.9912,1376.8513,2424.06476,7.82,4.23,31.15,56.8
Bahamas,1992,171.802,101.75621,697.071,1358.3745,2329.00371,7.38,4.37,29.93,58.32
Bahamas,1993,169.94595,96.936554,677.0116,1307.4154,2251.3095040000003,7.55,4.31,30.07,58.07
Bahamas,1994,188.76219,102.44324,658.9826,1303.7122,2253.90023,8.37,4.55,29.24,57.84
Bahamas,1995,174.34045,114.4806,615.1521,1450.8494,2354.82255,7.4,4.86,26.12,61.61
Bahamas,1996,170.45361,114.1798,625.2346,1441.9464,2351.81441,7.25,4.85,26.59,61.31
Bahamas,1997,193.3263,115.29411,732.3688,1406.5181,2447.50731,7.9,4.71,29.92,57.47
Bahamas,1998,194.9348,108.3012,729.04663,1359.798,2392.0806300000004,8.15,4.53,30.48,56.85
Bahamas,1999,203.94313,110.204834,769.54517,1394.5039,2478.197034,8.23,4.45,31.05,56.27
Bahamas,2000,222.05235,119.16171,777.4225,1438.9044,2557.54096,8.68,4.66,30.4,56.26
Bahamas,2001,224.46909,118.27979,793.3971,1419.6812,2555.82718,8.78,4.63,31.04,55.55
Bahamas,2002,233.31445,113.28369,801.06555,1391.8442,2539.50789,9.19,4.46,31.54,54.81
Bahamas,2003,215.3041,112.36041,776.31506,1425.3163,2529.29587,8.51,4.44,30.69,56.35
Bahamas,2004,204.30243,105.80962,791.3259,1421.5398,2522.97775,8.1,4.19,31.36,56.34
Bahamas,2005,205.63397,106.2423,795.9275,1425.8226,2533.62637,8.12,4.19,31.41,56.28
Bahamas,2006,215.68327,109.5779,800.6808,1408.0471,2533.9890699999996,8.51,4.32,31.6,55.57
Bahamas,2007,214.01561,109.11815,809.209,1389.417,2521.75976,8.49,4.33,32.09,55.1
Bahamas,2008,216.48746,106.70822,818.15466,1370.8606,2512.21094,8.62,4.25,32.57,54.57
Bahamas,2009,232.69109,108.948296,861.7006,1352.5144,2555.854386,9.1,4.26,33.71,52.92
Bahamas,2010,282.21384,133.9754,890.9851,1308.4749,2615.6492399999997,10.79,5.12,34.06,50.02
Bahamas,2011,226.63803,148.99051,800.59515,1430.4388,2606.6624899999997,8.69,5.72,30.71,54.88
Bahamas,2012,260.40363,145.85371,910.8733,1391.1567,2708.28734,9.62,5.39,33.63,51.37
Bahamas,2013,256.93375,134.59404,879.3803,1388.8304,2659.7384899999997,9.66,5.06,33.06,52.22
Bahamas,2014,253.31084,128.671,859.5507,1363.4342,2604.96674,9.72,4.94,33.0,52.34
Bahamas,2015,251.5387,132.29224,851.6949,1358.1053,2593.63114,9.7,5.1,32.84,52.36
Bahamas,2016,238.19911,139.85777,823.16473,1401.3739,2602.59551,9.15,5.37,31.63,53.85
Bahamas,2017,235.25024,133.26077,850.7638,1404.3174,2623.59221,8.97,5.08,32.43,53.53
Bahamas,2018,246.3857,130.31667,902.75916,1378.161,2657.62253,9.27,4.9,33.97,51.86
Bahamas,2019,241.56876,128.22704,896.3488,1349.7257,2615.8703,9.23,4.9,34.27,51.6
Bahamas,2020,271.6735,130.00403,895.8263,1332.3358,2629.83963,10.33,4.94,34.06,50.66
Bahamas,2021,281.80273,128.8594,958.4484,1307.2334,2676.34393,10.53,4.81,35.81,48.84
Bahamas,2022,282.03067,129.25719,1017.2041,1273.6763,2702.1682600000004,10.44,4.78,37.64,47.14
Bahrain,2019,248.58376,189.0025,1114.4631,1950.411,3502.46036,7.1,5.4,31.82,55.69
Bahrain,2020,264.84406,185.18362,1164.2719,1908.9215,3523.22108,7.52,5.26,33.05,54.18
Bahrain,2021,217.40898,179.64108,1110.9373,1882.4702,3390.45756,6.41,5.3,32.77,55.52
Bahrain,2022,229.61829,181.57472,1104.2244,1850.6854,3366.1028100000003,6.82,5.39,32.8,54.98
Bangladesh,1961,20.836445,153.08098,140.56,1744.3162,2058.7936250000002,1.01,7.44,6.83,84.73
Bangladesh,1962,21.541325,149.71985,132.34164,1728.2712,2031.8740149999999,1.06,7.37,6.51,85.06
Bangladesh,1963,21.561935,153.22331,140.21936,1759.1008,2074.105405,1.04,7.39,6.76,84.81
Bangladesh,1964,22.858204,152.14635,138.49438,1745.266,2058.7649340000003,1.11,7.39,6.73,84.77
Bangladesh,1965,23.795744,147.12874,141.19891,1714.1052,2026.228594,1.17,7.26,6.97,84.6
Bangladesh,1966,22.934397,145.95312,134.9071,1716.8063,2020.600917,1.14,7.22,6.68,84.97
Bangladesh,1967,22.693117,136.3507,123.37223,1608.6772,1891.093247,1.2,7.21,6.52,85.07
Bangladesh,1968,23.236853,143.4991,129.75513,1697.3386,1993.829683,1.17,7.2,6.51,85.13
Bangladesh,1969,23.081972,150.45598,132.95215,1739.1495,2045.639602,1.13,7.35,6.5,85.02
Bangladesh,1970,23.850899,156.3943,135.76001,1796.3932,2112.398409,1.13,7.4,6.43,85.04
Bangladesh,1971,24.096247,145.5398,129.91187,1657.7524,1957.3003170000002,1.23,7.44,6.64,84.7
Bangladesh,1972,24.713125,136.38268,125.5419,1514.0818,1800.719505,1.37,7.57,6.97,84.08
Bangladesh,1973,24.675127,147.25601,127.898155,1570.6361,1870.465392,1.32,7.87,6.84,83.97
Bangladesh,1974,24.001743,149.20709,121.21441,1625.305,1919.728243,1.25,7.77,6.31,84.66
Bangladesh,1975,20.791862,141.60744,120.21224,1523.6815,1806.2930419999998,1.15,7.84,6.66,84.35
Bangladesh,1976,21.112518,148.67657,141.34274,1625.1084,1936.2402280000001,1.09,7.68,7.3,83.93
Bangladesh,1977,20.502293,135.10008,113.44849,1491.1061,1760.156963,1.16,7.68,6.45,84.71
Bangladesh,1978,22.169682,148.04585,125.6251,1593.7899,1889.6305320000001,1.17,7.83,6.65,84.34
Bangladesh,1979,21.364244,150.29674,130.34245,1643.9358,1945.939234,1.1,7.72,6.7,84.48
Bangladesh,1980,18.183672,149.89345,124.342575,1603.7812,1896.200897,0.96,7.9,6.56,84.58
Bangladesh,1981,18.13494,145.00441,127.47961,1584.8265,1875.44546,0.97,7.73,6.8,84.5
Bangladesh,1982,17.859734,147.11768,137.18413,1602.0012,1904.162744,0.94,7.73,7.2,84.13
Bangladesh,1983,18.417307,149.0264,143.22174,1613.5868,1924.252247,0.96,7.74,7.44,83.86
Bangladesh,1984,18.470625,148.2155,136.16455,1601.4633,1904.313975,0.97,7.78,7.15,84.1
Bangladesh,1985,19.900837,152.7361,156.25356,1616.0872,1944.9776969999998,1.02,7.85,8.03,83.09
Bangladesh,1986,19.929886,147.1339,150.06863,1632.4484,1949.5808160000001,1.02,7.55,7.7,83.73
Bangladesh,1987,19.903126,152.93182,172.3042,1679.293,2024.4321459999999,0.98,7.55,8.51,82.95
Bangladesh,1988,19.623383,153.63394,172.15231,1662.653,2008.062633,0.98,7.65,8.57,82.8
Bangladesh,1989,19.608885,152.23695,175.7044,1648.7645,1996.314735,0.98,7.63,8.8,82.59
Bangladesh,1990,19.162043,156.60544,149.16957,1705.7393,2030.6763529999998,0.94,7.71,7.35,84.0
Bangladesh,1991,19.74804,155.2791,166.42844,1702.9109,2044.3664800000001,0.97,7.6,8.14,83.3
Bangladesh,1992,19.93565,154.01646,190.32921,1682.6134,2046.89472,0.97,7.52,9.3,82.2
Bangladesh,1993,21.008621,145.9321,173.4962,1614.493,1954.929921,1.07,7.46,8.87,82.59
Bangladesh,1994,20.949148,148.5946,166.5106,1617.444,1953.498348,1.07,7.61,8.52,82.8
Bangladesh,1995,21.43184,150.49219,181.18314,1644.3951,1997.50227,1.07,7.53,9.07,82.32
Bangladesh,1996,22.585865,150.72926,185.45113,1648.866,2007.632255,1.13,7.51,9.24,82.13
Bangladesh,1997,24.24285,151.86162,227.64507,1655.1245,2058.8740399999997,1.18,7.38,11.06,80.39
Bangladesh,1998,24.58663,153.61726,274.82935,1672.2351,2125.26834,1.16,7.23,12.93,78.68
Bangladesh,1999,26.0115,169.72404,212.23375,1821.346,2229.31529,1.17,7.61,9.52,81.7
Bangladesh,2000,26.290783,164.43546,242.55017,1788.4521,2221.728513,1.18,7.4,10.92,80.5
Bangladesh,2001,26.944868,169.07509,241.79474,1857.8171,2295.631798,1.17,7.37,10.53,80.93
Bangladesh,2002,28.47931,172.33531,210.5181,1869.5759,2280.90862,1.25,7.56,9.23,81.97
Bangladesh,2003,29.185848,173.06142,229.43869,1888.5693,2320.255258,1.26,7.46,9.89,81.39
Bangladesh,2004,30.321936,176.9109,239.54132,1907.4257,2354.199856,1.29,7.51,10.18,81.02
Bangladesh,2005,31.690023,174.31491,244.6185,1895.467,2346.0904330000003,1.35,7.43,10.43,80.79
Bangladesh,2006,31.980713,173.28163,259.68497,1882.152,2347.099313,1.36,7.38,11.06,80.19
Bangladesh,2007,33.09377,179.75935,254.91309,1924.2089,2391.9751100000003,1.38,7.52,10.66,80.44
Bangladesh,2008,33.73704,172.80333,246.25662,1909.1918,2361.98879,1.43,7.32,10.43,80.83
Bangladesh,2009,36.66386,182.28876,262.4637,1921.5927,2403.00902,1.53,7.59,10.92,79.97
Bangladesh,2010,40.48044,180.914,241.30318,1865.5905,2328.28812,1.74,7.77,10.36,80.13
Bangladesh,2011,41.114845,183.04124,247.68661,1893.6888,2365.5314949999997,1.74,7.74,10.47,80.05
Bangladesh,2012,42.840763,184.38791,255.36745,1901.0394,2383.635523,1.8,7.74,10.71,79.75
Bangladesh,2013,44.202015,184.60147,268.5184,1887.4517,2384.773585,1.85,7.74,11.26,79.15
Bangladesh,2014,46.680313,184.39119,289.58975,1889.5752,2410.236453,1.94,7.65,12.01,78.4
Bangladesh,2015,48.04719,190.01021,303.9985,1938.9396,2480.9955,1.94,7.66,12.25,78.15
Bangladesh,2016,49.203648,188.82594,298.32196,1889.7598,2426.111348,2.03,7.78,12.3,77.89
Bangladesh,2017,51.59495,193.25162,306.24774,1937.105,2488.19931,2.07,7.77,12.31,77.85
Bangladesh,2018,52.491596,200.7173,313.68832,2000.036,2566.933216,2.04,7.82,12.22,77.92
Bangladesh,2019,52.390934,198.60379,315.6102,1956.41,2523.014924,2.08,7.87,12.51,77.54
Bangladesh,2020,52.874657,207.59242,317.9426,2009.5088,2587.918477,2.04,8.02,12.29,77.65
Bangladesh,2021,69.092514,200.81274,379.37244,1943.7422,2593.019894,2.66,7.74,14.63,74.96
Bangladesh,2022,70.016846,199.01439,388.47827,1950.7292,2608.238706,2.68,7.63,14.89,74.79
Barbados,1961,115.84574,129.5004,500.0774,1754.615,2500.03854,4.63,5.18,20.0,70.18
Barbados,1962,114.44432,129.6613,514.99945,1791.9174,2551.02247,4.49,5.08,20.19,70.24
Barbados,1963,126.77832,131.46799,555.3399,1795.2808,2608.86701,4.86,5.04,21.29,68.81
Barbados,1964,128.23628,126.8318,569.1631,1720.4026,2544.63378,5.04,4.98,22.37,67.61
Barbados,1965,141.9042,120.302505,600.8726,1649.9711,2513.050405,5.65,4.79,23.91,65.66
Barbados,1966,138.53621,121.31071,564.8867,1689.7275,2514.46112,5.51,4.82,22.47,67.2
Barbados,1967,143.48189,139.01122,587.54974,1810.4509,2680.49375,5.35,5.19,21.92,67.54
Barbados,1968,136.37845,128.17667,598.85394,1717.2527,2580.66176,5.28,4.97,23.21,66.54
Barbados,1969,152.80463,123.83168,634.9714,1665.0762,2576.6839099999997,5.93,4.81,24.64,64.62
Barbados,1970,158.80106,130.69841,678.8918,1728.7346,2697.12587,5.89,4.85,25.17,64.1
Barbados,1971,177.75923,133.59879,766.10254,1828.9972,2906.4577600000002,6.12,4.6,26.36,62.93
Barbados,1972,170.50566,123.93039,787.435,1723.845,2805.71605,6.08,4.42,28.07,61.44
Barbados,1973,172.16429,128.00664,790.7304,1787.9277,2878.82903,5.98,4.45,27.47,62.11
Barbados,1974,188.51498,116.93145,793.31604,1681.4734,2780.2358700000004,6.78,4.21,28.53,60.48
Barbados,1975,170.24493,122.79577,749.88086,1693.9274,2736.8489600000003,6.22,4.49,27.4,61.89
Barbados,1976,190.86757,125.39806,796.9221,1692.648,2805.83573,6.8,4.47,28.4,60.33
Barbados,1977,184.34036,127.710884,761.1404,1751.4102,2824.601844,6.53,4.52,26.95,62.01
Barbados,1978,202.6027,132.75467,787.65405,1811.3164,2934.32782,6.9,4.52,26.84,61.73
Barbados,1979,189.25963,132.59625,804.58044,1717.5913,2844.02762,6.65,4.66,28.29,60.39
Barbados,1980,189.78444,140.51653,841.109,1848.3884,3019.7983700000004,6.28,4.65,27.85,61.21
Barbados,1981,210.48,133.76521,861.25726,1808.5758,3014.07827,6.98,4.44,28.57,60.0
Barbados,1982,219.72804,126.84553,881.4713,1682.2207,2910.2655700000005,7.55,4.36,30.29,57.8
Barbados,1983,225.29575,131.5019,808.68915,1792.651,2958.1378000000004,7.62,4.45,27.34,60.6
Barbados,1984,227.54913,134.04393,832.345,1711.4326,2905.37066,7.83,4.61,28.65,58.91
Barbados,1985,225.68951,134.77025,825.69116,1710.4363,2896.5872200000003,7.79,4.65,28.51,59.05
Barbados,1986,226.15164,143.42682,893.8039,1784.6759,3048.05826,7.42,4.71,29.32,58.55
Barbados,1987,231.58914,147.14603,905.026,1825.408,3109.16917,7.45,4.73,29.11,58.71
Barbados,1988,230.94133,140.27989,898.24805,1806.7568,3076.22607,7.51,4.56,29.2,58.73
Barbados,1989,248.38321,142.92732,972.1377,1768.7955,3132.24373,7.93,4.56,31.04,56.47
Barbados,1990,239.46901,145.0198,975.81824,1751.2676,3111.5746499999996,7.7,4.66,31.36,56.28
Barbados,1991,218.39522,147.97621,932.2501,1715.0402,3013.66173,7.25,4.91,30.93,56.91
Barbados,1992,186.2774,143.95076,939.7119,1722.0128,2991.95286,6.23,4.81,31.41,57.55
Barbados,1993,184.10832,144.95769,915.2212,1678.9594,2923.24661,6.3,4.96,31.31,57.43
Barbados,1994,186.93396,145.10818,907.72736,1669.806,2909.5755,6.42,4.99,31.2,57.39
Barbados,1995,189.92068,141.81815,916.7086,1629.4734,2877.92083,6.6,4.93,31.85,56.62
Barbados,1996,192.96202,138.11765,891.25146,1702.0985,2924.42963,6.6,4.72,30.48,58.2
Barbados,1997,198.41895,138.38014,975.4286,1687.6519,2999.87959,6.61,4.61,32.52,56.26
Barbados,1998,191.2898,135.98341,874.71155,1631.003,2832.98776,6.75,4.8,30.88,57.57
Barbados,1999,202.4412,143.98701,895.5713,1739.4883,2981.48781,6.79,4.83,30.04,58.34
Barbados,2000,189.2848,139.11047,833.07324,1693.6997,2855.16821,6.63,4.87,29.18,59.32
Barbados,2001,195.70692,151.66264,799.0481,1749.3501,2895.76776,6.76,5.24,27.59,60.41
Barbados,2002,197.42906,151.83392,793.6624,1725.6848,2868.61018,6.88,5.29,27.67,60.16
Barbados,2003,196.08963,153.6654,789.42706,1755.0472,2894.22929,6.78,5.31,27.28,60.64
Barbados,2004,192.72778,147.4974,785.1092,1693.9303,2819.26468,6.84,5.23,27.85,60.08
Barbados,2005,212.61433,153.17859,830.9276,1748.5508,2945.27132,7.22,5.2,28.21,59.37
Barbados,2006,201.8958,152.75629,804.47626,1731.7913,2890.91965,6.98,5.28,27.83,59.9
Barbados,2007,217.62537,150.8766,829.95355,1758.4735,2956.92902,7.36,5.1,28.07,59.47
Barbados,2008,204.31056,149.62384,838.19324,1748.15,2940.2776400000002,6.95,5.09,28.51,59.46
Barbados,2009,200.7392,149.47537,848.907,1762.0869,2961.20847,6.78,5.05,28.67,59.51
Barbados,2010,224.04607,185.59367,857.27264,1815.0289,3081.94128,7.27,6.02,27.82,58.89
Barbados,2011,220.59634,185.67291,841.72455,1797.6187,3045.6125,7.24,6.1,27.64,59.02
Barbados,2012,217.24628,179.54237,818.2644,1854.9321,3069.98515,7.08,5.85,26.65,60.42
Barbados,2013,220.75801,184.8958,835.53156,1814.3723,3055.55767,7.22,6.05,27.34,59.38
Barbados,2014,227.09546,180.15282,864.35065,1770.4392,3042.03813,7.47,5.92,28.41,58.2
Barbados,2015,238.22154,180.52042,901.34595,1758.8577,3078.9456099999998,7.74,5.86,29.27,57.13
Barbados,2016,228.41733,185.43706,848.73047,1799.4591,3062.04396,7.46,6.06,27.72,58.77
Barbados,2017,232.29622,181.62718,843.6037,1775.5592,3033.0863,7.66,5.99,27.81,58.54
Barbados,2018,235.77052,186.6633,847.0699,1808.2783,3077.7820199999996,7.66,6.06,27.52,58.75
Barbados,2019,233.18271,193.64131,842.86584,1855.656,3125.34586,7.46,6.2,26.97,59.37
Barbados,2020,248.02818,188.11394,970.198,1783.6941,3190.0342199999996,7.78,5.9,30.41,55.91
Barbados,2021,248.87373,187.5524,957.0196,1786.1534,3179.5991299999996,7.83,5.9,30.1,56.18
Barbados,2022,256.05994,185.57959,960.9132,1787.7301,3190.28283,8.03,5.82,30.12,56.04
Belarus,1992,209.8105,178.18422,835.2837,1890.1229,3113.40132,6.74,5.72,26.83,60.71
Belarus,1993,217.50043,179.24277,861.06757,1937.6248,3195.43557,6.81,5.61,26.95,60.64
Belarus,1994,208.47319,175.78563,876.1808,1861.5033,3121.9429200000004,6.68,5.63,28.07,59.63
Belarus,1995,202.23285,177.2535,864.1857,1948.6895,3192.36155,6.33,5.55,27.07,61.04
Belarus,1996,207.43718,179.29926,895.87683,1998.8109,3281.4241700000002,6.32,5.46,27.3,60.91
Belarus,1997,204.57343,178.05687,898.1732,2000.7701,3281.5735999999997,6.23,5.43,27.37,60.97
Belarus,1998,209.52983,171.72806,913.4528,1924.4803,3219.19099,6.51,5.33,28.38,59.78
Belarus,1999,198.07756,169.72935,919.5972,1828.339,3115.74311,6.36,5.45,29.51,58.68
Belarus,2000,178.69643,167.94745,868.8674,1774.417,2989.92828,5.98,5.62,29.06,59.35
Belarus,2001,191.57193,161.62633,937.53656,1749.7407,3040.47552,6.3,5.32,30.84,57.55
Belarus,2002,189.36786,155.1587,919.7854,1710.5278,2974.83976,6.37,5.22,30.92,57.5
Belarus,2003,184.43971,156.41446,842.3745,1632.2716,2815.50027,6.55,5.56,29.92,57.97
Belarus,2004,183.31638,164.98474,856.10535,1692.112,2896.51847,6.33,5.7,29.56,58.42
Belarus,2005,195.46382,160.87376,925.1141,1704.73,2986.18168,6.55,5.39,30.98,57.09
Belarus,2006,200.85057,163.56404,1012.1427,1711.2949,3087.85221,6.5,5.3,32.78,55.42
Belarus,2007,205.46994,163.37366,1067.5917,1756.8282,3193.2635,6.43,5.12,33.43,55.02
Belarus,2008,203.047,161.45085,1074.992,1769.5112,3209.00105,6.33,5.03,33.5,55.14
Belarus,2009,210.9744,155.98639,1000.0644,1765.1268,3132.15199,6.74,4.98,31.93,56.36
Belarus,2010,235.09552,180.13599,1115.9757,1647.0732,3178.2804100000003,7.4,5.67,35.11,51.82
Belarus,2011,240.11574,172.56523,1157.5295,1660.8176,3231.0280700000003,7.43,5.34,35.83,51.4
Belarus,2012,241.13945,174.51367,1154.8265,1733.5818,3304.06142,7.3,5.28,34.95,52.47
Belarus,2013,228.79286,183.16536,1131.8611,1772.7556,3316.57492,6.9,5.52,34.13,53.45
Belarus,2014,229.51442,185.26524,1186.6227,1736.9537,3338.35606,6.88,5.55,35.55,52.03
Belarus,2015,224.98886,178.40419,1203.4001,1696.762,3303.55515,6.81,5.4,36.43,51.36
Belarus,2016,225.78288,178.81122,1178.3696,1714.1288,3297.0924999999997,6.85,5.42,35.74,51.99
Belarus,2017,229.74043,175.4337,1211.5045,1698.967,3315.64563,6.93,5.29,36.54,51.24
Belarus,2018,233.59424,174.76613,1195.4114,1713.3075,3317.0792699999997,7.04,5.27,36.04,51.65
Belarus,2019,271.45538,179.54851,1214.2594,1709.8838,3375.14709,8.04,5.32,35.98,50.66
Belarus,2020,289.91174,179.46916,1207.4299,1758.1387,3434.9495,8.44,5.22,35.15,51.18
Belarus,2021,280.61603,176.08904,1182.3579,1777.9939,3417.05687,8.21,5.15,34.6,52.03
Belarus,2022,290.08597,177.74367,1218.2925,1775.3683,3461.49044,8.38,5.13,35.2,51.29
Belgium,2000,234.33264,152.60266,1456.0854,1871.8867,3714.9074,6.31,4.11,39.2,50.39
Belgium,2001,252.26393,151.60669,1486.4866,1861.7583,3752.11552,6.72,4.04,39.62,49.62
Belgium,2002,247.74548,155.05106,1493.1669,1855.2391,3751.20254,6.6,4.13,39.81,49.46
Belgium,2003,240.20338,158.0138,1459.7759,1862.1569,3720.14998,6.46,4.25,39.24,50.06
Belgium,2004,240.57513,157.17737,1449.8528,1881.4497,3729.055,6.45,4.21,38.88,50.45
Belgium,2005,242.63358,155.51172,1474.1523,1854.0471,3726.3446999999996,6.51,4.17,39.56,49.76
Belgium,2006,243.95247,158.0311,1478.1086,1849.8591,3729.9512699999996,6.54,4.24,39.63,49.59
Belgium,2007,249.46812,157.29436,1494.1556,1830.4911,3731.4091799999997,6.69,4.22,40.04,49.06
Belgium,2008,237.35536,158.49173,1469.8811,1858.1637,3723.89189,6.37,4.26,39.47,49.9
Belgium,2009,225.17824,160.9679,1441.207,1886.4001,3713.75324,6.06,4.33,38.81,50.79
Belgium,2010,238.83298,159.18219,1477.7567,1831.8882,3707.66007,6.44,4.29,39.86,49.41
Belgium,2011,235.65811,160.94307,1524.7706,1783.4252,3704.79698,6.36,4.34,41.16,48.14
Belgium,2012,246.2956,162.11812,1470.5933,1819.2803,3698.28732,6.66,4.38,39.76,49.19
Belgium,2013,244.30653,164.95367,1478.0468,1831.3535,3718.6605,6.57,4.44,39.75,49.25
Belgium,2014,231.19016,169.89305,1485.3379,1908.9238,3795.34491,6.09,4.48,39.14,50.3
Belgium,2015,229.2501,170.83023,1531.9952,1875.8702,3807.9457300000004,6.02,4.49,40.23,49.26
Belgium,2016,246.89503,161.97368,1510.0701,1856.606,3775.54481,6.54,4.29,40.0,49.17
Belgium,2017,239.24704,159.35126,1547.9106,1848.6407,3795.1495999999997,6.3,4.2,40.79,48.71
Belgium,2018,237.61583,163.92688,1521.5027,1884.7783,3807.8237099999997,6.24,4.31,39.96,49.5
Belgium,2019,265.74173,160.59906,1602.805,1826.273,3855.4187899999997,6.89,4.17,41.57,47.37
Belgium,2020,284.25266,157.85579,1663.7075,1759.968,3865.78395,7.35,4.08,43.04,45.53
Belgium,2021,292.50342,163.57231,1625.2363,1830.5247,3911.83673,7.48,4.18,41.55,46.79
Belgium,2022,308.5351,157.3513,1680.0927,1767.8992,3913.8783000000003,7.88,4.02,42.93,45.17
Belize,1961,103.52564,138.72435,495.1875,1417.3169,2154.75439,4.8,6.44,22.98,65.78
Belize,1962,118.762314,133.3096,513.8824,1484.8322,2250.786514,5.28,5.92,22.83,65.97
Belize,1963,92.711205,144.27599,529.3903,1538.2277,2304.605195,4.02,6.26,22.97,66.75
Belize,1964,97.872154,138.9598,551.48914,1510.4375,2298.758594,4.26,6.04,23.99,65.71
Belize,1965,91.84715,137.50737,545.6742,1528.2401,2303.2688200000002,3.99,5.97,23.69,66.35
Belize,1966,92.39361,134.71037,550.17847,1502.2449,2279.52735,4.05,5.91,24.14,65.9
Belize,1967,94.58991,137.4154,548.15826,1541.9211,2322.08467,4.07,5.92,23.61,66.4
Belize,1968,99.20634,133.59679,554.3943,1495.7216,2282.91903,4.35,5.85,24.28,65.52
Belize,1969,86.59752,133.6272,552.0441,1491.4879,2263.7567200000003,3.83,5.9,24.39,65.89
Belize,1970,102.81473,131.0352,571.82855,1497.8887,2303.56718,4.46,5.69,24.82,65.02
Belize,1971,105.934105,134.97333,578.1473,1527.9089,2346.963635,4.51,5.75,24.63,65.1
Belize,1972,105.56077,135.59872,575.6221,1545.1305,2361.91209,4.47,5.74,24.37,65.42
Belize,1973,98.98194,134.20728,566.37054,1561.7207,2361.28046,4.19,5.68,23.99,66.14
Belize,1974,110.68637,139.71751,582.17676,1600.3114,2432.8920399999997,4.55,5.74,23.93,65.78
Belize,1975,120.46854,136.26167,594.3543,1610.7261,2461.81061,4.89,5.54,24.14,65.43
Belize,1976,119.34621,133.34636,607.54565,1568.4834,2428.7216200000003,4.91,5.49,25.02,64.58
Belize,1977,123.74428,134.23108,604.03986,1595.3252,2457.34042,5.04,5.46,24.58,64.92
Belize,1978,125.89526,137.96356,618.58075,1642.4822,2524.92177,4.99,5.46,24.5,65.05
Belize,1979,129.68675,137.72997,655.62085,1616.3462,2539.38377,5.11,5.42,25.82,63.65
Belize,1980,134.95563,141.82652,669.3172,1687.0842,2633.1835499999997,5.13,5.39,25.42,64.07
Belize,1981,136.78406,141.44038,667.46405,1705.7812,2651.46969,5.16,5.33,25.17,64.33
Belize,1982,130.89194,139.24844,672.3312,1660.4761,2602.94768,5.03,5.35,25.83,63.79
Belize,1983,138.28598,131.33774,660.023,1562.1366,2491.78332,5.55,5.27,26.49,62.69
Belize,1984,136.95059,132.31091,657.3148,1572.2518,2498.8280999999997,5.48,5.29,26.3,62.92
Belize,1985,136.4664,131.3479,656.7193,1568.1747,2492.7083000000002,5.47,5.27,26.35,62.91
Belize,1986,132.4069,128.67256,653.825,1569.2472,2484.15166,5.33,5.18,26.32,63.17
Belize,1987,138.01367,139.02937,674.99524,1629.9182,2581.95648,5.35,5.38,26.14,63.13
Belize,1988,135.10822,137.35661,687.4576,1599.2032,2559.12563,5.28,5.37,26.86,62.49
Belize,1989,108.12136,148.05882,550.65247,1685.6815,2492.51415,4.34,5.94,22.09,67.63
Belize,1990,118.31586,150.64731,601.2849,1680.9377,2551.18577,4.64,5.9,23.57,65.89
Belize,1991,101.358986,156.92055,609.9924,1706.5569,2574.828836,3.94,6.09,23.69,66.28
Belize,1992,104.12145,165.96527,669.27344,1825.0256,2764.38576,3.77,6.0,24.21,66.02
Belize,1993,104.90147,163.3878,647.1803,1817.8622,2733.33177,3.84,5.98,23.68,66.51
Belize,1994,107.32848,157.33932,658.0669,1765.5109,2688.2456,3.99,5.85,24.48,65.68
Belize,1995,107.89859,158.68394,670.5431,1793.8042,2730.92983,3.95,5.81,24.55,65.68
Belize,1996,102.918884,159.41942,633.2718,1773.1428,2668.752904,3.86,5.97,23.73,66.44
Belize,1997,109.61314,161.83278,652.26434,1743.3823,2667.09256,4.11,6.07,24.46,65.37
Belize,1998,106.21202,164.05501,603.0641,1776.0133,2649.34443,4.01,6.19,22.76,67.04
Belize,1999,106.649734,164.35529,573.02325,1784.382,2628.410274,4.06,6.25,21.8,67.89
Belize,2000,116.735954,166.3686,602.05383,1783.0923,2668.250684,4.37,6.24,22.56,66.83
Belize,2001,124.187996,171.54282,586.0158,1838.2349,2719.981516,4.57,6.31,21.54,67.58
Belize,2002,127.58896,177.95508,615.52814,1813.8207,2734.89288,4.67,6.51,22.51,66.32
Belize,2003,124.58674,183.16286,627.815,1809.3348,2744.8994000000002,4.54,6.67,22.87,65.92
Belize,2004,122.76124,180.62994,583.1549,1821.576,2708.12208,4.53,6.67,21.53,67.26
Belize,2005,117.66977,179.48044,625.3516,1817.9397,2740.4415099999997,4.29,6.55,22.82,66.34
Belize,2006,113.09619,170.74927,627.92236,1802.2305,2713.9983199999997,4.17,6.29,23.14,66.4
Belize,2007,110.779854,169.97578,594.57715,1822.6802,2698.012984,4.11,6.3,22.04,67.56
Belize,2008,105.032776,162.72739,600.2866,1758.7389,2626.785666,4.0,6.19,22.85,66.95
Belize,2009,103.424515,165.78738,612.1402,1779.3735,2660.725595,3.89,6.23,23.01,66.88
Belize,2010,128.52089,183.36557,676.0323,1793.0857,2781.00446,4.62,6.59,24.31,64.48
Belize,2011,126.75971,179.60648,670.2012,1767.5366,2744.1039899999996,4.62,6.55,24.42,64.41
Belize,2012,129.71638,181.53036,711.0108,1746.6553,2768.91284,4.68,6.56,25.68,63.08
Belize,2013,126.17255,183.60811,705.2707,1733.1067,2748.15806,4.59,6.68,25.66,63.06
Belize,2014,145.0163,165.17314,805.62805,1585.8177,2701.63519,5.37,6.11,29.82,58.7
Belize,2015,147.14131,167.62474,870.7578,1545.7412,2731.26505,5.39,6.14,31.88,56.59
Belize,2016,149.59685,173.89172,827.4764,1590.1665,2741.1314700000003,5.46,6.34,30.19,58.01
Belize,2017,137.83658,172.05476,851.68915,1616.4271,2778.00759,4.96,6.19,30.66,58.19
Belize,2018,134.70352,172.93184,852.6298,1623.8588,2784.12396,4.84,6.21,30.62,58.33
Belize,2019,135.1518,187.92152,884.4071,1627.3081,2834.78852,4.77,6.63,31.2,57.4
Belize,2020,137.76598,179.7668,961.84534,1589.7659,2869.1440199999997,4.8,6.27,33.52,55.41
Belize,2021,145.2329,183.68642,956.91595,1548.8978,2834.73307,5.12,6.48,33.76,54.64
Belize,2022,140.33302,201.36139,917.26715,1574.4895,2833.45106,4.95,7.11,32.37,55.57
Benin,1961,25.284578,132.7826,277.3402,1237.3448,1672.7521780000002,1.51,7.94,16.58,73.97
Benin,1962,27.676369,132.53906,318.0188,1211.1775,1689.411729,1.64,7.85,18.82,71.69
Benin,1963,27.607315,125.728325,317.48413,1161.6544,1632.47417,1.69,7.7,19.45,71.16
Benin,1964,29.418184,120.847916,295.31995,1150.6086,1596.19465,1.84,7.57,18.5,72.08
Benin,1965,28.821476,134.29662,322.52374,1243.6466,1729.288436,1.67,7.77,18.65,71.92
Benin,1966,26.978922,127.08292,304.62747,1259.8833,1718.572612,1.57,7.39,17.73,73.31
Benin,1967,33.52332,136.56662,344.8602,1228.7571,1743.7072400000002,1.92,7.83,19.78,70.47
Benin,1968,34.10429,142.72855,341.92688,1320.4386,1839.19832,1.85,7.76,18.59,71.79
Benin,1969,33.728954,136.54909,349.1972,1257.1821,1776.657344,1.9,7.69,19.65,70.76
Benin,1970,36.09139,128.35023,352.74493,1201.9932,1719.1797499999998,2.1,7.47,20.52,69.92
Benin,1971,35.837944,133.71915,348.39603,1273.9441,1791.8972239999998,2.0,7.46,19.44,71.09
Benin,1972,35.245846,124.990105,302.37524,1239.9905,1702.601691,2.07,7.34,17.76,72.83
Benin,1973,34.818165,134.27158,387.8683,1220.8523,1777.8103449999999,1.96,7.55,21.82,68.67
Benin,1974,35.197506,117.60286,382.0767,1122.7018,1657.578866,2.12,7.09,23.05,67.73
Benin,1975,35.83715,108.647934,368.47675,998.56274,1511.524574,2.37,7.19,24.38,66.06
Benin,1976,34.405807,132.6973,400.6212,1231.1917,1798.916007,1.91,7.38,22.27,68.44
Benin,1977,33.57022,131.13605,402.64374,1175.5356,1742.8856099999998,1.93,7.52,23.1,67.45
Benin,1978,34.26112,132.19334,402.40704,1212.4135,1781.275,1.92,7.42,22.59,68.06
Benin,1979,34.19514,143.33905,391.7751,1307.291,1876.6002899999999,1.82,7.64,20.88,69.66
Benin,1980,34.55437,140.83179,362.9914,1237.6866,1776.06416,1.95,7.93,20.44,69.69
Benin,1981,34.82919,132.04807,385.3547,1182.6023,1734.83426,2.01,7.61,22.21,68.17
Benin,1982,36.39193,123.51316,431.7097,1168.4004,1760.01519,2.07,7.02,24.53,66.39
Benin,1983,37.813217,118.166306,380.8169,1113.7506,1650.547023,2.29,7.16,23.07,67.48
Benin,1984,36.897,139.8003,414.4958,1277.2844,1868.4775,1.97,7.48,22.18,68.36
Benin,1985,37.56115,143.85846,402.4976,1273.3572,1857.27441,2.02,7.75,21.67,68.56
Benin,1986,34.62936,149.35564,343.10257,1347.9204,1875.0079700000001,1.85,7.97,18.3,71.89
Benin,1987,34.41744,139.55667,309.5022,1235.5087,1718.98501,2.0,8.12,18.0,71.87
Benin,1988,30.256884,144.26724,317.13138,1325.8325,1817.4880039999998,1.66,7.94,17.45,72.95
Benin,1989,28.138176,159.46227,322.92807,1482.7498,1993.278316,1.41,8.0,16.2,74.39
Benin,1990,28.975222,160.51894,352.2194,1478.9767,2020.690262,1.43,7.94,17.43,73.19
Benin,1991,28.051815,167.73996,339.21954,1556.5046,2091.515915,1.34,8.02,16.22,74.42
Benin,1992,30.787231,167.75978,334.20804,1517.8124,2050.567451,1.5,8.18,16.3,74.02
Benin,1993,34.78851,160.06517,348.17026,1505.2778,2048.30174,1.7,7.81,17.0,73.49
Benin,1994,31.021112,163.87653,317.03613,1556.4568,2068.390572,1.5,7.92,15.33,75.25
Benin,1995,31.185863,168.19603,343.48676,1574.9631,2117.831753,1.47,7.94,16.22,74.37
Benin,1996,29.4895,172.18312,343.40967,1629.9133,2174.99559,1.36,7.92,15.79,74.94
Benin,1997,30.726097,174.26915,340.53793,1621.7195,2167.252677,1.42,8.04,15.71,74.83
Benin,1998,32.47235,176.09116,352.9054,1594.3558,2155.82471,1.51,8.17,16.37,73.96
Benin,1999,34.3026,171.97499,358.87796,1585.0132,2150.16875,1.6,8.0,16.69,73.72
Benin,2000,35.83442,176.82419,372.56635,1575.0015,2160.22646,1.66,8.19,17.25,72.91
Benin,2001,32.803093,175.1554,423.06735,1599.8542,2230.880043,1.47,7.85,18.96,71.71
Benin,2002,41.541256,187.80511,466.03488,1624.1666,2319.547846,1.79,8.1,20.09,70.02
Benin,2003,42.43272,177.40364,452.4316,1614.0613,2286.32926,1.86,7.76,19.79,70.6
Benin,2004,36.395687,192.27177,424.7458,1736.3887,2389.8019569999997,1.52,8.05,17.77,72.66
Benin,2005,34.957085,189.46739,437.40054,1702.6335,2364.458515,1.48,8.01,18.5,72.01
Benin,2006,37.648926,188.2835,374.9449,1778.9314,2379.808726,1.58,7.91,15.76,74.75
Benin,2007,37.885616,195.6905,409.49725,1850.1814,2493.254766,1.52,7.85,16.42,74.21
Benin,2008,45.582478,198.54825,436.75754,1770.3365,2451.224768,1.86,8.1,17.82,72.22
Benin,2009,45.16821,200.76921,412.28622,1834.3854,2492.60904,1.81,8.05,16.54,73.59
Benin,2010,62.705013,197.02332,432.97696,1814.9939,2507.699193,2.5,7.86,17.27,72.38
Benin,2011,62.28843,197.9662,437.44516,1832.0066,2529.70639,2.46,7.83,17.29,72.42
Benin,2012,64.68269,202.63902,439.90198,1819.2534,2526.4770900000003,2.56,8.02,17.41,72.01
Benin,2013,63.765495,201.61603,447.918,1816.5273,2529.826825,2.52,7.97,17.71,71.8
Benin,2014,74.10203,203.32826,443.977,1834.8914,2556.29869,2.9,7.95,17.37,71.78
Benin,2015,72.59889,201.9758,454.70538,1807.8508,2537.13087,2.86,7.96,17.92,71.26
Benin,2016,65.2245,201.94954,451.09442,1825.1117,2543.3801599999997,2.56,7.94,17.74,71.76
Benin,2017,54.209396,202.50505,437.4317,1850.4401,2544.586246,2.13,7.96,17.19,72.72
Benin,2018,50.71989,200.6425,439.296,1848.3834,2539.04179,2.0,7.9,17.3,72.8
Benin,2019,52.92145,213.50136,483.68085,1844.7954,2594.8990599999997,2.04,8.23,18.64,71.09
Benin,2020,50.64936,212.15466,501.2023,1871.7529,2635.75922,1.92,8.05,19.02,71.01
Benin,2021,53.834923,221.19215,542.4188,1869.7561,2687.201973,2.0,8.23,20.19,69.58
Benin,2022,55.82026,225.53249,576.18506,1845.7852,2703.32301,2.06,8.34,21.31,68.28
Bermuda,1961,269.1881,107.29099,997.79987,1372.0375,2746.31646,9.8,3.91,36.33,49.96
Bermuda,1962,271.15747,107.58895,972.70197,1371.6135,2723.06189,9.96,3.95,35.72,50.37
Bermuda,1963,267.6883,101.56555,987.557,1317.168,2673.97885,10.01,3.8,36.93,49.26
Bermuda,1964,263.92963,105.86165,984.147,1380.5796,2734.5178800000003,9.65,3.87,35.99,50.49
Bermuda,1965,264.72086,103.23617,982.38574,1351.3547,2701.69747,9.8,3.82,36.36,50.02
Bermuda,1966,286.22083,97.83953,1026.0164,1313.1855,2723.26226,10.51,3.59,37.68,48.22
Bermuda,1967,270.92004,102.06473,977.85767,1328.0536,2678.8960399999996,10.11,3.81,36.5,49.57
Bermuda,1968,279.60068,99.59712,1055.4258,1355.9177,2790.5413,10.02,3.57,37.82,48.59
Bermuda,1969,271.42453,98.4973,1099.86,1330.7478,2800.52963,9.69,3.52,39.27,47.52
Bermuda,1970,271.6932,108.5575,1120.1206,1367.3192,2867.6904999999997,9.47,3.79,39.06,47.68
Bermuda,1971,264.56833,102.71849,1072.3739,1358.6566,2798.31732,9.45,3.67,38.32,48.55
Bermuda,1972,261.12943,107.55224,1104.057,1443.9832,2916.72187,8.95,3.69,37.85,49.51
Bermuda,1973,260.74802,109.57988,1095.3882,1354.9141,2820.6302,9.24,3.88,38.83,48.04
Bermuda,1974,275.65457,108.67387,1106.5984,1358.2504,2849.17724,9.67,3.81,38.84,47.67
Bermuda,1975,281.9903,106.498924,1109.0553,1266.6274,2764.171924,10.2,3.85,40.12,45.82
Bermuda,1976,298.78177,112.70492,1132.5293,1348.0543,2892.0702899999997,10.33,3.9,39.16,46.61
Bermuda,1977,275.22705,111.254974,1099.5665,1295.3257,2781.374224,9.9,4.0,39.53,46.57
Bermuda,1978,275.29868,120.45088,1182.3981,1347.6473,2925.79496,9.41,4.12,40.41,46.06
Bermuda,1979,302.4854,120.466576,1210.821,1389.4061,3023.179076,10.01,3.98,40.05,45.96
Bermuda,1980,311.76398,122.73515,1214.5144,1388.0553,3037.06883,10.27,4.04,39.99,45.7
Bermuda,1981,301.7324,125.29989,1230.8877,1421.7014,3079.62139,9.8,4.07,39.97,46.16
Bermuda,1982,298.6623,134.04362,1219.321,1469.4366,3121.46352,9.57,4.29,39.06,47.08
Bermuda,1983,303.93338,136.09952,1266.9686,1451.8564,3158.8579,9.62,4.31,40.11,45.96
Bermuda,1984,299.8542,146.86736,1197.5149,1531.274,3175.5104599999995,9.44,4.63,37.71,48.22
Bermuda,1985,293.48416,143.71237,1254.0148,1554.7494,3245.96073,9.04,4.43,38.63,47.9
Bermuda,1986,293.48846,147.72017,1187.5443,1562.7837,3191.53663,9.2,4.63,37.21,48.97
Bermuda,1987,290.5048,149.4696,1184.1543,1569.242,3193.3707,9.1,4.68,37.08,49.14
Bermuda,1988,308.93607,125.898315,1162.4147,1411.7334,3008.982485,10.27,4.18,38.63,46.92
Bermuda,1989,285.7075,133.34944,1147.3342,1443.9922,3010.38334,9.49,4.43,38.11,47.97
Bermuda,1990,296.43893,115.24705,1161.6677,1330.8052,2904.15888,10.21,3.97,40.0,45.82
Bermuda,1991,276.67783,124.426346,1078.8447,1410.2205,2890.169376,9.57,4.31,37.33,48.79
Bermuda,1992,271.91064,141.71092,1173.7401,1518.6029,3105.9645600000003,8.75,4.56,37.79,48.89
Bermuda,1993,269.87036,141.3073,1183.407,1500.1445,3094.72916,8.72,4.57,38.24,48.47
Bermuda,1994,259.97903,144.85901,971.5804,1528.3514,2904.76984,8.95,4.99,33.45,52.62
Bermuda,1995,245.43094,149.53001,995.0285,1604.1367,2994.12615,8.2,4.99,33.23,53.58
Bermuda,1996,233.09892,147.93216,998.44867,1594.9272,2974.40695,7.84,4.97,33.57,53.62
Bermuda,1997,255.14981,134.08972,1021.44446,1467.3795,2878.06349,8.87,4.66,35.49,50.98
Bermuda,1998,236.20412,128.02403,1018.45374,1452.7495,2835.4313899999997,8.33,4.52,35.92,51.24
Bermuda,1999,224.82397,119.444176,953.9862,1426.9785,2725.232846,8.25,4.38,35.01,52.36
Bermuda,2000,237.09985,117.546486,977.4686,1382.2667,2714.381636,8.73,4.33,36.01,50.92
Bermuda,2001,232.60286,113.082146,990.0495,1325.2615,2660.9960060000003,8.74,4.25,37.21,49.8
Bermuda,2002,231.44016,109.89858,999.85803,1278.4382,2619.63497,8.83,4.2,38.17,48.8
Bermuda,2003,224.40585,96.46127,1033.9314,1200.3989,2555.1974199999995,8.78,3.78,40.46,46.98
Bermuda,2004,206.89267,98.124596,972.64935,1234.8062,2512.472816,8.23,3.91,38.71,49.15
Bermuda,2005,217.7368,102.620514,1016.38416,1236.9385,2573.6799739999997,8.46,3.99,39.49,48.06
Bermuda,2006,235.06543,104.34672,1040.0026,1259.8236,2639.2383499999996,8.91,3.95,39.41,47.73
Bermuda,2007,241.73375,108.56553,1085.5728,1274.1382,2710.01028,8.92,4.01,40.06,47.02
Bermuda,2008,262.4532,107.74264,1132.4996,1272.0267,2774.72214,9.46,3.88,40.81,45.84
Bermuda,2009,257.4221,111.75008,1102.3301,1306.905,2778.40728,9.27,4.02,39.67,47.04
Bhutan,2019,74.46031,226.59216,782.6763,2151.2505,3234.97927,2.3,7.0,24.19,66.5
Bhutan,2020,72.35829,241.39496,724.1848,2218.5361,3256.47415,2.22,7.41,22.24,68.13
Bhutan,2021,76.08383,229.93604,778.15485,2153.6296,3237.80432,2.35,7.1,24.03,66.52
Bhutan,2022,72.3472,235.79977,744.7353,2168.9731,3221.85537,2.25,7.32,23.12,67.32
Bolivia,1961,49.968227,117.79002,283.23492,1120.2661,1571.259267,3.18,7.5,18.03,71.3
Bolivia,1962,51.719376,119.86683,279.84073,1148.6754,1600.1023360000002,3.23,7.49,17.49,71.79
Bolivia,1963,54.027164,123.417854,292.84436,1177.1022,1647.391578,3.28,7.49,17.78,71.45
Bolivia,1964,51.920044,116.747185,299.1054,1121.9141,1589.686729,3.27,7.34,18.82,70.57
Bolivia,1965,52.06084,123.90918,293.33508,1201.8625,1671.1676,3.12,7.41,17.55,71.92
Bolivia,1966,52.385887,120.454636,307.4609,1196.7415,1677.042923,3.12,7.18,18.33,71.36
Bolivia,1967,53.87991,123.16977,312.29846,1239.2379,1728.5860400000001,3.12,7.13,18.07,71.69
Bolivia,1968,53.394707,127.12851,317.78467,1273.6122,1771.920087,3.01,7.17,17.93,71.88
Bolivia,1969,55.14784,120.0924,342.77518,1234.9374,1752.95282,3.15,6.85,19.55,70.45
Bolivia,1970,56.888615,126.34565,359.10938,1301.5752,1843.918845,3.09,6.85,19.48,70.59
Bolivia,1971,56.149136,130.89192,346.9464,1358.5146,1892.5020559999998,2.97,6.92,18.33,71.78
Bolivia,1972,60.148865,127.78867,347.30438,1319.0408,1854.2827149999998,3.24,6.89,18.73,71.13
Bolivia,1973,60.24788,121.12449,358.32507,1238.2991,1777.9965399999999,3.39,6.81,20.15,69.65
Bolivia,1974,62.479397,135.07556,387.38336,1327.2794,1912.217717,3.27,7.06,20.26,69.41
Bolivia,1975,64.743004,141.03134,398.84326,1373.1252,1977.742804,3.27,7.13,20.17,69.43
Bolivia,1976,65.96926,138.55403,390.7703,1383.7843,1979.07789,3.33,7.0,19.75,69.92
Bolivia,1977,69.59317,124.7916,396.3575,1341.5748,1932.31707,3.6,6.46,20.51,69.43
Bolivia,1978,71.282585,128.82979,389.19733,1381.6631,1970.9728049999999,3.62,6.54,19.75,70.1
Bolivia,1979,72.82817,128.78107,391.0091,1407.8282,2000.44654,3.64,6.44,19.55,70.38
Bolivia,1980,83.683586,123.25055,434.97562,1312.1987,1954.108456,4.28,6.31,22.26,67.15
Bolivia,1981,79.503944,129.58134,392.88913,1332.4471,1934.4215140000001,4.11,6.7,20.31,68.88
Bolivia,1982,72.72018,124.04326,373.78506,1304.5023,1875.0508,3.88,6.62,19.93,69.57
Bolivia,1983,74.11555,113.253944,379.9968,1227.452,1794.8182940000002,4.13,6.31,21.17,68.39
Bolivia,1984,69.99049,129.68718,330.25708,1343.8044,1873.7391499999999,3.74,6.92,17.63,71.72
Bolivia,1985,72.34715,142.99957,339.28973,1415.9856,1970.62205,3.67,7.26,17.22,71.85
Bolivia,1986,67.725105,130.80684,314.27618,1346.4612,1859.269325,3.64,7.04,16.9,72.42
Bolivia,1987,72.54216,132.52095,325.50317,1353.9028,1884.46908,3.85,7.03,17.27,71.85
Bolivia,1988,72.55197,124.96538,342.0998,1316.8486,1856.46575,3.91,6.73,18.43,70.93
Bolivia,1989,76.34264,127.89674,345.76602,1375.6694,1925.6748,3.96,6.64,17.96,71.44
Bolivia,1990,73.44675,120.327644,328.02338,1324.8904,1846.688174,3.98,6.52,17.76,71.74
Bolivia,1991,74.689545,129.99954,339.8871,1385.6936,1930.269785,3.87,6.73,17.61,71.79
Bolivia,1992,72.51178,129.45518,358.91608,1377.4937,1938.3767400000002,3.74,6.68,18.52,71.06
Bolivia,1993,76.55627,129.55676,343.031,1382.0831,1931.22713,3.96,6.71,17.76,71.57
Bolivia,1994,79.39939,122.28666,356.42792,1334.1802,1892.2941700000001,4.2,6.46,18.84,70.51
Bolivia,1995,84.00347,130.50401,387.26532,1440.1398,2041.9125999999999,4.11,6.39,18.97,70.53
Bolivia,1996,86.92938,119.86367,412.64206,1372.7386,1992.17371,4.36,6.02,20.71,68.91
Bolivia,1997,88.15345,122.85215,414.626,1381.8523,2007.4839,4.39,6.12,20.65,68.84
Bolivia,1998,87.8786,116.50482,370.7489,1337.5311,1912.6634199999999,4.59,6.09,19.38,69.93
Bolivia,1999,88.33766,128.90608,374.85468,1411.7303,2003.82872,4.41,6.43,18.71,70.45
Bolivia,2000,88.91529,132.7807,368.5819,1458.8406,2049.11849,4.34,6.48,17.99,71.19
Bolivia,2001,86.24735,133.78839,371.1766,1471.8704,2063.08274,4.18,6.48,17.99,71.34
Bolivia,2002,91.3679,133.69362,389.96292,1473.4417,2088.46614,4.37,6.4,18.67,70.55
Bolivia,2003,91.85718,136.29135,407.52908,1473.451,2109.1286099999998,4.36,6.46,19.32,69.86
Bolivia,2004,92.596275,129.53096,405.54294,1419.7097,2047.379875,4.52,6.33,19.81,69.34
Bolivia,2005,99.37943,132.35933,414.9171,1458.0612,2104.71706,4.72,6.29,19.71,69.28
Bolivia,2006,107.74764,134.69453,428.10196,1487.4073,2157.95143,4.99,6.24,19.84,68.93
Bolivia,2007,118.99809,133.86285,447.74127,1462.182,2162.78421,5.5,6.19,20.7,67.61
Bolivia,2008,122.87002,130.29733,455.5215,1433.65,2142.33885,5.74,6.08,21.26,66.92
Bolivia,2009,115.17223,136.04372,417.08032,1459.7562,2128.05247,5.41,6.39,19.6,68.6
Bolivia,2010,145.62372,138.67587,493.37766,1469.5808,2247.25805,6.48,6.17,21.95,65.39
Bolivia,2011,145.90486,139.27464,498.53165,1482.5857,2266.29685,6.44,6.15,22.0,65.42
Bolivia,2012,143.65303,140.03458,505.49945,1488.214,2277.40106,6.31,6.15,22.2,65.35
Bolivia,2013,143.45177,137.41762,510.7603,1495.9956,2287.62529,6.27,6.01,22.33,65.4
Bolivia,2014,144.90456,140.59767,508.7961,1483.6516,2277.9499299999998,6.36,6.17,22.34,65.13
Bolivia,2015,171.16423,147.4026,541.43274,1478.5872,2338.58677,7.32,6.3,23.15,63.23
Bolivia,2016,164.69443,151.63815,539.02466,1527.3225,2382.67974,6.91,6.36,22.62,64.1
Bolivia,2017,173.78275,148.58223,551.3167,1506.6182,2380.2998799999996,7.3,6.24,23.16,63.3
Bolivia,2018,170.60918,150.51852,562.59875,1529.5927,2413.31915,7.07,6.24,23.31,63.38
Bolivia,2019,171.78601,153.94545,569.33374,1546.0037,2441.0689,7.04,6.31,23.32,63.33
Bolivia,2020,166.23001,155.28,526.11554,1556.77,2404.39555,6.91,6.46,21.88,64.75
Bolivia,2021,169.35295,155.10529,516.1035,1547.137,2387.69874,7.09,6.5,21.62,64.8
Bolivia,2022,169.72108,150.5303,514.5987,1524.9087,2359.75878,7.19,6.38,21.81,64.62
Bosnia and Herzegovina,1992,63.711792,203.61943,300.61554,1730.2565,2298.203262,2.77,8.86,13.08,75.29
Bosnia and Herzegovina,1993,68.22336,222.33257,341.82288,1808.1875,2440.56631,2.8,9.11,14.01,74.09
Bosnia and Herzegovina,1994,69.46023,243.1108,346.25015,1938.0796,2596.90078,2.67,9.36,13.33,74.63
Bosnia and Herzegovina,1995,71.490654,230.77153,352.24118,1843.4998,2498.003164,2.86,9.24,14.1,73.8
Bosnia and Herzegovina,1996,74.62804,225.03555,464.06833,1824.3208,2588.0527199999997,2.88,8.7,17.93,70.49
Bosnia and Herzegovina,1997,77.8624,238.9024,458.88477,1943.5504,2719.19997,2.86,8.79,16.88,71.48
Bosnia and Herzegovina,1998,82.41275,233.34845,449.7888,1926.042,2691.5919999999996,3.06,8.67,16.71,71.56
Bosnia and Herzegovina,1999,80.73994,223.76083,497.49356,1865.1125,2667.1068299999997,3.03,8.39,18.65,69.93
Bosnia and Herzegovina,2000,82.03067,203.36232,494.56195,1803.55,2583.50494,3.18,7.87,19.14,69.81
Bosnia and Herzegovina,2001,85.795876,209.64488,548.63324,1850.2358,2694.309796,3.18,7.78,20.36,68.67
Bosnia and Herzegovina,2002,92.55514,215.75102,523.80585,1868.0332,2700.14521,3.43,7.99,19.4,69.18
Bosnia and Herzegovina,2003,93.090324,209.9381,485.61935,1853.7599,2642.407674,3.52,7.94,18.38,70.15
Bosnia and Herzegovina,2004,98.4106,235.79495,541.43665,2025.7998,2901.442,3.39,8.13,18.66,69.82
Bosnia and Herzegovina,2005,107.74944,224.13702,577.95984,1967.6399,2877.4862,3.74,7.79,20.09,68.38
Bosnia and Herzegovina,2006,105.66737,224.72437,584.5084,1961.3503,2876.2504400000003,3.67,7.81,20.32,68.19
Bosnia and Herzegovina,2007,114.025055,227.16321,607.33673,2005.291,2953.815995,3.86,7.69,20.56,67.89
Bosnia and Herzegovina,2008,119.052826,236.42334,634.9451,2048.497,3038.9182659999997,3.92,7.78,20.89,67.41
Bosnia and Herzegovina,2009,123.14524,235.12794,626.90857,2072.594,3057.7757500000002,4.03,7.69,20.5,67.78
Bosnia and Herzegovina,2010,129.38869,260.57724,705.62836,2002.5948,3098.18909,4.18,8.41,22.78,64.64
Bosnia and Herzegovina,2011,133.32962,260.49692,718.4674,1999.424,3111.71794,4.28,8.37,23.09,64.25
Bosnia and Herzegovina,2012,140.48495,260.86627,715.3499,1994.1112,3110.81232,4.52,8.39,23.0,64.1
Bosnia and Herzegovina,2013,137.49641,264.65353,727.29626,2027.8716,3157.3178,4.35,8.38,23.04,64.23
Bosnia and Herzegovina,2014,139.84645,263.66464,758.50665,2060.3008,3222.31854,4.34,8.18,23.54,63.94
Bosnia and Herzegovina,2015,154.73619,269.32593,803.5003,2065.9907,3293.55312,4.7,8.18,24.4,62.73
Bosnia and Herzegovina,2016,158.52615,269.7029,825.5868,2074.4014,3328.21725,4.76,8.1,24.81,62.33
Bosnia and Herzegovina,2017,155.31435,269.61285,836.07874,2043.8384,3304.84434,4.7,8.16,25.3,61.84
Bosnia and Herzegovina,2018,160.9845,273.9427,795.44574,2107.937,3338.30994,4.82,8.21,23.83,63.14
Bosnia and Herzegovina,2019,168.88535,270.6666,865.8538,2051.547,3356.95275,5.03,8.06,25.79,61.11
Bosnia and Herzegovina,2020,157.14511,278.84604,833.79236,2116.6611,3386.4446099999996,4.64,8.23,24.62,62.5
Bosnia and Herzegovina,2021,156.00342,281.04,840.731,2098.5667,3376.34112,4.62,8.32,24.9,62.16
Bosnia and Herzegovina,2022,167.0054,273.55307,838.69965,2119.0073,3398.26542,4.91,8.05,24.68,62.36
Botswana,1961,90.8173,196.0791,336.53668,1386.5508,2009.98388,4.52,9.76,16.74,68.98
Botswana,1962,96.57215,178.97006,337.34067,1331.0237,1943.9065799999998,4.97,9.21,17.35,68.47
Botswana,1963,104.77652,183.88931,350.40765,1372.4072,2011.4806800000001,5.21,9.14,17.42,68.23
Botswana,1964,104.15254,185.23747,373.82443,1386.4437,2049.65814,5.08,9.04,18.24,67.64
Botswana,1965,107.414856,188.44275,370.78665,1413.0303,2079.674556,5.16,9.06,17.83,67.94
Botswana,1966,104.60244,184.80472,370.0762,1406.0436,2065.52696,5.06,8.95,17.92,68.07
Botswana,1967,103.976135,198.13254,381.95914,1499.3007,2183.368515,4.76,9.07,17.49,68.67
Botswana,1968,106.135544,207.9008,403.86136,1569.8585,2287.7562040000003,4.64,9.09,17.65,68.62
Botswana,1969,112.521645,207.07457,427.237,1554.0765,2300.909715,4.89,9.0,18.57,67.54
Botswana,1970,132.14603,209.77124,449.057,1598.1263,2389.10057,5.53,8.78,18.8,66.89
Botswana,1971,134.36694,222.18005,477.2602,1695.4105,2529.21769,5.31,8.78,18.87,67.03
Botswana,1972,141.29979,223.76826,482.29077,1688.7607,2536.11952,5.57,8.82,19.02,66.59
Botswana,1973,113.848,213.93466,410.12756,1602.2205,2340.13072,4.87,9.14,17.53,68.47
Botswana,1974,93.761536,196.3161,369.86288,1504.7662,2164.706716,4.33,9.07,17.09,69.51
Botswana,1975,86.19129,208.07472,371.20294,1560.1493,2225.61825,3.87,9.35,16.68,70.1
Botswana,1976,85.80854,200.15979,383.50058,1503.9265,2173.39541,3.95,9.21,17.65,69.2
Botswana,1977,84.058304,212.81429,376.56122,1542.5479,2215.981714,3.79,9.6,16.99,69.61
Botswana,1978,78.38549,186.71503,366.15076,1407.8162,2039.06748,3.84,9.16,17.96,69.04
Botswana,1979,92.84901,190.34473,404.9675,1459.3451,2147.50634,4.32,8.86,18.86,67.96
Botswana,1980,82.82467,179.02052,406.53287,1423.5304,2091.90846,3.96,8.56,19.43,68.05
Botswana,1981,82.21249,178.11284,413.32242,1444.5603,2118.20805,3.88,8.41,19.51,68.2
Botswana,1982,80.5244,178.32524,420.71558,1456.6448,2136.21002,3.77,8.35,19.69,68.19
Botswana,1983,72.91369,187.43182,387.21362,1562.8992,2210.45833,3.3,8.48,17.52,70.7
Botswana,1984,116.54402,183.38232,489.6118,1542.4421,2331.98024,5.0,7.86,21.0,66.14
Botswana,1985,95.3571,197.17838,404.1058,1592.2249,2288.86618,4.17,8.61,17.66,69.56
Botswana,1986,81.29037,193.83977,405.29172,1607.0559,2287.4777599999998,3.55,8.47,17.72,70.25
Botswana,1987,82.74404,185.66853,455.29236,1575.5599,2299.26483,3.6,8.08,19.8,68.52
Botswana,1988,91.46258,184.1486,511.72424,1532.979,2320.31442,3.94,7.94,22.05,66.07
Botswana,1989,94.394226,178.55396,460.5525,1500.4961,2233.996786,4.23,7.99,20.62,67.17
Botswana,1990,114.31148,176.68246,541.11395,1516.8743,2348.9821899999997,4.87,7.52,23.04,64.58
Botswana,1991,122.90297,164.32378,597.1287,1477.6926,2362.0480500000003,5.2,6.96,25.28,62.56
Botswana,1992,127.13837,162.63858,550.14734,1498.759,2338.68329,5.44,6.95,23.52,64.09
Botswana,1993,106.02323,166.72906,462.60635,1457.385,2192.74364,4.84,7.6,21.1,66.46
Botswana,1994,95.452415,190.05826,444.58392,1583.1979,2313.2924949999997,4.13,8.22,19.22,68.44
Botswana,1995,113.34973,177.6925,505.0358,1514.8961,2310.97413,4.9,7.69,21.85,65.55
Botswana,1996,112.63526,182.58902,517.4974,1523.9957,2336.71738,4.82,7.81,22.15,65.22
Botswana,1997,104.54452,174.08623,504.89432,1498.9951,2282.5201700000002,4.58,7.63,22.12,65.67
Botswana,1998,96.959015,162.91809,470.7166,1460.6715,2191.2652049999997,4.42,7.43,21.48,66.66
Botswana,1999,100.60319,169.22682,484.67285,1469.5251,2224.0279600000003,4.52,7.61,21.79,66.07
Botswana,2000,108.22948,164.60423,462.92587,1440.5903,2176.3498799999998,4.97,7.56,21.27,66.19
Botswana,2001,108.257706,175.15338,453.98254,1505.6527,2243.046326,4.83,7.81,20.24,67.13
Botswana,2002,103.55978,171.70103,443.0633,1470.408,2188.73211,4.73,7.84,20.24,67.18
Botswana,2003,83.655594,169.12799,449.93787,1478.4763,2181.197754,3.84,7.75,20.63,67.78
Botswana,2004,96.45018,160.1344,521.2375,1471.204,2249.0260799999996,4.29,7.12,23.18,65.42
Botswana,2005,98.09107,145.15848,562.82056,1435.1785,2241.24861,4.38,6.48,25.11,64.03
Botswana,2006,91.51876,140.06982,490.123,1452.9714,2174.6829799999996,4.21,6.44,22.54,66.81
Botswana,2007,91.062935,138.79883,502.48944,1438.0088,2170.360005,4.2,6.4,23.15,66.26
Botswana,2008,93.47048,144.09372,494.43942,1434.1631,2166.16672,4.32,6.65,22.83,66.21
Botswana,2009,97.15794,154.66039,511.78546,1392.7771,2156.38089,4.51,7.17,23.73,64.59
Botswana,2010,129.63144,159.26149,675.10205,1525.7106,2489.70558,5.21,6.4,27.12,61.28
Botswana,2011,152.48738,160.06235,701.477,1524.7706,2538.7973300000003,6.01,6.3,27.63,60.06
Botswana,2012,149.88713,158.09956,715.255,1532.0513,2555.29299,5.87,6.19,27.99,59.96
Botswana,2013,128.19096,164.77553,690.68365,1624.367,2608.01714,4.92,6.32,26.48,62.28
Botswana,2014,121.92675,168.5911,674.2707,1690.5421,2655.33065,4.59,6.35,25.39,63.67
Botswana,2015,118.897835,177.69806,660.4668,1746.168,2703.230695,4.4,6.57,24.43,64.6
Botswana,2016,116.55086,174.74208,668.57794,1718.8936,2678.76448,4.35,6.52,24.96,64.17
Botswana,2017,102.35922,175.51534,622.929,1802.5715,2703.37506,3.79,6.49,23.04,66.68
Botswana,2018,111.91359,172.00745,649.954,1766.1898,2700.06484,4.14,6.37,24.07,65.41
Botswana,2019,109.762054,179.8211,652.6233,1819.5311,2761.737554,3.97,6.51,23.63,65.88
Botswana,2020,116.97411,187.14998,689.3164,1792.8855,2786.3259900000003,4.2,6.72,24.74,64.35
Botswana,2021,124.1712,181.72974,667.1292,1851.0566,2824.0867399999997,4.4,6.43,23.62,65.55
Botswana,2022,109.44477,186.46147,647.1601,1883.3838,2826.45014,3.87,6.6,22.9,66.63
Brazil,1961,71.52494,154.58875,344.2967,1649.9183,2220.3286900000003,3.22,6.96,15.51,74.31
Brazil,1962,72.75701,156.8157,365.23297,1688.6545,2283.46018,3.19,6.87,15.99,73.95
Brazil,1963,72.59646,159.23735,355.7488,1668.9438,2256.52641,3.22,7.06,15.77,73.96
Brazil,1964,75.40585,163.57394,372.20822,1710.773,2321.96101,3.25,7.04,16.03,73.68
Brazil,1965,76.91178,166.26636,380.89453,1723.5487,2347.62137,3.28,7.08,16.22,73.42
Brazil,1966,76.796,167.04237,399.2224,1701.6938,2344.75457,3.28,7.12,17.03,72.57
Brazil,1967,76.68176,174.02408,394.45392,1744.0972,2389.2569599999997,3.21,7.28,16.51,73.0
Brazil,1968,80.39942,174.01079,416.17578,1803.6299,2474.21589,3.25,7.03,16.82,72.9
Brazil,1969,79.846,166.01683,413.87384,1790.6333,2450.3699699999997,3.26,6.78,16.89,73.08
Brazil,1970,80.85607,162.84018,418.60242,1759.9591,2422.25777,3.34,6.72,17.28,72.66
Brazil,1971,77.542625,172.44675,423.71503,1769.3917,2443.0961049999996,3.17,7.06,17.34,72.42
Brazil,1972,79.16318,163.76227,438.13556,1731.8456,2412.90661,3.28,6.79,18.16,71.77
Brazil,1973,82.90442,157.47815,435.73108,1723.4862,2399.59985,3.45,6.56,18.16,71.82
Brazil,1974,84.72366,156.45316,504.81186,1747.2042,2493.19288,3.4,6.28,20.25,70.08
Brazil,1975,88.85302,154.41681,493.32733,1766.2908,2502.88796,3.55,6.17,19.71,70.57
Brazil,1976,90.88779,151.01045,482.10742,1808.6266,2532.6322600000003,3.59,5.96,19.04,71.41
Brazil,1977,88.773636,153.02196,533.36554,1791.957,2567.118136,3.46,5.96,20.78,69.8
Brazil,1978,91.07916,153.54034,573.00287,1789.991,2607.61337,3.49,5.89,21.97,68.64
Brazil,1979,96.27979,158.12228,585.42413,1875.5774,2715.4035999999996,3.55,5.82,21.56,69.07
Brazil,1980,103.291885,154.31511,600.9491,1851.3394,2709.895495,3.81,5.69,22.18,68.32
Brazil,1981,97.87035,153.31415,580.8039,1780.4991,2612.4875,3.75,5.87,22.23,68.15
Brazil,1982,97.178665,157.62396,575.3857,1825.3451,2655.533425,3.66,5.94,21.67,68.74
Brazil,1983,96.73382,157.1221,572.80414,1783.6653,2610.32536,3.71,6.02,21.94,68.33
Brazil,1984,97.1135,155.58267,573.09033,1785.0187,2610.8052,3.72,5.96,21.95,68.37
Brazil,1985,98.51161,156.61336,588.32544,1799.2742,2642.72461,3.73,5.93,22.26,68.08
Brazil,1986,114.84727,148.73465,635.8407,1797.8604,2697.28302,4.26,5.51,23.57,66.65
Brazil,1987,112.40577,150.50397,653.84827,1786.8882,2703.64621,4.16,5.57,24.18,66.09
Brazil,1988,108.711624,148.48418,683.00305,1759.5135,2699.7123540000002,4.03,5.5,25.3,65.17
Brazil,1989,117.98211,147.49771,714.5187,1766.8002,2746.79872,4.3,5.37,26.01,64.32
Brazil,1990,118.15859,145.53091,703.744,1760.7695,2728.2030000000004,4.33,5.33,25.8,64.54
Brazil,1991,124.1908,149.66277,742.8884,1768.1245,2784.86647,4.46,5.37,26.68,63.49
Brazil,1992,123.81867,149.9132,729.26355,1773.7655,2776.7609199999997,4.46,5.4,26.26,63.88
Brazil,1993,125.573135,153.01097,714.3249,1784.921,2777.830005,4.52,5.51,25.72,64.26
Brazil,1994,134.30156,155.64404,720.4894,1810.5383,2820.9733,4.76,5.52,25.54,64.18
Brazil,1995,152.10654,144.77948,731.68494,1786.1409,2814.7118600000003,5.4,5.14,26.0,63.46
Brazil,1996,155.73953,159.06337,740.65375,1787.7808,2843.23745,5.48,5.59,26.05,62.88
Brazil,1997,156.28659,150.95819,771.9781,1779.2876,2858.51048,5.47,5.28,27.01,62.25
Brazil,1998,155.08589,153.32263,783.6346,1766.2261,2858.26922,5.43,5.36,27.42,61.79
Brazil,1999,161.86302,155.93045,872.1482,1681.1028,2871.04447,5.64,5.43,30.38,58.55
Brazil,2000,165.54176,153.02687,899.6295,1669.858,2888.05613,5.73,5.3,31.15,57.82
Brazil,2001,161.32791,158.83853,897.8031,1684.9692,2902.93874,5.56,5.47,30.93,58.04
Brazil,2002,167.10959,159.79327,911.7262,1702.934,2941.56306,5.68,5.43,30.99,57.89
Brazil,2003,166.9986,172.79465,938.5067,1807.8938,3086.1937500000004,5.41,5.6,30.41,58.58
Brazil,2004,170.55733,166.93102,953.53754,1813.4961,3104.52199,5.49,5.38,30.71,58.41
Brazil,2005,164.60574,170.33044,928.85535,1838.4398,3102.23133,5.31,5.49,29.94,59.26
Brazil,2006,170.94565,169.29263,955.0378,1825.2883,3120.56438,5.48,5.43,30.6,58.49
Brazil,2007,174.16435,169.52911,970.3788,1815.7269,3129.7991599999996,5.56,5.42,31.0,58.01
Brazil,2008,184.94904,171.9744,1007.60956,1836.8177,3201.3507,5.78,5.37,31.47,57.38
Brazil,2009,187.32614,169.39537,1001.98724,1830.5095,3189.21825,5.87,5.31,31.42,57.4
Brazil,2010,227.35019,179.7068,1012.493,1883.4445,3302.99449,6.88,5.44,30.65,57.02
Brazil,2011,236.78557,177.23396,1060.7854,1874.008,3348.81293,7.07,5.29,31.68,55.96
Brazil,2012,238.01155,170.84987,1064.3784,1826.7833,3300.02312,7.21,5.18,32.25,55.36
Brazil,2013,244.57254,171.19264,1074.1414,1821.1832,3311.08978,7.39,5.17,32.44,55.0
Brazil,2014,249.70155,169.40984,1103.7976,1831.4058,3354.3147900000004,7.44,5.05,32.91,54.6
Brazil,2015,250.7731,163.19379,1114.286,1771.7416,3299.99449,7.6,4.95,33.77,53.69
Brazil,2016,248.04655,164.86221,1112.3618,1755.0048,3280.2753599999996,7.56,5.03,33.91,53.5
Brazil,2017,253.09453,164.64183,1116.466,1762.6167,3296.81906,7.68,4.99,33.86,53.46
Brazil,2018,262.63275,166.00642,1141.5593,1769.3042,3339.50267,7.86,4.97,34.18,52.98
Brazil,2019,263.831,150.51556,1214.2515,1721.486,3350.08406,7.88,4.49,36.25,51.39
Brazil,2020,263.19928,151.09436,1242.3292,1666.1248,3322.74764,7.92,4.55,37.39,50.14
Brazil,2021,259.66632,152.39595,1263.1271,1699.4705,3374.65987,7.69,4.52,37.43,50.36
Brazil,2022,261.64456,153.3256,1277.8362,1690.7488,3383.55516,7.73,4.53,37.77,49.97
Brunei,1961,77.96202,93.73297,330.82715,1288.4843,1791.00644,4.35,5.23,18.47,71.94
Brunei,1962,88.34881,93.48667,348.64832,1301.2742,1831.758,4.82,5.1,19.03,71.04
Brunei,1963,91.75538,95.02704,347.6518,1311.4548,1845.88902,4.97,5.15,18.83,71.05
Brunei,1964,83.00332,89.74132,341.02808,1332.7363,1846.50902,4.5,4.86,18.47,72.18
Brunei,1965,80.383354,96.705414,343.15363,1361.0702,1881.3125980000002,4.27,5.14,18.24,72.35
Brunei,1966,87.22179,114.37469,381.19354,1464.7607,2047.55072,4.26,5.59,18.62,71.54
Brunei,1967,88.12642,118.7596,381.85938,1548.1428,2136.8882000000003,4.12,5.56,17.87,72.45
Brunei,1968,88.27254,105.96445,368.44434,1448.6982,2011.3795300000002,4.39,5.27,18.32,72.03
Brunei,1969,90.397995,119.15927,372.39633,1541.1724,2123.125995,4.26,5.61,17.54,72.59
Brunei,1970,92.757484,110.385254,367.09448,1482.1664,2052.4036180000003,4.52,5.38,17.89,72.22
Brunei,1971,98.12786,123.26153,400.20544,1625.4028,2246.99763,4.37,5.49,17.81,72.34
Brunei,1972,98.77635,115.95833,379.9413,1588.0737,2182.74968,4.53,5.31,17.41,72.76
Brunei,1973,96.83182,111.657936,370.92413,1492.8271,2072.240986,4.67,5.39,17.9,72.04
Brunei,1974,96.14657,110.96008,371.6295,1521.1903,2099.92645,4.58,5.28,17.7,72.44
Brunei,1975,104.56371,113.52865,399.57114,1516.6016,2134.2651,4.9,5.32,18.72,71.06
Brunei,1976,126.19107,116.02228,422.4951,1506.8398,2171.54825,5.81,5.34,19.46,69.39
Brunei,1977,123.83259,117.293434,429.54813,1494.6482,2165.322354,5.72,5.42,19.84,69.03
Brunei,1978,130.07956,135.14438,473.80826,1687.3489,2426.3811,5.36,5.57,19.53,69.54
Brunei,1979,140.90596,137.4227,500.4691,1660.5173,2439.31506,5.78,5.63,20.52,68.07
Brunei,1980,156.9109,148.48866,531.7214,1815.055,2652.17596,5.92,5.6,20.05,68.44
Brunei,1981,166.17633,142.33022,530.00586,1700.5808,2539.09321,6.54,5.61,20.87,66.98
Brunei,1982,167.49307,142.08147,545.59406,1751.1758,2606.3444,6.43,5.45,20.93,67.19
Brunei,1983,171.76024,144.34291,574.1249,1823.6747,2713.90275,6.33,5.32,21.15,67.2
Brunei,1984,169.84624,158.19777,627.4487,1843.8325,2799.32521,6.07,5.65,22.41,65.87
Brunei,1985,174.42331,180.33252,661.7592,1940.123,2956.63803,5.9,6.1,22.38,65.62
Brunei,1986,154.80174,172.64015,614.24176,1800.8193,2742.50295,5.64,6.29,22.4,65.66
Brunei,1987,167.1361,165.0368,589.33636,1772.2886,2693.79786,6.2,6.13,21.88,65.79
Brunei,1988,168.22278,172.17715,678.1972,1827.148,2845.74513,5.91,6.05,23.83,64.21
Brunei,1989,173.5684,177.51956,696.78345,1856.0228,2903.89421,5.98,6.11,23.99,63.91
Brunei,1990,152.87743,176.31648,700.5438,1793.4204,2823.1581100000003,5.42,6.25,24.81,63.53
Brunei,1991,159.79707,163.45715,636.7348,1758.934,2718.92302,5.88,6.01,23.42,64.69
Brunei,1992,147.67552,166.83058,646.3022,1893.3376,2854.1459,5.17,5.85,22.64,66.34
Brunei,1993,162.50055,165.2911,647.26215,1856.977,2832.0308,5.74,5.84,22.86,65.57
Brunei,1994,218.08774,163.08081,695.67004,1842.2474,2919.0859899999996,7.47,5.59,23.83,63.11
Brunei,1995,196.23505,163.20499,655.91016,1858.0626,2873.4128,6.83,5.68,22.83,64.66
Brunei,1996,208.76231,171.65897,669.59796,1908.4563,2958.4755400000004,7.06,5.8,22.63,64.51
Brunei,1997,192.75621,170.37766,691.40027,1812.8466,2867.38074,6.72,5.94,24.11,63.22
Brunei,1998,186.73505,174.11014,756.73364,1776.7739,2894.3527299999996,6.45,6.02,26.15,61.39
Brunei,1999,179.07144,169.13885,702.41473,1808.0453,2858.67032,6.26,5.92,24.57,63.25
Brunei,2000,169.82973,169.34146,672.4121,1833.4917,2845.07499,5.97,5.95,23.63,64.44
Brunei,2001,191.85858,170.13414,661.8023,1900.2585,2924.05352,6.56,5.82,22.63,64.99
Brunei,2002,195.80203,175.65611,753.18256,1853.4955,2978.1362,6.57,5.9,25.29,62.24
Brunei,2003,196.67291,173.46762,761.9441,1907.4801,3039.56473,6.47,5.71,25.07,62.76
Brunei,2004,202.84715,166.59084,746.9886,1948.583,3065.00959,6.62,5.44,24.37,63.58
Brunei,2005,186.79016,167.7584,740.2391,1956.8157,3051.60336,6.12,5.5,24.26,64.12
Brunei,2006,193.68481,161.84283,716.2594,1983.8086,3055.5956400000005,6.34,5.3,23.44,64.92
Brunei,2007,187.89194,154.72728,736.0333,1916.2347,2994.88722,6.27,5.17,24.58,63.98
Brunei,2008,192.68787,156.90295,764.9482,1872.3281,2986.86712,6.45,5.25,25.61,62.69
Brunei,2009,185.2711,158.24815,729.2517,1887.5134,2960.28435,6.26,5.35,24.63,63.76
Bulgaria,1961,93.56154,269.0094,650.07275,2158.013,3170.65669,2.95,8.48,20.5,68.06
Bulgaria,1962,93.589905,267.3369,668.3423,2183.971,3213.240105,2.91,8.32,20.8,67.97
Bulgaria,1963,94.83195,271.21698,684.6619,2230.011,3280.72183,2.89,8.27,20.87,67.97
Bulgaria,1964,99.61184,271.07224,700.7333,2255.9785,3327.39588,2.99,8.15,21.06,67.8
Bulgaria,1965,104.65903,277.19635,713.2923,2316.7766,3411.92428,3.07,8.12,20.91,67.9
Bulgaria,1966,112.3795,280.94876,730.17645,2368.7905,3492.29521,3.22,8.04,20.91,67.83
Bulgaria,1967,116.97164,271.06314,788.5664,2280.7966,3457.3977800000002,3.38,7.84,22.81,65.97
Bulgaria,1968,113.488396,265.40738,765.23517,2308.2485,3452.379446,3.29,7.69,22.17,66.86
Bulgaria,1969,115.318855,264.8611,745.89,2349.3064,3475.376355,3.32,7.62,21.46,67.6
Bulgaria,1970,117.29826,259.36884,746.3808,2325.665,3448.7129,3.4,7.52,21.64,67.44
Bulgaria,1971,123.27757,263.01083,782.216,2358.8596,3527.3639999999996,3.49,7.46,22.18,66.87
Bulgaria,1972,134.26767,256.95227,803.32153,2279.384,3473.92547,3.87,7.4,23.12,65.61
Bulgaria,1973,134.1386,250.91856,811.35614,2277.3193,3473.7326000000003,3.86,7.22,23.36,65.56
Bulgaria,1974,142.92702,246.83029,826.9735,2238.373,3455.10381,4.14,7.14,23.93,64.78
Bulgaria,1975,157.71045,243.54878,883.74475,2216.52,3501.52398,4.5,6.96,25.24,63.3
Bulgaria,1976,163.9503,247.60576,903.587,2275.5205,3590.66356,4.57,6.9,25.16,63.37
Bulgaria,1977,162.52917,238.20308,903.8938,2190.5498,3495.1758499999996,4.65,6.82,25.86,62.67
Bulgaria,1978,167.32382,241.34322,919.2307,2240.0369,3567.93464,4.69,6.76,25.76,62.78
Bulgaria,1979,170.28984,241.89171,956.07733,2222.8533,3591.11218,4.74,6.74,26.62,61.9
Bulgaria,1980,173.06755,240.82965,949.09985,2227.2341,3590.23115,4.82,6.71,26.44,62.04
Bulgaria,1981,179.98576,242.04846,991.8024,2244.5002,3658.33682,4.92,6.62,27.11,61.35
Bulgaria,1982,185.00949,237.9551,1001.28424,2216.5522,3640.80103,5.08,6.54,27.5,60.88
Bulgaria,1983,194.56459,230.06732,1021.34406,2168.3386,3614.31457,5.38,6.37,28.26,59.99
Bulgaria,1984,199.97449,228.54227,1024.8392,2155.6272,3608.9831599999998,5.54,6.33,28.4,59.73
Bulgaria,1985,201.98708,225.83028,1051.0709,2117.5938,3596.4820600000003,5.62,6.28,29.22,58.88
Bulgaria,1986,204.77316,228.1564,1086.6008,2134.849,3654.37936,5.6,6.24,29.73,58.42
Bulgaria,1987,204.34514,234.95506,1088.954,2136.5266,3664.7808,5.58,6.41,29.71,58.3
Bulgaria,1988,205.42441,236.11497,1087.5304,2143.5164,3672.5861800000002,5.59,6.43,29.61,58.37
Bulgaria,1989,210.81479,228.10121,1094.3195,2066.1143,3599.3498,5.86,6.34,30.4,57.4
Bulgaria,1990,175.25377,207.52895,910.75366,1835.0354,3128.57178,5.6,6.63,29.11,58.65
Bulgaria,1991,156.40086,209.45969,871.60895,1820.7947,3058.2642,5.11,6.85,28.5,59.54
Bulgaria,1992,158.09468,191.82478,932.4613,1773.1455,3055.52626,5.17,6.28,30.52,58.03
Bulgaria,1993,168.12123,186.18185,903.6365,1729.9396,2987.87918,5.63,6.23,30.24,57.9
Bulgaria,1994,156.49042,186.21396,818.98395,1723.3027,2884.99103,5.42,6.45,28.39,59.73
Bulgaria,1995,159.44913,189.05081,825.34717,1722.3184,2896.1655100000003,5.51,6.53,28.5,59.47
Bulgaria,1996,155.01367,177.24973,790.7074,1612.6631,2735.6339,5.67,6.48,28.9,58.95
Bulgaria,1997,156.67404,172.08199,769.4292,1572.2588,2670.44403,5.87,6.44,28.81,58.88
Bulgaria,1998,179.48235,179.64221,860.4542,1595.948,2815.5267599999997,6.37,6.38,30.56,56.68
Bulgaria,1999,167.65059,188.04701,829.29456,1693.5431,2878.53526,5.82,6.53,28.81,58.83
Bulgaria,2000,164.45078,178.7317,830.84436,1639.1575,2813.18434,5.85,6.35,29.53,58.27
Bulgaria,2001,157.97125,179.74936,830.7603,1649.861,2818.34191,5.61,6.38,29.48,58.54
Bulgaria,2002,151.59601,176.22134,832.9071,1621.1383,2781.8627500000002,5.45,6.33,29.94,58.28
Bulgaria,2003,141.48787,172.77844,849.52734,1594.0991,2757.89275,5.13,6.26,30.8,57.8
Bulgaria,2004,152.6736,167.66512,856.58527,1585.5128,2762.4367899999997,5.53,6.07,31.01,57.4
Bulgaria,2005,152.48183,158.31271,860.406,1547.5526,2718.75314,5.61,5.82,31.65,56.92
Bulgaria,2006,155.72775,162.5523,835.0212,1599.4719,2752.77315,5.66,5.91,30.33,58.1
Bulgaria,2007,144.9031,158.65973,841.7259,1580.1178,2725.40653,5.32,5.82,30.88,57.98
Bulgaria,2008,154.11223,164.54837,828.83624,1622.8188,2770.31564,5.56,5.94,29.92,58.58
Bulgaria,2009,154.64839,165.4674,857.09937,1592.1764,2769.39156,5.58,5.97,30.95,57.49
Bulgaria,2010,179.04895,160.18451,869.1122,1566.8723,2775.21796,6.45,5.77,31.32,56.46
Bulgaria,2011,178.66449,162.63783,840.6941,1605.1083,2787.1047200000003,6.41,5.84,30.16,57.59
Bulgaria,2012,174.39081,170.05153,838.7338,1610.9658,2794.14194,6.24,6.09,30.02,57.66
Bulgaria,2013,180.7731,168.17053,843.03156,1665.0112,2856.98639,6.33,5.89,29.51,58.28
Bulgaria,2014,181.95088,179.74641,830.4444,1686.0769,2878.21859,6.32,6.25,28.85,58.58
Bulgaria,2015,181.06462,167.25565,866.8494,1564.04,2779.20967,6.51,6.02,31.19,56.28
Bulgaria,2016,186.37022,175.59386,872.2456,1611.708,2845.91768,6.55,6.17,30.65,56.63
Bulgaria,2017,190.14862,173.70398,879.148,1612.142,2855.1426,6.66,6.08,30.79,56.46
Bulgaria,2018,197.69606,161.74763,996.5049,1553.0873,2909.03589,6.8,5.56,34.26,53.39
Bulgaria,2019,204.67787,151.2133,1068.8262,1477.9796,2902.69697,7.05,5.21,36.82,50.92
Bulgaria,2020,195.27515,148.93254,1148.0669,1425.9918,2918.26639,6.69,5.1,39.34,48.86
Bulgaria,2021,207.38193,157.15851,1165.6222,1453.5559,2983.71854,6.95,5.27,39.07,48.72
Bulgaria,2022,202.13257,157.541,1160.9607,1514.7822,3035.41647,6.66,5.19,38.25,49.9
Burkina Faso,1961,19.870064,150.7217,231.89818,936.31604,1338.805984,1.48,11.26,17.32,69.94
Burkina Faso,1962,20.52707,145.1413,223.126,929.9387,1318.73307,1.56,11.01,16.92,70.52
Burkina Faso,1963,22.23219,159.89456,205.70818,1074.1733,1462.00823,1.52,10.94,14.07,73.47
Burkina Faso,1964,23.046574,172.70853,248.77629,1119.0962,1563.627594,1.47,11.05,15.91,71.57
Burkina Faso,1965,23.822258,172.33978,251.369,1130.2417,1577.7727380000001,1.51,10.92,15.93,71.64
Burkina Faso,1966,24.845575,170.82838,253.14189,1116.616,1565.431845,1.59,10.91,16.17,71.33
Burkina Faso,1967,24.476475,173.6626,243.9422,1149.893,1591.974275,1.54,10.91,15.32,72.23
Burkina Faso,1968,23.426405,173.93303,256.41684,1152.7776,1606.5538749999998,1.46,10.83,15.96,71.75
Burkina Faso,1969,25.749279,172.10304,243.29457,1167.1803,1608.327189,1.6,10.7,15.13,72.57
Burkina Faso,1970,26.589687,165.75441,224.0572,1133.661,1550.062297,1.72,10.69,14.45,73.14
Burkina Faso,1971,26.269087,163.46991,228.11995,1109.1569,1527.015847,1.72,10.71,14.94,72.64
Burkina Faso,1972,23.79275,155.75626,210.79454,1073.1313,1463.47485,1.63,10.64,14.4,73.33
Burkina Faso,1973,18.937866,155.55533,198.1555,1065.7466,1438.395296,1.32,10.81,13.78,74.09
Burkina Faso,1974,19.368572,159.43983,230.97925,1055.888,1465.675652,1.32,10.88,15.76,72.04
Burkina Faso,1975,19.90415,161.15553,234.91502,1092.856,1508.8307,1.32,10.68,15.57,72.43
Burkina Faso,1976,22.016857,164.26733,238.87889,1141.1904,1566.3534769999999,1.41,10.49,15.25,72.86
Burkina Faso,1977,22.973375,145.24588,204.43118,1020.88196,1393.5323950000002,1.65,10.42,14.67,73.26
Burkina Faso,1978,25.763548,162.86526,249.97578,1127.0264,1565.630988,1.65,10.4,15.97,71.99
Burkina Faso,1979,27.185728,170.41386,268.9079,1186.7319,1653.239388,1.64,10.31,16.27,71.78
Burkina Faso,1980,26.9469,156.37843,238.19135,1114.378,1535.8946799999999,1.75,10.18,15.51,72.56
Burkina Faso,1981,26.452179,150.45654,265.62723,1030.686,1473.2219489999998,1.8,10.21,18.03,69.96
Burkina Faso,1982,26.212946,163.47984,283.486,1155.3396,1628.518386,1.61,10.04,17.41,70.94
Burkina Faso,1983,27.532064,155.89836,291.36157,1069.9979,1544.789894,1.78,10.09,18.86,69.26
Burkina Faso,1984,26.898447,148.40656,265.45743,1056.326,1497.0884369999999,1.8,9.91,17.73,70.56
Burkina Faso,1985,28.74857,164.87923,356.02438,1119.6195,1669.27168,1.72,9.88,21.33,67.07
Burkina Faso,1986,30.726263,203.94221,400.14502,1333.3252,1968.1386929999999,1.56,10.36,20.33,67.75
Burkina Faso,1987,30.761793,200.00941,339.57324,1378.7367,1949.0811429999999,1.58,10.26,17.42,70.74
Burkina Faso,1988,30.240667,204.37457,374.74762,1335.466,1944.828857,1.55,10.51,19.27,68.67
Burkina Faso,1989,28.04498,209.01013,360.8627,1408.3179,2006.23571,1.4,10.42,17.99,70.2
Burkina Faso,1990,36.862755,217.02083,402.7583,1455.8481,2112.489985,1.74,10.27,19.07,68.92
Burkina Faso,1991,38.14751,218.01881,377.1402,1517.7893,2151.09582,1.77,10.14,17.53,70.56
Burkina Faso,1992,36.457188,229.40222,397.8043,1549.2953,2212.959008,1.65,10.37,17.98,70.01
Burkina Faso,1993,36.924297,237.76305,409.82486,1553.5492,2238.061407,1.65,10.62,18.31,69.41
Burkina Faso,1994,38.051014,234.90002,446.66302,1553.4005,2273.014554,1.67,10.33,19.65,68.34
Burkina Faso,1995,39.284874,232.8338,438.1954,1559.932,2270.246074,1.73,10.26,19.3,68.71
Burkina Faso,1996,38.35401,232.73293,434.81186,1570.0321,2275.9309,1.69,10.23,19.1,68.98
Burkina Faso,1997,39.44447,222.27019,428.73917,1563.6553,2254.10913,1.75,9.86,19.02,69.37
Burkina Faso,1998,37.937027,227.62215,438.03214,1525.9895,2229.580817,1.7,10.21,19.65,68.44
Burkina Faso,1999,39.533695,230.84714,442.56097,1570.7333,2283.6751050000003,1.73,10.11,19.38,68.78
Burkina Faso,2000,38.740395,229.75584,452.82462,1534.9666,2256.2874549999997,1.72,10.18,20.07,68.03
Burkina Faso,2001,37.349022,230.77888,443.8743,1553.8127,2265.814902,1.65,10.19,19.59,68.58
Burkina Faso,2002,37.273365,237.64195,499.26337,1563.6487,2337.827385,1.59,10.17,21.36,66.88
Burkina Faso,2003,42.653122,250.96445,516.2498,1601.4662,2411.333572,1.77,10.41,21.41,66.41
Burkina Faso,2004,42.865845,246.65237,514.5639,1614.3624,2418.444515,1.77,10.2,21.28,66.75
Burkina Faso,2005,44.16171,237.64854,475.22968,1615.7847,2372.82463,1.86,10.02,20.03,68.1
Burkina Faso,2006,45.042286,244.44383,485.00275,1686.2971,2460.785966,1.83,9.93,19.71,68.53
Burkina Faso,2007,43.388287,250.10715,471.2567,1681.3633,2446.115437,1.77,10.22,19.27,68.74
Burkina Faso,2008,43.044044,257.95682,516.3268,1669.2346,2486.562264,1.73,10.37,20.76,67.13
Burkina Faso,2009,45.35219,261.121,505.19644,1724.0559,2535.72553,1.79,10.3,19.92,67.99
Burkina Faso,2010,49.29765,258.8824,529.3121,1757.9774,2595.46955,1.9,9.97,20.39,67.73
Burkina Faso,2011,50.739056,247.39774,527.22986,1747.7373,2573.103956,1.97,9.61,20.49,67.92
Burkina Faso,2012,50.4276,257.04126,551.5245,1773.8557,2632.84906,1.92,9.76,20.95,67.37
Burkina Faso,2013,48.438065,255.34636,551.83514,1796.9924,2652.611965,1.83,9.63,20.8,67.74
Burkina Faso,2014,48.68037,253.92734,552.04974,1784.5383,2639.19575,1.84,9.62,20.92,67.62
Burkina Faso,2015,47.52909,253.11633,557.3105,1787.6141,2645.57002,1.8,9.57,21.07,67.57
Burkina Faso,2016,45.1411,253.97852,546.68787,1790.75,2636.55749,1.71,9.63,20.73,67.92
Burkina Faso,2017,44.309303,247.829,553.03876,1764.8541,2610.031163,1.7,9.5,21.19,67.62
Burkina Faso,2018,44.780037,258.18365,557.11633,1788.8469,2648.926917,1.69,9.75,21.03,67.53
Burkina Faso,2019,87.27722,286.4596,553.1389,1701.346,2628.22172,3.32,10.9,21.05,64.73
Burkina Faso,2020,83.210075,291.07495,612.5319,1697.0685,2683.885425,3.1,10.85,22.82,63.23
Burkina Faso,2021,69.08973,287.93414,527.397,1780.0754,2664.49627,2.59,10.81,19.79,66.81
Burkina Faso,2022,68.53805,307.51465,536.0654,1782.5132,2694.6313,2.54,11.41,19.89,66.15
Burundi,2010,9.850408,130.97539,128.86319,1193.7292,1463.418188,0.67,8.95,8.81,81.57
Burundi,2011,9.613435,128.20506,110.34044,1155.4025,1403.5614349999998,0.68,9.13,7.86,82.32
Burundi,2012,10.037687,120.024284,126.754974,1144.2573,1401.074245,0.72,8.57,9.05,81.67
Burundi,2013,9.216911,121.53101,121.10323,1189.3705,1441.221651,0.64,8.43,8.4,82.53
Burundi,2014,10.689511,113.192215,124.45506,1301.312,1549.648786,0.69,7.3,8.03,83.97
Burundi,2015,10.836354,124.28794,123.21984,1388.9371,1647.281234,0.66,7.55,7.48,84.32
Burundi,2016,11.757583,136.78375,135.50323,1411.8412,1695.8857630000002,0.69,8.07,7.99,83.25
Burundi,2017,11.013346,148.56384,128.26282,1395.1758,1683.0158059999999,0.65,8.83,7.62,82.9
Burundi,2018,10.583068,140.25473,126.99682,1453.9991,1731.8337179999999,0.61,8.1,7.33,83.96
Burundi,2019,12.40264,145.96356,140.8378,1425.4896,1724.6936,0.72,8.46,8.17,82.65
Burundi,2020,12.16503,144.35316,136.50789,1421.5648,1714.5908800000002,0.71,8.42,7.96,82.91
Burundi,2021,12.236169,143.6588,140.00926,1419.2502,1715.154429,0.71,8.38,8.16,82.75
Burundi,2022,12.114471,143.59325,138.552,1403.6917,1697.9514210000002,0.71,8.46,8.16,82.67
Cambodia,1961,16.816202,159.01637,137.88022,1701.9133,2015.626092,0.83,7.89,6.84,84.44
Cambodia,1962,17.67812,155.84657,148.82608,1668.51,1990.86077,0.89,7.83,7.48,83.81
Cambodia,1963,19.397692,162.31242,149.36649,1732.8463,2063.922902,0.94,7.86,7.24,83.96
Cambodia,1964,20.9831,160.54414,173.90863,1682.2233,2037.6591700000001,1.03,7.88,8.53,82.56
Cambodia,1965,23.039686,159.78726,176.02364,1693.8535,2052.7040859999997,1.12,7.78,8.58,82.52
Cambodia,1966,23.113817,162.05164,180.7785,1700.1083,2066.0522570000003,1.12,7.84,8.75,82.29
Cambodia,1967,25.364702,161.48862,183.10144,1715.2352,2085.189962,1.22,7.74,8.78,82.26
Cambodia,1968,27.313513,161.44386,193.91544,1736.2253,2118.898113,1.29,7.62,9.15,81.94
Cambodia,1969,28.963678,162.07957,198.98424,1717.4669,2107.494388,1.37,7.69,9.44,81.49
Cambodia,1970,30.714659,169.56523,206.56242,1801.5669,2208.409209,1.39,7.68,9.35,81.58
Cambodia,1971,35.73222,175.71591,226.67223,1802.1816,2240.30196,1.59,7.84,10.12,80.44
Cambodia,1972,36.791763,172.70592,212.24496,1793.6755,2215.418143,1.66,7.8,9.58,80.96
Cambodia,1973,36.28422,168.27528,210.3441,1736.8351,2151.7387,1.69,7.82,9.78,80.72
Cambodia,1974,33.868095,167.60022,201.80296,1718.5046,2121.7758750000003,1.6,7.9,9.51,80.99
Cambodia,1975,30.539337,146.81844,173.28203,1481.7203,1832.360107,1.67,8.01,9.46,80.86
Cambodia,1976,29.506235,148.69398,165.37302,1496.327,1839.900235,1.6,8.08,8.99,81.33
Cambodia,1977,29.983475,159.28404,165.0491,1601.7362,1956.052815,1.53,8.14,8.44,81.89
Cambodia,1978,21.017874,172.7958,151.37682,1767.2928,2112.483294,0.99,8.18,7.17,83.66
Cambodia,1979,21.358232,175.81924,146.6847,1807.9396,2151.801772,0.99,8.17,6.82,84.02
Cambodia,1980,17.005707,170.62393,155.13843,1824.1711,2166.939167,0.78,7.87,7.16,84.18
Cambodia,1981,24.977797,183.85295,152.47716,1911.2622,2272.570107,1.1,8.09,6.71,84.1
Cambodia,1982,34.380444,186.71696,193.10262,1899.9666,2314.166624,1.49,8.07,8.34,82.1
Cambodia,1983,34.939137,192.70236,219.37991,1958.5612,2405.5826070000003,1.45,8.01,9.12,81.42
Cambodia,1984,36.179512,188.8006,214.07494,1940.8383,2379.893352,1.52,7.93,9.0,81.55
Cambodia,1985,39.530174,183.8565,227.22131,1859.1792,2309.787184,1.71,7.96,9.84,80.49
Cambodia,1986,39.296272,178.85168,224.43333,1833.9451,2276.526382,1.73,7.86,9.86,80.56
Cambodia,1987,41.26716,191.70561,231.5602,1936.8319,2401.36487,1.72,7.98,9.64,80.66
Cambodia,1988,43.529804,184.56438,236.81512,1961.4648,2426.374104,1.79,7.61,9.76,80.84
Cambodia,1989,43.09238,179.70863,245.57452,1868.5308,2336.90633,1.84,7.69,10.51,79.96
Cambodia,1990,44.949085,182.89119,252.00961,1900.241,2380.090885,1.89,7.68,10.59,79.84
Cambodia,1991,45.189236,187.345,254.51886,1963.9506,2451.0036959999998,1.84,7.64,10.38,80.13
Cambodia,1992,41.365982,182.43213,277.38693,1939.7913,2440.976342,1.69,7.47,11.36,79.47
Cambodia,1993,40.69936,177.43985,302.19272,1849.0725,2369.40443,1.72,7.49,12.75,78.04
Cambodia,1994,38.83405,170.7795,283.36438,1807.7137,2300.6916300000003,1.69,7.42,12.32,78.57
Cambodia,1995,38.954964,162.44131,265.945,1723.3379,2190.679174,1.78,7.42,12.14,78.67
Cambodia,1996,35.610428,142.35956,255.61879,1518.4131,1952.001878,1.82,7.29,13.1,77.79
Cambodia,1997,33.87991,134.88933,244.20125,1453.3792,1866.34969,1.82,7.23,13.08,77.87
Cambodia,1998,33.335514,138.65248,238.7947,1505.0403,1915.8229939999999,1.74,7.24,12.46,78.56
Cambodia,1999,48.51989,143.57051,254.05663,1554.7134,2000.8604300000002,2.42,7.18,12.7,77.7
Cambodia,2000,52.57076,149.04204,256.25305,1616.5214,2074.38725,2.53,7.18,12.35,77.93
Cambodia,2001,69.21105,148.2362,274.64688,1648.0883,2140.18243,3.23,6.93,12.83,77.01
Cambodia,2002,63.904846,152.68355,283.74582,1737.8777,2238.211916,2.86,6.82,12.68,77.65
Cambodia,2003,58.193962,158.13058,291.2176,1733.2028,2240.7449420000003,2.6,7.06,13.0,77.35
Cambodia,2004,53.09362,156.85849,292.7992,1755.852,2258.60331,2.35,6.94,12.96,77.74
Cambodia,2005,61.65614,165.33069,309.7416,1775.8737,2312.60213,2.67,7.15,13.39,76.79
Cambodia,2006,73.98169,169.82793,323.97302,1794.5826,2362.36524,3.13,7.19,13.71,75.97
Cambodia,2007,71.904495,172.01462,321.24622,1806.5308,2371.696135,3.03,7.25,13.54,76.17
Cambodia,2008,69.51934,172.33018,312.74774,1829.1779,2383.77516,2.92,7.23,13.12,76.73
Cambodia,2009,72.479675,174.72,310.82248,1836.5017,2394.523855,3.03,7.3,12.98,76.7
Cambodia,2010,75.954735,172.35425,292.2296,1980.4889,2521.027485,3.01,6.84,11.59,78.56
Cambodia,2011,80.9345,174.50017,299.52496,2055.772,2610.73163,3.1,6.68,11.47,78.74
Cambodia,2012,79.191666,177.1028,293.4959,2052.3545,2602.1448659999996,3.04,6.81,11.28,78.87
Cambodia,2013,78.86362,176.86966,291.7934,2043.1964,2590.72308,3.04,6.83,11.26,78.87
Cambodia,2014,79.86394,164.74654,286.65662,2072.5305,2603.7976,3.07,6.33,11.01,79.6
Cambodia,2015,77.99941,162.07773,286.0735,2116.0793,2642.22994,2.95,6.13,10.83,80.09
Cambodia,2016,79.558174,161.40294,290.50757,2120.119,2651.587684,3.0,6.09,10.96,79.96
Cambodia,2017,81.43191,164.95181,317.95673,2111.025,2675.3654500000002,3.04,6.17,11.88,78.91
Cambodia,2018,83.38318,165.93924,328.43207,2097.1145,2674.86899,3.12,6.2,12.28,78.4
Cambodia,2019,78.947815,166.4316,309.1533,2162.1946,2716.727315,2.91,6.13,11.38,79.59
Cambodia,2020,81.99684,162.69963,334.92828,2141.7705,2721.39525,3.01,5.98,12.31,78.7
Cambodia,2021,80.95991,162.07619,317.08643,2134.3062,2694.42873,3.0,6.02,11.77,79.21
Cambodia,2022,81.06273,159.12312,309.07355,2106.2954,2655.5548,3.05,5.99,11.64,79.32
Cameroon,1961,40.546066,186.3029,290.5209,1586.2604,2103.630266,1.93,8.86,13.81,75.41
Cameroon,1962,39.69245,184.37918,297.4419,1595.1376,2116.65113,1.88,8.71,14.05,75.36
Cameroon,1963,39.408382,188.27983,300.43652,1634.0957,2162.220432,1.82,8.71,13.89,75.57
Cameroon,1964,37.124813,185.91771,290.89493,1654.8229,2168.7603529999997,1.71,8.57,13.41,76.3
Cameroon,1965,38.04017,180.45987,301.36127,1537.4568,2057.31811,1.85,8.77,14.65,74.73
Cameroon,1966,39.029903,188.51147,325.46277,1582.2971,2135.301243,1.83,8.83,15.24,74.1
Cameroon,1967,40.98178,176.2847,353.23138,1571.0629,2141.56076,1.91,8.23,16.49,73.36
Cameroon,1968,42.536396,181.3261,375.6401,1610.3303,2209.832896,1.92,8.21,17.0,72.87
Cameroon,1969,43.56991,196.21165,411.31967,1610.3745,2261.47573,1.93,8.68,18.19,71.21
Cameroon,1970,46.06556,195.81012,418.36932,1613.6382,2273.8832,2.03,8.61,18.4,70.96
Cameroon,1971,44.351982,202.50015,438.53705,1642.3137,2327.702882,1.91,8.7,18.84,70.56
Cameroon,1972,43.138416,205.00182,442.10587,1677.2943,2367.540406,1.82,8.66,18.67,70.85
Cameroon,1973,41.726936,198.87326,426.44427,1680.0956,2347.140066,1.78,8.47,18.17,71.58
Cameroon,1974,40.907856,209.815,448.814,1765.6113,2465.148156,1.66,8.51,18.21,71.62
Cameroon,1975,41.142845,213.41544,458.71344,1728.9308,2442.202525,1.68,8.74,18.78,70.79
Cameroon,1976,42.99583,208.6513,467.48535,1673.7155,2392.84798,1.8,8.72,19.54,69.95
Cameroon,1977,44.44533,199.45787,434.3187,1704.7283,2382.9502,1.87,8.37,18.23,71.54
Cameroon,1978,43.2455,190.7766,424.04147,1699.8258,2357.88937,1.83,8.09,17.98,72.09
Cameroon,1979,46.9514,193.49031,447.3858,1705.0098,2392.83731,1.96,8.09,18.7,71.25
Cameroon,1980,47.51332,189.63356,456.61267,1665.1594,2358.91895,2.01,8.04,19.36,70.59
Cameroon,1981,45.669357,183.3871,432.3456,1612.6731,2274.075157,2.01,8.06,19.01,70.92
Cameroon,1982,45.616535,182.46614,426.99347,1623.6925,2278.768645,2.0,8.01,18.74,71.25
Cameroon,1983,45.804882,174.65233,426.6534,1610.2644,2257.375012,2.03,7.74,18.9,71.33
Cameroon,1984,48.128036,159.05211,421.48172,1556.6572,2185.319066,2.2,7.28,19.29,71.23
Cameroon,1985,50.57743,156.66667,427.34528,1589.0735,2223.66288,2.27,7.05,19.22,71.46
Cameroon,1986,56.50298,161.72276,410.97623,1668.3591,2297.5610699999997,2.46,7.04,17.89,72.61
Cameroon,1987,53.018112,152.92703,404.11417,1545.1311,2155.190412,2.46,7.1,18.75,71.69
Cameroon,1988,52.226837,155.74408,406.35413,1497.9459,2112.270947,2.47,7.37,19.24,70.92
Cameroon,1989,53.28862,156.5433,413.27432,1538.6824,2161.7886399999998,2.47,7.24,19.12,71.18
Cameroon,1990,51.340084,155.34102,407.99387,1551.8337,2166.5086739999997,2.37,7.17,18.83,71.63
Cameroon,1991,45.385437,159.42435,391.97678,1549.9661,2146.752667,2.11,7.43,18.26,72.2
Cameroon,1992,48.219303,168.49043,393.6844,1641.8011,2252.195233,2.14,7.48,17.48,72.9
Cameroon,1993,45.41374,160.58981,385.7929,1562.691,2154.48745,2.11,7.45,17.91,72.53
Cameroon,1994,44.05891,165.87135,393.07544,1563.6436,2166.6493,2.03,7.66,18.14,72.17
Cameroon,1995,45.443146,165.94217,389.691,1583.6084,2184.6847159999998,2.08,7.6,17.84,72.49
Cameroon,1996,46.02027,167.51721,380.75586,1575.4474,2169.74074,2.12,7.72,17.55,72.61
Cameroon,1997,46.940086,171.65805,384.11642,1636.4429,2239.157456,2.1,7.67,17.15,73.08
Cameroon,1998,48.192448,175.93663,402.49026,1616.3805,2242.9998379999997,2.15,7.84,17.94,72.06
Cameroon,1999,49.51632,182.59944,426.99814,1605.2216,2264.3355,2.19,8.06,18.86,70.89
Cameroon,2000,50.15755,184.77972,440.2671,1584.8333,2260.03767,2.22,8.18,19.48,70.12
Cameroon,2001,51.305214,191.8926,406.76788,1658.9397,2308.905394,2.22,8.31,17.62,71.85
Cameroon,2002,49.816185,189.74545,456.7978,1655.7157,2352.075135,2.12,8.07,19.42,70.39
Cameroon,2003,52.520645,191.53836,474.3164,1661.4664,2379.841805,2.21,8.05,19.93,69.81
Cameroon,2004,56.183987,192.64296,475.01007,1666.1106,2389.947617,2.35,8.06,19.88,69.71
Cameroon,2005,53.114136,206.72021,487.30096,1707.8424,2454.9777059999997,2.16,8.42,19.85,69.57
Cameroon,2006,51.879208,213.498,493.7327,1737.2854,2496.395308,2.08,8.55,19.78,69.59
Cameroon,2007,53.326706,215.29597,487.65366,1759.813,2516.089336,2.12,8.56,19.38,69.94
Cameroon,2008,54.562992,221.92325,507.8726,1796.0529,2580.411742,2.11,8.6,19.68,69.6
Cameroon,2009,56.71299,226.89404,508.42902,1829.0465,2621.08255,2.16,8.66,19.4,69.78
Cameroon,2010,56.355427,241.83513,572.1451,1933.2863,2803.621957,2.01,8.63,20.41,68.96
Cameroon,2011,58.5805,245.92491,561.79065,1955.6952,2821.9912600000002,2.08,8.71,19.91,69.3
Cameroon,2012,55.145214,247.14273,566.3502,1986.5112,2855.149344,1.93,8.66,19.84,69.58
Cameroon,2013,57.128765,246.50677,565.01074,1997.2529,2865.899175,1.99,8.6,19.71,69.69
Cameroon,2014,57.09379,242.85078,551.8729,1953.4001,2805.21757,2.04,8.66,19.67,69.63
Cameroon,2015,57.179375,244.89272,543.72974,1960.7693,2806.571135,2.04,8.73,19.37,69.86
Cameroon,2016,56.938362,246.23416,550.2054,1949.9874,2803.365322,2.03,8.78,19.63,69.56
Cameroon,2017,52.448967,242.5512,533.093,1950.9237,2779.0168670000003,1.89,8.73,19.18,70.2
Cameroon,2018,54.50777,243.02055,525.77966,1986.9355,2810.24348,1.94,8.65,18.71,70.7
Cameroon,2019,51.02682,243.65105,530.3838,2038.2728,2863.33447,1.78,8.51,18.52,71.19
Cameroon,2020,50.777805,239.41574,589.35205,1962.1113,2841.656895,1.79,8.43,20.74,69.05
Cameroon,2021,56.952427,233.9132,543.76636,2030.9362,2865.568187,1.99,8.16,18.98,70.87
Cameroon,2022,56.4499,230.97182,531.68774,2049.784,2868.8934600000002,1.97,8.05,18.53,71.45
Canada,1961,233.68846,131.50987,960.35864,1486.3982,2811.95517,8.31,4.68,34.15,52.86
Canada,1962,229.34645,133.39784,969.089,1517.9568,2849.79009,8.05,4.68,34.01,53.27
Canada,1963,231.68517,139.21152,989.37177,1544.8551,2905.12356,7.98,4.79,34.06,53.18
Canada,1964,236.08525,128.39514,981.37573,1452.5651,2798.42122,8.44,4.59,35.07,51.91
Canada,1965,234.24197,143.30568,988.82715,1558.1891,2924.5639,8.01,4.9,33.81,53.28
Canada,1966,239.98895,132.68332,1008.9127,1530.8937,2912.47867,8.24,4.56,34.64,52.56
Canada,1967,242.78543,132.11969,1049.7463,1519.776,2944.42742,8.25,4.49,35.65,51.62
Canada,1968,243.3186,133.31924,1039.404,1515.9012,2931.94304,8.3,4.55,35.45,51.7
Canada,1969,247.2245,133.69446,1044.4103,1565.2574,2990.58666,8.27,4.47,34.92,52.34
Canada,1970,243.13235,134.56258,1035.7019,1543.7804,2957.1772300000002,8.22,4.55,35.02,52.2
Canada,1971,242.97708,131.21957,1026.7722,1509.3832,2910.3520500000004,8.35,4.51,35.28,51.86
Canada,1972,238.34973,132.23949,1040.4001,1511.6229,2922.61222,8.16,4.52,35.6,51.72
Canada,1973,243.45482,134.71114,1039.1874,1543.9347,2961.28806,8.22,4.55,35.09,52.14
Canada,1974,246.78543,135.84996,1063.4749,1527.2323,2973.34259,8.3,4.57,35.77,51.36
Canada,1975,236.14813,134.52489,1019.4007,1488.319,2878.39272,8.2,4.67,35.42,51.71
Canada,1976,250.4184,142.0343,1078.5056,1557.4017,3028.3599999999997,8.27,4.69,35.61,51.43
Canada,1977,252.27992,138.49408,1063.3839,1550.4121,3004.57,8.4,4.61,35.39,51.6
Canada,1978,236.99174,138.18515,1058.4491,1501.758,2935.3839900000003,8.07,4.71,36.06,51.16
Canada,1979,235.4741,137.32988,1062.1552,1494.9581,2929.9172799999997,8.04,4.69,36.25,51.02
Canada,1980,234.14284,137.4725,1101.1188,1474.5325,2947.26664,7.94,4.66,37.36,50.03
Canada,1981,234.51364,134.9191,1083.9279,1440.1836,2893.54424,8.1,4.66,37.46,49.77
Canada,1982,235.92113,145.42102,1076.5991,1488.088,2946.0292499999996,8.01,4.94,36.54,50.51
Canada,1983,230.95868,133.83434,1101.2397,1433.3799,2899.41262,7.97,4.62,37.98,49.44
Canada,1984,225.86519,140.41452,1113.7344,1498.0236,2978.03771,7.58,4.72,37.4,50.3
Canada,1985,228.77269,143.65074,1154.2595,1505.4122,3032.0951299999997,7.55,4.74,38.07,49.65
Canada,1986,228.58324,150.84416,1181.9655,1520.606,3081.9989,7.42,4.89,38.35,49.34
Canada,1987,234.36589,159.3768,1172.8893,1571.9113,3138.54329,7.47,5.08,37.37,50.08
Canada,1988,234.75885,146.56436,1148.8871,1483.1946,3013.40491,7.79,4.86,38.13,49.22
Canada,1989,239.43085,143.81009,1169.4393,1480.097,3032.7772400000003,7.89,4.74,38.56,48.8
Canada,1990,232.2567,150.16666,1139.5667,1486.7175,3008.70756,7.72,4.99,37.88,49.41
Canada,1991,228.15358,154.6224,1167.7852,1475.4779,3026.0390800000005,7.54,5.11,38.59,48.76
Canada,1992,225.67784,156.04875,1185.107,1508.7828,3075.61639,7.34,5.07,38.53,49.06
Canada,1993,223.3162,157.86899,1175.364,1548.7115,3105.26069,7.19,5.08,37.85,49.87
Canada,1994,227.7718,168.29253,1190.5801,1605.1447,3191.78913,7.14,5.27,37.3,50.29
Canada,1995,226.0936,163.60362,1212.2599,1588.214,3190.17112,7.09,5.13,38.0,49.78
Canada,1996,224.06801,168.28955,1220.0396,1619.8116,3232.20876,6.93,5.21,37.75,50.11
Canada,1997,222.64848,176.98209,1272.876,1692.8955,3365.40207,6.62,5.26,37.82,50.3
Canada,1998,233.4169,177.16946,1326.207,1700.6599,3437.4532600000002,6.79,5.15,38.58,49.47
Canada,1999,238.99887,186.83344,1313.7285,1738.4673,3478.02811,6.87,5.37,37.77,49.98
Canada,2000,239.91785,181.72705,1319.3097,1742.9818,3483.9364,6.89,5.22,37.87,50.03
Canada,2001,238.53616,178.61423,1300.3536,1758.0874,3475.5913899999996,6.86,5.14,37.41,50.58
Canada,2002,237.45084,180.15155,1270.8422,1779.6313,3468.07589,6.85,5.19,36.64,51.31
Canada,2003,233.35449,179.49124,1322.8448,1755.2988,3490.9893300000003,6.68,5.14,37.89,50.28
Canada,2004,233.83815,182.5892,1317.4849,1767.1049,3501.0171499999997,6.68,5.22,37.63,50.47
Canada,2005,227.20183,178.88216,1291.2981,1757.573,3454.9550900000004,6.58,5.18,37.38,50.87
Canada,2006,229.79625,182.49112,1282.883,1759.1797,3454.35007,6.65,5.28,37.14,50.93
Canada,2007,233.64832,182.6125,1300.0077,1755.6018,3471.87032,6.73,5.26,37.44,50.57
Canada,2008,230.33444,187.47594,1309.4584,1729.5437,3456.8124799999996,6.66,5.42,37.88,50.03
Canada,2009,226.66762,184.99812,1304.8655,1716.0122,3432.5434400000004,6.6,5.39,38.01,49.99
Canada,2010,251.82913,188.9811,1333.9912,1761.6918,3536.49323,7.12,5.34,37.72,49.81
Canada,2011,249.59387,188.24829,1392.2546,1741.982,3572.07876,6.99,5.27,38.98,48.77
Canada,2012,250.01819,196.69264,1307.2908,1799.9564,3553.95803,7.03,5.53,36.78,50.65
Canada,2013,248.37311,193.37337,1317.7882,1769.5192,3529.05388,7.04,5.48,37.34,50.14
Canada,2014,251.25053,177.52864,1435.1921,1634.3903,3498.36157,7.18,5.07,41.02,46.72
Canada,2015,253.20976,172.01253,1445.8114,1632.2611,3503.29479,7.23,4.91,41.27,46.59
Canada,2016,251.29166,193.23709,1434.8838,1692.1057,3571.51825,7.04,5.41,40.18,47.38
Canada,2017,253.23969,200.12888,1430.8638,1684.1232,3568.35557,7.1,5.61,40.1,47.2
Canada,2018,275.58755,191.53694,1419.7844,1686.9609,3573.86979,7.71,5.36,39.73,47.2
Canada,2019,272.1917,189.08823,1401.4775,1693.3923,3556.14973,7.65,5.32,39.41,47.62
Canada,2020,270.65738,187.95541,1429.7654,1709.0287,3597.40689,7.52,5.22,39.74,47.51
Canada,2021,267.26556,181.29926,1415.9441,1684.9559,3549.46482,7.53,5.11,39.89,47.47
Canada,2022,270.10303,188.71948,1431.2053,1681.9927,3572.0205100000003,7.56,5.28,40.07,47.09
Cape Verde,1961,15.378477,154.34987,242.30183,1249.8948,1661.9249770000001,0.93,9.29,14.58,75.21
Cape Verde,1962,15.477386,152.92462,233.09549,1148.2513,1549.7487959999999,1.0,9.87,15.04,74.09
Cape Verde,1963,16.3764,146.30916,224.58636,1073.6228,1460.8947200000002,1.12,10.02,15.37,73.49
Cape Verde,1964,17.0172,154.86049,239.01431,1171.8267,1582.7187000000001,1.08,9.78,15.1,74.04
Cape Verde,1965,18.069439,165.55084,245.09395,1190.4182,1619.132429,1.12,10.22,15.14,73.52
Cape Verde,1966,19.020962,154.28549,235.605,1157.8668,1566.778252,1.21,9.85,15.04,73.9
Cape Verde,1967,22.78027,146.43903,254.70363,1161.2106,1585.13353,1.44,9.24,16.07,73.26
Cape Verde,1968,22.030209,128.00711,258.88394,1100.3413,1509.262559,1.46,8.48,17.15,72.91
Cape Verde,1969,20.349134,130.92555,286.8076,1160.0925,1598.1747839999998,1.27,8.19,17.95,72.59
Cape Verde,1970,25.947632,129.43243,275.0583,1157.3733,1587.811662,1.63,8.15,17.32,72.89
Cape Verde,1971,29.172094,131.48694,313.8415,1130.892,1605.392534,1.82,8.19,19.55,70.44
Cape Verde,1972,28.537392,150.92497,325.0366,1218.9783,1723.4772619999999,1.66,8.76,18.86,70.73
Cape Verde,1973,27.07418,158.93996,343.56412,1209.8976,1739.47586,1.56,9.14,19.75,69.56
Cape Verde,1974,22.185316,152.31467,350.42993,1194.0848,1719.0147160000001,1.29,8.86,20.39,69.46
Cape Verde,1975,36.116543,157.81093,384.09027,1177.8176,1755.8353430000002,2.06,8.99,21.88,67.08
Cape Verde,1976,33.099106,145.54706,350.24158,1166.5715,1695.459246,1.95,8.58,20.66,68.81
Cape Verde,1977,49.394337,134.38748,316.0187,1173.1056,1672.906117,2.95,8.03,18.89,70.12
Cape Verde,1978,82.203995,167.9586,372.00204,1386.6233,2008.787935,4.09,8.36,18.52,69.03
Cape Verde,1979,46.324963,173.23647,458.44696,1348.9073,2026.915693,2.29,8.55,22.62,66.55
Cape Verde,1980,48.87859,165.69394,386.76868,1358.6604,1960.00161,2.49,8.45,19.73,69.32
Cape Verde,1981,87.76355,167.66325,452.4404,1388.888,2096.7552,4.19,8.0,21.58,66.24
Cape Verde,1982,78.047905,152.36859,481.36993,1254.3198,1966.106225,3.97,7.75,24.48,63.8
Cape Verde,1983,76.84211,171.7117,531.2753,1424.7806,2204.60971,3.49,7.79,24.1,64.63
Cape Verde,1984,74.59243,177.50342,563.3722,1442.2344,2257.7024499999998,3.3,7.86,24.95,63.88
Cape Verde,1985,60.915627,169.86235,508.01462,1382.6188,2121.411397,2.87,8.01,23.95,65.17
Cape Verde,1986,59.78624,189.85088,505.79843,1516.5942,2272.0297499999997,2.63,8.36,22.26,66.75
Cape Verde,1987,54.50417,223.44432,550.4883,1631.121,2459.55779,2.22,9.08,22.38,66.32
Cape Verde,1988,64.531685,203.18608,673.3914,1566.1489,2507.258065,2.57,8.1,26.86,62.46
Cape Verde,1989,58.8957,195.87994,520.40845,1548.6934,2323.87749,2.53,8.43,22.39,66.64
Cape Verde,1990,62.337566,167.58377,570.8275,1419.6987,2220.4475359999997,2.81,7.55,25.71,63.94
Cape Verde,1991,69.64952,145.58997,586.5725,1322.311,2124.12299,3.28,6.85,27.61,62.25
Cape Verde,1992,91.663734,153.76094,688.5473,1421.4069,2355.378874,3.89,6.53,29.23,60.35
Cape Verde,1993,83.544975,152.34229,621.04285,1448.5342,2305.464315,3.62,6.61,26.94,62.83
Cape Verde,1994,77.05225,138.16922,759.5314,1340.4276,2315.1804700000002,3.33,5.97,32.81,57.9
Cape Verde,1995,88.72032,125.559875,721.6066,1263.9879,2199.874695,4.03,5.71,32.8,57.46
Cape Verde,1996,85.65546,138.70956,691.31793,1304.5543,2220.23725,3.86,6.25,31.14,58.76
Cape Verde,1997,81.98635,151.57043,602.26355,1425.3726,2261.19293,3.63,6.7,26.63,63.04
Cape Verde,1998,87.768936,148.37407,635.94696,1393.8599,2265.949866,3.87,6.55,28.07,61.51
Cape Verde,1999,90.63355,151.7558,587.9808,1432.5914,2262.96155,4.01,6.71,25.98,63.31
Cape Verde,2000,96.847115,152.2329,597.2012,1453.0089,2299.290115,4.21,6.62,25.97,63.19
Cape Verde,2001,95.00967,148.78577,589.2834,1485.3296,2318.40844,4.1,6.42,25.42,64.07
Cape Verde,2002,93.763535,149.0388,582.3069,1459.0253,2284.134535,4.1,6.52,25.49,63.88
Cape Verde,2003,95.58298,156.59506,578.8552,1550.6483,2381.68154,4.01,6.57,24.3,65.11
Cape Verde,2004,104.939545,163.52057,613.38007,1613.0944,2494.934585,4.21,6.55,24.59,64.65
Cape Verde,2005,101.55121,167.98805,600.7755,1615.1028,2485.41756,4.09,6.76,24.17,64.98
Cape Verde,2006,100.4312,165.85292,620.79913,1581.4575,2468.54075,4.07,6.72,25.15,64.06
Cape Verde,2007,105.31643,169.93443,630.3768,1605.3829,2511.01056,4.19,6.77,25.1,63.93
Cape Verde,2008,104.52411,169.26637,619.5986,1563.9529,2457.34198,4.25,6.89,25.21,63.64
Cape Verde,2009,108.28297,163.8649,617.34546,1566.9437,2456.43703,4.41,6.67,25.13,63.79
Cape Verde,2010,120.448105,184.49623,637.44446,1703.8806,2646.2693950000003,4.55,6.97,24.09,64.39
Cape Verde,2011,114.49798,189.71593,606.87024,1750.7668,2661.85095,4.3,7.13,22.8,65.77
Cape Verde,2012,111.836334,192.84572,630.2526,1759.3783,2694.312954,4.15,7.16,23.39,65.3
Cape Verde,2013,113.178215,195.32097,622.4907,1775.4623,2706.452185,4.18,7.22,23.0,65.6
Cape Verde,2014,119.77323,187.52676,662.3558,1734.7078,2704.36359,4.43,6.93,24.49,64.14
Cape Verde,2015,125.53164,201.48862,654.5148,1733.6686,2715.20366,4.62,7.42,24.11,63.85
Cape Verde,2016,130.74268,198.81604,685.61456,1762.2372,2777.41048,4.71,7.16,24.69,63.45
Cape Verde,2017,140.73958,201.72379,651.0748,1823.9082,2817.44637,5.0,7.16,23.11,64.74
Cape Verde,2018,140.6851,207.75644,699.87616,1836.2389,2884.5566,4.88,7.2,24.26,63.66
Cape Verde,2019,138.1546,214.97699,677.0562,1887.447,2917.63479,4.74,7.37,23.21,64.69
Cape Verde,2020,133.18599,221.49359,772.352,1876.4232,3003.45478,4.43,7.37,25.72,62.48
Cape Verde,2021,126.73152,222.09882,689.3075,1962.6316,3000.76944,4.22,7.4,22.97,65.4
Cape Verde,2022,134.9526,219.41212,722.437,1938.2202,3015.02192,4.48,7.28,23.96,64.29
Central African Republic,1961,27.46769,88.11522,342.4117,1530.6802,1988.67481,1.38,4.43,17.22,76.97
Central African Republic,1962,27.616236,94.64901,373.05695,1457.0118,1952.3339959999998,1.41,4.85,19.11,74.63
Central African Republic,1963,28.359411,92.1153,344.93097,1424.9635,1890.369181,1.5,4.87,18.25,75.38
Central African Republic,1964,28.19908,92.54361,344.29596,1393.2173,1858.25595,1.52,4.98,18.53,74.97
Central African Republic,1965,28.030642,92.768074,341.74203,1552.8553,2015.3960459999998,1.39,4.6,16.96,77.05
Central African Republic,1966,29.587847,90.37806,370.37457,1334.8048,1825.1452769999999,1.62,4.95,20.29,73.13
Central African Republic,1967,30.900599,92.63164,433.02045,1387.449,1944.0016890000002,1.59,4.76,22.27,71.37
Central African Republic,1968,30.880104,89.944435,421.4504,1396.4844,1938.7593390000002,1.59,4.64,21.74,72.03
Central African Republic,1969,32.11056,91.23034,432.78503,1423.2683,1979.3942299999999,1.62,4.61,21.86,71.9
Central African Republic,1970,33.136158,93.89741,440.1964,1473.2598,2040.489768,1.62,4.6,21.57,72.2
Central African Republic,1971,34.244583,89.28674,437.53293,1480.3728,2041.437053,1.68,4.37,21.43,72.52
Central African Republic,1972,34.68184,86.04299,461.38855,1471.4623,2053.57568,1.69,4.19,22.47,71.65
Central African Republic,1973,36.58275,86.9841,460.26913,1527.2426,2111.0785800000003,1.73,4.12,21.8,72.34
Central African Republic,1974,37.233402,92.7178,545.20465,1526.9788,2202.134652,1.69,4.21,24.76,69.34
Central African Republic,1975,36.820553,91.98164,501.39236,1440.9614,2071.155953,1.78,4.44,24.21,69.57
Central African Republic,1976,39.650417,90.89042,534.7275,1436.6604,2101.928737,1.89,4.32,25.44,68.35
Central African Republic,1977,39.888878,90.26547,520.3419,1479.9324,2130.428648,1.87,4.24,24.42,69.47
Central African Republic,1978,40.48052,87.62376,499.89297,1486.0656,2114.06285,1.91,4.14,23.65,70.29
Central African Republic,1979,40.30198,92.44244,524.34595,1502.3357,2159.42607,1.87,4.28,24.28,69.57
Central African Republic,1980,44.02335,91.20183,537.1888,1471.2189,2143.63288,2.05,4.25,25.06,68.63
Central African Republic,1981,46.264297,97.02284,565.5952,1480.6462,2189.528537,2.11,4.43,25.83,67.62
Central African Republic,1982,48.617695,97.88927,567.71924,1436.8375,2151.063705,2.26,4.55,26.39,66.8
Central African Republic,1983,54.15653,95.86058,567.41003,1345.2983,2062.72544,2.63,4.65,27.51,65.22
Central African Republic,1984,52.621384,94.05773,509.86417,1256.0569,1912.600184,2.75,4.92,26.66,65.67
Central African Republic,1985,54.660667,96.331856,503.6547,1202.0405,1856.687723,2.94,5.19,27.13,64.74
Central African Republic,1986,54.93928,100.99373,544.2474,1238.8341,1939.01451,2.83,5.21,28.07,63.89
Central African Republic,1987,58.699814,101.50262,572.01514,1186.1039,1918.321474,3.06,5.29,29.82,61.83
Central African Republic,1988,60.144913,100.43376,575.5065,1186.6982,1922.783373,3.13,5.22,29.93,61.72
Central African Republic,1989,60.401634,104.78085,597.45984,1178.6924,1941.3347239999998,3.11,5.4,30.78,60.72
Central African Republic,1990,60.453506,104.79961,554.12335,1211.8899,1931.2663659999998,3.13,5.43,28.69,62.75
Central African Republic,1991,60.05962,106.1603,534.1102,1222.5431,1922.87322,3.12,5.52,27.78,63.58
Central African Republic,1992,59.049175,106.16882,517.52814,1216.4028,1899.1489350000002,3.11,5.59,27.25,64.05
Central African Republic,1993,59.25818,106.75972,502.4179,1189.0724,1857.5082,3.19,5.75,27.05,64.01
Central African Republic,1994,58.008923,106.271095,532.51483,1150.4121,1847.206948,3.14,5.75,28.83,62.28
Central African Republic,1995,58.944393,108.730095,516.40924,1156.4608,1840.544528,3.2,5.91,28.06,62.83
Central African Republic,1996,65.48036,111.69491,513.157,1158.2496,1848.5818700000002,3.54,6.04,27.76,62.66
Central African Republic,1997,59.894966,103.73001,514.61566,1179.8999,1858.1405359999999,3.22,5.58,27.7,63.5
Central African Republic,1998,59.26402,114.05528,494.50946,1247.552,1915.38076,3.09,5.95,25.82,65.13
Central African Republic,1999,58.6608,108.55312,520.538,1159.7571,1847.50902,3.18,5.88,28.18,62.77
Central African Republic,2000,65.521164,110.391396,512.5626,1193.493,1881.96816,3.48,5.87,27.24,63.42
Central African Republic,2001,65.13161,112.72342,538.2146,1162.654,1878.72363,3.47,6.0,28.65,61.89
Central African Republic,2002,66.31216,114.41951,550.60156,1145.568,1876.90123,3.53,6.1,29.34,61.04
Central African Republic,2003,65.155136,109.25153,544.9789,1115.8236,1835.2091659999999,3.55,5.95,29.7,60.8
Central African Republic,2004,68.57802,108.290855,563.28894,1107.1022,1847.260015,3.71,5.86,30.49,59.93
Central African Republic,2005,68.972694,108.57565,543.8665,1149.7512,1871.1660439999998,3.69,5.8,29.07,61.45
Central African Republic,2006,69.22747,112.88609,545.95386,1140.7795,1868.84692,3.7,6.04,29.21,61.04
Central African Republic,2007,72.51875,113.34276,588.5614,1148.9805,1923.40341,3.77,5.89,30.6,59.74
Central African Republic,2008,72.33654,115.84861,606.74567,1163.0759,1958.00672,3.69,5.92,30.99,59.4
Central African Republic,2009,75.05282,121.43334,605.1981,1213.0995,2014.78376,3.73,6.03,30.04,60.21
Central African Republic,2010,83.473465,167.98413,862.62476,1257.8274,2371.9097549999997,3.52,7.08,36.37,53.03
Central African Republic,2011,86.65894,165.23248,846.1686,1252.5328,2350.59282,3.69,7.03,36.0,53.29
Central African Republic,2012,85.9667,163.4858,839.4797,1262.5944,2351.5266,3.66,6.95,35.7,53.69
Central African Republic,2013,86.10968,157.98499,833.4556,1152.4878,2230.03807,3.86,7.08,37.37,51.68
Central African Republic,2014,88.22824,164.45744,852.1603,1159.3296,2264.17558,3.9,7.26,37.64,51.2
Central African Republic,2015,88.15646,168.40091,874.5479,1170.676,2301.78127,3.83,7.32,37.99,50.86
Central African Republic,2016,86.97994,170.38081,868.3117,1223.0254,2348.69785,3.7,7.25,36.97,52.07
Central African Republic,2017,89.81379,166.78511,878.0297,1219.2932,2353.9218,3.82,7.09,37.3,51.8
Central African Republic,2018,88.265015,169.26164,871.45526,1246.2473,2375.229215,3.72,7.13,36.69,52.47
Central African Republic,2019,90.85596,173.95798,882.2742,1252.4614,2399.54954,3.79,7.25,36.77,52.2
Central African Republic,2020,99.57741,182.10507,879.93353,1247.7362,2409.35221,4.13,7.56,36.52,51.79
Central African Republic,2021,88.38965,181.22011,848.0601,1280.4117,2398.08156,3.69,7.56,35.36,53.39
Central African Republic,2022,84.61754,186.17609,869.1136,1278.9264,2418.83363,3.5,7.7,35.93,52.87
Chad,1961,44.49986,238.04079,502.30542,1435.2286,2220.07467,2.0,10.72,22.63,64.65
Chad,1962,44.555744,253.3346,521.3376,1513.7549,2332.982844,1.91,10.86,22.35,64.88
Chad,1963,45.2857,249.77895,508.93344,1516.3044,2320.30249,1.95,10.76,21.93,65.35
Chad,1964,45.566105,246.72475,497.68204,1495.2065,2285.179395,1.99,10.8,21.78,65.43
Chad,1965,46.787354,242.4935,507.19336,1457.5221,2253.996314,2.08,10.76,22.5,64.66
Chad,1966,46.12601,237.69016,455.2002,1478.9937,2218.0100700000003,2.08,10.72,20.52,66.68
Chad,1967,44.853916,233.59294,447.93195,1483.9988,2210.377606,2.03,10.57,20.26,67.14
Chad,1968,45.633953,227.4653,463.2766,1441.6083,2177.9841530000003,2.1,10.44,21.27,66.19
Chad,1969,38.44693,223.75879,445.46423,1430.7695,2138.43945,1.8,10.46,20.83,66.91
Chad,1970,39.620045,211.12437,433.31735,1382.008,2066.069765,1.92,10.22,20.97,66.89
Chad,1971,38.686676,201.65625,401.39383,1338.606,1980.342756,1.95,10.18,20.27,67.59
Chad,1972,41.598392,182.0763,369.53372,1245.5505,1838.758912,2.26,9.9,20.1,67.74
Chad,1973,40.523167,171.11525,359.4127,1160.8926,1731.9437169999999,2.34,9.88,20.75,67.03
Chad,1974,33.98329,177.68631,360.062,1179.4283,1751.1599,1.94,10.15,20.56,67.35
Chad,1975,35.71708,168.8515,338.85104,1146.2728,1689.6924199999999,2.11,9.99,20.05,67.84
Chad,1976,36.593853,163.37665,324.04407,1122.0807,1646.095273,2.22,9.93,19.69,68.17
Chad,1977,39.3711,162.90675,349.21222,1101.7424,1653.2324700000001,2.38,9.85,21.12,66.64
Chad,1978,41.793957,159.58765,338.54874,1090.7024,1630.6327469999999,2.56,9.79,20.76,66.89
Chad,1979,44.314575,157.71121,349.63965,1083.146,1634.811435,2.71,9.65,21.39,66.26
Chad,1980,43.776566,156.11642,349.55286,1085.6788,1635.124646,2.68,9.55,21.38,66.4
Chad,1981,45.284687,155.47743,350.28317,1096.1749,1647.220187,2.75,9.44,21.27,66.55
Chad,1982,43.433407,148.9316,318.88318,1090.1348,1601.382987,2.71,9.3,19.91,68.07
Chad,1983,43.109444,140.07658,316.65652,1038.6719,1538.514444,2.8,9.1,20.58,67.51
Chad,1984,34.92491,133.29608,356.0455,1002.9616,1527.22809,2.29,8.73,23.31,65.67
Chad,1985,40.286564,157.58922,347.56155,1218.0991,1763.5364339999999,2.28,8.94,19.71,69.07
Chad,1986,46.04946,145.73677,353.69824,1075.0332,1620.5176700000002,2.84,8.99,21.83,66.34
Chad,1987,45.655975,140.34839,340.12308,1036.8341,1562.9615450000001,2.92,8.98,21.76,66.34
Chad,1988,47.1521,155.98296,348.99698,1184.3196,1736.45164,2.72,8.98,20.1,68.2
Chad,1989,46.757626,146.01851,375.7946,1083.7961,1652.3668360000001,2.83,8.84,22.74,65.59
Chad,1990,47.912125,141.07018,350.626,1099.9095,1639.517805,2.92,8.6,21.39,67.09
Chad,1991,49.653755,164.40382,428.08545,1139.6902,1781.8332249999999,2.79,9.23,24.03,63.96
Chad,1992,50.950012,167.34004,448.41687,1114.1937,1780.900622,2.86,9.4,25.18,62.56
Chad,1993,49.18515,151.26605,423.7482,1006.095,1630.2944,3.02,9.28,25.99,61.71
Chad,1994,44.618996,193.29587,428.9997,1304.0898,1971.0043660000001,2.26,9.81,21.77,66.16
Chad,1995,46.080334,168.05537,485.7931,1070.4225,1770.3513039999998,2.6,9.49,27.44,60.46
Chad,1996,46.703983,166.79437,484.57816,1069.3907,1767.467213,2.64,9.44,27.42,60.5
Chad,1997,48.025814,177.35301,546.5076,1073.8383,1845.724724,2.6,9.61,29.61,58.18
Chad,1998,48.725044,194.90018,546.9308,1191.2922,1981.848224,2.46,9.83,27.6,60.11
Chad,1999,48.43074,192.55502,554.6566,1140.2637,1935.90606,2.5,9.95,28.65,58.9
Chad,2000,50.086643,196.64078,535.1255,1116.9146,1898.767523,2.64,10.36,28.18,58.82
Chad,2001,48.216125,205.63335,551.068,1171.1211,1976.038575,2.44,10.41,27.89,59.27
Chad,2002,46.43085,198.73662,554.81134,1134.3123,1934.2911100000001,2.4,10.27,28.68,58.64
Chad,2003,44.946674,204.94897,526.58264,1209.7721,1986.250384,2.26,10.32,26.51,60.91
Chad,2004,42.869064,201.71843,522.9636,1206.3744,1973.925494,2.17,10.22,26.49,61.12
Chad,2005,40.9556,202.95517,507.1746,1221.0664,1972.15177,2.08,10.29,25.72,61.92
Chad,2006,39.894203,202.5279,483.72205,1229.8712,1956.015353,2.04,10.35,24.73,62.88
Chad,2007,38.21488,196.82596,434.3469,1287.6775,1957.06524,1.95,10.06,22.19,65.8
Chad,2008,37.06398,199.0843,447.5937,1264.5774,1948.31938,1.9,10.22,22.97,64.91
Chad,2009,36.59765,197.63496,421.18848,1276.759,1932.18009,1.89,10.23,21.8,66.08
Chad,2010,87.487,213.88718,598.1016,1355.9135,2255.3892800000003,3.88,9.48,26.52,60.12
Chad,2011,88.61463,206.66444,598.931,1355.4773,2249.68737,3.94,9.19,26.62,60.25
Chad,2012,90.29167,212.83038,600.6057,1400.0134,2303.74115,3.92,9.24,26.07,60.77
Chad,2013,93.06065,212.4177,613.73694,1376.6702,2295.88549,4.05,9.25,26.73,59.96
Chad,2014,98.273544,206.85712,604.09265,1329.2897,2238.513014,4.39,9.24,26.99,59.38
Chad,2015,99.27824,205.08235,610.52637,1291.9299,2206.81686,4.5,9.29,27.67,58.54
Chad,2016,98.631615,207.14955,604.4179,1348.3835,2258.5825649999997,4.37,9.17,26.76,59.7
Chad,2017,102.93696,207.57346,612.697,1336.0175,2259.2249199999997,4.56,9.19,27.12,59.14
Chad,2018,103.497,205.29414,611.2465,1316.7277,2236.76534,4.63,9.18,27.33,58.87
Chad,2019,104.88877,202.62515,617.1832,1293.4606,2218.15772,4.73,9.13,27.82,58.31
Chad,2020,107.22408,198.44572,621.834,1249.9686,2177.4723999999997,4.92,9.11,28.56,57.4
Chad,2021,108.0032,187.40598,613.5021,1202.3451,2111.25638,5.12,8.88,29.06,56.95
Chad,2022,110.97674,186.15205,623.68243,1176.2998,2097.11102,5.29,8.88,29.74,56.09
Chile,1961,81.8835,166.36827,447.87106,1657.2362,2353.35903,3.48,7.07,19.03,70.42
Chile,1962,87.36576,163.25198,455.4594,1693.0714,2399.14854,3.64,6.8,18.98,70.57
Chile,1963,91.142166,169.87315,488.34726,1756.6663,2506.0288760000003,3.64,6.78,19.49,70.1
Chile,1964,84.182,172.9154,444.30768,1768.4053,2469.81038,3.41,7.0,17.99,71.6
Chile,1965,87.76043,174.17659,449.2777,1750.6477,2461.86242,3.56,7.07,18.25,71.11
Chile,1966,92.89664,182.82521,484.9898,1792.0187,2552.73035,3.64,7.16,19.0,70.2
Chile,1967,90.81535,178.30583,501.74612,1762.4132,2533.2805,3.58,7.04,19.81,69.57
Chile,1968,95.39132,176.47975,550.4866,1746.541,2568.8986699999996,3.71,6.87,21.43,67.99
Chile,1969,93.61921,172.28264,523.98596,1778.8134,2568.70121,3.64,6.71,20.4,69.25
Chile,1970,98.6573,171.9011,529.1592,1765.956,2565.6736,3.85,6.7,20.62,68.83
Chile,1971,88.84083,180.6443,501.0014,1868.6199,2639.10643,3.37,6.84,18.98,70.81
Chile,1972,93.4967,183.55803,486.34872,1894.1279,2657.53135,3.52,6.91,18.3,71.27
Chile,1973,83.61049,182.41934,429.78333,1815.4321,2511.2452599999997,3.33,7.26,17.11,72.29
Chile,1974,101.93915,188.3607,493.8166,1873.8062,2657.92265,3.84,7.09,18.58,70.5
Chile,1975,90.07876,170.62207,450.02255,1721.9893,2432.71268,3.7,7.01,18.5,70.78
Chile,1976,84.888275,178.24977,466.42673,1810.4454,2540.0101750000003,3.34,7.02,18.36,71.28
Chile,1977,86.538246,173.15448,462.07675,1771.2261,2492.9955760000003,3.47,6.95,18.54,71.05
Chile,1978,91.053696,169.09972,517.78516,1767.1251,2545.0636759999998,3.58,6.64,20.34,69.43
Chile,1979,94.0479,176.03339,512.3412,1801.2295,2583.65199,3.64,6.81,19.83,69.72
Chile,1980,99.039215,174.27168,541.16614,1793.7633,2608.2403350000004,3.8,6.68,20.75,68.77
Chile,1981,106.559715,177.58656,527.8559,1813.1106,2625.112775,4.06,6.76,20.11,69.07
Chile,1982,100.99259,172.56798,516.00903,1747.9471,2537.5167,3.98,6.8,20.34,68.88
Chile,1983,96.266785,168.10593,520.824,1691.712,2476.908715,3.89,6.79,21.03,68.3
Chile,1984,90.93987,173.86829,493.02737,1756.9824,2514.81793,3.62,6.91,19.6,69.87
Chile,1985,91.53539,163.77753,498.46484,1671.5778,2425.35556,3.77,6.75,20.55,68.92
Chile,1986,90.39696,163.2396,490.62982,1691.0442,2435.3105800000003,3.71,6.7,20.15,69.44
Chile,1987,95.895294,161.47276,479.97653,1700.2391,2437.583684,3.93,6.62,19.69,69.75
Chile,1988,100.37294,157.13448,497.78226,1658.8817,2414.1713799999998,4.16,6.51,20.62,68.71
Chile,1989,107.03094,156.61722,505.95105,1686.14,2455.73921,4.36,6.38,20.6,68.66
Chile,1990,113.050964,157.77573,556.1683,1699.3835,2526.378494,4.47,6.25,22.01,67.27
Chile,1991,113.10481,160.8129,589.5456,1698.2366,2561.6999100000003,4.42,6.28,23.01,66.29
Chile,1992,124.10351,163.90506,621.89954,1763.2727,2673.18081,4.64,6.13,23.26,65.96
Chile,1993,135.75731,160.50165,645.738,1742.2682,2684.26516,5.06,5.98,24.06,64.91
Chile,1994,139.26967,160.82094,669.1315,1754.4543,2723.67641,5.11,5.9,24.57,64.41
Chile,1995,149.41638,158.60083,697.2433,1734.1721,2739.43261,5.45,5.79,25.45,63.3
Chile,1996,151.77464,158.74043,708.2418,1746.6621,2765.41897,5.49,5.74,25.61,63.16
Chile,1997,152.1821,159.51233,705.34607,1760.681,2777.7215,5.48,5.74,25.39,63.39
Chile,1998,151.67894,157.97563,717.79486,1757.2498,2784.69923,5.45,5.67,25.78,63.1
Chile,1999,146.84772,159.84238,712.5642,1771.0117,2790.266,5.26,5.73,25.54,63.47
Chile,2000,151.15506,162.15974,745.4185,1765.2069,2823.9402,5.35,5.74,26.4,62.51
Chile,2001,150.8478,166.64253,753.75037,1788.5653,2859.8059999999996,5.27,5.83,26.36,62.54
Chile,2002,154.54991,168.95543,759.5811,1809.9858,2893.07224,5.34,5.84,26.26,62.56
Chile,2003,164.70448,169.45596,770.0085,1781.6533,2885.82224,5.71,5.87,26.68,61.74
Chile,2004,165.2031,173.673,759.8643,1814.7872,2913.5276,5.67,5.96,26.08,62.29
Chile,2005,168.2495,174.96509,727.4422,1836.394,2907.0507900000002,5.79,6.02,25.02,63.17
Chile,2006,174.55618,176.27574,780.01416,1825.4117,2956.25778,5.9,5.96,26.39,61.75
Chile,2007,178.533,163.85524,793.68,1796.5284,2932.5966399999998,6.09,5.59,27.06,61.26
Chile,2008,177.23647,164.68236,778.3131,1821.3815,2941.61343,6.03,5.6,26.46,61.92
Chile,2009,166.62659,161.432,753.77545,1807.1594,2888.99344,5.77,5.59,26.09,62.55
Chile,2010,192.4736,182.33925,668.2143,1831.9829,2875.01005,6.69,6.34,23.24,63.72
Chile,2011,199.45052,179.57672,683.3892,1840.424,2902.84044,6.87,6.19,23.54,63.4
Chile,2012,202.01466,171.72433,705.76447,1808.154,2887.65746,7.0,5.95,24.44,62.62
Chile,2013,211.73917,178.51509,737.2954,1811.7716,2939.3212599999997,7.2,6.07,25.08,61.64
Chile,2014,209.50305,173.22615,760.35944,1795.0431,2938.13174,7.13,5.9,25.88,61.09
Chile,2015,216.33176,171.18013,758.6365,1779.3705,2925.51889,7.39,5.85,25.93,60.82
Chile,2016,224.12827,177.04549,754.8292,1798.4707,2954.47366,7.59,5.99,25.55,60.87
Chile,2017,223.72298,180.13441,754.57513,1798.1077,2956.54022,7.57,6.09,25.52,60.82
Chile,2018,229.25017,184.2316,755.45654,1821.8854,2990.8237099999997,7.67,6.16,25.26,60.92
Chile,2019,225.24826,189.50528,803.1462,1804.6537,3022.55344,7.45,6.27,26.57,59.71
Chile,2020,223.30716,194.69133,841.3176,1820.075,3079.39109,7.25,6.32,27.32,59.11
Chile,2021,238.53171,183.46742,895.5759,1819.0748,3136.6498300000003,7.6,5.85,28.55,57.99
Chile,2022,225.18292,182.27184,878.1532,1828.0424,3113.6503599999996,7.23,5.85,28.2,58.71
China,1961,12.900241,144.32144,132.70116,1136.1584,1426.0812409999999,0.9,10.12,9.31,79.67
China,1962,15.305619,156.1254,144.5654,1224.6615,1540.657919,0.99,10.13,9.38,79.49
China,1963,18.157314,156.11298,171.31723,1244.6738,1590.261324,1.14,9.82,10.77,78.27
China,1964,20.188902,159.81235,192.98969,1272.5427,1645.5336419999999,1.23,9.71,11.73,77.33
China,1965,21.560371,163.82733,204.84317,1377.2867,1767.517571,1.22,9.27,11.59,77.92
China,1966,22.164192,166.93881,216.27771,1426.8986,1832.2793120000001,1.21,9.11,11.8,77.88
China,1967,22.33141,162.70027,217.55399,1386.4872,1789.07287,1.25,9.09,12.16,77.5
China,1968,21.86869,155.7256,209.4302,1347.8652,1734.88969,1.26,8.98,12.07,77.69
China,1969,20.79178,151.5112,202.33444,1335.9805,1710.61792,1.22,8.86,11.83,78.1
China,1970,20.06001,160.28226,206.8021,1432.896,1820.04037,1.1,8.81,11.36,78.73
China,1971,21.861498,161.82262,217.33775,1425.7202,1826.742068,1.2,8.86,11.9,78.05
China,1972,23.092323,158.31335,220.4186,1411.4786,1813.3028729999999,1.27,8.73,12.16,77.84
China,1973,22.933115,163.9499,223.0315,1475.0126,1884.927115,1.22,8.7,11.83,78.25
China,1974,23.527025,163.69395,223.4769,1473.2556,1883.953475,1.25,8.69,11.86,78.2
China,1975,23.973171,164.82053,225.81052,1489.0889,1903.693121,1.26,8.66,11.86,78.22
China,1976,22.21812,163.67882,218.30504,1468.9535,1873.1554800000001,1.19,8.74,11.65,78.42
China,1977,22.406591,165.60872,225.42632,1501.1216,1914.563231,1.17,8.65,11.77,78.41
China,1978,23.425758,179.99794,244.88928,1615.957,2064.2699780000003,1.13,8.72,11.86,78.28
China,1979,25.62958,181.04895,269.05054,1603.6708,2079.39987,1.23,8.71,12.94,77.12
China,1980,27.663965,186.16129,299.95984,1634.1157,2147.900795,1.29,8.67,13.97,76.08
China,1981,28.16999,190.5876,311.15036,1634.8198,2164.72775,1.3,8.8,14.37,75.52
China,1982,30.088676,200.43134,332.5638,1762.5349,2325.618716,1.29,8.62,14.3,75.79
China,1983,30.68188,207.06276,340.49698,1817.7416,2395.98322,1.28,8.64,14.21,75.87
China,1984,34.09448,209.48894,365.5552,1824.8949,2434.03352,1.4,8.61,15.02,74.97
China,1985,38.530357,208.36865,389.35306,1798.4576,2434.709667,1.58,8.56,15.99,73.87
China,1986,40.901234,208.80522,399.3897,1785.6925,2434.788654,1.68,8.58,16.4,73.34
China,1987,44.119328,207.55408,416.2755,1786.5913,2454.5402080000003,1.8,8.46,16.96,72.79
China,1988,48.416794,204.88373,425.22046,1758.4979,2437.018884,1.99,8.41,17.45,72.16
China,1989,50.326332,202.07336,444.5695,1732.4386,2429.407792,2.07,8.32,18.3,71.31
China,1990,53.22098,207.63052,476.2611,1792.6016,2529.7142,2.1,8.21,18.83,70.86
China,1991,57.675747,197.88397,484.79758,1716.0554,2456.4126969999998,2.35,8.06,19.74,69.86
China,1992,62.829464,201.32147,496.23938,1725.2598,2485.650114,2.53,8.1,19.96,69.41
China,1993,69.26184,212.93254,527.4275,1761.8606,2571.48248,2.69,8.28,20.51,68.52
China,1994,78.361465,217.8465,568.364,1775.8687,2640.440665,2.97,8.25,21.53,67.26
China,1995,86.33368,219.60722,590.4201,1833.0083,2729.3693000000003,3.16,8.05,21.63,67.16
China,1996,91.76662,221.16444,589.1332,1830.0504,2732.11466,3.36,8.09,21.56,66.98
China,1997,94.59521,225.40802,604.8827,1834.9851,2759.8710300000002,3.43,8.17,21.92,66.49
China,1998,100.542404,225.27971,636.1481,1839.8654,2801.8356139999996,3.59,8.04,22.7,65.67
China,1999,104.60683,221.57738,648.55023,1816.1952,2790.9296400000003,3.75,7.94,23.24,65.07
China,2000,109.64896,228.05206,677.4998,1816.7921,2831.9929199999997,3.87,8.05,23.92,64.15
China,2001,109.5798,226.41121,676.39343,1823.7986,2836.18304,3.86,7.98,23.85,64.3
China,2002,112.816414,226.23676,691.9366,1819.6177,2850.6074740000004,3.96,7.94,24.27,63.83
China,2003,118.47412,222.93907,708.7615,1801.0138,2851.1884899999995,4.16,7.82,24.86,63.17
China,2004,121.85308,223.98102,717.9851,1811.4222,2875.2414,4.24,7.79,24.97,63.0
China,2005,125.97889,223.94458,736.3426,1810.6449,2896.91097,4.35,7.73,25.42,62.5
China,2006,129.83221,220.74696,763.4485,1786.672,2900.69967,4.48,7.61,26.32,61.59
China,2007,134.98294,223.95174,784.0524,1794.7941,2937.78118,4.59,7.62,26.69,61.09
China,2008,141.17703,228.79858,798.3791,1828.5364,2996.89111,4.71,7.63,26.64,61.01
China,2009,145.17744,227.79091,825.3193,1815.2113,3013.49895,4.82,7.56,27.39,60.24
China,2010,171.93022,263.4215,726.1049,1879.9805,3041.4371199999996,5.65,8.66,23.87,61.81
China,2011,171.24188,269.33383,722.63995,1925.1145,3088.3301599999995,5.54,8.72,23.4,62.34
China,2012,173.90332,267.97955,736.4948,1925.0803,3103.4579700000004,5.6,8.63,23.73,62.03
China,2013,176.98602,266.9559,748.11926,1908.1478,3100.2089800000003,5.71,8.61,24.13,61.55
China,2014,181.87732,272.37686,769.9446,1975.6802,3199.8789800000004,5.68,8.51,24.06,61.74
China,2015,182.80276,279.55487,783.1709,1990.0168,3235.54533,5.65,8.64,24.21,61.5
China,2016,186.2726,284.12164,782.7823,1969.3616,3222.5381399999997,5.78,8.82,24.29,61.11
China,2017,185.68631,288.8143,789.84576,1993.1823,3257.5286699999997,5.7,8.87,24.25,61.19
China,2018,187.14388,292.2001,797.38873,1998.0454,3274.77811,5.71,8.92,24.35,61.01
China,2019,191.49693,293.29837,812.20386,2006.163,3303.16216,5.8,8.88,24.59,60.73
China,2020,188.76418,299.79254,806.09454,2028.5554,3323.20666,5.68,9.02,24.26,61.04
China,2021,201.84303,301.84488,851.1654,2048.9785,3403.83181,5.93,8.87,25.01,60.2
China,2022,207.503,306.47214,851.3727,2088.5566,3453.90444,6.01,8.87,24.65,60.47
Colombia,1961,90.07136,112.69165,372.0361,1669.8137,2244.6128099999996,4.01,5.02,16.57,74.39
Colombia,1962,92.548706,111.868904,385.98456,1666.0096,2256.41177,4.1,4.96,17.11,73.83
Colombia,1963,92.87949,106.41676,359.89276,1581.7837,2140.97271,4.34,4.97,16.81,73.88
Colombia,1964,90.981766,114.156364,370.97754,1611.6156,2187.73127,4.16,5.22,16.96,73.67
Colombia,1965,90.5018,112.483734,357.43106,1582.5763,2142.992894,4.22,5.25,16.68,73.85
Colombia,1966,83.90424,108.017006,346.02838,1541.3062,2079.255826,4.04,5.19,16.64,74.13
Colombia,1967,85.97893,107.86224,349.816,1520.9414,2064.59857,4.16,5.22,16.94,73.67
Colombia,1968,84.7205,110.31271,363.0001,1512.8893,2070.92261,4.09,5.33,17.53,73.05
Colombia,1969,83.78713,105.7997,363.39185,1519.1542,2072.13288,4.04,5.11,17.54,73.31
Colombia,1970,84.8395,108.387794,377.90088,1527.3367,2098.4648740000002,4.04,5.17,18.01,72.78
Colombia,1971,88.468094,109.9796,392.19485,1590.2705,2180.913044,4.06,5.04,17.98,72.92
Colombia,1972,85.921555,109.08587,391.822,1617.6827,2204.512125,3.9,4.95,17.77,73.38
Colombia,1973,82.066666,111.475945,382.60812,1652.1359,2228.286631,3.68,5.0,17.17,74.14
Colombia,1974,78.3498,115.24446,400.3667,1718.1184,2312.07936,3.39,4.98,17.32,74.31
Colombia,1975,82.02672,113.60391,385.30972,1775.0562,2355.99655,3.48,4.82,16.35,75.34
Colombia,1976,88.849815,118.288,426.5038,1856.2528,2489.8944149999998,3.57,4.75,17.13,74.55
Colombia,1977,89.892044,114.868935,436.22992,1824.7549,2465.745799,3.65,4.66,17.69,74.0
Colombia,1978,86.31951,121.41645,424.25647,1916.7631,2548.75553,3.39,4.76,16.65,75.2
Colombia,1979,88.69028,121.74794,434.2068,1885.2358,2529.88082,3.51,4.81,17.16,74.52
Colombia,1980,89.974396,125.303795,451.96655,1933.9235,2601.1682410000003,3.46,4.82,17.38,74.35
Colombia,1981,94.345604,123.75899,488.32202,1887.3553,2593.781914,3.64,4.77,18.83,72.76
Colombia,1982,91.88232,126.34333,468.7482,1902.7554,2589.72925,3.55,4.88,18.1,73.47
Colombia,1983,87.76292,126.951614,476.43903,1934.1597,2625.313264,3.34,4.84,18.15,73.67
Colombia,1984,92.088036,127.03215,480.62552,1896.3969,2596.142606,3.55,4.89,18.51,73.05
Colombia,1985,91.0066,121.79429,483.5188,1865.5531,2561.8727900000004,3.55,4.75,18.87,72.82
Colombia,1986,92.89712,121.23094,487.98746,1850.6017,2552.71722,3.64,4.75,19.12,72.5
Colombia,1987,92.380844,123.47609,507.61133,1926.4141,2649.882364,3.49,4.66,19.16,72.7
Colombia,1988,99.86078,123.5921,520.35156,1858.663,2602.46744,3.84,4.75,19.99,71.42
Colombia,1989,103.799515,124.10722,529.62415,1881.6901,2639.220985,3.93,4.7,20.07,71.3
Colombia,1990,108.463295,122.79639,539.0926,1861.1045,2631.456785,4.12,4.67,20.49,70.73
Colombia,1991,109.201385,120.445724,542.0981,1861.8507,2633.595909,4.15,4.57,20.58,70.7
Colombia,1992,105.42154,129.53195,544.32947,1923.9122,2703.19516,3.9,4.79,20.14,71.17
Colombia,1993,108.92881,132.06595,579.00165,1927.7532,2747.74961,3.96,4.81,21.07,70.16
Colombia,1994,112.302864,138.72226,597.10486,1925.7019,2773.831884,4.05,5.0,21.53,69.42
Colombia,1995,121.352806,138.84068,618.25574,1953.1161,2831.565326,4.29,4.9,21.83,68.98
Colombia,1996,121.074455,144.03122,632.1484,1919.2794,2816.533475,4.3,5.11,22.44,68.14
Colombia,1997,120.765,143.18637,628.3496,1933.853,2826.1539700000003,4.27,5.07,22.23,68.43
Colombia,1998,122.34117,137.93488,631.4531,1892.3182,2784.04735,4.39,4.95,22.68,67.97
Colombia,1999,116.75882,137.93945,631.6546,1932.6318,2818.98467,4.14,4.89,22.41,68.56
Colombia,2000,121.051865,137.70926,672.69525,1904.995,2836.4513749999996,4.27,4.85,23.72,67.16
Colombia,2001,122.36376,138.05247,671.3358,1943.49,2875.24203,4.26,4.8,23.35,67.59
Colombia,2002,122.3255,136.92117,672.99475,1911.2134,2843.45482,4.3,4.82,23.67,67.21
Colombia,2003,122.08505,136.07736,669.6062,1934.1113,2861.87991,4.27,4.75,23.4,67.58
Colombia,2004,121.49355,131.60777,661.151,1929.6057,2843.85802,4.27,4.63,23.25,67.85
Colombia,2005,126.572426,128.6635,678.80457,1867.4452,2801.485696,4.52,4.59,24.23,66.66
Colombia,2006,133.29646,128.90115,698.7281,1883.6906,2844.61631,4.69,4.53,24.56,66.22
Colombia,2007,132.7674,130.91483,703.4203,1918.7875,2885.89003,4.6,4.54,24.37,66.49
Colombia,2008,138.88867,128.65259,717.03076,1911.9065,2896.47852,4.8,4.44,24.76,66.01
Colombia,2009,129.69664,124.97889,691.8327,1855.1707,2801.67893,4.63,4.46,24.69,66.22
Colombia,2010,146.28676,119.943924,750.9807,1784.2258,2801.437184,5.22,4.28,26.81,63.69
Colombia,2011,150.40378,120.61134,748.8054,1784.1826,2804.0031200000003,5.36,4.3,26.7,63.63
Colombia,2012,158.35054,122.53841,780.17584,1836.5242,2897.58899,5.46,4.23,26.93,63.38
Colombia,2013,162.0628,124.07182,780.7688,1907.3939,2974.29732,5.45,4.17,26.25,64.13
Colombia,2014,167.16315,132.4795,811.77783,1897.9574,3009.37788,5.55,4.4,26.97,63.07
Colombia,2015,170.98372,137.55742,830.2802,1936.4979,3075.31924,5.56,4.47,27.0,62.97
Colombia,2016,171.47868,137.78532,826.13965,1955.3992,3090.80285,5.55,4.46,26.73,63.27
Colombia,2017,173.87346,140.03905,872.1199,1865.9854,3052.0178100000003,5.7,4.59,28.58,61.14
Colombia,2018,178.91696,142.93254,866.73206,1898.9122,3087.4937600000003,5.79,4.63,28.07,61.5
Colombia,2019,181.20909,146.21422,848.11285,1887.8328,3063.36896,5.92,4.77,27.69,61.63
Colombia,2020,177.68915,145.78075,925.80634,1855.2037,3104.47994,5.72,4.7,29.82,59.76
Colombia,2021,181.47699,141.30084,960.0305,1827.3098,3110.11813,5.84,4.54,30.87,58.75
Colombia,2022,182.51897,142.57414,907.0603,1888.4858,3120.63921,5.85,4.57,29.07,60.52
Comoros,2010,72.3354,169.99821,571.30945,1590.9983,2404.64136,3.01,7.07,23.76,66.16
Comoros,2011,70.77611,171.20274,575.50726,1569.753,2387.23911,2.96,7.17,24.11,65.76
Comoros,2012,69.98219,172.98698,581.1194,1570.2808,2394.36937,2.92,7.22,24.27,65.58
Comoros,2013,72.133446,178.42479,595.13104,1601.1112,2446.8004760000003,2.95,7.29,24.32,65.44
Comoros,2014,74.48814,176.89926,611.544,1581.4364,2444.3678,3.05,7.24,25.02,64.7
Comoros,2015,72.677505,176.50826,595.6701,1602.0004,2446.856265,2.97,7.21,24.34,65.47
Comoros,2016,80.086914,183.1938,612.6649,1630.7849,2506.730514,3.19,7.31,24.44,65.06
Comoros,2017,76.022446,184.17728,611.4512,1628.3926,2500.043526,3.04,7.37,24.46,65.13
Comoros,2018,67.49402,182.84158,586.5278,1652.3053,2489.1687,2.71,7.35,23.56,66.38
Comoros,2019,75.82707,171.32494,572.2933,1684.1454,2503.5907100000004,3.03,6.84,22.86,67.27
Comoros,2020,81.850586,183.39998,507.4455,1722.2291,2494.925166,3.28,7.35,20.34,69.03
Comoros,2021,90.90691,173.17708,527.03314,1656.8921,2448.00923,3.71,7.07,21.53,67.68
Comoros,2022,84.82712,178.60242,495.48032,1664.9729,2423.88276,3.5,7.37,20.44,68.69
Congo,1961,55.628155,78.761795,288.22095,1582.88,2005.4909000000002,2.77,3.93,14.37,78.93
Congo,1962,50.27517,84.20132,313.36588,1561.2838,2009.12617,2.5,4.19,15.6,77.71
Congo,1963,52.229416,83.59774,319.5025,1551.208,2006.537656,2.6,4.17,15.92,77.31
Congo,1964,55.526505,84.959,317.73285,1585.1725,2043.3908549999999,2.72,4.16,15.55,77.58
Congo,1965,49.89272,83.026695,317.3614,1546.7317,1997.0125150000001,2.5,4.16,15.89,77.45
Congo,1966,50.262577,79.87612,318.41263,1483.225,1931.776327,2.6,4.13,16.48,76.78
Congo,1967,50.083862,80.98422,355.5552,1441.2991,1927.922382,2.6,4.2,18.44,74.76
Congo,1968,52.484276,83.01084,360.466,1430.1581,1926.119216,2.72,4.31,18.71,74.25
Congo,1969,54.624916,79.35712,361.8375,1354.3175,1850.137036,2.95,4.29,19.56,73.2
Congo,1970,47.646233,78.480644,340.78326,1339.4054,1806.315537,2.64,4.34,18.87,74.15
Congo,1971,45.949295,86.16925,337.48672,1376.1968,1845.8020649999999,2.49,4.67,18.28,74.56
Congo,1972,53.34486,90.80464,353.20444,1410.0016,1907.35554,2.8,4.76,18.52,73.92
Congo,1973,47.506256,87.41914,343.93387,1380.4098,1859.2690659999998,2.56,4.7,18.5,74.24
Congo,1974,40.90577,87.68246,332.8121,1345.6587,1807.05903,2.26,4.85,18.42,74.47
Congo,1975,47.56643,89.631195,363.19547,1412.7325,1913.125595,2.49,4.69,18.98,73.84
Congo,1976,49.827583,86.027435,368.29416,1383.5792,1887.7283779999998,2.64,4.56,19.51,73.29
Congo,1977,47.37886,92.36564,393.2484,1398.043,1931.0358999999999,2.45,4.78,20.36,72.4
Congo,1978,55.77441,92.81513,362.77606,1438.6055,1949.9710999999998,2.86,4.76,18.6,73.78
Congo,1979,60.375626,89.33407,373.9913,1442.312,1966.012996,3.07,4.54,19.02,73.36
Congo,1980,59.076332,91.91397,371.63293,1506.1616,2028.7848319999998,2.91,4.53,18.32,74.24
Congo,1981,56.992672,89.52599,351.92975,1509.1581,2007.606512,2.84,4.46,17.53,75.17
Congo,1982,63.739952,96.92621,417.6802,1543.6598,2122.0061619999997,3.0,4.57,19.68,72.75
Congo,1983,69.77685,99.43401,441.83957,1509.6185,2120.66893,3.29,4.69,20.83,71.19
Congo,1984,79.3257,100.46037,478.16672,1497.9039,2155.85669,3.68,4.66,22.18,69.48
Congo,1985,78.30288,100.715515,439.3179,1531.0555,2149.391795,3.64,4.69,20.44,71.23
Congo,1986,73.560455,102.799126,417.77017,1543.3177,2137.447451,3.44,4.81,19.55,72.2
Congo,1987,71.27261,103.405685,454.0005,1544.733,2173.411795,3.28,4.76,20.89,71.07
Congo,1988,73.772064,99.0998,448.75323,1530.2275,2151.852594,3.43,4.61,20.85,71.11
Congo,1989,68.75215,101.3633,429.23965,1508.496,2107.8511,3.26,4.81,20.36,71.57
Congo,1990,64.94784,102.54711,374.34097,1461.2562,2003.09212,3.24,5.12,18.69,72.95
Congo,1991,79.44899,104.46663,453.73447,1361.5631,1999.21319,3.97,5.23,22.7,68.1
Congo,1992,86.66383,109.31688,486.00348,1324.0862,2006.0703899999999,4.32,5.45,24.23,66.0
Congo,1993,83.92424,105.73978,433.3602,1358.8513,1981.87552,4.23,5.34,21.87,68.56
Congo,1994,67.837036,104.76701,420.0091,1368.7964,1961.4095459999999,3.46,5.34,21.41,69.79
Congo,1995,61.91345,100.154106,401.79413,1393.7355,1957.597186,3.16,5.12,20.52,71.2
Congo,1996,61.488346,94.35076,430.45804,1363.6715,1949.9686459999998,3.15,4.84,22.08,69.93
Congo,1997,53.896233,103.965515,418.96146,1409.4045,1986.2277080000001,2.71,5.23,21.09,70.96
Congo,1998,58.33694,111.69879,420.67593,1460.5098,2051.2214599999998,2.84,5.45,20.51,71.2
Congo,1999,50.224266,114.500084,458.9739,1483.031,2106.72925,2.38,5.43,21.79,70.39
Congo,2000,55.4313,115.782776,476.65164,1511.6536,2159.519316,2.57,5.36,22.07,70.0
Congo,2001,56.116226,118.11055,497.1988,1515.2263,2186.651876,2.57,5.4,22.74,69.29
Congo,2002,56.962433,118.66847,509.13364,1529.2433,2214.0078430000003,2.57,5.36,23.0,69.07
Congo,2003,67.500175,116.300186,483.64716,1514.8888,2182.3363209999998,3.09,5.33,22.16,69.42
Congo,2004,75.218956,113.67967,464.63376,1535.5171,2189.049486,3.44,5.19,21.23,70.15
Congo,2005,55.095543,98.72723,394.66928,1409.796,1958.2880530000002,2.81,5.04,20.15,71.99
Congo,2006,69.79679,99.33497,441.87524,1425.6831,2036.6901,3.43,4.88,21.7,70.0
Congo,2007,67.16447,99.46233,419.19238,1430.4368,2016.25598,3.33,4.93,20.79,70.95
Congo,2008,66.18509,100.25759,380.85635,1440.8544,1988.1534299999998,3.33,5.04,19.16,72.47
Congo,2009,69.16565,106.82789,377.42493,1445.4053,1998.82377,3.46,5.34,18.88,72.31
Congo,2010,61.820576,104.58578,385.60287,1422.6688,1974.678026,3.13,5.3,19.53,72.05
Congo,2011,73.233246,99.28853,389.24805,1378.9609,1940.730726,3.77,5.12,20.06,71.05
Congo,2012,74.05337,98.94992,377.89285,1443.8716,1994.76774,3.71,4.96,18.94,72.38
Congo,2013,83.81684,104.17464,385.94315,1499.081,2073.01563,4.04,5.03,18.62,72.31
Congo,2014,90.59252,101.48429,369.8333,1556.5299,2118.4400100000003,4.28,4.79,17.46,73.48
Congo,2015,90.56732,104.0789,394.6772,1531.1699,2120.49332,4.27,4.91,18.61,72.21
Congo,2016,93.43733,98.8799,462.03214,1445.478,2099.82737,4.45,4.71,22.0,68.84
Congo,2017,109.80167,102.1771,442.82043,1470.5183,2125.3175,5.17,4.81,20.84,69.19
Congo,2018,109.47436,103.36158,415.6493,1482.2303,2110.71554,5.19,4.9,19.69,70.22
Congo,2019,102.753944,103.86481,486.8514,1431.7412,2125.211354,4.83,4.89,22.91,67.37
Congo,2020,107.72462,97.178154,516.1623,1438.9977,2160.062774,4.99,4.5,23.9,66.62
Congo,2021,117.624695,102.01535,512.3746,1442.6161,2174.630745,5.41,4.69,23.56,66.34
Congo,2022,125.16493,99.75997,491.8353,1450.3186,2167.0788000000002,5.78,4.6,22.7,66.93
Costa Rica,1961,80.279915,114.18122,393.57614,1390.8765,1978.913775,4.06,5.77,19.89,70.28
Costa Rica,1962,76.20553,116.8111,412.57306,1413.6765,2019.26619,3.77,5.78,20.43,70.01
Costa Rica,1963,83.38481,114.874176,426.45688,1401.8472,2026.563066,4.11,5.67,21.04,69.17
Costa Rica,1964,82.19078,118.52902,423.91617,1481.103,2105.7389700000003,3.9,5.63,20.13,70.34
Costa Rica,1965,83.27335,131.25732,428.4426,1526.6847,2169.65797,3.84,6.05,19.75,70.37
Costa Rica,1966,74.60818,128.68018,419.26727,1516.7971,2139.35273,3.49,6.01,19.6,70.9
Costa Rica,1967,76.37472,128.9097,417.74268,1466.4324,2089.4595,3.66,6.17,19.99,70.18
Costa Rica,1968,83.206085,127.89009,429.25873,1513.3032,2153.658105,3.86,5.94,19.93,70.27
Costa Rica,1969,82.18739,127.489716,442.65057,1526.4323,2178.759976,3.77,5.85,20.32,70.06
Costa Rica,1970,89.25253,127.37905,446.13382,1566.5662,2229.3316,4.0,5.71,20.01,70.27
Costa Rica,1971,95.26322,125.554474,464.00784,1600.8986,2285.724134,4.17,5.49,20.3,70.04
Costa Rica,1972,92.04973,126.597946,457.52737,1631.9697,2308.144746,3.99,5.48,19.82,70.7
Costa Rica,1973,96.09304,121.552574,476.2449,1638.589,2332.4795139999997,4.12,5.21,20.42,70.25
Costa Rica,1974,92.738266,121.71406,478.5424,1647.0564,2340.051126,3.96,5.2,20.45,70.39
Costa Rica,1975,102.528564,122.25767,483.97092,1669.1288,2377.885954,4.31,5.14,20.35,70.19
Costa Rica,1976,117.76997,123.33699,506.2364,1665.6865,2413.02986,4.88,5.11,20.98,69.03
Costa Rica,1977,120.13083,118.522804,526.5578,1666.4279,2431.639334,4.94,4.87,21.65,68.53
Costa Rica,1978,122.420296,115.080574,523.1613,1647.3163,2407.97847,5.08,4.78,21.73,68.41
Costa Rica,1979,126.68593,119.69582,539.6915,1655.5566,2441.62985,5.19,4.9,22.1,67.81
Costa Rica,1980,119.82623,131.80885,531.96954,1735.693,2519.2976200000003,4.76,5.23,21.12,68.9
Costa Rica,1981,108.88453,129.01775,514.84216,1697.0591,2449.80354,4.44,5.27,21.02,69.27
Costa Rica,1982,99.60465,123.40434,516.81714,1637.1924,2377.01853,4.19,5.19,21.74,68.88
Costa Rica,1983,110.38341,131.6019,510.27722,1721.9161,2474.17863,4.46,5.32,20.62,69.6
Costa Rica,1984,112.42121,135.41734,517.7676,1753.5347,2519.14085,4.46,5.38,20.55,69.61
Costa Rica,1985,124.81799,128.95233,556.1882,1784.8381,2594.79662,4.81,4.97,21.43,68.79
Costa Rica,1986,115.71687,128.70992,570.9559,1778.3054,2593.68809,4.46,4.96,22.01,68.56
Costa Rica,1987,121.69261,135.98854,597.8593,1774.2407,2629.78115,4.63,5.17,22.73,67.47
Costa Rica,1988,119.79524,130.08029,590.41516,1817.6665,2657.95719,4.51,4.89,22.21,68.39
Costa Rica,1989,123.32222,145.84123,581.21564,1824.4945,2674.87359,4.61,5.45,21.73,68.21
Costa Rica,1990,133.82616,137.73206,642.0756,1790.862,2704.49582,4.95,5.09,23.74,66.22
Costa Rica,1991,132.34518,135.38081,652.4121,1767.5691,2687.70719,4.92,5.04,24.27,65.76
Costa Rica,1992,134.19635,124.073524,673.4533,1736.8816,2668.604774,5.03,4.65,25.24,65.09
Costa Rica,1993,139.7431,125.57995,655.31134,1783.1509,2703.78529,5.17,4.64,24.24,65.95
Costa Rica,1994,136.50429,136.50429,662.331,1763.2754,2698.6149800000003,5.06,5.06,24.54,65.34
Costa Rica,1995,141.27922,145.96228,698.88934,1740.0857,2726.21654,5.18,5.35,25.64,63.83
Costa Rica,1996,132.94292,134.71706,701.23254,1705.1445,2674.03702,4.97,5.04,26.22,63.77
Costa Rica,1997,135.46315,142.4201,658.3224,1749.7355,2685.94115,5.04,5.3,24.51,65.14
Costa Rica,1998,138.18898,134.89688,652.72876,1810.002,2735.81662,5.05,4.93,23.86,66.16
Costa Rica,1999,144.84386,140.18816,673.1061,1830.3049,2788.44302,5.19,5.03,24.14,65.64
Costa Rica,2000,139.56729,156.81358,700.9903,1797.1685,2794.53967,4.99,5.61,25.08,64.31
Costa Rica,2001,141.30423,141.14406,692.53687,1828.8767,2803.86186,5.04,5.03,24.7,65.23
Costa Rica,2002,139.0629,142.71927,710.49243,1785.1663,2777.4409,5.01,5.14,25.58,64.27
Costa Rica,2003,143.34848,141.21194,708.7405,1777.122,2770.42292,5.17,5.1,25.58,64.15
Costa Rica,2004,140.44046,143.95856,746.71423,1760.1057,2791.2189500000004,5.03,5.16,26.75,63.06
Costa Rica,2005,143.3516,143.55437,751.0144,1813.9048,2851.82517,5.03,5.03,26.33,63.61
Costa Rica,2006,148.42937,148.22609,788.76733,1834.5419,2919.96469,5.08,5.08,27.01,62.83
Costa Rica,2007,155.68846,147.82253,802.29474,1806.2205,2912.02623,5.35,5.08,27.55,62.03
Costa Rica,2008,161.96254,145.66826,805.3716,1790.562,2903.5643999999998,5.58,5.02,27.74,61.67
Costa Rica,2009,163.60045,147.56761,805.31305,1790.4945,2906.97561,5.63,5.08,27.7,61.59
Costa Rica,2010,169.9182,144.6354,848.0895,1717.0991,2879.7421999999997,5.9,5.02,29.45,59.63
Costa Rica,2011,165.60242,142.98335,865.27057,1708.0847,2881.94104,5.75,4.96,30.02,59.27
Costa Rica,2012,169.11569,139.82613,843.1918,1726.7533,2878.88692,5.87,4.86,29.29,59.98
Costa Rica,2013,172.3938,138.29706,870.59485,1707.8953,2889.18101,5.97,4.79,30.13,59.11
Costa Rica,2014,176.81827,136.29233,880.3721,1725.99,2919.4727000000003,6.06,4.67,30.16,59.12
Costa Rica,2015,179.59389,132.73448,907.29663,1711.649,2931.274,6.13,4.53,30.95,58.39
Costa Rica,2016,185.82018,139.77156,934.4962,1760.1399,3020.2278399999996,6.15,4.63,30.94,58.28
Costa Rica,2017,191.0885,138.76279,1011.56964,1714.6433,3056.06423,6.25,4.54,33.1,56.11
Costa Rica,2018,192.93555,143.15623,987.2594,1729.9131,3053.2642800000003,6.32,4.69,32.33,56.66
Costa Rica,2019,214.42581,142.90987,991.9177,1722.3525,3071.60588,6.98,4.65,32.29,56.07
Costa Rica,2020,209.59406,145.19751,998.4008,1725.2228,3078.41517,6.81,4.72,32.43,56.04
Costa Rica,2021,212.76129,138.93451,1026.9133,1663.1094,3041.7185,6.99,4.57,33.76,54.68
Costa Rica,2022,215.80865,139.4274,975.8185,1668.0824,2999.13695,7.2,4.65,32.54,55.62
Cote d'Ivoire,1961,59.18088,131.25676,258.23096,1751.2343,2199.9029,2.69,5.97,11.74,79.61
Cote d'Ivoire,1962,56.53708,140.26491,275.85934,1817.147,2289.80833,2.47,6.13,12.05,79.36
Cote d'Ivoire,1963,56.419807,152.64755,275.00397,1877.1602,2361.231527,2.39,6.46,11.65,79.5
Cote d'Ivoire,1964,63.07304,157.45518,297.6449,1908.6608,2426.83392,2.6,6.49,12.26,78.65
Cote d'Ivoire,1965,63.95069,158.6418,295.3872,1954.7424,2472.72209,2.59,6.42,11.95,79.05
Cote d'Ivoire,1966,64.91171,155.78047,318.51715,1922.1377,2461.34703,2.64,6.33,12.94,78.09
Cote d'Ivoire,1967,67.721596,157.4814,304.83325,1925.3497,2455.385946,2.76,6.41,12.41,78.41
Cote d'Ivoire,1968,69.59509,163.2468,371.3692,1960.931,2565.1420900000003,2.71,6.36,14.48,76.45
Cote d'Ivoire,1969,69.68062,162.87122,360.3801,1946.2609,2539.19284,2.74,6.41,14.19,76.65
Cote d'Ivoire,1970,68.77581,165.83687,385.33826,1956.7203,2576.6712399999997,2.67,6.44,14.95,75.94
Cote d'Ivoire,1971,72.80011,158.45874,380.8312,1909.1091,2521.19915,2.89,6.29,15.11,75.72
Cote d'Ivoire,1972,71.041855,156.59555,396.19644,1869.0503,2492.884145,2.85,6.28,15.89,74.98
Cote d'Ivoire,1973,66.47051,154.82529,364.47803,1881.1116,2466.88543,2.69,6.28,14.77,76.25
Cote d'Ivoire,1974,70.93315,153.40268,374.9713,1863.8658,2463.1729299999997,2.88,6.23,15.22,75.67
Cote d'Ivoire,1975,67.227325,156.48682,385.08505,2021.4503,2630.249495,2.56,5.95,14.64,76.85
Cote d'Ivoire,1976,70.19952,157.56676,400.3842,2018.5399,2646.69038,2.65,5.95,15.13,76.27
Cote d'Ivoire,1977,70.49302,156.95866,449.31885,2008.7249,2685.49543,2.62,5.84,16.73,74.8
Cote d'Ivoire,1978,70.164055,162.66751,456.40482,2062.3733,2751.6096850000004,2.55,5.91,16.59,74.95
Cote d'Ivoire,1979,72.68989,172.21295,468.84976,2197.848,2911.6005999999998,2.5,5.91,16.1,75.49
Cote d'Ivoire,1980,71.59265,177.49347,484.87936,2200.1265,2934.09198,2.44,6.05,16.53,74.98
Cote d'Ivoire,1981,74.71591,179.0035,512.6835,2236.1516,3002.55451,2.49,5.96,17.07,74.47
Cote d'Ivoire,1982,67.73039,176.4225,495.75613,2214.9153,2954.82432,2.29,5.97,16.78,74.96
Cote d'Ivoire,1983,63.850784,173.04898,492.75836,2126.8647,2856.522824,2.24,6.06,17.25,74.46
Cote d'Ivoire,1984,62.61873,171.4522,519.18665,2141.7046,2894.96218,2.16,5.92,17.93,73.98
Cote d'Ivoire,1985,67.01562,165.15143,520.19055,2068.2476,2820.6052,2.38,5.86,18.44,73.33
Cote d'Ivoire,1986,68.5908,164.04433,503.52435,2059.138,2795.29748,2.45,5.87,18.01,73.66
Cote d'Ivoire,1987,67.478935,162.47316,425.1173,2026.9663,2682.035695,2.52,6.06,15.85,75.58
Cote d'Ivoire,1988,73.18425,161.94473,419.47458,2023.0646,2677.66816,2.73,6.05,15.67,75.55
Cote d'Ivoire,1989,66.79028,157.08307,434.6465,1951.5773,2610.09715,2.56,6.02,16.65,74.77
Cote d'Ivoire,1990,66.39598,155.136,434.844,1894.1042,2550.48018,2.6,6.08,17.05,74.26
Cote d'Ivoire,1991,60.615883,155.21458,423.91602,1911.9688,2551.715283,2.38,6.08,16.61,74.93
Cote d'Ivoire,1992,60.044353,154.89874,419.6041,1905.5253,2540.072493,2.36,6.1,16.52,75.02
Cote d'Ivoire,1993,56.398148,152.1348,381.9144,1860.4185,2450.865848,2.3,6.21,15.58,75.91
Cote d'Ivoire,1994,49.41196,149.00854,410.3723,1843.4545,2452.2473,2.01,6.08,16.73,75.17
Cote d'Ivoire,1995,50.18601,150.06038,427.72952,1834.4691,2462.44501,2.04,6.09,17.37,74.5
Cote d'Ivoire,1996,48.513466,150.88446,450.6067,1822.0974,2472.102026,1.96,6.1,18.23,73.71
Cote d'Ivoire,1997,48.592968,150.35324,462.89862,1842.7926,2504.637428,1.94,6.0,18.48,73.58
Cote d'Ivoire,1998,45.834015,148.87718,429.84674,1820.9111,2445.469035,1.87,6.09,17.58,74.46
Cote d'Ivoire,1999,48.206684,145.75821,441.70798,1792.1008,2427.773674,1.99,6.0,18.19,73.82
Cote d'Ivoire,2000,41.56028,144.18501,435.39865,1759.4216,2380.5655399999996,1.75,6.06,18.29,73.91
Cote d'Ivoire,2001,42.85003,144.37497,445.31873,1738.4792,2371.02293,1.81,6.09,18.78,73.32
Cote d'Ivoire,2002,43.728382,142.62675,442.79013,1753.8907,2383.035962,1.83,5.99,18.58,73.6
Cote d'Ivoire,2003,47.95684,140.1924,451.346,1737.1268,2376.62204,2.02,5.9,18.99,73.09
Cote d'Ivoire,2004,45.985767,143.3818,436.62857,1769.5334,2395.5295370000003,1.92,5.99,18.23,73.87
Cote d'Ivoire,2005,46.838345,145.40341,442.9968,1780.3511,2415.589655,1.94,6.02,18.34,73.7
Cote d'Ivoire,2006,45.902653,145.10052,419.23563,1782.0288,2392.2676030000002,1.92,6.07,17.52,74.49
Cote d'Ivoire,2007,44.07339,143.69087,419.93475,1775.166,2382.86501,1.85,6.03,17.62,74.5
Cote d'Ivoire,2008,47.223568,143.80952,376.12506,1757.4908,2324.648948,2.03,6.19,16.18,75.6
Cote d'Ivoire,2009,48.90843,144.52676,400.75485,1711.7103,2305.90034,2.12,6.27,17.38,74.23
Cote d'Ivoire,2010,47.70976,170.89111,434.03668,1818.9817,2471.6192499999997,1.93,6.91,17.56,73.59
Cote d'Ivoire,2011,46.80012,175.19083,425.00104,1872.9619,2519.95389,1.86,6.95,16.87,74.33
Cote d'Ivoire,2012,44.908638,173.74428,445.2033,1844.1898,2508.046018,1.79,6.93,17.75,73.53
Cote d'Ivoire,2013,45.68992,174.763,452.60052,1858.9827,2532.03614,1.8,6.9,17.87,73.42
Cote d'Ivoire,2014,51.79016,173.4464,423.83737,1831.125,2480.19893,2.09,6.99,17.09,73.83
Cote d'Ivoire,2015,56.603092,175.19292,429.7666,1884.7445,2546.307112,2.22,6.88,16.88,74.02
Cote d'Ivoire,2016,53.291763,178.43423,417.74408,1907.6865,2557.156573,2.08,6.98,16.34,74.6
Cote d'Ivoire,2017,55.768623,179.68652,416.84262,1929.1855,2581.483263,2.16,6.96,16.15,74.73
Cote d'Ivoire,2018,57.923748,175.36786,412.1219,1950.6285,2596.042008,2.23,6.76,15.88,75.14
Cote d'Ivoire,2019,59.0971,177.99615,449.3216,1956.1863,2642.60115,2.24,6.74,17.0,74.03
Cote d'Ivoire,2020,59.640682,183.37283,442.63177,1994.8102,2680.455482,2.23,6.84,16.51,74.42
Cote d'Ivoire,2021,58.850815,189.23485,484.76825,1992.343,2725.196915,2.16,6.94,17.79,73.11
Cote d'Ivoire,2022,58.035175,189.00345,477.45602,2011.6638,2736.158445,2.12,6.91,17.45,73.52
Croatia,1992,119.1846,119.1045,616.4379,1460.0813,2314.8083,5.15,5.15,26.63,63.08
Croatia,1993,106.522736,125.08869,549.1257,1474.6049,2255.3420260000003,4.72,5.55,24.35,65.38
Croatia,1994,109.56024,131.85258,589.6044,1564.0958,2395.1130200000002,4.57,5.51,24.62,65.3
Croatia,1995,118.2218,143.72618,668.69836,1654.3538,2585.00014,4.57,5.56,25.87,64.0
Croatia,1996,112.108536,148.41849,657.06366,1682.3816,2599.972286,4.31,5.71,25.27,64.71
Croatia,1997,107.92478,150.91489,653.28,1671.5776,2583.69727,4.18,5.84,25.28,64.7
Croatia,1998,107.41943,149.01834,624.3832,1698.147,2578.9679699999997,4.17,5.78,24.21,65.85
Croatia,1999,117.65145,156.29248,717.66766,1624.5797,2616.1912899999998,4.5,5.97,27.43,62.1
Croatia,2000,126.614174,149.33025,753.3543,1614.7032,2644.001924,4.79,5.65,28.49,61.07
Croatia,2001,134.32924,164.89246,767.0477,1764.6947,2830.9641,4.74,5.82,27.09,62.34
Croatia,2002,147.4878,165.74388,817.45325,1768.0857,2898.77063,5.09,5.72,28.2,60.99
Croatia,2003,149.33322,160.64075,816.0783,1811.4899,2937.54217,5.08,5.47,27.78,61.67
Croatia,2004,159.17538,148.06822,930.3675,1766.8347,3004.4458000000004,5.3,4.93,30.97,58.81
Croatia,2005,168.72704,149.1928,983.79346,1730.1237,3031.837,5.57,4.92,32.45,57.07
Croatia,2006,183.28735,143.43169,1047.8854,1740.428,3115.03244,5.88,4.6,33.64,55.87
Croatia,2007,185.69662,144.4352,1092.466,1692.214,3114.81182,5.96,4.64,35.07,54.33
Croatia,2008,188.6043,145.35384,1116.1951,1691.5675,3141.7207399999998,6.0,4.63,35.53,53.84
Croatia,2009,189.76352,150.0024,1027.7749,1718.4883,3086.02912,6.15,4.86,33.3,55.69
Croatia,2010,197.65726,148.74063,938.4555,1711.2891,2996.14249,6.6,4.96,31.32,57.12
Croatia,2011,201.73396,149.3181,948.3346,1729.6726,3029.05926,6.66,4.93,31.31,57.1
Croatia,2012,217.3539,142.50246,1025.8713,1645.684,3031.4116599999998,7.17,4.7,33.84,54.29
Croatia,2013,214.34796,149.5073,1062.5581,1678.0874,3104.50076,6.9,4.82,34.23,54.05
Croatia,2014,224.58298,140.67911,976.99695,1676.8286,3019.0876399999997,7.44,4.66,32.36,55.54
Croatia,2015,229.67963,150.92302,1007.5638,1706.254,3094.42045,7.42,4.88,32.56,55.14
Croatia,2016,230.52812,162.56236,1045.5558,1772.0829,3210.7291800000003,7.18,5.06,32.56,55.19
Croatia,2017,247.32494,153.79698,1041.8296,1732.4463,3175.39782,7.79,4.84,32.81,54.56
Croatia,2018,260.2458,154.0635,1063.0011,1773.0022,3250.3125999999997,8.01,4.74,32.7,54.55
Croatia,2019,270.39282,156.18552,1120.3586,1750.3949,3297.33184,8.2,4.74,33.98,53.09
Croatia,2020,263.59903,161.76526,1127.9117,1782.1431,3335.4190900000003,7.9,4.85,33.82,53.43
Croatia,2021,289.13522,157.87189,1240.8667,1696.0674,3383.94121,8.54,4.67,36.67,50.12
Croatia,2022,290.07956,156.79974,1270.8207,1703.8253,3421.5253000000002,8.48,4.58,37.14,49.8
Cuba,1961,80.52772,115.58097,444.26434,1452.7556,2093.12863,3.85,5.52,21.22,69.41
Cuba,1962,87.01645,114.75739,449.012,1514.7067,2165.49254,4.02,5.3,20.73,69.95
Cuba,1963,96.896416,130.1316,488.20123,1645.8542,2361.083446,4.1,5.51,20.68,69.71
Cuba,1964,100.65928,117.409424,512.9287,1574.6227,2305.620104,4.37,5.09,22.25,68.29
Cuba,1965,94.70209,118.585556,514.47473,1591.2704,2319.032776,4.08,5.11,22.18,68.62
Cuba,1966,100.684586,110.10768,521.0517,1478.4658,2210.309766,4.56,4.98,23.57,66.89
Cuba,1967,113.938705,114.25531,533.38275,1518.0284,2279.605165,5.0,5.01,23.4,66.59
Cuba,1968,129.594,113.65674,577.7452,1565.6375,2386.63344,5.43,4.76,24.21,65.6
Cuba,1969,126.11434,119.079445,584.23224,1610.102,2439.528025,5.17,4.88,23.95,66.0
Cuba,1970,135.73706,126.69056,589.48444,1697.1085,2549.02056,5.33,4.97,23.13,66.58
Cuba,1971,133.20255,139.20872,612.74756,1829.4706,2714.62943,4.91,5.13,22.57,67.39
Cuba,1972,126.29677,132.74612,613.7382,1750.5277,2623.30879,4.81,5.06,23.4,66.73
Cuba,1973,131.4244,130.23468,618.71387,1710.2423,2590.61525,5.07,5.03,23.88,66.02
Cuba,1974,128.66309,145.99306,625.9357,1907.5785,2808.1703500000003,4.58,5.2,22.29,67.93
Cuba,1975,126.80015,127.955055,643.26984,1765.2561,2663.281145,4.76,4.8,24.15,66.28
Cuba,1976,130.42842,139.04388,635.2103,1852.4623,2757.1449,4.73,5.04,23.04,67.19
Cuba,1977,131.80319,136.19662,665.45636,1786.5226,2719.97877,4.85,5.01,24.47,65.68
Cuba,1978,125.97498,137.77264,669.3771,1871.3184,2804.44312,4.49,4.91,23.87,66.73
Cuba,1979,128.12634,132.69228,646.9499,1811.7622,2719.5307199999997,4.71,4.88,23.79,66.62
Cuba,1980,137.8239,146.04921,707.9574,1910.0947,2901.9252100000003,4.75,5.03,24.4,65.82
Cuba,1981,144.93835,146.54433,721.239,1929.2462,2941.96788,4.93,4.98,24.52,65.58
Cuba,1982,143.98633,145.70952,727.4656,1996.4126,3013.57405,4.78,4.84,24.14,66.25
Cuba,1983,143.76979,145.68672,733.4955,2042.18,3065.1320100000003,4.69,4.75,23.93,66.63
Cuba,1984,142.4116,150.29681,736.4604,2081.107,3110.27581,4.58,4.83,23.68,66.91
Cuba,1985,147.44122,152.96829,744.3634,2065.6484,3110.4213099999997,4.74,4.92,23.93,66.41
Cuba,1986,144.22743,144.14789,742.5207,2028.0614,3058.95742,4.71,4.71,24.27,66.3
Cuba,1987,139.88968,149.12543,734.9284,2039.3777,3063.32121,4.57,4.87,23.99,66.57
Cuba,1988,142.61868,145.2096,734.78723,1956.9115,2979.52701,4.79,4.87,24.66,65.68
Cuba,1989,142.9626,146.39307,739.3647,1970.9412,2999.66157,4.77,4.88,24.65,65.71
Cuba,1990,137.32169,135.44713,763.05664,1875.6896,2911.5150599999997,4.72,4.65,26.21,64.42
Cuba,1991,119.83447,129.76419,659.9371,1818.1443,2727.6800599999997,4.39,4.76,24.19,66.66
Cuba,1992,89.927956,134.57274,473.70764,1798.3495,2496.557836,3.6,5.39,18.97,72.03
Cuba,1993,86.60802,114.55897,476.52377,1639.2433,2316.93406,3.74,4.94,20.57,70.75
Cuba,1994,88.22352,128.63765,473.81665,1668.8517,2359.52952,3.74,5.45,20.08,70.73
Cuba,1995,86.53288,124.87631,390.29852,1724.7139,2326.42161,3.72,5.37,16.78,74.14
Cuba,1996,85.788734,134.393,384.42648,1846.6415,2451.249714,3.5,5.48,15.68,75.33
Cuba,1997,84.239586,144.10141,388.82123,1951.8845,2569.046726,3.28,5.61,15.13,75.98
Cuba,1998,89.276665,153.44678,415.91254,1999.4104,2658.0463849999996,3.36,5.77,15.65,75.22
Cuba,1999,91.3253,180.96606,426.2148,2207.2988,2905.80496,3.14,6.23,14.67,75.96
Cuba,2000,92.31989,187.08615,479.3255,2280.165,3038.8965399999997,3.04,6.16,15.77,75.03
Cuba,2001,88.40466,200.71548,459.10056,2336.316,3084.5366999999997,2.87,6.51,14.88,75.74
Cuba,2002,83.97934,197.69049,483.35266,2398.7878,3163.8102900000004,2.65,6.25,15.28,75.82
Cuba,2003,86.48199,222.24467,456.34802,2491.5444,3256.6190800000004,2.66,6.82,14.01,76.51
Cuba,2004,88.91049,214.89378,529.8219,2522.5845,3356.21067,2.65,6.4,15.79,75.16
Cuba,2005,86.465836,225.5892,559.73193,2390.694,3262.480966,2.65,6.91,17.16,73.28
Cuba,2006,92.78468,229.21623,563.26117,2381.2395,3266.50158,2.84,7.02,17.24,72.9
Cuba,2007,99.44999,226.3759,560.80304,2368.626,3255.25493,3.06,6.95,17.23,72.76
Cuba,2008,123.32675,236.52966,523.2784,2238.0483,3121.18311,3.95,7.58,16.77,71.71
Cuba,2009,127.69592,220.12955,563.38727,2320.1658,3231.37854,3.95,6.81,17.43,71.8
Cuba,2010,135.35677,220.30452,581.04266,2306.2117,3242.91565,4.17,6.79,17.92,71.12
Cuba,2011,135.56625,233.62183,598.71094,2361.6921,3329.59112,4.07,7.02,17.98,70.93
Cuba,2012,138.1953,230.04535,604.22925,2388.231,3360.7009000000003,4.11,6.85,17.98,71.06
Cuba,2013,143.57762,238.41422,619.0433,2385.996,3387.03114,4.24,7.04,18.28,70.45
Cuba,2014,139.73079,223.27205,600.5029,2393.3066,3356.81234,4.16,6.65,17.89,71.3
Cuba,2015,142.01242,216.27727,592.0772,2423.102,3373.4688899999996,4.21,6.41,17.55,71.83
Cuba,2016,154.44086,232.16469,635.99634,2437.9204,3460.52229,4.46,6.71,18.38,70.45
Cuba,2017,163.47812,226.3295,644.761,2429.2324,3463.80102,4.72,6.53,18.61,70.13
Cuba,2018,167.2538,218.22908,643.48724,2386.5552,3415.5253199999997,4.9,6.39,18.84,69.87
Cuba,2019,168.6979,211.73103,689.22687,2388.8533,3458.5091,4.88,6.12,19.93,69.07
Cuba,2020,186.29071,204.08661,744.3944,2282.304,3417.07572,5.45,5.97,21.78,66.79
Cuba,2021,156.38506,204.60008,722.22327,2285.2136,3368.4220100000002,4.64,6.07,21.44,67.84
Cuba,2022,158.8798,196.22751,682.47766,2277.642,3315.2269699999997,4.79,5.92,20.59,68.7
Cyprus,1961,81.252785,177.4406,693.49255,1444.7711,2396.957035,3.39,7.4,28.93,60.28
Cyprus,1962,79.57514,184.44518,589.8939,1475.6768,2329.59102,3.42,7.92,25.32,63.34
Cyprus,1963,85.938896,178.96004,605.1039,1388.8917,2258.894536,3.8,7.92,26.79,61.49
Cyprus,1964,89.12666,185.47572,649.4203,1531.9329,2455.95558,3.63,7.55,26.44,62.38
Cyprus,1965,97.25676,177.2067,727.5069,1538.5569,2540.52726,3.83,6.98,28.64,60.56
Cyprus,1966,106.42421,177.63646,707.21423,1605.5134,2596.7883,4.1,6.84,27.23,61.83
Cyprus,1967,115.680504,188.38,795.55237,1639.3363,2738.949174,4.22,6.88,29.05,59.85
Cyprus,1968,126.69635,184.2445,831.8967,1676.1938,2819.03135,4.49,6.54,29.51,59.46
Cyprus,1969,137.57948,194.74358,907.99054,1754.9419,2995.2555,4.59,6.5,30.31,58.59
Cyprus,1970,139.07513,181.75366,869.5326,1707.9856,2898.34699,4.8,6.27,30.0,58.93
Cyprus,1971,149.874,179.15753,933.712,1652.3171,2915.06063,5.14,6.15,32.03,56.68
Cyprus,1972,157.40329,152.8431,937.6365,1432.1914,2680.0742899999996,5.87,5.7,34.99,53.44
Cyprus,1973,159.59465,158.33589,950.75916,1459.6006,2728.2902999999997,5.85,5.8,34.85,53.5
Cyprus,1974,128.59012,152.48055,755.5105,1306.965,2343.5461699999996,5.49,6.51,32.24,55.77
Cyprus,1975,103.62745,152.4049,785.63446,1300.5973,2342.26411,4.42,6.51,33.54,55.53
Cyprus,1976,104.88321,158.95491,676.56226,1354.6653,2295.0656799999997,4.57,6.93,29.48,59.03
Cyprus,1977,116.37722,152.64027,726.68866,1325.6082,2321.3143499999996,5.01,6.58,31.31,57.11
Cyprus,1978,126.71137,140.32765,825.4762,1313.359,2405.8742199999997,5.27,5.83,34.31,54.59
Cyprus,1979,127.870865,146.41917,857.1664,1404.8832,2536.3396350000003,5.04,5.77,33.8,55.39
Cyprus,1980,131.37822,144.29541,831.02234,1355.392,2462.08797,5.34,5.86,33.75,55.05
Cyprus,1981,137.43071,143.99219,795.0577,1403.0337,2479.5143,5.54,5.81,32.07,56.59
Cyprus,1982,142.0062,142.6421,944.4127,1430.8228,2659.8837999999996,5.34,5.36,35.51,53.79
Cyprus,1983,153.09322,149.56029,836.77216,1476.9373,2616.36297,5.85,5.72,31.98,56.45
Cyprus,1984,155.53658,146.6865,911.26886,1488.1168,2701.6087399999997,5.76,5.43,33.73,55.08
Cyprus,1985,159.23985,148.80359,919.76904,1517.0437,2744.8561799999998,5.8,5.42,33.51,55.27
Cyprus,1986,164.88548,146.29657,992.24493,1319.1797,2622.60668,6.29,5.58,37.83,50.3
Cyprus,1987,171.66434,146.37451,919.0556,1367.5286,2604.62305,6.59,5.62,35.29,52.5
Cyprus,1988,176.21173,140.51598,945.11115,1267.4104,2529.2492599999996,6.97,5.56,37.37,50.11
Cyprus,1989,188.11325,143.4035,954.49695,1307.8855,2593.8992,7.25,5.53,36.8,50.42
Cyprus,1990,190.19641,141.70352,884.86865,1399.551,2616.31958,7.27,5.42,33.82,53.49
Cyprus,1991,182.61111,136.07625,1003.5476,1368.1229,2690.35786,6.79,5.06,37.3,50.85
Cyprus,1992,199.12975,152.07565,941.90234,1461.9291,2755.0368399999998,7.23,5.52,34.19,53.06
Cyprus,1993,196.75902,146.34969,990.44824,1441.7329,2775.28985,7.09,5.27,35.69,51.95
Cyprus,1994,201.88448,139.01607,1017.38,1428.383,2786.66355,7.24,4.99,36.51,51.26
Cyprus,1995,206.6331,145.85634,972.6663,1472.8754,2798.03114,7.38,5.21,34.76,52.64
Cyprus,1996,200.06131,135.83382,983.7339,1381.972,2701.60103,7.41,5.03,36.41,51.15
Cyprus,1997,197.71057,137.55159,994.85657,1371.1183,2701.2370300000002,7.32,5.09,36.83,50.76
Cyprus,1998,202.50966,141.10939,961.87115,1402.1183,2707.6085000000003,7.48,5.21,35.52,51.78
Cyprus,1999,203.2788,142.84349,941.8432,1403.0549,2691.02039,7.55,5.31,35.0,52.14
Cyprus,2000,205.99101,132.86919,983.9206,1340.1754,2662.9562,7.74,4.99,36.95,50.33
Cyprus,2001,208.41248,131.57857,997.78424,1301.8103,2639.58559,7.9,4.98,37.8,49.32
Cyprus,2002,209.70085,128.81624,959.56116,1336.164,2634.2422500000002,7.96,4.89,36.43,50.72
Cyprus,2003,200.08943,119.97379,953.9594,1332.9312,2606.9538199999997,7.68,4.6,36.59,51.13
Cyprus,2004,200.95923,120.7033,955.884,1318.7924,2596.33893,7.74,4.65,36.82,50.79
Cyprus,2005,194.7736,118.403534,996.8987,1247.225,2557.3008339999997,7.62,4.63,38.98,48.77
Cyprus,2006,187.1425,116.17387,1050.9323,1189.2911,2543.53977,7.36,4.57,41.32,46.76
Cyprus,2007,194.35127,126.330315,1001.4957,1293.0227,2615.199985,7.43,4.83,38.3,49.44
Cyprus,2008,194.63268,128.45203,1023.5095,1276.3464,2622.9406099999997,7.42,4.9,39.02,48.66
Cyprus,2009,186.86053,124.82284,1042.9474,1231.9518,2586.58257,7.22,4.83,40.32,47.63
Cyprus,2010,224.14073,190.04282,996.82324,1600.218,3011.22479,7.44,6.31,33.1,53.14
Cyprus,2011,221.4174,192.3319,962.1289,1614.3955,2990.2737,7.4,6.43,32.18,53.99
Cyprus,2012,215.20276,190.8282,936.793,1614.636,2957.45996,7.28,6.45,31.68,54.6
Cyprus,2013,202.78723,189.97256,921.14813,1595.8208,2909.72872,6.97,6.53,31.66,54.84
Cyprus,2014,200.65663,184.98645,912.38635,1574.8529,2872.8823300000004,6.98,6.44,31.76,54.82
Cyprus,2015,195.54169,190.5957,899.1277,1625.1165,2910.38159,6.72,6.55,30.89,55.84
Cyprus,2016,196.60855,184.98865,931.799,1556.4648,2869.861,6.85,6.45,32.47,54.23
Cyprus,2017,199.88263,181.22795,958.9626,1523.4497,2863.5228799999995,6.98,6.33,33.49,53.2
Cyprus,2018,190.91518,184.62296,926.1074,1556.3464,2857.99194,6.68,6.46,32.4,54.46
Cyprus,2019,226.24298,178.14438,995.31433,1507.0068,2906.70849,7.78,6.13,34.24,51.85
Cyprus,2020,209.874,181.21161,951.6176,1535.1193,2877.82251,7.29,6.3,33.07,53.34
Cyprus,2021,218.71358,171.78972,986.1663,1490.8528,2867.5224,7.63,5.99,34.39,51.99
Cyprus,2022,215.23022,166.19803,975.3042,1498.593,2855.3254500000003,7.54,5.82,34.16,52.48
Czechia,1993,237.93803,133.88023,1038.5238,1633.0681,3043.41016,7.82,4.4,34.12,53.66
Czechia,1994,207.63586,146.5877,921.5545,1708.5267,2984.30476,6.96,4.91,30.88,57.25
Czechia,1995,214.32011,159.21611,966.78674,1877.0858,3217.4087600000003,6.66,4.95,30.05,58.34
Czechia,1996,219.83928,163.70583,1003.81165,1941.9305,3329.28726,6.6,4.92,30.15,58.33
Czechia,1997,216.04964,158.31604,996.5967,1874.7971,3245.7594799999997,6.66,4.88,30.7,57.76
Czechia,1998,227.92741,160.68001,1048.5002,1840.0508,3277.1584199999998,6.96,4.9,31.99,56.15
Czechia,1999,224.00713,142.25854,1027.5977,1729.8137,3123.6770699999997,7.17,4.55,32.9,55.38
Czechia,2000,219.00304,142.58427,1004.7986,1716.5583,3082.9442099999997,7.1,4.62,32.59,55.68
Czechia,2001,217.70091,153.62653,1027.1699,1771.2249,3169.72224,6.87,4.85,32.41,55.88
Czechia,2002,216.18185,154.77472,1037.0983,1826.8926,3234.94747,6.68,4.78,32.06,56.47
Czechia,2003,216.48842,153.84378,1078.4098,1855.7333,3304.4753,6.55,4.66,32.63,56.16
Czechia,2004,223.31157,159.00803,1045.2808,1877.1086,3304.709,6.76,4.81,31.63,56.8
Czechia,2005,230.49376,164.92844,1146.9453,1759.784,3302.1515,6.98,4.99,34.73,53.29
Czechia,2006,222.08148,157.82623,1235.747,1653.9048,3269.55951,6.79,4.83,37.8,50.58
Czechia,2007,226.57121,153.6876,1209.0299,1671.873,3261.1617100000003,6.95,4.71,37.07,51.27
Czechia,2008,222.3207,154.0594,1243.0594,1659.1886,3278.6281,6.78,4.7,37.91,50.61
Czechia,2009,220.36745,152.26486,1233.7256,1690.0977,3296.45561,6.68,4.62,37.43,51.27
Czechia,2010,244.938,153.7713,1232.2805,1635.6104,3266.6002,7.5,4.71,37.72,50.07
Czechia,2011,234.46066,158.25395,1212.3169,1669.447,3274.47851,7.16,4.83,37.02,50.98
Czechia,2012,228.80235,146.1726,1248.9294,1648.9435,3272.84785,6.99,4.47,38.16,50.38
Czechia,2013,225.63367,151.96962,1255.7299,1668.1447,3301.47789,6.83,4.6,38.04,50.53
Czechia,2014,222.84007,156.08006,1163.3403,1662.7808,3205.04123,6.95,4.87,36.3,51.88
Czechia,2015,230.50758,151.07185,1134.6588,1617.3328,3133.57103,7.36,4.82,36.21,51.61
Czechia,2016,235.86356,151.57802,1248.3295,1622.5664,3258.33748,7.24,4.65,38.31,49.8
Czechia,2017,238.97328,141.78548,1282.0936,1635.878,3298.7303599999996,7.24,4.3,38.87,49.59
Czechia,2018,240.354,140.80902,1320.3992,1598.7314,3300.29362,7.28,4.27,40.01,48.44
Czechia,2019,240.55025,140.40083,1370.9746,1587.0765,3339.00218,7.2,4.2,41.06,47.53
Czechia,2020,243.75714,139.26698,1389.3258,1580.2891,3352.63902,7.27,4.15,41.44,47.14
Czechia,2021,249.72792,137.02098,1431.0847,1562.9454,3380.7790000000005,7.39,4.05,42.33,46.23
Czechia,2022,246.19633,138.2003,1430.1608,1553.6621,3368.2195300000003,7.31,4.1,42.46,46.13
Czechoslovakia,1961,165.7322,191.27255,955.7523,1990.9181,3303.67515,5.02,5.79,28.93,60.26
Czechoslovakia,1962,166.74026,196.69264,972.06085,2016.1296,3351.62335,4.97,5.87,29.0,60.15
Czechoslovakia,1963,168.0,200.88,964.62,2063.5,3397.0,4.95,5.91,28.4,60.74
Czechoslovakia,1964,170.57063,201.50003,940.78235,2056.4558,3369.30881,5.06,5.98,27.92,61.03
Czechoslovakia,1965,179.64125,194.84349,973.7698,2018.4867,3366.74124,5.34,5.79,28.92,59.95
Czechoslovakia,1966,180.59543,195.93988,979.4013,2039.9174,3395.85401,5.32,5.77,28.84,60.07
Czechoslovakia,1967,187.57054,193.56866,990.0185,2011.2292,3382.3869,5.55,5.72,29.27,59.46
Czechoslovakia,1968,194.84631,190.15697,1009.05396,2039.4982,3433.55544,5.67,5.54,29.39,59.4
Czechoslovakia,1969,199.15814,182.56165,1013.637,1998.9302,3394.2869899999996,5.87,5.38,29.86,58.89
Czechoslovakia,1970,203.87912,178.49434,1014.1205,1963.748,3360.2419600000003,6.07,5.31,30.18,58.44
Czechoslovakia,1971,208.66086,177.18152,1022.95886,1950.3984,3359.19964,6.21,5.27,30.45,58.06
Czechoslovakia,1972,209.8105,174.70868,1031.7719,1934.7533,3351.0443800000003,6.26,5.21,30.79,57.74
Czechoslovakia,1973,212.81075,173.53615,1038.9071,1944.283,3369.537,6.32,5.15,30.83,57.7
Czechoslovakia,1974,216.76454,173.03627,1041.2126,1938.4614,3369.4748099999997,6.43,5.14,30.9,57.53
Czechoslovakia,1975,222.24187,171.60902,1053.6838,1913.0256,3360.56029,6.61,5.11,31.35,56.93
Czechoslovakia,1976,225.67172,170.22118,1044.2452,1910.7898,3350.9279,6.73,5.08,31.16,57.02
Czechoslovakia,1977,226.11082,165.65231,1052.1576,1859.3486,3303.26933,6.85,5.01,31.85,56.29
Czechoslovakia,1978,229.53537,165.97972,1070.2996,1891.7695,3357.5841900000005,6.84,4.94,31.88,56.34
Czechoslovakia,1979,228.8695,164.45497,1079.5731,1869.7805,3342.67807,6.85,4.92,32.3,55.94
Czechoslovakia,1980,234.35358,160.58524,1107.1855,1842.0271,3344.15142,7.01,4.8,33.11,55.08
Czechoslovakia,1981,235.25493,164.6304,1126.8395,1867.376,3394.1008300000003,6.93,4.85,33.2,55.02
Czechoslovakia,1982,224.42287,170.9202,1128.3917,1921.3005,3445.0352700000003,6.51,4.96,32.75,55.77
Czechoslovakia,1983,230.47975,167.12683,1138.6415,1871.5223,3407.77038,6.76,4.9,33.41,54.92
Czechoslovakia,1984,233.59029,173.02245,1162.1406,1881.6941,3450.44744,6.77,5.01,33.68,54.53
Czechoslovakia,1985,234.92395,172.78406,1174.8397,1854.3398,3436.88751,6.84,5.03,34.18,53.95
Czechoslovakia,1986,233.39403,173.51662,1187.9652,1880.6528,3475.52865,6.72,4.99,34.18,54.11
Czechoslovakia,1987,238.58737,176.86308,1197.3314,1876.9377,3489.71955,6.84,5.07,34.31,53.78
Czechoslovakia,1988,246.21147,179.84698,1231.217,1929.5217,3586.7971500000003,6.86,5.01,34.33,53.8
Czechoslovakia,1989,246.03578,182.84932,1236.1201,1936.663,3601.6682,6.83,5.08,34.32,53.77
Czechoslovakia,1990,240.15654,182.70609,1237.9436,1987.3184,3648.1246300000003,6.58,5.01,33.93,54.48
Czechoslovakia,1991,197.69267,174.25117,1052.5275,1876.7402,3301.2115400000002,5.99,5.28,31.88,56.85
Czechoslovakia,1992,192.47696,157.07016,1040.5999,1771.4602,3161.60722,6.09,4.97,32.91,56.03
Democratic Republic of Congo,2010,15.841796,107.48406,227.19807,1813.2561,2163.780026,0.73,4.97,10.5,83.8
Democratic Republic of Congo,2011,15.775628,109.227806,231.11101,1829.5756,2185.690044,0.72,5.0,10.57,83.71
Democratic Republic of Congo,2012,15.31326,105.02183,229.93152,1794.346,2144.61261,0.71,4.9,10.72,83.67
Democratic Republic of Congo,2013,14.965464,103.59512,230.82095,1765.9926,2115.374134,0.71,4.9,10.91,83.48
Democratic Republic of Congo,2014,15.982339,106.71703,243.86646,1801.2914,2167.857229,0.74,4.92,11.25,83.09
Democratic Republic of Congo,2015,16.69514,103.8593,245.73886,1767.0834,2133.3767,0.78,4.87,11.52,82.83
Democratic Republic of Congo,2016,15.635116,101.53125,228.88177,1739.9496,2085.997736,0.75,4.87,10.97,83.41
Democratic Republic of Congo,2017,14.6725445,103.75308,231.26678,1771.4194,2121.1118045,0.69,4.89,10.9,83.51
Democratic Republic of Congo,2018,14.661628,102.24455,228.3094,1755.8461,2101.061678,0.7,4.87,10.87,83.57
Democratic Republic of Congo,2019,15.128383,100.40449,224.25601,1751.3037,2091.092583,0.72,4.8,10.72,83.75
Democratic Republic of Congo,2020,13.852046,99.2859,208.59325,1704.4789,2026.210096,0.68,4.9,10.29,84.12
Democratic Republic of Congo,2021,14.159412,100.23781,194.19867,1738.7158,2047.311692,0.69,4.9,9.49,84.93
Democratic Republic of Congo,2022,15.470811,100.0188,192.58258,1770.8761,2078.9482909999997,0.74,4.81,9.26,85.18
Denmark,1961,188.91043,140.56216,1226.9672,1632.3843,3188.82409,5.92,4.41,38.48,51.19
Denmark,1962,177.38048,136.84666,1160.4956,1628.3352,3103.0579399999997,5.72,4.41,37.4,52.48
Denmark,1963,184.83032,133.57083,1185.6611,1595.117,3099.17925,5.96,4.31,38.26,51.47
Denmark,1964,191.20717,129.87202,1214.0396,1577.609,3112.72779,6.14,4.17,39.0,50.68
Denmark,1965,185.00691,126.752144,1220.1693,1574.8195,3106.747854,5.96,4.08,39.27,50.69
Denmark,1966,194.11334,127.6893,1221.8162,1573.6317,3117.25054,6.23,4.1,39.2,50.48
Denmark,1967,190.47519,124.252495,1208.824,1554.7848,3078.336485,6.19,4.04,39.27,50.51
Denmark,1968,181.36974,124.28667,1251.2472,1536.3025,3093.20611,5.86,4.02,40.45,49.67
Denmark,1969,191.92482,121.955574,1243.1357,1526.9177,3083.933794,6.22,3.95,40.31,49.51
Denmark,1970,184.57133,126.83527,1266.112,1580.3595,3157.8781,5.84,4.02,40.09,50.04
Denmark,1971,188.28569,123.76486,1309.7848,1564.2306,3186.06595,5.91,3.88,41.11,49.1
Denmark,1972,189.66393,123.73733,1242.1807,1542.8488,3098.43076,6.12,3.99,40.09,49.79
Denmark,1973,176.5988,121.821205,1162.3756,1572.748,3033.543605,5.82,4.02,38.32,51.85
Denmark,1974,187.87181,121.904915,1161.8726,1560.9901,3032.639425,6.19,4.02,38.31,51.47
Denmark,1975,198.94571,117.735214,1155.9294,1516.7759,2989.386224,6.66,3.94,38.67,50.74
Denmark,1976,209.0582,119.891014,1106.6885,1553.6262,2989.263914,6.99,4.01,37.02,51.97
Denmark,1977,214.75493,121.65841,1167.482,1510.525,3014.42034,7.12,4.04,38.73,50.11
Denmark,1978,225.24744,122.272606,1158.737,1525.5349,3031.7919460000003,7.43,4.03,38.22,50.32
Denmark,1979,218.21095,123.22877,1202.2307,1514.0435,3057.71392,7.14,4.03,39.32,49.52
Denmark,1980,224.99895,127.11941,1239.4742,1537.3928,3128.98536,7.19,4.06,39.61,49.13
Denmark,1981,223.7899,131.28793,1211.5815,1569.4414,3136.10073,7.14,4.19,38.63,50.04
Denmark,1982,218.53983,130.77153,1162.079,1583.7229,3095.11326,7.06,4.23,37.55,51.17
Denmark,1983,211.82944,130.51672,1113.9363,1580.4333,3036.71576,6.98,4.3,36.68,52.04
Denmark,1984,211.97353,135.16515,1106.7072,1567.097,3020.94288,7.02,4.47,36.63,51.87
Denmark,1985,238.6016,139.33757,1174.311,1614.24,3166.49017,7.54,4.4,37.09,50.98
Denmark,1986,254.50954,140.0981,1128.0354,1612.2866,3134.92964,8.12,4.47,35.98,51.43
Denmark,1987,262.51077,141.73268,1160.9128,1643.8855,3209.0417500000003,8.18,4.42,36.18,51.23
Denmark,1988,268.0429,139.07397,1219.9427,1617.1343,3244.19387,8.26,4.29,37.6,49.85
Denmark,1989,266.56912,136.50226,1199.2913,1578.3995,3180.76218,8.38,4.29,37.7,49.62
Denmark,1990,280.18695,133.29477,1169.8684,1577.0518,3160.4019200000002,8.87,4.22,37.02,49.9
Denmark,1991,287.0635,138.39204,1162.0132,1639.386,3226.8547399999998,8.9,4.29,36.01,50.8
Denmark,1992,273.66306,142.95116,1268.7415,1652.4377,3337.79342,8.2,4.28,38.01,49.51
Denmark,1993,276.4885,145.34756,1233.8435,1684.8331,3340.5126600000003,8.28,4.35,36.94,50.44
Denmark,1994,271.41272,146.45638,1207.7546,1692.4658,3318.0895,8.18,4.41,36.4,51.01
Denmark,1995,285.22272,147.79105,1262.4435,1699.2974,3394.7546700000003,8.4,4.35,37.19,50.06
Denmark,1996,276.84473,145.31053,1201.5073,1664.652,3288.31456,8.42,4.42,36.54,50.62
Denmark,1997,261.6042,154.96553,1158.3474,1784.9993,3359.91643,7.79,4.61,34.48,53.13
Denmark,1998,270.1338,160.92142,1205.9816,1754.6211,3391.65792,7.96,4.74,35.56,51.73
Denmark,1999,253.5085,160.11694,1184.5956,1732.0513,3330.2723400000004,7.61,4.81,35.57,52.01
Denmark,2000,248.16496,151.1543,1205.5455,1707.1338,3311.99856,7.49,4.56,36.4,51.54
Denmark,2001,279.1631,151.01349,1219.0001,1683.4728,3332.64949,8.38,4.53,36.58,50.51
Denmark,2002,276.12418,152.60335,1173.7972,1766.1343,3368.65903,8.2,4.53,34.84,52.43
Denmark,2003,260.15454,152.70547,1169.3473,1756.1029,3338.3102099999996,7.79,4.57,35.03,52.6
Denmark,2004,266.72577,155.08057,1198.9174,1757.8026,3378.52634,7.89,4.59,35.49,52.03
Denmark,2005,303.9555,158.43596,1236.7964,1713.8634,3413.05126,8.91,4.64,36.24,50.21
Denmark,2006,290.9936,161.02713,1178.8843,1778.3633,3409.26833,8.54,4.72,34.58,52.16
Denmark,2007,285.0961,157.74596,1175.2555,1830.9685,3449.06606,8.27,4.57,34.07,53.09
Denmark,2008,277.99564,159.26624,1145.4564,1744.7058,3327.42408,8.35,4.79,34.42,52.43
Denmark,2009,255.96082,159.54546,1181.9785,1743.048,3340.53278,7.66,4.78,35.38,52.18
Denmark,2010,275.75034,166.45074,1159.022,1809.5364,3410.7594799999997,8.08,4.88,33.98,53.05
Denmark,2011,269.0118,157.42735,1190.194,1778.0642,3394.69735,7.92,4.64,35.06,52.38
Denmark,2012,292.7152,151.4058,1193.5376,1763.6935,3401.3521,8.61,4.45,35.09,51.85
Denmark,2013,299.25757,149.98944,1218.4487,1762.8665,3430.56221,8.72,4.37,35.52,51.39
Denmark,2014,283.70682,156.39119,1239.285,1758.0695,3437.45251,8.25,4.55,36.05,51.14
Denmark,2015,287.5042,151.76387,1237.2173,1735.6145,3412.09987,8.43,4.45,36.26,50.87
Denmark,2016,306.85522,148.32666,1239.5358,1716.427,3411.1446800000003,9.0,4.35,36.34,50.32
Denmark,2017,304.76178,153.85374,1229.7352,1737.9106,3426.2613199999996,8.89,4.49,35.89,50.72
Denmark,2018,326.58688,146.83072,1367.0725,1716.93,3557.4201000000003,9.18,4.13,38.43,48.26
Denmark,2019,308.5253,145.25171,1409.7151,1705.6508,3569.1429099999996,8.64,4.07,39.5,47.79
Denmark,2020,309.44965,147.81175,1391.2646,1743.7609,3592.2869,8.61,4.11,38.73,48.54
Denmark,2021,300.39255,152.0155,1348.3479,1779.8151,3580.57105,8.39,4.25,37.66,49.71
Denmark,2022,296.72156,152.865,1283.8568,1846.2089,3579.65226,8.29,4.27,35.87,51.58
Djibouti,1961,72.004745,93.19651,224.84743,1198.3491,1588.3977849999999,4.53,5.87,14.16,75.44
Djibouti,1962,70.884056,105.51967,225.71613,1256.0751,1658.194956,4.27,6.36,13.61,75.75
Djibouti,1963,69.45085,99.79948,218.41716,1258.7968,1646.4642900000001,4.22,6.06,13.27,76.45
Djibouti,1964,66.99492,109.829796,214.99089,1246.4197,1638.235306,4.09,6.7,13.12,76.08
Djibouti,1965,63.8104,106.78647,205.44376,1296.1882,1672.22883,3.82,6.39,12.29,77.51
Djibouti,1966,65.62277,108.78778,260.14285,1286.0697,1720.6231,3.81,6.32,15.12,74.74
Djibouti,1967,64.88764,107.24126,288.9891,1353.9263,1815.0443,3.57,5.91,15.92,74.59
Djibouti,1968,65.03046,107.00108,347.5679,1342.0011,1861.60054,3.49,5.75,18.67,72.09
Djibouti,1969,65.40387,103.11142,372.6102,1200.9196,1742.04509,3.75,5.92,21.39,68.94
Djibouti,1970,63.493813,109.92367,338.00534,1370.2428,1881.6656229999999,3.37,5.84,17.96,72.82
Djibouti,1971,61.75486,110.34814,340.9483,1367.4866,1880.5379,3.28,5.87,18.13,72.72
Djibouti,1972,59.486828,104.11272,341.25235,1309.6902,1814.542098,3.28,5.74,18.81,72.18
Djibouti,1973,55.326015,108.98197,333.36917,1402.5916,1900.268755,2.91,5.74,17.54,73.81
Djibouti,1974,61.48701,100.02285,337.72083,1299.818,1799.04869,3.42,5.56,18.77,72.25
Djibouti,1975,66.002266,95.20379,362.3294,1249.2615,1772.7969560000001,3.72,5.37,20.44,70.47
Djibouti,1976,72.141685,93.814415,363.49307,1215.8099,1745.25907,4.13,5.38,20.83,69.66
Djibouti,1977,60.67051,93.47364,337.19305,1216.5223,1707.8595,3.55,5.47,19.74,71.23
Djibouti,1978,61.731117,82.36682,329.8633,1107.7721,1581.733337,3.9,5.21,20.85,70.04
Djibouti,1979,63.783707,86.339745,297.0577,1060.2332,1507.4143519999998,4.23,5.73,19.71,70.33
Djibouti,1980,67.21815,96.22112,332.63065,1085.2094,1581.27932,4.25,6.09,21.04,68.63
Djibouti,1981,67.824036,99.22162,329.3139,1093.1543,1589.513856,4.27,6.24,20.72,68.77
Djibouti,1982,67.36594,101.502045,360.63,1092.0747,1621.5726849999999,4.15,6.26,22.24,67.35
Djibouti,1983,64.70589,96.99502,355.4038,1115.4321,1632.53681,3.96,5.94,21.77,68.33
Djibouti,1984,62.89747,97.235855,335.14734,1111.9585,1607.239165,3.91,6.05,20.85,69.18
Djibouti,1985,61.83509,97.849396,338.15536,1147.024,1644.8638459999997,3.76,5.95,20.56,69.73
Djibouti,1986,59.801125,104.8004,318.34555,1215.6168,1698.563875,3.52,6.17,18.74,71.57
Djibouti,1987,53.89091,133.59116,308.20074,1178.494,1674.17681,3.22,7.98,18.41,70.39
Djibouti,1988,53.4727,137.9215,298.64243,1232.9005,1722.93713,3.1,8.01,17.33,71.56
Djibouti,1989,47.64136,127.81411,269.6681,1188.9365,1634.06007,2.92,7.82,16.5,72.76
Djibouti,1990,43.37202,135.16595,249.78621,1213.9075,1642.23168,2.64,8.23,15.21,73.92
Djibouti,1991,42.119568,98.84888,236.48543,1086.3954,1463.8492780000001,2.88,6.75,16.16,74.21
Djibouti,1992,45.539227,100.56412,256.1129,1111.0686,1513.2848470000001,3.01,6.65,16.92,73.42
Djibouti,1993,52.597504,107.99631,293.6032,1191.0011,1645.198114,3.2,6.56,17.85,72.39
Djibouti,1994,51.434143,106.57788,300.00818,1205.0449,1663.0651030000001,3.09,6.41,18.04,72.46
Djibouti,1995,51.438637,115.08661,352.4973,1271.512,1790.534547,2.87,6.43,19.69,71.01
Djibouti,1996,48.632267,115.40779,329.4878,1269.7047,1763.232557,2.76,6.55,18.69,72.01
Djibouti,1997,53.17423,116.67197,351.36777,1278.2299,1799.44387,2.96,6.48,19.53,71.03
Djibouti,1998,49.248615,123.44186,376.57172,1307.5708,1856.832995,2.65,6.65,20.28,70.42
Djibouti,1999,53.760113,126.043274,387.39136,1301.8639,1869.058647,2.88,6.74,20.73,69.65
Djibouti,2000,58.670204,128.7958,421.10193,1319.6926,1928.260534,3.04,6.68,21.84,68.44
Djibouti,2001,55.197342,129.88506,399.73343,1301.4106,1886.226432,2.93,6.89,21.19,69.0
Djibouti,2002,56.44986,129.69626,404.26743,1330.5277,1920.94125,2.94,6.75,21.05,69.26
Djibouti,2003,54.572273,134.50024,437.27426,1317.0944,1943.441173,2.81,6.92,22.5,67.77
Djibouti,2004,52.630814,134.56279,463.49612,1329.9203,1980.610024,2.66,6.79,23.4,67.15
Djibouti,2005,57.928276,147.70969,529.8548,1361.8145,2097.307266,2.76,7.04,25.26,64.93
Djibouti,2006,73.301125,147.63364,538.4594,1371.4584,2130.852565,3.44,6.93,25.27,64.36
Djibouti,2007,79.380295,149.80656,559.91064,1416.5199,2205.617395,3.6,6.79,25.39,64.22
Djibouti,2008,70.2298,154.68703,566.49316,1428.9042,2220.31419,3.16,6.97,25.51,64.36
Djibouti,2009,52.59484,171.20378,514.7477,1485.3715,2223.91782,2.36,7.7,23.15,66.79
Djibouti,2010,49.763992,213.3646,483.272,1677.1337,2423.5342920000003,2.05,8.8,19.94,69.2
Djibouti,2011,47.48623,215.5843,509.8646,1705.7706,2478.70573,1.92,8.7,20.57,68.82
Djibouti,2012,55.5182,219.15079,503.92834,1740.1361,2518.73343,2.2,8.7,20.01,69.09
Djibouti,2013,61.37651,217.08733,518.46375,1773.7314,2570.65899,2.39,8.44,20.17,69.0
Djibouti,2014,58.674004,232.72311,533.57043,1832.6552,2657.622744,2.21,8.76,20.08,68.96
Djibouti,2015,66.59349,239.34995,546.0824,1867.7147,2719.74054,2.45,8.8,20.08,68.67
Djibouti,2016,67.45358,230.01279,536.69977,1865.7031,2699.86924,2.5,8.52,19.88,69.1
Djibouti,2017,60.275917,229.50607,560.2347,1866.7883,2716.804987,2.22,8.45,20.62,68.71
Djibouti,2018,57.601845,231.59097,554.54596,1905.7432,2749.4819749999997,2.1,8.42,20.17,69.31
Djibouti,2019,54.57475,233.33368,567.2636,1901.1289,2756.30093,1.98,8.47,20.58,68.97
Djibouti,2020,57.292686,233.55055,585.504,1888.0742,2764.421436,2.07,8.45,21.18,68.3
Djibouti,2021,62.239353,236.336,601.3316,1862.9801,2762.887053,2.25,8.55,21.76,67.43
Djibouti,2022,50.628162,234.2144,599.021,1842.6345,2726.4980619999997,1.86,8.59,21.97,67.58
Dominica,1961,70.79162,92.888664,349.67053,1244.3168,1757.667614,4.03,5.28,19.89,70.79
Dominica,1962,81.376205,100.02068,365.55176,1283.9143,1830.8629449999999,4.44,5.46,19.97,70.13
Dominica,1963,82.11089,102.81215,376.02173,1317.2756,1878.22037,4.37,5.47,20.02,70.13
Dominica,1964,85.04957,101.78935,376.55304,1321.3687,1884.76066,4.51,5.4,19.98,70.11
Dominica,1965,91.62256,102.722115,403.54678,1331.2201,1929.111555,4.75,5.32,20.92,69.01
Dominica,1966,86.5285,94.02245,412.32083,1354.3269,1947.19868,4.44,4.83,21.18,69.55
Dominica,1967,86.585625,93.59711,410.732,1365.2067,1956.121435,4.43,4.78,21.0,69.79
Dominica,1968,92.73798,103.49741,414.9001,1444.4945,2055.62999,4.51,5.03,20.18,70.27
Dominica,1969,100.609665,100.07363,429.08582,1421.5962,2051.365315,4.9,4.88,20.92,69.3
Dominica,1970,97.51586,102.79368,429.54398,1432.8647,2062.71822,4.73,4.98,20.82,69.46
Dominica,1971,99.20175,100.610634,426.0827,1411.8016,2037.696684,4.87,4.94,20.91,69.28
Dominica,1972,101.25611,102.36655,443.9003,1395.4896,2043.0125600000001,4.96,5.01,21.73,68.31
Dominica,1973,92.15804,100.03515,451.07645,1298.4979,1941.76754,4.75,5.15,23.23,66.87
Dominica,1974,94.153145,97.31455,444.93747,1332.34,1968.7451649999998,4.78,4.94,22.6,67.67
Dominica,1975,89.611275,97.582085,465.47742,1350.0969,2002.76768,4.47,4.87,23.24,67.41
Dominica,1976,86.027885,103.06312,443.61554,1437.8845,2070.591045,4.15,4.98,21.42,69.44
Dominica,1977,103.5956,107.50867,526.0865,1417.0571,2154.24787,4.81,4.99,24.42,65.78
Dominica,1978,111.12267,111.69273,543.2958,1477.516,2243.6272,4.95,4.98,24.22,65.85
Dominica,1979,95.926285,125.79013,511.72687,1380.925,2114.368285,4.54,5.95,24.2,65.31
Dominica,1980,106.35531,128.40659,540.96454,1514.6085,2290.33494,4.64,5.61,23.62,66.13
Dominica,1981,109.70996,127.967545,546.5246,1531.9199,2316.122005,4.74,5.53,23.6,66.14
Dominica,1982,116.77104,122.34533,554.08435,1561.4617,2354.66242,4.96,5.2,23.53,66.31
Dominica,1983,108.99891,122.893364,557.5929,1544.5764,2334.061574,4.67,5.27,23.89,66.18
Dominica,1984,121.26331,127.01623,618.9114,1622.9598,2490.15074,4.87,5.1,24.85,65.18
Dominica,1985,122.45629,132.77448,617.17224,1695.7534,2568.15641,4.77,5.17,24.03,66.03
Dominica,1986,139.5307,142.76228,691.48694,1799.6533,2773.43322,5.03,5.15,24.93,64.89
Dominica,1987,146.2798,144.61661,716.30853,1881.0704,2888.27534,5.06,5.01,24.8,65.13
Dominica,1988,150.49649,148.61935,703.30994,1984.693,2987.11878,5.04,4.98,23.54,66.44
Dominica,1989,161.71294,146.89027,780.83295,1941.9221,3031.35826,5.33,4.85,25.76,64.06
Dominica,1990,165.75304,142.1673,775.6361,1939.0901,3022.6465399999997,5.48,4.7,25.66,64.15
Dominica,1991,168.21156,137.29968,745.69824,1925.1472,2976.35668,5.65,4.61,25.05,64.68
Dominica,1992,176.12689,137.26996,736.5912,1892.9747,2942.9627499999997,5.98,4.66,25.03,64.32
Dominica,1993,179.7199,132.94855,761.4157,1847.5918,2921.67595,6.15,4.55,26.06,63.24
Dominica,1994,184.36832,143.3067,729.447,1879.3564,2936.47842,6.28,4.88,24.84,64.0
Dominica,1995,196.84789,153.86281,708.11865,1950.3298,3009.15915,6.54,5.11,23.53,64.81
Dominica,1996,203.85419,143.7213,731.2041,1885.9072,2964.68679,6.88,4.85,24.66,63.61
Dominica,1997,200.55836,142.05536,739.149,1921.2832,3003.04592,6.68,4.73,24.61,63.98
Dominica,1998,193.858,143.04321,712.258,1901.8263,2950.98551,6.57,4.85,24.14,64.45
Dominica,1999,201.79007,150.65092,713.72046,1911.8695,2978.0309500000003,6.78,5.06,23.97,64.2
Dominica,2000,216.21495,157.78621,792.0078,1964.9371,3130.94606,6.91,5.04,25.3,62.76
Dominica,2001,210.69226,160.3985,789.35754,1957.272,3117.7203,6.76,5.14,25.32,62.78
Dominica,2002,214.12704,154.2649,788.31824,1899.9064,3056.61658,7.01,5.05,25.79,62.16
Dominica,2003,198.5694,160.31065,761.40405,1951.451,3071.7351,6.46,5.22,24.79,63.53
Dominica,2004,200.51588,153.79413,748.354,1913.8066,3016.47061,6.65,5.1,24.81,63.45
Dominica,2005,190.47975,164.76828,723.69275,1942.7754,3021.71618,6.3,5.45,23.95,64.29
Dominica,2006,205.96587,157.28227,708.32764,1939.6632,3011.23898,6.84,5.22,23.52,64.41
Dominica,2007,212.88033,167.39871,738.2506,2020.196,3138.7256399999997,6.78,5.33,23.52,64.36
Dominica,2008,218.91864,158.91719,756.44543,1982.3693,3116.65056,7.02,5.1,24.27,63.61
Dominica,2009,210.6454,161.59381,710.4641,2049.5847,3132.2880099999998,6.72,5.16,22.68,65.43
Dominica,2010,225.94693,154.06744,836.0636,1765.1033,2981.18127,7.58,5.17,28.04,59.21
Dominica,2011,205.45918,160.6071,815.8518,1779.076,2960.99408,6.94,5.42,27.55,60.08
Dominica,2012,177.34454,177.50406,759.7361,1865.9062,2980.4909,5.95,5.96,25.49,62.6
Dominica,2013,196.60316,173.3316,787.5485,1803.6841,2961.16736,6.64,5.85,26.6,60.91
Dominica,2014,199.85126,168.92284,753.0518,1849.9653,2971.7911999999997,6.72,5.68,25.34,62.25
Dominica,2015,203.02383,170.63869,749.6127,1893.3274,3016.6026199999997,6.73,5.66,24.85,62.76
Dominica,2016,230.41049,155.87659,776.6836,1845.9932,3008.96388,7.66,5.18,25.81,61.35
Dominica,2017,222.77791,163.55692,763.21075,1889.5304,3039.07598,7.33,5.38,25.11,62.17
Dominica,2018,212.06505,162.38504,791.53357,1878.736,3044.71966,6.97,5.33,26.0,61.7
Dominica,2019,218.6478,176.8803,848.6339,1895.2,3139.362,6.96,5.63,27.03,60.37
Dominica,2020,238.72069,177.91045,825.5437,1906.759,3148.9338399999997,7.58,5.65,26.22,60.55
Dominica,2021,255.33646,193.16232,943.0569,1866.0645,3257.62018,7.84,5.93,28.95,57.28
Dominica,2022,242.30333,193.56389,981.2892,1863.4009,3280.55732,7.39,5.9,29.91,56.8
Dominican Republic,1961,51.82388,100.6423,317.9188,1268.9235,1739.3084800000001,2.98,5.79,18.28,72.96
Dominican Republic,1962,60.954975,101.60519,341.95618,1373.369,1877.885345,3.25,5.41,18.21,73.13
Dominican Republic,1963,61.574154,102.5964,323.0502,1402.7795,1890.000254,3.26,5.43,17.09,74.22
Dominican Republic,1964,68.64423,103.579254,333.07776,1394.6731,1899.974344,3.61,5.45,17.53,73.4
Dominican Republic,1965,55.455147,106.65082,324.0993,1349.6714,1835.876667,3.02,5.81,17.65,73.52
Dominican Republic,1966,65.18399,106.493164,408.0563,1379.0271,1958.760554,3.33,5.44,20.83,70.4
Dominican Republic,1967,60.646828,107.33297,426.08807,1326.552,1920.619868,3.16,5.59,22.18,69.07
Dominican Republic,1968,66.57465,105.53315,425.1531,1383.5404,1980.8013,3.36,5.33,21.46,69.85
Dominican Republic,1969,66.6183,110.45479,434.22177,1423.2773,2034.57216,3.27,5.43,21.34,69.95
Dominican Republic,1970,66.92548,109.12926,440.27054,1400.2831,2016.6083800000001,3.32,5.41,21.83,69.44
Dominican Republic,1971,67.535515,110.351875,442.3535,1427.0475,2047.28839,3.3,5.39,21.61,69.7
Dominican Republic,1972,64.2835,110.810936,451.4847,1444.9196,2071.498736,3.1,5.35,21.8,69.75
Dominican Republic,1973,62.083847,117.844345,452.60236,1501.6018,2134.1323519999996,2.91,5.52,21.21,70.36
Dominican Republic,1974,59.309593,124.15639,452.38947,1538.0504,2173.905853,2.73,5.71,20.81,70.75
Dominican Republic,1975,60.019592,122.16957,439.0546,1512.2172,2133.460962,2.81,5.73,20.58,70.88
Dominican Republic,1976,62.56085,116.65205,462.33246,1503.4856,2145.03096,2.92,5.44,21.55,70.09
Dominican Republic,1977,69.57589,116.232185,482.78235,1550.8519,2219.442325,3.13,5.24,21.75,69.88
Dominican Republic,1978,67.05259,116.85259,466.095,1535.1229,2185.1230800000003,3.07,5.35,21.33,70.25
Dominican Republic,1979,76.65855,117.92056,495.17468,1525.0753,2214.82909,3.46,5.32,22.36,68.86
Dominican Republic,1980,80.66307,123.089485,520.77106,1574.7604,2299.284015,3.51,5.35,22.65,68.49
Dominican Republic,1981,76.03361,118.90665,527.2165,1539.3044,2261.46116,3.36,5.26,23.31,68.07
Dominican Republic,1982,73.844986,118.64752,520.11365,1527.5208,2240.126956,3.3,5.3,23.22,68.19
Dominican Republic,1983,76.53826,123.3545,475.8873,1579.7639,2255.54396,3.39,5.47,21.1,70.04
Dominican Republic,1984,72.29343,126.56425,481.4962,1625.2423,2305.59618,3.14,5.49,20.88,70.49
Dominican Republic,1985,74.46897,135.22104,467.96747,1726.8582,2404.51568,3.1,5.62,19.46,71.82
Dominican Republic,1986,72.83627,126.641785,525.15155,1682.6194,2407.249005,3.03,5.26,21.82,69.9
Dominican Republic,1987,73.451805,124.25935,539.2621,1595.4259,2332.399155,3.15,5.33,23.12,68.4
Dominican Republic,1988,76.805855,127.32,525.1037,1533.7638,2262.993355,3.39,5.63,23.2,67.78
Dominican Republic,1989,81.63267,123.280334,560.78357,1534.6577,2300.3542740000003,3.55,5.36,24.38,66.71
Dominican Republic,1990,78.86188,108.7289,597.33014,1311.241,2096.16192,3.76,5.19,28.5,62.55
Dominican Republic,1991,83.11678,113.65774,548.6437,1423.6382,2169.05642,3.83,5.24,25.29,65.63
Dominican Republic,1992,86.21854,104.68526,564.11584,1412.5929,2167.61254,3.98,4.83,26.02,65.17
Dominican Republic,1993,89.12382,107.95279,596.6659,1453.5869,2247.32941,3.97,4.8,26.55,64.68
Dominican Republic,1994,89.89994,110.09809,621.9429,1456.9275,2278.86843,3.94,4.83,27.29,63.93
Dominican Republic,1995,89.933754,109.271736,638.45685,1444.0579,2281.72024,3.94,4.79,27.98,63.29
Dominican Republic,1996,91.77384,100.82994,621.9295,1383.794,2198.32728,4.17,4.59,28.29,62.95
Dominican Republic,1997,93.69023,95.22547,643.9537,1341.7218,2174.5912,4.31,4.38,29.61,61.7
Dominican Republic,1998,97.03592,96.06637,662.80945,1306.3895,2162.30124,4.49,4.44,30.65,60.42
Dominican Republic,1999,88.570076,92.52807,687.7206,1301.0067,2169.825446,4.08,4.26,31.69,59.96
Dominican Republic,2000,92.441444,99.465385,711.71844,1340.8046,2244.429869,4.12,4.43,31.71,59.74
Dominican Republic,2001,90.32856,100.17672,690.4505,1397.3987,2278.35448,3.96,4.4,30.3,61.33
Dominican Republic,2002,95.80798,104.32694,686.4018,1419.8397,2306.37642,4.15,4.52,29.76,61.56
Dominican Republic,2003,78.340965,98.98678,673.3424,1313.9082,2164.578345,3.62,4.57,31.11,60.7
Dominican Republic,2004,86.11552,100.353485,712.0608,1342.3342,2240.864005,3.84,4.48,31.78,59.9
Dominican Republic,2005,100.46909,108.36888,709.9782,1438.9664,2357.7825700000003,4.26,4.6,30.11,61.03
Dominican Republic,2006,111.826416,110.52753,731.44824,1448.1318,2401.933986,4.66,4.6,30.45,60.29
Dominican Republic,2007,115.88088,110.59324,760.0489,1456.9814,2443.5044199999998,4.74,4.53,31.1,59.63
Dominican Republic,2008,116.06591,106.8996,775.7452,1396.7123,2395.42301,4.85,4.46,32.38,58.31
Dominican Republic,2009,118.29953,109.8583,774.5744,1435.8854,2438.6176299999997,4.85,4.5,31.76,58.88
Dominican Republic,2010,124.91282,122.842224,855.5253,1487.6053,2590.885644,4.82,4.74,33.02,57.42
Dominican Republic,2011,126.90395,134.8703,834.19635,1551.2474,2647.218,4.79,5.09,31.51,58.6
Dominican Republic,2012,122.477745,128.97217,886.16077,1544.9171,2682.5277849999998,4.57,4.81,33.03,57.59
Dominican Republic,2013,124.46987,126.66195,914.69214,1576.1599,2741.9838600000003,4.54,4.62,33.36,57.48
Dominican Republic,2014,139.9459,123.51921,930.99915,1618.5083,2812.97256,4.98,4.39,33.1,57.54
Dominican Republic,2015,144.87704,125.610634,924.96735,1600.1595,2795.6145239999996,5.18,4.49,33.09,57.24
Dominican Republic,2016,153.25368,128.46967,974.6574,1634.177,2890.55775,5.3,4.44,33.72,56.54
Dominican Republic,2017,150.96266,130.7997,982.9741,1667.4366,2932.17306,5.15,4.46,33.52,56.87
Dominican Republic,2018,162.03215,141.34378,965.8426,1725.2909,2994.50943,5.41,4.72,32.25,57.62
Dominican Republic,2019,164.49696,144.0797,965.7954,1772.1179,3046.48996,5.4,4.73,31.7,58.17
Dominican Republic,2020,158.43625,154.79909,950.64746,1833.7178,3097.6005999999998,5.11,5.0,30.69,59.2
Dominican Republic,2021,167.47618,156.56165,951.184,1872.2529,3147.47473,5.32,4.97,30.22,59.48
Dominican Republic,2022,176.77063,156.69397,1004.5931,1889.846,3227.9037,5.48,4.85,31.12,58.55
East Timor,1961,147.28447,119.73825,331.19727,1266.4408,1864.6607900000001,7.9,6.42,17.76,67.92
East Timor,1962,145.07759,123.058426,331.73624,1280.1703,1880.0425559999999,7.72,6.55,17.65,68.09
East Timor,1963,143.91939,119.123474,327.39618,1228.4286,1818.867644,7.91,6.55,18.0,67.54
East Timor,1964,160.3387,115.450745,337.20883,1176.9623,1789.9605749999998,8.96,6.45,18.84,65.75
East Timor,1965,159.14731,117.38248,365.3773,1190.1675,1832.07459,8.69,6.41,19.94,64.96
East Timor,1966,156.65086,125.26875,354.80188,1276.5054,1913.22689,8.19,6.55,18.54,66.72
East Timor,1967,150.54129,123.386696,333.55338,1260.2096,1867.690966,8.06,6.61,17.86,67.47
East Timor,1968,148.2855,123.643555,331.78772,1286.7281,1890.4448750000001,7.84,6.54,17.55,68.06
East Timor,1969,145.28265,127.66078,346.85748,1331.6598,1951.4607099999998,7.44,6.54,17.77,68.24
East Timor,1970,144.90477,124.94051,347.5618,1252.332,1869.73908,7.75,6.68,18.59,66.98
East Timor,1971,144.8087,130.00624,355.35846,1244.3657,1874.5391,7.73,6.94,18.96,66.38
East Timor,1972,142.80525,147.39319,341.0555,1244.0112,1875.26514,7.62,7.86,18.19,66.34
East Timor,1973,139.11258,141.08453,336.7004,1305.7601,1922.65761,7.24,7.34,17.51,67.91
East Timor,1974,137.27187,133.7705,335.52603,1320.3103,1926.8787000000002,7.12,6.94,17.41,68.52
East Timor,1975,130.48969,136.56413,305.77286,1360.3539,1933.18058,6.75,7.06,15.82,70.37
East Timor,1976,111.55883,139.5022,258.34732,1403.918,1913.3263499999998,5.83,7.29,13.5,73.38
East Timor,1977,102.50643,146.42024,248.02711,1450.3823,1947.33608,5.26,7.52,12.74,74.48
East Timor,1978,99.41861,148.31427,239.99365,1462.0947,1949.82123,5.1,7.61,12.31,74.99
East Timor,1979,88.23935,152.2757,232.79228,1486.9883,1960.29563,4.5,7.77,11.88,75.86
East Timor,1980,78.96502,145.8421,220.72119,1411.5088,1857.0371100000002,4.25,7.85,11.89,76.01
East Timor,1981,78.55483,147.2063,225.84955,1435.3324,1886.94308,4.16,7.8,11.97,76.07
East Timor,1982,78.76606,149.10947,236.08406,1452.5504,1916.50999,4.11,7.78,12.32,75.79
East Timor,1983,79.904854,148.70169,245.58722,1462.4244,1936.618164,4.13,7.68,12.68,75.51
East Timor,1984,80.72778,152.52303,258.51312,1518.0935,2009.85743,4.02,7.59,12.86,75.53
East Timor,1985,86.631805,149.76767,269.6159,1500.6138,2006.629175,4.32,7.46,13.44,74.78
East Timor,1986,86.213455,149.30115,272.93576,1511.6981,2020.1484650000002,4.27,7.39,13.51,74.83
East Timor,1987,85.01245,149.43927,259.1003,1526.2771,2019.8291199999999,4.21,7.4,12.83,75.56
East Timor,1988,84.38339,149.20074,266.94775,1537.9215,2038.45338,4.14,7.32,13.1,75.45
East Timor,1989,80.80118,148.2335,277.7761,1527.9204,2034.73118,3.97,7.29,13.65,75.09
East Timor,1990,83.21067,127.10765,279.1469,1305.3328,1794.79802,4.64,7.08,15.55,72.73
East Timor,1991,76.71727,142.3323,298.50247,1412.3606,1929.91264,3.98,7.38,15.47,73.18
East Timor,1992,79.847664,144.78935,325.41348,1450.1698,2000.220294,3.99,7.24,16.27,72.5
East Timor,1993,75.36021,150.27473,334.7452,1497.845,2058.22514,3.66,7.3,16.26,72.77
East Timor,1994,71.07489,148.05583,316.10526,1493.4525,2028.68848,3.5,7.3,15.58,73.62
East Timor,1995,64.99649,151.28561,307.22525,1506.8838,2030.39115,3.2,7.45,15.13,74.22
East Timor,1996,55.47625,144.96286,253.237,1385.1434,1838.8195099999998,3.02,7.88,13.77,75.33
East Timor,1997,64.70122,134.74715,303.43518,1306.6051,1809.48865,3.58,7.45,16.77,72.21
East Timor,1998,64.077705,120.046135,291.36346,1151.7966,1627.2839,3.94,7.38,17.9,70.78
East Timor,1999,70.55102,135.12794,284.3783,1368.2467,1858.30396,3.8,7.27,15.3,73.63
East Timor,2000,81.2901,152.1725,332.27844,1579.9877,2145.72874,3.79,7.09,15.49,73.63
East Timor,2001,79.05713,145.33128,323.13477,1532.9275,2080.45068,3.8,6.99,15.53,73.68
East Timor,2002,78.33175,145.70114,381.4838,1504.164,2109.68069,3.71,6.91,18.08,71.3
East Timor,2003,83.12049,145.11487,383.10938,1482.9905,2094.3352400000003,3.97,6.93,18.29,70.81
East Timor,2004,75.15045,148.92696,378.83322,1520.4539,2123.36453,3.54,7.01,17.84,71.61
East Timor,2005,61.04604,158.9802,373.39758,1539.8267,2133.25052,2.86,7.45,17.5,72.18
East Timor,2006,62.212246,163.49478,372.83566,1525.9304,2124.473086,2.93,7.7,17.55,71.83
East Timor,2007,61.323555,163.02084,366.0546,1518.9746,2109.373595,2.91,7.73,17.35,72.01
East Timor,2008,63.830837,159.71948,377.9506,1494.6649,2096.165817,3.05,7.62,18.03,71.3
East Timor,2009,67.57419,152.71526,372.8238,1457.0258,2050.1390499999998,3.3,7.45,18.19,71.07
East Timor,2010,77.51453,167.5534,449.8833,1564.3804,2259.33163,3.43,7.42,19.91,69.24
East Timor,2011,79.76216,172.63757,479.11435,1558.3499,2289.86398,3.48,7.54,20.92,68.05
East Timor,2012,83.488045,168.13899,478.28183,1550.3735,2280.282365,3.66,7.37,20.97,67.99
East Timor,2013,77.87517,166.57747,474.5894,1569.6438,2288.68584,3.4,7.28,20.74,68.58
East Timor,2014,77.19239,171.82825,483.33463,1607.2056,2339.5608700000003,3.3,7.34,20.66,68.7
East Timor,2015,84.53041,165.0184,508.08298,1542.3896,2300.02139,3.68,7.17,22.09,67.06
East Timor,2016,85.82042,166.93507,498.26288,1535.2163,2286.23467,3.75,7.3,21.79,67.15
East Timor,2017,96.86311,165.91484,514.7294,1532.0105,2309.51785,4.19,7.18,22.29,66.33
East Timor,2018,86.67438,162.39084,510.463,1489.9806,2249.50882,3.85,7.22,22.69,66.24
East Timor,2019,85.51338,157.60132,560.38434,1453.6194,2257.11844,3.79,6.98,24.83,64.4
East Timor,2020,78.35222,161.09656,521.37756,1461.4867,2222.31304,3.53,7.25,23.46,65.76
East Timor,2021,83.98586,156.07439,508.34732,1443.6881,2192.09567,3.83,7.12,23.19,65.86
East Timor,2022,91.72856,157.94868,523.4229,1449.2996,2222.39974,4.13,7.11,23.55,65.21
Ecuador,1961,72.55284,124.37068,411.73932,1361.5559,1970.21874,3.68,6.31,20.9,69.11
Ecuador,1962,72.51829,125.480644,414.59964,1385.2942,1997.892774,3.63,6.28,20.75,69.34
Ecuador,1963,73.76017,127.85097,426.62885,1405.5345,2033.77449,3.63,6.29,20.98,69.11
Ecuador,1964,71.822075,127.39961,424.531,1402.8806,2026.633285,3.54,6.29,20.95,69.22
Ecuador,1965,71.94535,140.07721,431.58365,1524.6223,2168.22851,3.32,6.46,19.9,70.32
Ecuador,1966,72.533226,135.75423,436.0245,1514.7891,2159.101056,3.36,6.29,20.19,70.16
Ecuador,1967,73.300125,134.97903,445.57208,1465.2567,2119.107935,3.46,6.37,21.03,69.14
Ecuador,1968,75.55708,130.98915,433.041,1464.1244,2103.71163,3.59,6.23,20.58,69.6
Ecuador,1969,74.10594,125.795906,438.22827,1478.0627,2116.1928159999998,3.5,5.94,20.71,69.85
Ecuador,1970,79.245674,129.83136,441.08792,1495.4196,2145.584554,3.69,6.05,20.56,69.7
Ecuador,1971,75.83494,121.04649,434.97537,1445.8798,2077.7366,3.65,5.83,20.94,69.59
Ecuador,1972,77.148865,118.399086,453.25446,1494.764,2143.566411,3.6,5.52,21.14,69.73
Ecuador,1973,79.011856,110.10936,445.01233,1428.9539,2063.087446,3.83,5.34,21.57,69.26
Ecuador,1974,81.49396,108.77553,453.3613,1435.6147,2079.2454900000002,3.92,5.23,21.8,69.04
Ecuador,1975,80.98848,112.994514,482.3682,1490.4801,2166.831294,3.74,5.21,22.26,68.79
Ecuador,1976,83.045265,115.13536,508.6571,1518.0753,2224.913025,3.73,5.17,22.86,68.23
Ecuador,1977,87.288376,104.27192,493.97025,1534.5713,2220.101846,3.93,4.7,22.25,69.12
Ecuador,1978,91.550705,98.30635,494.70578,1530.4362,2214.999035,4.13,4.44,22.33,69.09
Ecuador,1979,96.97026,99.53027,510.5484,1512.6003,2219.64923,4.37,4.48,23.0,68.15
Ecuador,1980,93.17435,106.036674,519.00635,1590.7632,2308.980574,4.04,4.59,22.48,68.89
Ecuador,1981,88.067154,103.73815,577.3893,1480.8516,2250.046204,3.91,4.61,25.66,65.81
Ecuador,1982,90.9258,102.40261,598.4467,1464.9078,2256.68291,4.03,4.54,26.52,64.91
Ecuador,1983,83.93566,90.38038,609.0256,1347.8138,2131.15544,3.94,4.24,28.58,63.24
Ecuador,1984,85.438194,100.81476,583.9047,1409.1521,2179.309754,3.92,4.63,26.79,64.66
Ecuador,1985,80.65809,94.74919,572.0757,1396.0203,2143.50328,3.76,4.42,26.69,65.13
Ecuador,1986,78.99362,96.778725,633.68134,1409.8358,2219.2894850000002,3.56,4.36,28.55,63.53
Ecuador,1987,75.64999,98.83801,654.9367,1365.1567,2194.5814,3.45,4.5,29.84,62.21
Ecuador,1988,78.8604,105.0058,618.20575,1450.9446,2253.0165500000003,3.5,4.66,27.44,64.4
Ecuador,1989,80.08604,106.26653,648.83594,1378.3757,2213.56421,3.62,4.8,29.31,62.27
Ecuador,1990,85.06244,104.89745,649.59674,1341.135,2180.69163,3.9,4.81,29.79,61.5
Ecuador,1991,87.59444,100.02494,651.9919,1284.418,2124.0292799999997,4.12,4.71,30.7,60.47
Ecuador,1992,87.42076,113.56166,674.0396,1375.4614,2250.4834199999996,3.88,5.05,29.95,61.12
Ecuador,1993,90.69643,113.66197,629.94965,1420.4734,2254.7814500000004,4.02,5.04,27.94,63.0
Ecuador,1994,94.62134,118.53962,622.1285,1509.7537,2345.04316,4.03,5.05,26.53,64.38
Ecuador,1995,101.0295,107.31699,697.41406,1349.5366,2255.29715,4.48,4.76,30.92,59.84
Ecuador,1996,109.63137,112.25376,700.91077,1326.7803,2249.5762,4.87,4.99,31.16,58.98
Ecuador,1997,119.68588,113.29165,729.1483,1323.9098,2286.03563,5.24,4.96,31.9,57.91
Ecuador,1998,114.25559,109.301636,701.25055,1286.7811,2211.588876,5.17,4.94,31.71,58.18
Ecuador,1999,112.28078,115.67009,717.726,1349.99,2295.66687,4.89,5.04,31.26,58.81
Ecuador,2000,118.20716,110.30561,701.6278,1326.739,2256.87957,5.24,4.89,31.09,58.79
Ecuador,2001,121.566505,103.58891,690.5829,1278.9924,2194.730715,5.54,4.72,31.47,58.28
Ecuador,2002,117.50223,100.48384,744.76263,1256.7817,2219.5303999999996,5.29,4.53,33.55,56.62
Ecuador,2003,120.165306,97.72121,731.8365,1237.0869,2186.809916,5.5,4.47,33.47,56.57
Ecuador,2004,122.55846,99.732834,759.35944,1231.3208,2212.971534,5.54,4.51,34.31,55.64
Ecuador,2005,119.75923,102.04807,769.4202,1245.5518,2236.7793,5.35,4.56,34.4,55.69
Ecuador,2006,131.5376,97.76712,773.097,1216.7727,2219.17442,5.93,4.41,34.84,54.83
Ecuador,2007,135.54305,96.11089,798.5011,1173.4651,2203.62014,6.15,4.36,36.24,53.25
Ecuador,2008,142.42018,96.69917,842.15497,1205.7725,2287.04682,6.23,4.23,36.82,52.72
Ecuador,2009,137.62793,98.41373,803.58276,1239.577,2279.2014200000003,6.04,4.32,35.26,54.39
Ecuador,2010,165.75732,119.70478,854.17914,1456.312,2595.95324,6.39,4.61,32.9,56.1
Ecuador,2011,171.08698,118.1542,884.33716,1427.9219,2601.5002400000003,6.58,4.54,33.99,54.89
Ecuador,2012,164.4625,118.12663,876.28485,1435.8052,2594.67918,6.34,4.55,33.77,55.34
Ecuador,2013,170.80641,113.194565,899.4193,1369.5944,2553.014675,6.69,4.43,35.23,53.65
Ecuador,2014,165.00296,118.78621,916.09485,1401.3608,2601.24482,6.34,4.57,35.22,53.87
Ecuador,2015,154.17107,125.45566,885.8962,1438.3291,2603.85203,5.92,4.82,34.02,55.24
Ecuador,2016,144.46428,125.738914,844.79333,1422.4116,2537.4081239999996,5.69,4.96,33.29,56.06
Ecuador,2017,142.18755,126.326935,867.9497,1413.3176,2549.781785,5.58,4.95,34.04,55.43
Ecuador,2018,136.32906,127.26705,868.9329,1409.0596,2541.58861,5.36,5.01,34.19,55.44
Ecuador,2019,140.15048,127.267685,841.32306,1399.9746,2508.715825,5.59,5.07,33.54,55.8
Ecuador,2020,150.36414,128.6716,869.07465,1397.7549,2545.8652899999997,5.91,5.05,34.14,54.9
Ecuador,2021,159.07089,118.850235,948.3561,1352.2032,2578.4804249999997,6.17,4.61,36.78,52.44
Ecuador,2022,156.58086,117.31446,934.486,1365.8711,2574.25242,6.08,4.56,36.3,53.06
Egypt,1961,34.29183,204.62459,362.22308,1564.0013,2165.1408,1.58,9.45,16.73,72.24
Egypt,1962,34.711014,220.92242,387.02148,1605.6244,2248.279314,1.54,9.83,17.21,71.42
Egypt,1963,34.662514,217.84282,386.28427,1625.3541,2264.143704,1.53,9.62,17.06,71.79
Egypt,1964,34.77976,228.64236,368.6717,1670.8618,2302.9556199999997,1.51,9.93,16.01,72.55
Egypt,1965,33.72949,224.20682,397.4633,1679.4772,2334.8768099999998,1.44,9.6,17.02,71.93
Egypt,1966,34.943756,233.78337,407.93585,1719.6902,2396.353176,1.46,9.76,17.02,71.76
Egypt,1967,32.501137,218.81581,405.22495,1682.3644,2338.906297,1.39,9.36,17.33,71.93
Egypt,1968,35.880234,226.33116,418.96686,1701.0339,2382.212154,1.51,9.5,17.59,71.41
Egypt,1969,34.78467,223.57976,429.2315,1694.3981,2381.99403,1.46,9.39,18.02,71.13
Egypt,1970,34.38557,222.98143,434.73193,1692.6814,2384.7803299999996,1.44,9.35,18.23,70.98
Egypt,1971,34.600647,219.68266,426.72034,1690.7554,2371.759047,1.46,9.26,17.99,71.29
Egypt,1972,34.242123,225.29474,445.88013,1705.7642,2411.1811930000003,1.42,9.34,18.49,70.74
Egypt,1973,33.616383,223.8308,449.49902,1743.291,2450.2372029999997,1.37,9.14,18.35,71.15
Egypt,1974,33.818207,224.1081,472.56985,1760.0564,2490.552557,1.36,9.0,18.97,70.67
Egypt,1975,35.96208,224.86682,483.61935,1778.2959,2522.74415,1.43,8.91,19.17,70.49
Egypt,1976,37.323727,231.48167,516.08026,1818.6616,2603.547257,1.43,8.89,19.82,69.85
Egypt,1977,38.428024,232.8821,528.4473,1842.6858,2642.443224,1.45,8.81,20.0,69.73
Egypt,1978,39.46205,238.25523,545.8059,1908.5442,2732.06738,1.44,8.72,19.98,69.86
Egypt,1979,38.84075,247.53793,572.84973,1990.1882,2849.41661,1.36,8.69,20.1,69.85
Egypt,1980,41.956627,251.82156,581.228,2045.8048,2920.810987,1.44,8.62,19.9,70.04
Egypt,1981,45.592678,262.28003,611.9291,2135.3147,3055.116508,1.49,8.58,20.03,69.89
Egypt,1982,45.970776,266.6305,607.84705,2182.0725,3102.520826,1.48,8.59,19.59,70.33
Egypt,1983,51.1439,267.83148,554.72626,2196.5017,3070.20334,1.67,8.72,18.07,71.54
Egypt,1984,52.65867,265.49075,538.9223,2196.3718,3053.44352,1.72,8.69,17.65,71.93
Egypt,1985,51.681793,266.189,538.997,2188.6663,3045.5340929999998,1.7,8.74,17.7,71.86
Egypt,1986,50.5515,265.00043,542.84607,2163.8313,3022.2293,1.67,8.77,17.96,71.6
Egypt,1987,50.97328,276.1446,531.1487,2225.263,3083.52958,1.65,8.96,17.23,72.17
Egypt,1988,51.674286,274.22604,524.171,2211.2383,3061.309626,1.69,8.96,17.12,72.23
Egypt,1989,49.764633,269.81155,510.6132,2193.46,3023.649383,1.65,8.92,16.89,72.54
Egypt,1990,49.818714,277.10934,482.2305,2259.6897,3068.848254,1.62,9.03,15.71,73.63
Egypt,1991,48.909237,273.22635,476.23407,2233.1235,3031.493157,1.61,9.01,15.71,73.66
Egypt,1992,48.76228,272.9776,465.69116,2226.9817,3014.4127399999998,1.62,9.06,15.45,73.88
Egypt,1993,48.45269,273.78598,467.63443,2223.8086,3013.6817,1.61,9.08,15.52,73.79
Egypt,1994,53.593235,278.01022,467.7509,2254.1482,3053.502555,1.76,9.1,15.32,73.82
Egypt,1995,54.932583,280.14127,475.86188,2277.6245,3088.560233,1.78,9.07,15.41,73.74
Egypt,1996,56.611183,281.86954,461.78705,2287.9146,3088.182373,1.83,9.13,14.95,74.09
Egypt,1997,60.298782,282.5007,455.14514,2300.8962,3098.840822,1.95,9.12,14.69,74.25
Egypt,1998,63.293068,277.39737,459.14044,2259.4563,3059.2871779999996,2.07,9.07,15.01,73.86
Egypt,1999,66.04378,274.87903,463.98123,2249.712,3054.61604,2.16,9.0,15.19,73.65
Egypt,2000,68.23356,274.52695,466.92932,2238.1965,3047.8863300000003,2.24,9.01,15.32,73.43
Egypt,2001,64.27647,277.12698,456.55194,2270.9666,3068.9219900000003,2.09,9.03,14.88,74.0
Egypt,2002,66.189476,276.65552,469.03323,2264.6245,3076.5027259999997,2.15,8.99,15.25,73.61
Egypt,2003,71.06093,270.90195,474.36377,2197.163,3013.48965,2.36,8.99,15.74,72.91
Egypt,2004,66.75635,265.17792,443.4909,2163.5947,2939.01987,2.27,9.02,15.09,73.62
Egypt,2005,69.74155,269.5847,456.1787,2184.4414,2979.94635,2.34,9.05,15.31,73.3
Egypt,2006,76.92707,270.56863,457.2995,2186.3228,2991.118,2.57,9.05,15.29,73.09
Egypt,2007,82.86516,270.50964,487.5991,2193.3638,3034.3377,2.73,8.91,16.07,72.28
Egypt,2008,80.042076,272.05865,488.45535,2227.8406,3068.3966760000003,2.61,8.87,15.92,72.61
Egypt,2009,75.352196,273.4018,469.8545,2200.6035,3019.211996,2.5,9.06,15.56,72.89
Egypt,2010,99.50349,276.40292,513.79486,2329.841,3219.54227,3.09,8.59,15.96,72.37
Egypt,2011,95.767654,270.49954,494.31973,2321.817,3182.403924,3.01,8.5,15.53,72.96
Egypt,2012,102.20856,269.3699,493.16904,2324.628,3189.3755,3.2,8.45,15.46,72.89
Egypt,2013,102.493484,265.0491,479.4685,2296.3574,3143.3684839999996,3.26,8.43,15.25,73.05
Egypt,2014,105.699,263.18893,464.9717,2289.3872,3123.24683,3.38,8.43,14.89,73.3
Egypt,2015,106.0077,262.60553,468.5572,2291.0574,3128.2278300000003,3.39,8.39,14.98,73.24
Egypt,2016,100.99688,259.28552,462.43768,2257.1545,3079.87458,3.28,8.42,15.01,73.29
Egypt,2017,107.70262,259.7742,468.2296,2256.1895,3091.89592,3.48,8.4,15.14,72.97
Egypt,2018,113.28022,253.49638,482.55017,2212.1052,3061.4319699999996,3.7,8.28,15.76,72.26
Egypt,2019,109.789185,254.22383,492.99072,2225.313,3082.3167350000003,3.56,8.25,15.99,72.2
Egypt,2020,112.503334,255.12813,528.0303,2202.545,3098.206764,3.63,8.23,17.04,71.09
Egypt,2021,114.85843,247.48131,534.4994,2170.9463,3067.78544,3.74,8.07,17.42,70.77
Egypt,2022,111.99714,251.31354,513.30054,2194.4695,3071.08072,3.65,8.18,16.71,71.46
El Salvador,1961,49.37043,117.90726,322.58136,1079.1163,1568.97535,3.15,7.51,20.56,68.78
El Salvador,1962,50.111214,124.63763,330.77603,1106.4792,1612.004074,3.11,7.73,20.52,68.64
El Salvador,1963,51.02759,126.40194,339.09406,1143.4828,1660.00639,3.07,7.61,20.43,68.88
El Salvador,1964,48.511414,127.504166,331.36328,1134.9346,1642.31346,2.95,7.76,20.18,69.11
El Salvador,1965,48.79031,128.85022,342.65762,1200.3411,1720.6392500000002,2.84,7.49,19.91,69.76
El Salvador,1966,48.582607,129.86505,352.88397,1199.119,1730.450627,2.81,7.5,20.39,69.3
El Salvador,1967,47.029922,129.91151,354.40115,1219.577,1750.919582,2.69,7.42,20.24,69.65
El Salvador,1968,45.402393,136.32913,344.96878,1253.6263,1780.326603,2.55,7.66,19.38,70.42
El Salvador,1969,45.546047,135.0115,341.29034,1250.178,1772.0258870000002,2.57,7.62,19.26,70.55
El Salvador,1970,44.43993,135.72305,337.7292,1258.0758,1775.9679800000001,2.5,7.64,19.02,70.84
El Salvador,1971,44.960255,139.29105,339.1314,1309.1255,1832.508205,2.45,7.6,18.51,71.44
El Salvador,1972,43.405426,138.56976,345.8716,1304.5991,1832.445886,2.37,7.56,18.87,71.19
El Salvador,1973,45.199112,142.61098,362.31064,1340.695,1890.815732,2.39,7.54,19.16,70.91
El Salvador,1974,50.675255,143.6894,385.30032,1362.7906,1942.455575,2.61,7.4,19.84,70.16
El Salvador,1975,51.641808,154.227,411.43976,1470.7131,2088.021668,2.47,7.39,19.7,70.44
El Salvador,1976,58.30685,150.47194,417.97876,1493.4504,2120.20795,2.75,7.1,19.71,70.44
El Salvador,1977,56.6885,156.10887,426.6107,1524.8939,2164.30197,2.62,7.21,19.71,70.46
El Salvador,1978,60.38132,156.60637,429.51028,1552.2589,2198.75687,2.75,7.12,19.53,70.6
El Salvador,1979,60.256935,162.976,441.71036,1596.226,2261.169295,2.66,7.21,19.53,70.59
El Salvador,1980,62.744545,164.99188,444.5911,1633.3702,2305.697725,2.72,7.16,19.28,70.84
El Salvador,1981,57.91967,169.94742,471.68488,1664.0514,2363.60337,2.45,7.19,19.96,70.4
El Salvador,1982,50.976933,168.2322,452.3371,1659.006,2330.5522330000003,2.19,7.22,19.41,71.19
El Salvador,1983,44.462883,170.02707,440.2198,1652.2269,2306.9366529999998,1.93,7.37,19.08,71.62
El Salvador,1984,48.70126,171.05133,457.94827,1647.2389,2324.93976,2.09,7.36,19.7,70.85
El Salvador,1985,49.522053,168.27684,440.08588,1632.1931,2290.077873,2.16,7.35,19.22,71.27
El Salvador,1986,49.62672,161.34776,430.64987,1571.7192,2213.34355,2.24,7.29,19.46,71.01
El Salvador,1987,51.335964,155.37901,431.44595,1548.5981,2186.759024,2.35,7.11,19.73,70.82
El Salvador,1988,52.042274,159.48955,452.25735,1564.0604,2227.849574,2.34,7.16,20.3,70.2
El Salvador,1989,54.331364,163.86913,450.3219,1574.7346,2243.2569940000003,2.42,7.3,20.07,70.2
El Salvador,1990,53.007717,168.88043,443.04395,1619.2688,2284.200897,2.32,7.39,19.4,70.89
El Salvador,1991,57.655663,180.23318,438.3114,1699.134,2375.3342430000002,2.43,7.59,18.45,71.53
El Salvador,1992,60.38309,177.59734,451.00842,1688.8419,2377.83075,2.54,7.47,18.97,71.02
El Salvador,1993,58.89797,173.64815,450.42706,1674.5278,2357.50098,2.5,7.37,19.11,71.03
El Salvador,1994,59.342873,175.84251,457.62177,1671.1696,2363.976753,2.51,7.44,19.36,70.69
El Salvador,1995,61.728794,178.12367,447.19458,1699.1079,2386.154944,2.59,7.46,18.74,71.21
El Salvador,1996,65.33993,176.97397,450.1373,1712.3221,2404.7733,2.72,7.36,18.72,71.21
El Salvador,1997,67.32032,175.3935,445.3059,1744.3276,2432.34732,2.77,7.21,18.31,71.71
El Salvador,1998,64.63629,172.3367,486.36603,1714.5558,2437.89482,2.65,7.07,19.95,70.33
El Salvador,1999,69.57777,168.51053,504.74957,1674.3378,2417.17567,2.88,6.97,20.88,69.27
El Salvador,2000,76.56155,181.959,520.94135,1768.2449,2547.7068,3.01,7.14,20.45,69.41
El Salvador,2001,82.19328,189.25716,559.6785,1804.3513,2635.48024,3.12,7.18,21.24,68.46
El Salvador,2002,92.97151,194.97523,555.4807,1809.0305,2652.4579400000002,3.51,7.35,20.94,68.2
El Salvador,2003,87.8437,192.21085,547.2642,1782.8651,2610.18385,3.37,7.36,20.97,68.3
El Salvador,2004,90.15607,191.07283,528.211,1776.9552,2586.3951,3.49,7.39,20.42,68.7
El Salvador,2005,99.02014,183.6403,558.89954,1758.3256,2599.88558,3.81,7.06,21.5,67.63
El Salvador,2006,100.15606,187.91959,572.9313,1756.662,2617.66895,3.83,7.18,21.89,67.11
El Salvador,2007,104.166336,180.45717,579.5169,1750.2473,2614.387706,3.98,6.9,22.17,66.95
El Salvador,2008,100.19934,192.4807,536.6685,1797.058,2626.40654,3.82,7.33,20.43,68.42
El Salvador,2009,105.25414,186.91402,563.7169,1775.5094,2631.39446,4.0,7.1,21.42,67.47
El Salvador,2010,114.740036,178.49794,537.27716,1797.3218,2627.8369359999997,4.37,6.79,20.45,68.4
El Salvador,2011,114.683395,179.66393,554.6222,1781.3817,2630.351225,4.36,6.83,21.09,67.72
El Salvador,2012,115.00408,186.39287,537.65314,1811.7979,2650.84799,4.34,7.03,20.28,68.35
El Salvador,2013,118.7795,182.98573,554.45886,1784.0707,2640.29479,4.5,6.93,21.0,67.57
El Salvador,2014,131.14476,187.48782,529.48584,1796.0969,2644.2153200000002,4.96,7.09,20.02,67.93
El Salvador,2015,130.87662,185.69403,540.4253,1792.6407,2649.63665,4.94,7.01,20.4,67.66
El Salvador,2016,130.59938,190.43558,544.4228,1831.9897,2697.4474600000003,4.84,7.06,20.18,67.92
El Salvador,2017,128.24803,192.55357,597.53937,1832.4359,2750.7768699999997,4.66,7.0,21.72,66.62
El Salvador,2018,129.32631,194.59491,579.51624,1882.1741,2785.6115600000003,4.64,6.99,20.8,67.57
El Salvador,2019,135.3288,206.8286,605.5278,1900.5074,2848.1926,4.75,7.26,21.26,66.73
El Salvador,2020,138.5189,203.5594,617.06726,1839.3821,2798.52766,4.95,7.27,22.05,65.73
El Salvador,2021,141.42882,202.2315,655.5063,1829.5005,2828.66712,5.0,7.15,23.17,64.68
El Salvador,2022,139.8789,203.19972,656.96875,1861.0835,2861.13087,4.89,7.1,22.96,65.05
Estonia,1992,282.92957,124.83234,681.0897,1399.1328,2487.98441,11.37,5.02,27.38,56.24
Estonia,1993,251.7155,132.3003,715.7775,1453.4397,2553.233,9.86,5.18,28.03,56.93
Estonia,1994,243.30876,141.04626,742.27374,1538.7263,2665.35506,9.13,5.29,27.85,57.73
Estonia,1995,219.53734,170.05858,801.21857,1692.4873,2883.30179,7.61,5.9,27.79,58.7
Estonia,1996,206.56178,177.9985,810.12366,1820.22,3014.90394,6.85,5.9,26.87,60.37
Estonia,1997,187.32181,169.19896,809.867,1794.7905,2961.17827,6.33,5.71,27.35,60.61
Estonia,1998,190.4246,161.47,839.58514,1717.7303,2909.21004,6.55,5.55,28.86,59.04
Estonia,1999,209.25446,144.31342,903.17456,1792.2708,3049.01324,6.86,4.73,29.62,58.78
Estonia,2000,199.8316,148.16249,761.6013,1872.8198,2982.4151899999997,6.7,4.97,25.54,62.8
Estonia,2001,196.88457,144.32988,784.71313,1851.7804,2977.70798,6.61,4.85,26.35,62.19
Estonia,2002,219.17603,141.85658,871.25104,1741.4272,2973.71085,7.37,4.77,29.3,58.56
Estonia,2003,210.55956,143.12112,893.36414,1755.6465,3002.69132,7.01,4.77,29.75,58.47
Estonia,2004,191.90799,140.09909,860.68274,1818.0916,3010.7814200000003,6.37,4.65,28.59,60.39
Estonia,2005,210.9752,152.84259,807.85156,1925.711,3097.38035,6.81,4.93,26.08,62.17
Estonia,2006,205.54272,161.2768,837.1547,1932.834,3136.80822,6.55,5.14,26.69,61.62
Estonia,2007,210.67984,169.62508,823.8667,1951.325,3155.49662,6.68,5.38,26.11,61.84
Estonia,2008,215.3795,178.59593,826.1334,2020.9532,3241.06203,6.65,5.51,25.49,62.35
Estonia,2009,215.62932,169.77733,839.8354,2043.7623,3269.00435,6.6,5.19,25.69,62.52
Estonia,2010,229.10306,183.77849,834.83405,1988.02,3235.7356,7.08,5.68,25.8,61.44
Estonia,2011,225.9796,187.25624,812.0504,1997.3828,3222.6690399999998,7.01,5.81,25.2,61.98
Estonia,2012,217.4981,183.29524,860.56165,1895.6276,3156.98259,6.89,5.81,27.26,60.05
Estonia,2013,226.17853,202.81662,826.5377,1925.5078,3181.04065,7.11,6.38,25.98,60.53
Estonia,2014,243.70374,180.49757,943.832,1809.3163,3177.34961,7.67,5.68,29.71,56.94
Estonia,2015,269.66504,160.77492,1059.1283,1644.4028,3133.97106,8.6,5.13,33.8,52.47
Estonia,2016,277.98703,155.0951,1053.1024,1620.9178,3107.1023299999997,8.95,4.99,33.89,52.17
Estonia,2017,265.39404,160.90065,1052.685,1625.9888,3104.96849,8.55,5.18,33.9,52.37
Estonia,2018,283.36975,161.26831,1131.1385,1624.6652,3200.4417599999997,8.85,5.04,35.34,50.76
Estonia,2019,305.30167,136.78763,1290.5006,1521.2672,3253.8571,9.38,4.2,39.66,46.75
Estonia,2020,304.6392,126.94299,1288.3574,1527.0554,3246.99499,9.38,3.91,39.68,47.03
Estonia,2021,311.5368,131.1839,1256.8032,1545.1324,3244.6563,9.6,4.04,38.73,47.62
Estonia,2022,301.03665,133.54523,1232.8475,1571.5334,3238.96278,9.29,4.12,38.06,48.52
Eswatini,1961,82.94915,183.4125,351.10483,1635.6611,2253.1275800000003,3.68,8.14,15.58,72.6
Eswatini,1962,88.81346,175.439,358.1812,1591.866,2214.2996599999997,4.01,7.92,16.18,71.89
Eswatini,1963,85.41774,168.12444,342.95563,1560.1887,2156.68651,3.96,7.8,15.9,72.34
Eswatini,1964,86.673004,165.61746,345.3264,1536.8374,2134.454264,4.06,7.76,16.18,72.0
Eswatini,1965,82.29847,170.49272,334.5445,1598.3391,2185.67479,3.77,7.8,15.31,73.13
Eswatini,1966,81.82381,166.42334,334.6268,1588.4336,2171.30755,3.77,7.66,15.41,73.16
Eswatini,1967,83.96902,153.9901,353.35117,1513.9446,2105.25489,3.99,7.31,16.78,71.91
Eswatini,1968,84.37805,175.64328,355.7773,1638.6459,2254.4445299999998,3.74,7.79,15.78,72.69
Eswatini,1969,76.41261,176.5729,343.4024,1659.2786,2255.66651,3.39,7.83,15.22,73.56
Eswatini,1970,77.80204,178.73442,356.38712,1706.1758,2319.09938,3.35,7.71,15.37,73.57
Eswatini,1971,74.42844,177.09673,362.9146,1682.7937,2297.23347,3.24,7.71,15.8,73.25
Eswatini,1972,80.58657,179.25244,368.11203,1674.5226,2302.47364,3.5,7.79,15.99,72.73
Eswatini,1973,69.05436,183.94162,366.47003,1785.0331,2404.49911,2.87,7.65,15.24,74.24
Eswatini,1974,76.29498,179.393,404.9174,1762.0555,2422.66088,3.15,7.4,16.71,72.73
Eswatini,1975,80.37752,176.35799,415.8712,1800.2345,2472.84121,3.25,7.13,16.82,72.8
Eswatini,1976,81.973366,182.52518,414.4401,1857.2649,2536.2035459999997,3.23,7.2,16.34,73.23
Eswatini,1977,76.508644,165.72122,368.01715,1789.046,2399.293014,3.19,6.91,15.34,74.57
Eswatini,1978,80.19613,166.37341,382.57953,1807.0067,2436.15577,3.29,6.83,15.7,74.17
Eswatini,1979,80.19447,171.57886,364.8889,1790.591,2407.25323,3.33,7.13,15.16,74.38
Eswatini,1980,83.60528,163.2486,369.03763,1780.4426,2396.33411,3.49,6.81,15.4,74.3
Eswatini,1981,88.281334,164.6012,356.39764,1790.063,2399.343174,3.68,6.86,14.85,74.61
Eswatini,1982,81.97794,162.0317,360.15173,1845.1549,2449.3162700000003,3.35,6.62,14.7,75.33
Eswatini,1983,85.28128,159.8974,346.91702,1807.5637,2399.6594,3.55,6.66,14.46,75.33
Eswatini,1984,72.92086,167.01874,358.1713,1852.2296,2450.3405,2.98,6.82,14.62,75.59
Eswatini,1985,70.8038,160.856,342.15848,1808.2324,2382.0506800000003,2.97,6.75,14.36,75.91
Eswatini,1986,66.02749,172.03163,346.64435,1845.3083,2430.01177,2.72,7.08,14.27,75.94
Eswatini,1987,73.67111,172.28755,372.37253,1809.9232,2428.25439,3.03,7.1,15.33,74.54
Eswatini,1988,69.387505,171.4256,411.93823,1766.9977,2419.749035,2.87,7.08,17.02,73.02
Eswatini,1989,68.76906,168.8764,448.24323,1756.0698,2441.95849,2.82,6.92,18.36,71.91
Eswatini,1990,62.243183,168.56705,402.7803,1673.3247,2306.9152329999997,2.7,7.31,17.46,72.54
Eswatini,1991,64.46271,160.14099,376.49152,1630.6819,2231.7771199999997,2.89,7.18,16.87,73.07
Eswatini,1992,70.57085,155.42526,412.337,1596.6029,2234.9360100000004,3.16,6.95,18.45,71.44
Eswatini,1993,65.477745,156.9254,363.46442,1589.7327,2175.600265,3.01,7.21,16.71,73.07
Eswatini,1994,62.52003,163.84291,372.58322,1639.6053,2238.5514599999997,2.79,7.32,16.64,73.24
Eswatini,1995,62.361378,166.72043,346.36166,1620.701,2196.144468,2.84,7.59,15.77,73.8
Eswatini,1996,58.275898,166.8665,340.16168,1640.9403,2206.244378,2.64,7.56,15.42,74.38
Eswatini,1997,88.75499,149.97913,444.32513,1473.791,2156.85025,4.12,6.95,20.6,68.33
Eswatini,1998,81.745964,154.57051,412.27213,1547.4913,2196.079904,3.72,7.04,18.77,70.47
Eswatini,1999,83.04784,155.07414,396.04297,1668.7653,2302.9302500000003,3.61,6.73,17.2,72.46
Eswatini,2000,87.173416,163.88438,421.61404,1729.3584,2402.030236,3.63,6.82,17.55,72.0
Eswatini,2001,76.4658,169.86943,391.87186,1728.5913,2366.79839,3.23,7.18,16.56,73.04
Eswatini,2002,92.327965,173.82986,438.8234,1733.9886,2438.969825,3.79,7.13,17.99,71.1
Eswatini,2003,94.37214,178.82971,447.25784,1764.3062,2484.76589,3.8,7.2,18.0,71.0
Eswatini,2004,122.28332,179.13934,551.65247,1666.2224,2519.29753,4.85,7.11,21.9,66.14
Eswatini,2005,103.149376,176.06673,516.15656,1633.8812,2429.253866,4.25,7.25,21.25,67.26
Eswatini,2006,82.19042,170.27809,449.37704,1695.2443,2397.0898500000003,3.43,7.1,18.75,70.72
Eswatini,2007,73.46965,174.99515,461.45392,1693.9751,2403.8938200000002,3.06,7.28,19.2,70.47
Eswatini,2008,64.69631,171.8509,420.526,1714.8728,2371.94601,2.73,7.25,17.73,72.3
Eswatini,2009,66.07699,175.02965,421.25674,1726.819,2389.18238,2.77,7.33,17.63,72.28
Eswatini,2010,73.10417,128.9515,430.13516,1513.9135,2146.10433,3.41,6.01,20.04,70.54
Eswatini,2011,70.72469,133.06367,429.1541,1570.5986,2203.54106,3.21,6.04,19.48,71.28
Eswatini,2012,71.16747,144.51071,441.39462,1618.4962,2275.569,3.13,6.35,19.4,71.12
Eswatini,2013,80.40419,151.30714,442.51996,1695.9406,2370.17189,3.39,6.38,18.67,71.55
Eswatini,2014,85.41178,148.54912,535.3298,1634.7141,2404.0047999999997,3.55,6.18,22.27,68.0
Eswatini,2015,81.32649,145.98283,516.5363,1643.3984,2387.24402,3.41,6.12,21.64,68.84
Eswatini,2016,80.0734,155.05772,471.34567,1684.4536,2390.93039,3.35,6.49,19.71,70.45
Eswatini,2017,80.209564,153.34065,471.53442,1712.5758,2417.6604340000004,3.32,6.34,19.5,70.84
Eswatini,2018,79.0638,156.2215,498.29852,1745.4791,2479.0629200000003,3.19,6.3,20.1,70.41
Eswatini,2019,77.28423,157.30453,490.26318,1740.4911,2465.3430399999997,3.13,6.38,19.89,70.6
Eswatini,2020,78.40049,166.30408,514.50323,1751.2117,2510.4195,3.12,6.62,20.49,69.76
Eswatini,2021,74.982056,165.33998,547.48364,1731.1584,2518.964076,2.98,6.56,21.73,68.73
Eswatini,2022,72.28517,162.8684,528.20825,1753.8916,2517.25342,2.87,6.47,20.98,69.67
Ethiopia,1993,20.346216,147.8677,143.5958,1186.3394,1498.149116,1.36,9.87,9.58,79.19
Ethiopia,1994,19.73291,150.91507,150.61731,1212.3035,1533.56879,1.29,9.84,9.82,79.05
Ethiopia,1995,19.544079,156.94728,142.62619,1237.8677,1556.985249,1.26,10.08,9.16,79.5
Ethiopia,1996,20.769548,165.80032,153.99135,1296.2769,1636.8381180000001,1.27,10.13,9.41,79.19
Ethiopia,1997,20.443138,169.14922,145.00618,1326.9392,1661.537738,1.23,10.18,8.73,79.86
Ethiopia,1998,20.389898,168.31506,141.883,1326.5834,1657.171358,1.23,10.16,8.56,80.05
Ethiopia,1999,20.49178,171.0789,146.35724,1356.9623,1694.8902199999998,1.21,10.09,8.64,80.06
Ethiopia,2000,19.549187,179.66447,150.9969,1399.0695,1749.280057,1.12,10.27,8.63,79.98
Ethiopia,2001,20.49828,185.2669,156.67102,1426.3126,1788.7487999999998,1.15,10.36,8.76,79.74
Ethiopia,2002,29.44954,179.07974,172.59616,1419.4365,1800.56194,1.64,9.95,9.59,78.83
Ethiopia,2003,28.74428,183.07414,178.14043,1446.984,1836.94285,1.56,9.97,9.7,78.77
Ethiopia,2004,28.233362,182.44592,179.71022,1441.8583,1832.247802,1.54,9.96,9.81,78.69
Ethiopia,2005,26.164135,194.69539,192.35304,1509.2877,1922.5002650000001,1.36,10.13,10.01,78.51
Ethiopia,2006,27.357027,191.80962,187.01729,1502.0171,1908.201037,1.43,10.05,9.8,78.71
Ethiopia,2007,28.419468,191.03767,196.5357,1478.3156,1894.308438,1.5,10.08,10.38,78.04
Ethiopia,2008,31.293047,196.18036,227.83075,1493.7505,1949.0546570000001,1.61,10.07,11.69,76.64
Ethiopia,2009,28.45684,204.24918,206.22534,1539.166,1978.09736,1.44,10.33,10.43,77.81
Ethiopia,2010,34.41834,256.42255,284.66095,1605.2234,2180.72524,1.58,11.76,13.05,73.61
Ethiopia,2011,29.216162,258.56897,287.34155,1620.8169,2195.943582,1.33,11.77,13.09,73.81
Ethiopia,2012,28.631544,269.63342,292.20145,1655.7197,2246.186114,1.27,12.0,13.01,73.71
Ethiopia,2013,27.81202,278.00183,300.28104,1700.0145,2306.10939,1.21,12.06,13.02,73.72
Ethiopia,2014,27.502592,273.4476,304.60995,1736.6289,2342.189042,1.17,11.67,13.01,74.15
Ethiopia,2015,26.913565,283.38165,357.56168,1743.5311,2411.387995,1.12,11.75,14.83,72.3
Ethiopia,2016,26.836828,285.8122,322.9595,1789.5034,2425.1119280000003,1.11,11.79,13.32,73.79
Ethiopia,2017,25.415064,286.39304,330.4945,1807.686,2449.988604,1.04,11.69,13.49,73.78
Ethiopia,2018,25.330194,278.1192,340.80356,1772.1865,2416.4394540000003,1.05,11.51,14.1,73.34
Ethiopia,2019,28.200485,279.04675,296.48965,1773.199,2376.935885,1.19,11.74,12.47,74.6
Ethiopia,2020,30.865225,276.88037,372.86612,1740.5247,2421.136415,1.27,11.44,15.4,71.89
Ethiopia,2021,26.786783,275.98264,395.47925,1727.7572,2426.005873,1.1,11.38,16.3,71.22
Ethiopia,2022,26.962,279.8144,404.90234,1729.4058,2441.08454,1.1,11.46,16.59,70.85
Ethiopia (former),1961,44.992325,186.46735,237.94821,1278.6046,1748.0124849999997,2.57,10.67,13.61,73.15
Ethiopia (former),1962,45.291275,186.9746,238.12317,1274.3379,1744.726945,2.6,10.72,13.65,73.04
Ethiopia (former),1963,43.752926,187.85307,233.99931,1278.9369,1744.542206,2.51,10.77,13.41,73.31
Ethiopia (former),1964,43.470615,186.60652,231.99155,1283.1373,1745.205985,2.49,10.69,13.29,73.52
Ethiopia (former),1965,43.52881,188.70264,227.73853,1271.0685,1731.0384800000002,2.51,10.9,13.16,73.43
Ethiopia (former),1966,43.66567,183.93576,227.04388,1233.7214,1688.3667099999998,2.59,10.89,13.45,73.07
Ethiopia (former),1967,43.527554,186.78279,234.74773,1239.0497,1704.107774,2.55,10.96,13.78,72.71
Ethiopia (former),1968,43.410393,180.40837,231.40666,1185.0305,1640.2559230000002,2.65,11.0,14.11,72.25
Ethiopia (former),1969,43.333385,185.54965,236.81157,1223.4717,1689.1663050000002,2.57,10.98,14.02,72.43
Ethiopia (former),1970,43.305416,186.68198,240.39311,1227.1837,1697.564206,2.55,11.0,14.16,72.29
Ethiopia (former),1971,38.55274,186.34496,232.34584,1222.1218,1679.3653399999998,2.3,11.1,13.84,72.77
Ethiopia (former),1972,37.42443,177.88808,210.6955,1168.5981,1594.60611,2.35,11.16,13.21,73.28
Ethiopia (former),1973,36.83579,166.82518,207.47758,1141.0807,1552.21925,2.37,10.75,13.37,73.51
Ethiopia (former),1974,36.5808,163.3614,203.50381,1143.3347,1546.78071,2.36,10.56,13.16,73.92
Ethiopia (former),1975,34.990513,160.4313,200.55965,1141.263,1537.244463,2.28,10.44,13.05,74.24
Ethiopia (former),1976,34.891506,152.48729,208.18735,1129.959,1525.525146,2.29,10.0,13.65,74.07
Ethiopia (former),1977,35.037655,163.98106,204.73358,1148.869,1552.621295,2.26,10.56,13.19,74.0
Ethiopia (former),1978,35.418015,160.20894,208.2676,1169.1176,1573.012155,2.25,10.18,13.24,74.32
Ethiopia (former),1979,36.030598,186.8073,219.01369,1341.4601,1783.311688,2.02,10.48,12.28,75.22
Ethiopia (former),1980,35.82146,207.25566,222.68394,1423.7902,1889.55126,1.9,10.97,11.79,75.35
Ethiopia (former),1981,35.76507,190.30956,219.35843,1356.1505,1801.58356,1.99,10.56,12.18,75.28
Ethiopia (former),1982,35.200058,188.54234,224.09195,1373.8508,1821.685148,1.93,10.35,12.3,75.42
Ethiopia (former),1983,34.7449,194.83585,223.2804,1389.6927,1842.55385,1.89,10.57,12.12,75.42
Ethiopia (former),1984,33.220024,165.22263,205.61943,1239.1802,1643.242284,2.02,10.05,12.51,75.41
Ethiopia (former),1985,36.45065,159.58325,229.67738,1236.2598,1661.97108,2.19,9.6,13.82,74.39
Ethiopia (former),1986,41.135136,165.31343,238.82423,1309.8835,1755.1562959999999,2.34,9.42,13.61,74.63
Ethiopia (former),1987,31.541426,164.75453,207.49014,1294.6381,1698.424196,1.86,9.7,12.22,76.23
Ethiopia (former),1988,31.559374,169.40147,229.11592,1333.0945,1763.1712639999998,1.79,9.61,12.99,75.61
Ethiopia (former),1989,31.519112,163.30307,215.62906,1262.4043,1672.8555419999998,1.88,9.76,12.89,75.46
Ethiopia (former),1990,31.656527,160.06491,218.36002,1240.6833,1650.764757,1.92,9.7,13.23,75.16
Ethiopia (former),1991,29.556486,170.47311,218.62798,1241.2365,1659.894076,1.78,10.27,13.17,74.78
Ethiopia (former),1992,28.699614,162.10506,217.83255,1208.0939,1616.7311240000001,1.78,10.03,13.47,74.72
Fiji,1961,53.633595,149.0819,492.35638,1825.7072,2520.779075,2.13,5.91,19.53,72.43
Fiji,1962,53.24748,155.31169,528.6322,1845.7821,2582.97347,2.06,6.01,20.47,71.46
Fiji,1963,62.027733,160.48695,586.42706,1855.699,2664.640743,2.33,6.02,22.01,69.64
Fiji,1964,73.9973,159.22774,550.0309,1838.5027,2621.75864,2.82,6.07,20.98,70.12
Fiji,1965,68.656654,172.58429,564.974,1943.1936,2749.408544,2.5,6.28,20.55,70.68
Fiji,1966,65.836845,153.1235,548.4088,1784.7283,2552.0974450000003,2.58,6.0,21.49,69.93
Fiji,1967,69.18309,148.10971,538.3016,1727.2489,2482.8433,2.79,5.97,21.68,69.57
Fiji,1968,65.716095,152.64607,533.58606,1726.5542,2478.502425,2.65,6.16,21.53,69.66
Fiji,1969,70.43439,156.57745,517.299,1763.788,2508.09884,2.81,6.24,20.63,70.32
Fiji,1970,73.72429,118.688644,539.39575,1517.3511,2249.1597840000004,3.28,5.28,23.98,67.46
Fiji,1971,75.78552,155.07126,570.30865,1732.5172,2533.6826300000002,2.99,6.12,22.51,68.38
Fiji,1972,76.31229,155.8996,582.404,1661.3901,2476.00599,3.08,6.3,23.52,67.1
Fiji,1973,86.54965,148.0538,560.22473,1614.6128,2409.4409800000003,3.59,6.14,23.25,67.01
Fiji,1974,82.36184,134.97304,620.9995,1466.642,2304.97638,3.57,5.86,26.94,63.63
Fiji,1975,90.29747,136.02733,581.73334,1531.5399,2339.59804,3.86,5.81,24.86,65.46
Fiji,1976,89.662285,126.01729,663.9709,1406.0951,2285.745575,3.92,5.51,29.05,61.52
Fiji,1977,86.23446,132.69304,709.0334,1462.9946,2390.9555,3.61,5.55,29.65,61.19
Fiji,1978,99.90017,130.22844,723.5798,1432.3533,2386.06171,4.19,5.46,30.33,60.03
Fiji,1979,105.34267,135.31015,734.5507,1483.718,2458.92152,4.28,5.5,29.87,60.34
Fiji,1980,104.89491,143.71117,800.98596,1432.3142,2481.9062400000003,4.23,5.79,32.27,57.71
Fiji,1981,116.21375,105.16275,796.1177,1167.9897,2185.4839,5.32,4.81,36.43,53.44
Fiji,1982,113.32963,143.88419,725.60126,1475.3981,2458.21318,4.61,5.85,29.52,60.02
Fiji,1983,107.64663,141.76782,760.3983,1463.8352,2473.64795,4.35,5.73,30.74,59.18
Fiji,1984,109.99162,141.45177,738.25336,1534.2859,2523.98265,4.36,5.6,29.25,60.79
Fiji,1985,110.89445,135.33215,771.3815,1541.2675,2558.8756,4.33,5.29,30.15,60.23
Fiji,1986,113.12853,141.6826,694.8255,1493.9706,2443.60723,4.63,5.8,28.43,61.14
Fiji,1987,102.012215,137.06808,746.0726,1413.1538,2398.306695,4.25,5.72,31.11,58.92
Fiji,1988,106.58392,140.24402,822.45166,1375.2129,2444.4925,4.36,5.74,33.65,56.26
Fiji,1989,104.38379,140.92946,780.44073,1410.0315,2435.78548,4.29,5.79,32.04,57.89
Fiji,1990,117.04125,142.2345,819.3452,1447.3313,2525.9522500000003,4.63,5.63,32.44,57.3
Fiji,1991,120.14731,142.69849,853.4192,1449.9321,2566.1971000000003,4.68,5.56,33.26,56.5
Fiji,1992,112.59004,143.13449,864.0935,1475.134,2594.95203,4.34,5.52,33.3,56.85
Fiji,1993,121.36049,157.31773,906.0195,1541.71,2726.40772,4.45,5.77,33.23,56.55
Fiji,1994,113.5029,161.61826,841.5273,1578.2744,2694.9228599999997,4.21,6.0,31.23,58.56
Fiji,1995,119.620636,154.44199,869.2608,1520.7423,2664.065726,4.49,5.8,32.63,57.08
Fiji,1996,107.59084,158.41716,864.6823,1627.448,2758.1383,3.9,5.74,31.35,59.01
Fiji,1997,110.89024,164.67534,868.8225,1633.7269,2778.11498,3.99,5.93,31.27,58.81
Fiji,1998,109.42296,172.045,854.25305,1621.2854,2757.00641,3.97,6.24,30.98,58.81
Fiji,1999,112.73754,165.86584,860.6085,1611.3125,2750.52438,4.1,6.03,31.29,58.58
Fiji,2000,115.65001,166.0586,835.9132,1615.2953,2732.9171100000003,4.23,6.08,30.59,59.11
Fiji,2001,120.83568,166.92131,840.6791,1630.562,2758.99809,4.38,6.05,30.47,59.1
Fiji,2002,113.66738,169.35983,805.60046,1671.2681,2759.89577,4.12,6.14,29.19,60.56
Fiji,2003,120.57105,163.69142,800.528,1642.7712,2727.56167,4.42,6.0,29.35,60.23
Fiji,2004,124.47242,160.4053,815.403,1617.167,2717.44772,4.58,5.9,30.01,59.51
Fiji,2005,124.09136,161.65416,802.5693,1651.5702,2739.88502,4.53,5.9,29.29,60.28
Fiji,2006,123.02131,164.38802,802.01935,1653.1617,2742.59038,4.49,5.99,29.24,60.28
Fiji,2007,119.60566,155.43155,796.37274,1648.0841,2719.4940500000002,4.4,5.72,29.28,60.6
Fiji,2008,120.00177,161.93326,786.2994,1686.0884,2754.32283,4.36,5.88,28.55,61.22
Fiji,2009,113.41242,156.65114,800.44226,1668.0715,2738.5773200000003,4.14,5.72,29.23,60.91
Fiji,2010,106.98469,162.82353,705.1444,1702.9556,2677.9082200000003,4.0,6.08,26.33,63.59
Fiji,2011,120.7907,167.83339,707.8793,1725.5757,2722.07909,4.44,6.17,26.01,63.39
Fiji,2012,130.57365,158.61633,695.3108,1700.8535,2685.35428,4.86,5.91,25.89,63.34
Fiji,2013,111.769806,165.08278,685.0935,1728.634,2690.580086,4.15,6.14,25.46,64.25
Fiji,2014,131.71458,160.05316,747.4503,1716.251,2755.46904,4.78,5.81,27.13,62.29
Fiji,2015,126.41641,160.60675,688.0408,1756.5989,2731.66286,4.63,5.88,25.19,64.31
Fiji,2016,114.78588,156.87137,673.9974,1733.3489,2679.00355,4.28,5.86,25.16,64.7
Fiji,2017,152.49078,147.76921,777.859,1646.4381,2724.5570900000002,5.6,5.42,28.55,60.43
Fiji,2018,174.35364,156.6778,766.645,1688.8855,2786.56194,6.26,5.62,27.51,60.61
Fiji,2019,157.90251,164.64911,766.58215,1745.3105,2834.44427,5.57,5.81,27.05,61.58
Fiji,2020,143.57796,173.0742,755.20276,1806.344,2878.19892,4.99,6.01,26.24,62.76
Fiji,2021,148.71725,170.94818,789.5107,1812.8698,2922.04593,5.09,5.85,27.02,62.04
Fiji,2022,158.61281,176.65445,782.0206,1865.3289,2982.61676,5.32,5.92,26.22,62.54
Finland,1961,213.53795,168.79742,1071.5815,1812.6213,3266.53817,6.54,5.17,32.8,55.49
Finland,1962,210.79489,158.87674,1085.1173,1698.5281,3153.31703,6.68,5.04,34.41,53.86
Finland,1963,218.75908,158.2904,1098.6045,1596.7714,3072.42538,7.12,5.15,35.76,51.97
Finland,1964,217.81439,147.30153,1079.4584,1645.3601,3089.93442,7.05,4.77,34.93,53.25
Finland,1965,218.20297,147.62907,1089.6646,1668.0786,3123.57524,6.99,4.73,34.89,53.4
Finland,1966,219.66888,145.06058,1105.1278,1667.0879,3136.94516,7.0,4.62,35.23,53.14
Finland,1967,219.00047,137.36288,1098.525,1597.0676,3051.9559500000005,7.18,4.5,35.99,52.33
Finland,1968,219.92403,136.61946,1090.9624,1596.0854,3043.59129,7.23,4.49,35.84,52.44
Finland,1969,223.19876,140.22481,1124.8,1673.4937,3161.71727,7.06,4.44,35.58,52.93
Finland,1970,216.75453,139.10216,1112.6672,1659.9346,3128.45849,6.93,4.45,35.57,53.06
Finland,1971,227.3369,132.51295,1153.5543,1632.0243,3145.4284500000003,7.23,4.21,36.67,51.89
Finland,1972,228.63072,133.19771,1158.3215,1639.6316,3159.78153,7.24,4.22,36.66,51.89
Finland,1973,237.88043,132.44933,1179.7957,1650.0331,3200.15856,7.43,4.14,36.87,51.56
Finland,1974,235.12453,133.04784,1157.096,1628.8657,3154.13407,7.45,4.22,36.69,51.64
Finland,1975,245.75374,133.5166,1225.4988,1600.1494,3204.91854,7.67,4.17,38.24,49.93
Finland,1976,242.44756,130.20703,1209.7668,1564.7151,3147.13649,7.7,4.14,38.44,49.72
Finland,1977,241.98395,124.132286,1176.2363,1502.9487,3045.301236,7.95,4.08,38.62,49.35
Finland,1978,242.64777,132.49872,1147.1494,1517.2981,3039.59399,7.98,4.36,37.74,49.92
Finland,1979,245.6881,133.241,1160.9302,1467.2606,3007.1199,8.17,4.43,38.61,48.79
Finland,1980,242.58437,134.35135,1178.024,1538.8408,3093.80052,7.84,4.34,38.08,49.74
Finland,1981,237.8596,132.95331,1153.3689,1501.5762,3025.75801,7.86,4.39,38.12,49.63
Finland,1982,247.03696,134.69653,1213.7085,1513.0164,3108.45839,7.95,4.33,39.05,48.67
Finland,1983,233.58774,127.16799,1159.6234,1466.8892,2987.26833,7.82,4.26,38.82,49.1
Finland,1984,238.94424,134.84338,1126.3401,1500.1677,3000.29542,7.96,4.49,37.54,50.0
Finland,1985,234.62956,132.59412,1111.7206,1483.924,2962.86828,7.92,4.48,37.52,50.08
Finland,1986,241.3772,132.39526,1144.6406,1447.2725,2965.68556,8.14,4.46,38.6,48.8
Finland,1987,243.19601,131.8079,1107.4447,1462.409,2944.85761,8.26,4.48,37.61,49.66
Finland,1988,253.23734,141.87537,1127.8551,1578.3887,3101.35651,8.17,4.57,36.37,50.89
Finland,1989,254.50058,149.62617,1184.3403,1641.865,3230.33205,7.88,4.63,36.66,50.83
Finland,1990,248.54343,147.37389,1116.0151,1633.3639,3145.2963200000004,7.9,4.69,35.48,51.93
Finland,1991,243.16493,143.94086,1117.3499,1599.5438,3103.9994899999997,7.83,4.64,36.0,51.53
Finland,1992,245.89331,145.15533,1165.3868,1629.073,3185.50844,7.72,4.56,36.58,51.14
Finland,1993,233.86368,133.61356,1125.6562,1541.5403,3034.6737399999997,7.71,4.4,37.09,50.8
Finland,1994,245.68364,133.81662,1096.5807,1511.504,2987.58496,8.22,4.48,36.7,50.59
Finland,1995,255.24675,135.52359,1151.2205,1489.0493,3031.04014,8.42,4.47,37.98,49.13
Finland,1996,257.26712,139.23631,1117.8215,1503.4622,3017.7871299999997,8.53,4.61,37.04,49.82
Finland,1997,255.69585,150.5929,1170.0756,1574.324,3150.68835,8.12,4.78,37.14,49.97
Finland,1998,264.01407,147.58551,1203.1819,1561.9465,3176.72798,8.31,4.65,37.87,49.17
Finland,1999,248.49739,155.82582,1152.5251,1615.8628,3172.71111,7.83,4.91,36.33,50.93
Finland,2000,251.8729,152.7957,1106.4288,1639.8137,3150.9111,7.99,4.85,35.11,52.04
Finland,2001,254.32388,154.72235,1138.5173,1623.5248,3171.0883299999996,8.02,4.88,35.9,51.2
Finland,2002,255.89545,152.54536,1147.21,1596.0067,3151.65751,8.12,4.84,36.4,50.64
Finland,2003,260.2042,157.00253,1133.8383,1603.0059,3154.05093,8.25,4.98,35.95,50.82
Finland,2004,259.71527,161.51707,1134.6094,1632.1005,3187.9422400000003,8.15,5.07,35.59,51.2
Finland,2005,258.43817,165.47884,1147.7618,1629.3389,3201.01771,8.07,5.17,35.86,50.9
Finland,2006,260.08896,172.53902,1162.2976,1643.1821,3238.10768,8.03,5.33,35.89,50.75
Finland,2007,271.69116,170.50742,1185.687,1655.1827,3283.06828,8.28,5.19,36.12,50.42
Finland,2008,275.1214,172.31119,1186.2509,1605.1182,3238.80169,8.49,5.32,36.63,49.56
Finland,2009,271.9446,168.00348,1180.9591,1615.2819,3236.18908,8.4,5.19,36.49,49.91
Finland,2010,292.39813,168.83893,1105.823,1591.1499,3158.20996,9.26,5.35,35.01,50.38
Finland,2011,299.5191,166.8395,1144.8866,1571.2754,3182.5206,9.41,5.24,35.97,49.37
Finland,2012,304.1164,167.59802,1191.4958,1593.0413,3256.25152,9.34,5.15,36.59,48.92
Finland,2013,305.83118,166.31522,1191.9257,1572.5547,3236.6268,9.45,5.14,36.83,48.59
Finland,2014,312.74918,167.19421,1178.1493,1573.7754,3231.86809,9.68,5.17,36.45,48.7
Finland,2015,311.5484,167.51376,1160.7767,1588.8011,3228.6399599999995,9.65,5.19,35.95,49.21
Finland,2016,312.30853,168.5538,1177.2467,1600.6113,3258.72033,9.58,5.17,36.13,49.12
Finland,2017,314.6278,169.07344,1170.4045,1605.6179,3259.72364,9.65,5.19,35.91,49.26
Finland,2018,321.70688,168.43314,1204.9608,1613.3644,3308.46522,9.72,5.09,36.42,48.76
Finland,2019,313.0302,174.27454,1152.5039,1693.5669,3333.37554,9.39,5.23,34.57,50.81
Finland,2020,310.955,181.23709,1149.3716,1711.3723,3352.93599,9.27,5.41,34.28,51.04
Finland,2021,320.54883,178.27806,1140.7037,1688.616,3328.1465900000003,9.63,5.36,34.27,50.74
Finland,2022,311.31845,187.59492,1135.3593,1726.1399,3360.41257,9.26,5.58,33.79,51.37
France,1961,226.59305,180.3657,949.34985,1798.6096,3154.9182,7.18,5.72,30.09,57.01
France,1962,230.07463,181.16988,977.9958,1843.9513,3233.19161,7.12,5.6,30.25,57.03
France,1963,232.97745,178.1827,990.5231,1821.5972,3223.28045,7.23,5.53,30.73,56.51
France,1964,235.41544,171.10214,998.62585,1814.5205,3219.66393,7.31,5.31,31.02,56.36
France,1965,238.85468,171.27472,1051.6681,1777.8721,3239.6696,7.37,5.29,32.46,54.88
France,1966,239.88162,167.10269,1053.3788,1768.3496,3228.71271,7.43,5.18,32.63,54.77
France,1967,248.53075,160.1794,1094.9269,1782.9685,3286.6055499999998,7.56,4.87,33.31,54.25
France,1968,256.9997,160.93027,1133.9635,1732.2141,3284.10757,7.83,4.9,34.53,52.75
France,1969,256.8328,156.85117,1135.8612,1733.8912,3283.4363700000004,7.82,4.78,34.59,52.81
France,1970,262.19626,155.34598,1136.4166,1744.948,3298.90684,7.95,4.71,34.45,52.89
France,1971,262.39587,148.71625,1143.6521,1721.6965,3276.46072,8.01,4.54,34.91,52.55
France,1972,263.29105,147.06995,1153.3333,1679.5767,3243.271,8.12,4.53,35.56,51.79
France,1973,265.46844,144.53993,1149.3795,1700.0991,3259.48697,8.14,4.43,35.26,52.16
France,1974,266.1459,145.2758,1164.0441,1691.942,3267.4078,8.15,4.45,35.63,51.78
France,1975,267.6267,145.24304,1173.7844,1658.0946,3244.74874,8.25,4.48,36.17,51.1
France,1976,275.5478,142.76526,1216.9625,1648.1649,3283.44046,8.39,4.35,37.06,50.2
France,1977,283.81183,150.92535,1249.9144,1659.5974,3344.24898,8.49,4.51,37.38,49.63
France,1978,290.68753,148.98938,1292.0492,1655.5287,3387.2548100000004,8.58,4.4,38.14,48.88
France,1979,301.49274,147.66338,1312.9348,1620.193,3382.28392,8.91,4.37,38.82,47.9
France,1980,301.47992,148.03995,1330.3796,1595.0994,3374.99887,8.93,4.39,39.42,47.26
France,1981,303.4692,147.73843,1354.8217,1607.6991,3413.72843,8.89,4.33,39.69,47.1
France,1982,300.85562,151.42613,1334.0834,1626.9126,3413.27775,8.81,4.44,39.09,47.66
France,1983,301.85672,152.78526,1347.6632,1647.9425,3450.24768,8.75,4.43,39.06,47.76
France,1984,304.06717,150.17586,1356.8862,1628.653,3439.78223,8.84,4.37,39.45,47.35
France,1985,314.139,152.01434,1384.3136,1632.2362,3482.70314,9.02,4.36,39.75,46.87
France,1986,309.6644,151.5345,1384.406,1613.9464,3459.5513,8.95,4.38,40.02,46.65
France,1987,311.0328,151.89882,1443.8081,1621.9097,3528.6494199999997,8.81,4.3,40.92,45.96
France,1988,308.26712,156.5909,1454.6293,1636.6727,3556.1600200000003,8.67,4.4,40.9,46.02
France,1989,307.03006,156.90872,1471.0193,1614.4131,3549.37118,8.65,4.42,41.44,45.48
France,1990,306.90155,154.84724,1444.885,1590.4961,3497.12989,8.78,4.43,41.32,45.48
France,1991,317.87402,154.29114,1466.9521,1591.1549,3530.27216,9.0,4.37,41.55,45.07
France,1992,308.5985,150.9917,1476.204,1599.8583,3535.6525,8.73,4.27,41.75,45.25
France,1993,298.3219,156.13295,1468.5721,1605.801,3528.82795,8.45,4.42,41.62,45.51
France,1994,298.20767,150.81767,1466.3171,1584.074,3499.41644,8.52,4.31,41.9,45.27
France,1995,305.23627,153.31593,1474.674,1589.6111,3522.8373,8.66,4.35,41.86,45.12
France,1996,304.73843,153.0074,1457.7484,1593.5847,3509.0789299999997,8.68,4.36,41.54,45.41
France,1997,307.7266,153.3646,1490.4274,1586.3601,3537.8787,8.7,4.33,42.13,44.84
France,1998,312.2797,155.66101,1507.4298,1608.9031,3584.2736099999997,8.71,4.34,42.06,44.89
France,1999,309.167,156.77646,1510.2992,1616.2585,3592.50116,8.61,4.36,42.04,44.99
France,2000,310.14227,157.51996,1521.8733,1599.0604,3588.5959300000004,8.64,4.39,42.41,44.56
France,2001,316.4256,157.47655,1534.4114,1613.2095,3621.52305,8.74,4.35,42.37,44.55
France,2002,314.41806,158.86136,1532.9523,1632.848,3639.0797199999997,8.64,4.37,42.12,44.87
France,2003,306.72028,156.6087,1510.3732,1600.675,3574.37718,8.58,4.38,42.26,44.78
France,2004,296.12408,158.99121,1451.8319,1638.0459,3544.99309,8.35,4.48,40.95,46.21
France,2005,287.67737,156.18253,1461.8181,1621.9893,3527.6673,8.15,4.43,41.44,45.98
France,2006,283.38162,159.07326,1460.9025,1598.0483,3501.40568,8.09,4.54,41.72,45.64
France,2007,284.94595,155.88525,1438.5707,1574.3076,3453.7095,8.25,4.51,41.65,45.58
France,2008,284.08844,164.60231,1500.5215,1588.9406,3538.15285,8.03,4.65,42.41,44.91
France,2009,284.3724,158.84833,1480.8472,1593.7153,3517.78323,8.08,4.52,42.1,45.3
France,2010,312.25577,161.95708,1367.7535,1660.2471,3502.21345,8.92,4.62,39.05,47.41
France,2011,307.50507,160.15479,1335.549,1685.9393,3489.1481599999997,8.81,4.59,38.28,48.32
France,2012,302.82117,161.11867,1334.6935,1654.4497,3453.08304,8.77,4.67,38.65,47.91
France,2013,302.80792,160.25685,1326.0732,1669.0145,3458.15247,8.76,4.63,38.35,48.26
France,2014,299.79526,157.19101,1267.6917,1698.8167,3423.49467,8.76,4.59,37.03,49.62
France,2015,299.8798,161.755,1264.4432,1684.7354,3410.8134,8.79,4.74,37.07,49.39
France,2016,303.4358,162.45377,1274.1471,1713.5704,3453.60707,8.79,4.7,36.89,49.62
France,2017,304.03354,168.56255,1288.4778,1696.0206,3457.09449,8.79,4.88,37.27,49.06
France,2018,303.96814,166.77829,1352.8467,1618.858,3442.4511300000004,8.83,4.84,39.3,47.03
France,2019,313.60507,160.09457,1341.8258,1648.2295,3463.75494,9.05,4.62,38.74,47.59
France,2020,312.10175,161.66675,1321.2471,1694.1255,3489.1411000000003,8.94,4.63,37.87,48.55
France,2021,310.5314,166.51514,1330.422,1685.8046,3493.2731400000002,8.89,4.77,38.09,48.26
France,2022,305.4773,160.30537,1357.447,1682.251,3505.48067,8.71,4.57,38.72,47.99
French Polynesia,1961,115.37148,145.1154,523.8666,1682.5703,2466.92378,4.68,5.88,21.24,68.21
French Polynesia,1962,122.27915,138.41614,581.97174,1625.061,2467.7280299999998,4.96,5.61,23.58,65.85
French Polynesia,1963,113.07643,139.49326,530.1404,1668.8956,2451.6056900000003,4.61,5.69,21.62,68.07
French Polynesia,1964,119.63922,138.9972,613.8784,1638.3958,2510.91062,4.76,5.54,24.45,65.25
French Polynesia,1965,127.0692,150.01062,650.63385,1672.574,2600.28767,4.89,5.77,25.02,64.32
French Polynesia,1966,149.94168,158.14804,664.3624,1779.566,2752.0181199999997,5.45,5.75,24.14,64.66
French Polynesia,1967,156.18552,146.80115,685.1369,1766.8315,2754.95507,5.67,5.33,24.87,64.13
French Polynesia,1968,158.56139,148.52538,685.8013,1731.1749,2724.06297,5.82,5.45,25.18,63.55
French Polynesia,1969,147.48297,144.06126,719.2273,1716.8662,2727.63773,5.41,5.28,26.37,62.94
French Polynesia,1970,150.43825,144.6863,735.8619,1768.74,2799.72645,5.37,5.17,26.28,63.18
French Polynesia,1971,143.13086,144.90985,738.5008,1666.1442,2692.6857099999997,5.32,5.38,27.43,61.88
French Polynesia,1972,152.57794,143.35896,763.9937,1675.7428,2735.6734,5.58,5.24,27.93,61.26
French Polynesia,1973,158.35747,142.96375,772.37067,1660.8824,2734.57429,5.79,5.23,28.24,60.74
French Polynesia,1974,140.49889,145.15373,743.3504,1728.0259,2757.02892,5.1,5.26,26.96,62.68
French Polynesia,1975,151.83023,143.50166,793.4723,1688.3242,2777.12839,5.47,5.17,28.57,60.79
French Polynesia,1976,153.45221,143.24551,811.69525,1687.6904,2796.08337,5.49,5.12,29.03,60.36
French Polynesia,1977,144.20851,143.81769,784.0898,1670.386,2742.502,5.26,5.24,28.59,60.91
French Polynesia,1978,154.35446,142.31319,806.21075,1632.7145,2735.5929,5.64,5.2,29.47,59.68
French Polynesia,1979,161.18625,144.3459,830.2799,1600.7456,2736.5576499999997,5.89,5.27,30.34,58.49
French Polynesia,1980,147.65376,141.00758,757.9255,1593.4187,2640.00554,5.59,5.34,28.71,60.36
French Polynesia,1981,151.79736,137.69196,797.3419,1535.19,2622.02122,5.79,5.25,30.41,58.55
French Polynesia,1982,149.43484,139.03703,808.21796,1554.9475,2651.6373299999996,5.64,5.24,30.48,58.64
French Polynesia,1983,152.12276,141.29552,810.3611,1552.762,2656.5413799999997,5.73,5.32,30.5,58.45
French Polynesia,1984,155.47041,139.05238,849.8073,1533.2373,2677.56739,5.81,5.19,31.74,57.26
French Polynesia,1985,158.40868,139.10564,858.5402,1521.8063,2677.86082,5.92,5.19,32.06,56.83
French Polynesia,1986,169.37936,144.20712,881.41656,1507.3872,2702.3902399999997,6.27,5.34,32.62,55.78
French Polynesia,1987,167.72784,141.96242,855.06805,1490.4401,2655.19841,6.32,5.35,32.2,56.13
French Polynesia,1988,178.35074,139.99365,877.141,1490.4846,2685.9699899999996,6.64,5.21,32.66,55.49
French Polynesia,1989,178.17854,135.06268,880.70667,1491.5599,2685.5077899999997,6.63,5.03,32.79,55.54
French Polynesia,1990,184.03416,139.75555,870.57605,1495.8218,2690.1875600000003,6.84,5.2,32.36,55.6
French Polynesia,1991,216.70781,137.08102,845.7381,1495.2197,2694.74663,8.04,5.09,31.38,55.49
French Polynesia,1992,214.22452,132.00046,902.25507,1494.2219,2742.70195,7.81,4.81,32.9,54.48
French Polynesia,1993,216.35997,136.82951,887.4973,1485.0779,2725.76468,7.94,5.02,32.56,54.48
French Polynesia,1994,222.8834,134.93985,919.39404,1475.8657,2753.08299,8.1,4.9,33.4,53.61
French Polynesia,1995,234.59581,129.49626,949.03253,1447.0355,2760.1601,8.5,4.69,34.38,52.43
French Polynesia,1996,230.3668,131.91016,937.51404,1473.3918,2773.1828000000005,8.31,4.76,33.81,53.13
French Polynesia,1997,228.7668,129.57846,913.1995,1475.065,2746.6097600000003,8.33,4.72,33.25,53.7
French Polynesia,1998,237.111,133.79108,917.98254,1447.8401,2736.7247199999997,8.66,4.89,33.54,52.9
French Polynesia,1999,233.27875,129.85757,953.9273,1418.1798,2735.24342,8.53,4.75,34.88,51.85
French Polynesia,2000,239.10464,127.501434,1012.95,1386.8544,2766.4104740000002,8.64,4.61,36.62,50.13
French Polynesia,2001,247.11264,129.56033,1044.6395,1383.1948,2804.50727,8.81,4.62,37.25,49.32
French Polynesia,2002,256.2593,128.20877,1068.8778,1384.0198,2837.36567,9.03,4.52,37.67,48.78
French Polynesia,2003,254.3046,131.6256,1062.4264,1390.9955,2839.3521,8.96,4.64,37.42,48.99
French Polynesia,2004,263.34537,127.926384,1110.3451,1368.2483,2869.865154,9.18,4.46,38.69,47.68
French Polynesia,2005,256.8505,131.68797,1078.2593,1392.9933,2859.79107,8.98,4.6,37.7,48.71
French Polynesia,2006,250.05278,130.22192,1072.2135,1393.2981,2845.7863,8.79,4.58,37.68,48.96
French Polynesia,2007,266.35837,131.1687,1085.9188,1367.2874,2850.7332699999997,9.34,4.6,38.09,47.96
French Polynesia,2008,258.00244,130.589,1081.7991,1388.5714,2858.96194,9.02,4.57,37.84,48.57
French Polynesia,2009,258.45407,129.38438,1114.8044,1367.102,2869.74485,9.01,4.51,38.85,47.64
French Polynesia,2010,285.64557,155.03238,1108.3976,1458.6993,3007.77485,9.5,5.15,36.85,48.5
French Polynesia,2011,288.4211,153.6398,1109.5519,1456.4175,3008.0303,9.59,5.11,36.89,48.42
French Polynesia,2012,287.93192,155.21788,1093.5366,1461.0929,2997.7793,9.6,5.18,36.48,48.74
French Polynesia,2013,287.8025,154.6802,1111.7534,1444.6641,2998.9002,9.6,5.16,37.07,48.17
French Polynesia,2014,289.46616,153.01973,1108.5957,1417.3206,2968.4021900000002,9.75,5.15,37.35,47.75
French Polynesia,2015,289.15805,153.33821,1110.7462,1415.217,2968.45946,9.74,5.17,37.42,47.68
French Polynesia,2016,283.51398,149.91747,1087.2803,1411.4285,2932.14025,9.67,5.11,37.08,48.14
French Polynesia,2017,277.1367,152.85353,1064.4253,1430.1216,2924.53713,9.48,5.23,36.4,48.9
French Polynesia,2018,291.16797,151.34947,1083.6465,1413.4388,2939.6027400000003,9.91,5.15,36.86,48.08
French Polynesia,2019,285.29108,154.78513,1091.6929,1497.4021,3029.1712100000004,9.42,5.11,36.04,49.43
French Polynesia,2020,288.6759,159.32764,1154.1086,1494.1345,3096.2466400000003,9.32,5.15,37.27,48.26
French Polynesia,2021,288.7192,161.87752,1161.6254,1526.502,3138.72412,9.2,5.16,37.01,48.63
French Polynesia,2022,299.97052,160.82335,1173.2676,1512.6575,3146.71897,9.53,5.11,37.29,48.07
Gabon,1961,116.159645,86.555664,210.59283,1443.2622,1856.5703389999999,6.26,4.66,11.34,77.74
Gabon,1962,117.7094,88.05889,216.64465,1446.2673,1868.6802400000001,6.3,4.71,11.59,77.4
Gabon,1963,121.723854,84.826065,224.85316,1392.1632,1823.566279,6.68,4.65,12.33,76.34
Gabon,1964,122.77415,84.71066,224.2444,1385.0251,1816.75431,6.76,4.66,12.34,76.24
Gabon,1965,122.70698,85.81698,224.29083,1397.0774,1829.89219,6.71,4.69,12.26,76.35
Gabon,1966,124.233185,88.02294,233.06918,1418.9935,1864.3188049999999,6.66,4.72,12.5,76.11
Gabon,1967,121.1564,91.024445,248.20561,1452.8162,1913.202655,6.33,4.76,12.97,75.94
Gabon,1968,125.3978,90.95783,274.85812,1473.6808,1964.89455,6.38,4.63,13.99,75.0
Gabon,1969,127.02779,90.54192,291.511,1410.147,1919.22771,6.62,4.72,15.19,73.47
Gabon,1970,125.78525,92.25306,295.9176,1413.7891,1927.74501,6.52,4.79,15.35,73.34
Gabon,1971,122.03567,90.22262,307.21335,1437.7229,1957.19454,6.24,4.61,15.7,73.46
Gabon,1972,121.195145,87.210045,310.3901,1404.2019,1922.99719,6.3,4.54,16.14,73.02
Gabon,1973,121.465675,82.5888,277.45474,1427.8998,1909.409015,6.36,4.33,14.53,74.78
Gabon,1974,122.04751,99.88914,308.31506,1536.5554,2066.8071099999997,5.91,4.83,14.92,74.34
Gabon,1975,137.51526,102.79392,354.23978,1558.4083,2152.95726,6.39,4.77,16.45,72.38
Gabon,1976,127.51719,107.27388,339.0558,1598.0096,2171.85647,5.87,4.94,15.61,73.58
Gabon,1977,138.8834,113.55738,348.92554,1627.8312,2229.19752,6.23,5.09,15.65,73.02
Gabon,1978,144.40707,114.86306,406.38605,1619.3275,2284.9836800000003,6.32,5.03,17.79,70.87
Gabon,1979,149.58897,110.50997,374.196,1574.3102,2208.6051399999997,6.77,5.0,16.94,71.28
Gabon,1980,155.22148,110.20725,367.58386,1572.0638,2205.07639,7.04,5.0,16.67,71.29
Gabon,1981,162.77943,103.90424,372.01328,1565.2441,2203.94105,7.39,4.71,16.88,71.02
Gabon,1982,167.6604,107.91445,409.38376,1592.7836,2277.74221,7.36,4.74,17.97,69.93
Gabon,1983,158.85745,114.88936,386.75098,1673.2527,2333.75049,6.81,4.92,16.57,71.7
Gabon,1984,172.48251,115.181274,432.97162,1675.5593,2396.1947039999995,7.2,4.81,18.07,69.93
Gabon,1985,177.29208,121.10009,366.80023,1708.6393,2373.8316999999997,7.47,5.1,15.45,71.98
Gabon,1986,163.61833,124.90213,363.19568,1732.3761,2384.09224,6.86,5.24,15.23,72.66
Gabon,1987,161.8339,124.46687,389.86905,1663.0833,2339.2531200000003,6.92,5.32,16.67,71.09
Gabon,1988,156.30112,132.47098,396.46008,1711.2566,2396.4887799999997,6.52,5.53,16.54,71.41
Gabon,1989,140.53267,127.06062,460.91714,1651.2686,2379.77903,5.91,5.34,19.37,69.39
Gabon,1990,127.11499,127.46156,394.31256,1618.3096,2267.19871,5.61,5.62,17.39,71.38
Gabon,1991,144.85593,142.31459,431.18896,1744.0757,2462.4351800000004,5.88,5.78,17.51,70.83
Gabon,1992,151.47545,134.8116,424.11972,1693.9197,2404.32647,6.3,5.61,17.64,70.45
Gabon,1993,165.60739,134.62576,456.35367,1683.4572,2440.0440200000003,6.79,5.52,18.7,68.99
Gabon,1994,151.71619,133.55487,430.0132,1653.9585,2369.24276,6.4,5.64,18.15,69.81
Gabon,1995,154.1195,142.38843,430.6269,1721.9689,2449.10373,6.29,5.81,17.58,70.31
Gabon,1996,150.8744,147.33165,438.5004,1799.0461,2535.75255,5.95,5.81,17.29,70.95
Gabon,1997,148.86673,145.13255,439.06445,1794.2446,2527.30833,5.89,5.74,17.37,70.99
Gabon,1998,156.40977,147.24094,460.96582,1796.3048,2560.92133,6.11,5.75,18.0,70.14
Gabon,1999,151.56572,151.37329,501.74872,1803.8362,2608.52393,5.81,5.8,19.23,69.15
Gabon,2000,147.13576,155.28647,492.73373,1815.3793,2610.53526,5.64,5.95,18.87,69.54
Gabon,2001,146.43504,151.07343,490.16446,1795.0653,2582.73823,5.67,5.85,18.98,69.5
Gabon,2002,124.19317,153.31169,474.523,1773.8701,2525.8979600000002,4.92,6.07,18.79,70.23
Gabon,2003,130.6571,150.64983,476.65472,1775.3999,2533.3615499999996,5.16,5.95,18.82,70.08
Gabon,2004,144.86052,150.77318,467.49924,1772.4945,2535.62744,5.71,5.95,18.44,69.9
Gabon,2005,150.54036,153.74416,482.46222,1771.5724,2558.31914,5.88,6.01,18.86,69.25
Gabon,2006,156.89996,149.85503,498.04593,1739.5867,2544.38762,6.17,5.89,19.57,68.37
Gabon,2007,150.6324,148.80994,485.62213,1735.7039,2520.76837,5.98,5.9,19.26,68.86
Gabon,2008,137.67572,150.92654,426.86856,1732.6102,2448.08102,5.62,6.17,17.44,70.77
Gabon,2009,140.86325,148.68898,418.88715,1759.0442,2467.48358,5.71,6.03,16.98,71.29
Gabon,2010,173.23737,170.84953,505.83282,1842.2041,2692.12382,6.43,6.35,18.79,68.43
Gabon,2011,188.11928,172.3631,523.71405,1854.4548,2738.65123,6.87,6.29,19.12,67.71
Gabon,2012,188.99535,179.56747,524.4114,1864.1166,2757.09082,6.85,6.51,19.02,67.61
Gabon,2013,191.9524,175.04817,527.9188,1846.4381,2741.35747,7.0,6.39,19.26,67.35
Gabon,2014,199.9922,174.18289,533.7334,1831.7239,2739.6323899999998,7.3,6.36,19.48,66.86
Gabon,2015,207.52988,176.12209,564.1771,1788.0568,2735.88587,7.59,6.44,20.62,65.36
Gabon,2016,184.91483,172.20044,507.15494,1796.2443,2660.51451,6.95,6.47,19.06,67.51
Gabon,2017,183.13681,169.5623,541.1943,1718.0189,2611.91231,7.01,6.49,20.72,65.78
Gabon,2018,182.9096,173.91275,503.39774,1770.3391,2630.55919,6.95,6.61,19.14,67.3
Gabon,2019,169.79713,165.7619,508.44196,1732.6074,2576.6083900000003,6.59,6.43,19.73,67.24
Gabon,2020,177.91841,171.67981,485.15933,1749.9456,2584.7031500000003,6.88,6.64,18.77,67.7
Gabon,2021,174.19827,172.9768,485.1231,1714.6968,2546.9949699999997,6.84,6.79,19.05,67.32
Gabon,2022,168.53732,172.31143,468.28372,1698.8676,2508.00007,6.72,6.87,18.67,67.74
Gambia,1961,37.83867,157.1448,436.22342,1276.4004,1907.60729,1.98,8.24,22.87,66.91
Gambia,1962,39.997143,156.7347,430.55426,1273.8212,1901.1073030000002,2.1,8.24,22.65,67.0
Gambia,1963,39.64607,160.13406,442.6123,1264.2229,1906.61533,2.08,8.4,23.21,66.31
Gambia,1964,38.996956,159.015,465.71982,1230.0245,1893.756276,2.06,8.4,24.59,64.95
Gambia,1965,40.706104,157.19524,501.08618,1316.9674,2015.9549240000001,2.02,7.8,24.86,65.33
Gambia,1966,38.320328,157.74039,482.3658,1258.5266,1936.953118,1.98,8.14,24.9,64.97
Gambia,1967,38.391174,152.94269,476.21814,1304.7384,1972.2904039999999,1.95,7.75,24.15,66.15
Gambia,1968,41.32423,154.2863,471.2459,1319.3904,1986.24683,2.08,7.77,23.73,66.43
Gambia,1969,38.310482,156.3232,458.87842,1328.773,1982.2851019999998,1.93,7.89,23.15,67.03
Gambia,1970,41.078194,155.20325,412.92285,1298.8506,1908.0548939999999,2.15,8.13,21.64,68.07
Gambia,1971,40.528934,155.90677,413.80963,1328.3546,1938.5999339999998,2.09,8.04,21.35,68.52
Gambia,1972,38.695564,152.14781,401.29968,1184.3972,1776.540254,2.18,8.56,22.59,66.67
Gambia,1973,42.834938,150.67618,409.72473,1165.8472,1769.083048,2.42,8.52,23.16,65.9
Gambia,1974,42.572983,139.95137,414.7,1080.4397,1677.664053,2.54,8.34,24.72,64.4
Gambia,1975,41.008476,125.91045,398.9826,987.3718,1553.273326,2.64,8.11,25.69,63.57
Gambia,1976,41.294895,123.4049,418.8433,996.2864,1579.829495,2.61,7.81,26.51,63.06
Gambia,1977,40.074955,113.96743,392.98758,1014.7649,1561.7948649999998,2.57,7.3,25.16,64.97
Gambia,1978,40.2582,120.093414,366.00226,1087.2098,1613.563674,2.49,7.44,22.68,67.38
Gambia,1979,35.283115,120.166145,333.3491,1118.4493,1607.24766,2.2,7.48,20.74,69.59
Gambia,1980,37.600243,127.96266,300.55658,1191.371,1657.490483,2.27,7.72,18.13,71.88
Gambia,1981,46.61131,120.14759,370.6411,1184.3094,1721.7094000000002,2.71,6.98,21.53,68.79
Gambia,1982,34.257236,129.95409,371.83658,1219.974,1756.021906,1.95,7.4,21.17,69.47
Gambia,1983,43.23589,132.24896,384.09128,1261.6509,1821.22703,2.37,7.26,21.09,69.27
Gambia,1984,40.586536,126.92208,373.45557,1311.7179,1852.6820860000003,2.19,6.85,20.16,70.8
Gambia,1985,43.94574,146.46307,361.8364,1469.4293,2021.67451,2.17,7.24,17.9,72.68
Gambia,1986,40.804947,155.5324,380.91196,1616.5742,2193.823507,1.86,7.09,17.36,73.69
Gambia,1987,41.484116,143.96819,406.85345,1564.8337,2157.139456,1.92,6.67,18.86,72.54
Gambia,1988,41.81449,144.66493,388.68707,1559.8752,2135.04169,1.96,6.78,18.21,73.06
Gambia,1989,43.522045,140.74103,388.09192,1527.0872,2099.442195,2.07,6.7,18.49,72.74
Gambia,1990,42.29132,147.56749,448.9366,1554.0234,2192.8188099999998,1.93,6.73,20.47,70.87
Gambia,1991,48.627377,148.4015,432.36606,1567.2922,2196.687137,2.21,6.76,19.68,71.35
Gambia,1992,35.8624,148.58258,519.329,1433.2556,2137.02958,1.68,6.95,24.3,67.07
Gambia,1993,38.748253,137.82434,542.41614,1373.6204,2092.609133,1.85,6.59,25.92,65.64
Gambia,1994,38.938744,136.21799,468.55777,1367.4445,2011.159004,1.94,6.77,23.3,67.99
Gambia,1995,36.526226,135.00874,467.1512,1379.0251,2017.711266,1.81,6.69,23.15,68.35
Gambia,1996,44.130825,134.71693,463.4242,1371.4075,2013.679455,2.19,6.69,23.01,68.1
Gambia,1997,44.714706,139.6661,517.5862,1382.25,2084.217006,2.15,6.7,24.83,66.32
Gambia,1998,41.91749,131.27412,604.9754,1205.7253,1983.8923100000002,2.11,6.62,30.49,60.78
Gambia,1999,50.627476,145.00626,580.6317,1340.5159,2116.781336,2.39,6.85,27.43,63.33
Gambia,2000,46.928482,152.74562,573.2522,1414.7046,2187.630902,2.15,6.98,26.2,64.67
Gambia,2001,46.95176,149.63542,625.5347,1314.4036,2136.5254800000002,2.2,7.0,29.28,61.52
Gambia,2002,48.751156,151.01965,578.2476,1311.4387,2089.457106,2.33,7.23,27.67,62.76
Gambia,2003,52.161705,152.62001,611.8312,1282.682,2099.294915,2.48,7.27,29.14,61.1
Gambia,2004,51.82477,146.51059,638.5884,1279.5121,2116.43586,2.45,6.92,30.17,60.46
Gambia,2005,50.687557,146.58014,609.492,1298.3256,2105.0852969999996,2.41,6.96,28.95,61.68
Gambia,2006,52.91259,146.33043,567.42786,1304.385,2071.05588,2.55,7.07,27.4,62.98
Gambia,2007,56.112286,154.82834,559.1745,1425.0527,2195.167826,2.56,7.05,25.47,64.92
Gambia,2008,54.51539,163.8934,540.4836,1488.5653,2247.45769,2.43,7.29,24.05,66.23
Gambia,2009,53.27545,163.8629,547.2043,1515.784,2280.12665,2.34,7.19,24.0,66.48
Gambia,2010,72.92277,182.80971,604.26746,1818.5645,2678.56444,2.72,6.82,22.56,67.89
Gambia,2011,66.23978,176.5588,651.73047,1760.8032,2655.33225,2.49,6.65,24.54,66.31
Gambia,2012,59.881996,177.10382,657.78394,1747.9169,2642.686656,2.27,6.7,24.89,66.14
Gambia,2013,60.197624,171.38142,665.76953,1711.5719,2608.920474,2.31,6.57,25.52,65.6
Gambia,2014,73.05882,167.84113,640.14465,1681.0004,2562.045,2.85,6.55,24.99,65.61
Gambia,2015,74.021126,177.53725,582.962,1742.5859,2577.106276,2.87,6.89,22.62,67.62
Gambia,2016,75.69342,175.29216,565.5394,1739.8427,2556.36768,2.96,6.86,22.12,68.06
Gambia,2017,79.3809,177.83437,559.15344,1752.3882,2568.75691,3.09,6.92,21.77,68.22
Gambia,2018,75.19432,167.0985,508.66208,1736.2758,2487.2307,3.02,6.72,20.45,69.81
Gambia,2019,84.75963,167.06837,536.37524,1738.6957,2526.89894,3.35,6.61,21.23,68.81
Gambia,2020,78.57968,164.40341,526.9136,1726.7168,2496.6134899999997,3.15,6.59,21.11,69.16
Gambia,2021,77.8459,173.07288,546.48926,1695.5363,2492.94434,3.12,6.94,21.92,68.01
Gambia,2022,80.79718,160.97852,546.6742,1728.5176,2516.9674999999997,3.21,6.4,21.72,68.67
Georgia,1992,73.31117,163.22339,286.09534,1424.2563,1946.8862,3.77,8.38,14.7,73.16
Georgia,1993,64.6743,167.1632,269.12463,1440.4843,1941.44643,3.33,8.61,13.86,74.2
Georgia,1994,62.81749,175.04706,301.9899,1459.72,1999.57445,3.14,8.75,15.1,73.0
Georgia,1995,90.85383,208.41245,397.6398,1759.5625,2456.4685799999997,3.7,8.48,16.19,71.63
Georgia,1996,93.937294,210.4776,389.4043,1943.8903,2637.7094939999997,3.56,7.98,14.76,73.7
Georgia,1997,104.36676,219.97108,399.92932,2051.5786,2775.84576,3.76,7.92,14.41,73.91
Georgia,1998,107.34569,220.2159,464.4103,1976.6628,2768.63469,3.88,7.95,16.77,71.39
Georgia,1999,109.9544,229.09323,424.74738,2046.5103,2810.3053099999997,3.91,8.15,15.11,72.82
Georgia,2000,106.8856,218.54993,440.7387,2046.3024,2812.47663,3.8,7.77,15.67,72.76
Georgia,2001,118.02909,213.23537,600.90063,2001.8789,2934.04399,4.02,7.27,20.48,68.23
Georgia,2002,126.439476,229.31992,542.3729,2181.1147,3079.246996,4.11,7.45,17.61,70.83
Georgia,2003,134.13052,238.49399,573.92084,2253.6362,3200.18155,4.19,7.45,17.93,70.42
Georgia,2004,143.33014,228.99875,600.003,2258.0955,3230.42739,4.44,7.09,18.57,69.9
Georgia,2005,148.67415,231.72539,664.33215,2270.871,3315.60269,4.48,6.99,20.04,68.49
Georgia,2006,118.90018,218.48796,652.1933,2196.516,3186.09744,3.73,6.86,20.47,68.94
Georgia,2007,129.04713,217.35428,672.1763,2216.5251,3235.10281,3.99,6.72,20.78,68.51
Georgia,2008,128.00732,229.32034,625.6145,2348.2493,3331.19146,3.84,6.88,18.78,70.49
Georgia,2009,115.04224,222.62762,700.529,2271.3428,3309.54166,3.48,6.73,21.17,68.63
Georgia,2010,129.52649,192.0049,639.95056,1805.4135,2766.89545,4.68,6.94,23.13,65.25
Georgia,2011,129.72421,189.94342,645.4599,1825.9677,2791.09523,4.65,6.81,23.13,65.42
Georgia,2012,130.28838,188.71402,649.9753,1843.6677,2812.6454,4.63,6.71,23.11,65.55
Georgia,2013,135.81308,189.20796,675.47723,1830.3357,2830.83397,4.8,6.68,23.86,64.66
Georgia,2014,143.88956,194.24095,666.8475,1848.4635,2853.44151,5.04,6.81,23.37,64.78
Georgia,2015,142.50966,201.0333,689.99023,1898.8257,2932.3588900000004,4.86,6.86,23.53,64.75
Georgia,2016,139.42717,191.777,678.52893,1836.1626,2845.8957,4.9,6.74,23.84,64.52
Georgia,2017,143.72359,186.76509,697.68396,1818.2545,2846.42714,5.05,6.56,24.51,63.88
Georgia,2018,147.91724,186.52682,737.37933,1888.6785,2960.50189,5.0,6.3,24.91,63.8
Georgia,2019,160.30063,189.61955,769.443,1917.092,3036.45518,5.28,6.24,25.34,63.14
Georgia,2020,156.04874,201.64894,734.54425,1928.8508,3021.0927300000003,5.17,6.67,24.31,63.85
Georgia,2021,157.40582,203.51262,749.5724,1911.5664,3022.05724,5.21,6.73,24.8,63.25
Georgia,2022,159.96942,205.24083,784.7798,1914.7686,3064.7586499999998,5.22,6.7,25.61,62.48
Germany,1961,179.99614,139.26738,1022.99286,1533.1295,2875.38588,6.26,4.84,35.58,53.32
Germany,1962,183.56665,142.09792,1059.9917,1551.2087,2936.8649699999996,6.25,4.84,36.09,52.82
Germany,1963,184.45018,138.3074,1047.4609,1550.4778,2920.69628,6.32,4.74,35.86,53.09
Germany,1964,185.6065,145.78181,1065.0989,1612.5575,3009.04471,6.17,4.84,35.4,53.59
Germany,1965,188.29013,148.29109,1088.1475,1614.5526,3039.28132,6.2,4.88,35.8,53.12
Germany,1966,187.06985,147.31499,1076.8323,1627.871,3039.08814,6.16,4.85,35.43,53.56
Germany,1967,193.0473,145.14986,1097.825,1604.6346,3040.65676,6.35,4.77,36.1,52.77
Germany,1968,199.49039,144.94,1120.9005,1641.6862,3107.0170900000003,6.42,4.66,36.08,52.84
Germany,1969,202.14758,142.81152,1108.6019,1627.6201,3081.1811,6.56,4.63,35.98,52.82
Germany,1970,208.76883,142.46405,1134.9067,1657.7617,3143.90128,6.64,4.53,36.1,52.73
Germany,1971,212.55916,141.0834,1140.3633,1662.5017,3156.50756,6.73,4.47,36.13,52.67
Germany,1972,214.7017,139.54396,1176.2633,1651.385,3181.8939600000003,6.75,4.39,36.97,51.9
Germany,1973,216.58546,140.39069,1146.8,1692.8895,3196.66565,6.78,4.39,35.87,52.96
Germany,1974,219.41449,138.28,1130.8448,1651.4745,3140.01379,6.99,4.4,36.01,52.59
Germany,1975,223.12703,137.27155,1143.369,1654.572,3158.33958,7.06,4.35,36.2,52.39
Germany,1976,225.3516,139.85379,1188.2488,1688.7549,3242.20909,6.95,4.31,36.65,52.09
Germany,1977,223.59523,139.91998,1173.8444,1661.55,3198.9096099999997,6.99,4.37,36.7,51.94
Germany,1978,232.04358,145.24585,1214.8733,1720.7118,3312.87453,7.0,4.38,36.67,51.94
Germany,1979,233.79979,144.78539,1224.4352,1725.3391,3328.35948,7.02,4.35,36.79,51.84
Germany,1980,239.86646,144.76094,1210.9578,1718.1465,3313.7317000000003,7.24,4.37,36.54,51.85
Germany,1981,236.12561,143.83551,1215.6298,1702.0269,3297.61782,7.16,4.36,36.86,51.61
Germany,1982,236.70473,145.2122,1232.2499,1745.3247,3359.4915300000002,7.05,4.32,36.68,51.95
Germany,1983,244.23108,146.46608,1267.5786,1746.3651,3404.64086,7.17,4.3,37.23,51.29
Germany,1984,245.78127,151.63248,1268.5527,1761.0247,3426.99115,7.17,4.42,37.02,51.39
Germany,1985,247.11436,153.12416,1287.1974,1780.9602,3468.39612,7.12,4.41,37.11,51.35
Germany,1986,247.99173,153.59985,1242.6979,1811.2,3455.48948,7.18,4.45,35.96,52.42
Germany,1987,250.9132,154.3675,1233.152,1797.1481,3435.5808,7.3,4.49,35.89,52.31
Germany,1988,253.17023,154.15308,1232.0565,1818.2567,3457.63651,7.32,4.46,35.63,52.59
Germany,1989,246.56744,154.03375,1255.9503,1790.1664,3446.71789,7.15,4.47,36.44,51.94
Germany,1990,242.87091,147.54822,1277.223,1625.2319,3292.87403,7.38,4.48,38.79,49.36
Germany,1991,236.34854,145.49803,1280.4231,1690.6427,3352.91237,7.05,4.34,38.19,50.42
Germany,1992,231.4368,146.03473,1326.1124,1717.34,3420.92393,6.77,4.27,38.76,50.2
Germany,1993,218.23952,144.13414,1251.7087,1616.9281,3231.01046,6.75,4.46,38.74,50.04
Germany,1994,224.93419,147.21713,1255.5553,1623.659,3251.36562,6.92,4.53,38.62,49.94
Germany,1995,224.64803,147.92706,1260.543,1660.5302,3293.64829,6.82,4.49,38.27,50.42
Germany,1996,230.79604,151.16086,1317.7512,1642.4147,3342.1228,6.91,4.52,39.43,49.14
Germany,1997,227.48094,135.8319,1305.7556,1549.3898,3218.45824,7.07,4.22,40.57,48.14
Germany,1998,232.58786,151.90907,1315.6832,1644.4666,3344.64673,6.95,4.54,39.34,49.17
Germany,1999,229.46213,154.26953,1294.4963,1673.5464,3351.7743600000003,6.85,4.6,38.62,49.93
Germany,2000,230.65619,155.10486,1312.1431,1708.032,3405.93615,6.77,4.55,38.53,50.15
Germany,2001,237.20018,162.11874,1259.0115,1772.3604,3430.69082,6.91,4.73,36.7,51.66
Germany,2002,236.9782,166.78207,1276.0114,1814.6985,3494.47017,6.78,4.77,36.52,51.93
Germany,2003,243.06323,156.736,1278.2861,1781.1271,3459.2124299999996,7.03,4.53,36.95,51.49
Germany,2004,237.78067,157.41733,1273.9039,1814.8752,3483.9771,6.82,4.52,36.56,52.09
Germany,2005,238.4901,157.8081,1277.9147,1851.0265,3525.2394,6.77,4.48,36.25,52.51
Germany,2006,244.75694,161.85936,1298.0728,1847.7714,3552.4605,6.89,4.56,36.54,52.01
Germany,2007,254.95663,166.54425,1350.859,1853.617,3625.97688,7.03,4.59,37.26,51.12
Germany,2008,252.389,164.02406,1333.2764,1865.6659,3615.35536,6.98,4.54,36.88,51.6
Germany,2009,256.28537,165.34805,1320.9858,1870.0013,3612.62052,7.09,4.58,36.57,51.76
Germany,2010,280.46445,160.25389,1340.0538,1837.5269,3618.29904,7.75,4.43,37.04,50.78
Germany,2011,281.47507,163.57617,1351.6483,1855.1855,3651.88504,7.71,4.48,37.01,50.8
Germany,2012,278.5897,159.38991,1340.272,1827.3202,3605.57181,7.73,4.42,37.17,50.68
Germany,2013,276.68478,159.08467,1319.2821,1838.9884,3594.03995,7.7,4.43,36.71,51.17
Germany,2014,279.81027,160.34567,1298.2567,1839.0967,3577.50934,7.82,4.48,36.29,51.41
Germany,2015,282.26532,160.99162,1304.842,1842.3142,3590.41314,7.86,4.48,36.34,51.31
Germany,2016,277.91312,159.56924,1312.1189,1814.9509,3564.55216,7.8,4.48,36.81,50.92
Germany,2017,275.40146,159.99133,1323.1498,1796.3435,3554.88609,7.75,4.5,37.22,50.53
Germany,2018,283.5464,159.41281,1376.0989,1767.2627,3586.32081,7.91,4.45,38.37,49.28
Germany,2019,293.151,148.14774,1486.0248,1689.4794,3616.8029399999996,8.11,4.1,41.09,46.71
Germany,2020,294.3415,148.18709,1508.6445,1678.0654,3629.23849,8.11,4.08,41.57,46.24
Germany,2021,291.95023,148.72562,1481.1372,1685.899,3607.7120499999996,8.09,4.12,41.05,46.73
Germany,2022,284.83264,144.75623,1471.1892,1672.3508,3573.12887,7.97,4.05,41.17,46.8
Ghana,1961,47.2845,112.01786,292.42188,1481.0729,1932.79714,2.45,5.8,15.13,76.63
Ghana,1962,43.4586,110.17238,273.09384,1446.8236,1873.54842,2.32,5.88,14.58,77.22
Ghana,1963,47.43184,102.13397,268.02878,1378.5947,1796.18929,2.64,5.69,14.92,76.75
Ghana,1964,43.35176,103.73177,275.4887,1404.2551,1826.82733,2.37,5.68,15.08,76.87
Ghana,1965,43.903244,97.27582,284.3733,1405.7059,1831.2582639999998,2.4,5.31,15.53,76.76
Ghana,1966,47.065655,109.14229,284.18237,1502.4363,1942.826615,2.42,5.62,14.63,77.33
Ghana,1967,47.6162,117.48186,301.6829,1576.0007,2042.78166,2.33,5.75,14.77,77.15
Ghana,1968,40.66032,111.6607,304.31226,1517.2158,1973.84908,2.06,5.66,15.42,76.87
Ghana,1969,49.477703,109.933266,286.31354,1530.4845,1976.2090090000002,2.5,5.56,14.49,77.45
Ghana,1970,62.02792,119.89496,344.57278,1541.4226,2067.9182600000004,3.0,5.8,16.66,74.54
Ghana,1971,69.567795,120.20453,349.41656,1521.2953,2060.4841850000003,3.38,5.83,16.96,73.83
Ghana,1972,71.993385,118.038345,343.98016,1453.5444,1987.55629,3.62,5.94,17.31,73.13
Ghana,1973,61.867744,121.42556,353.07346,1487.7134,2024.080164,3.06,6.0,17.44,73.5
Ghana,1974,62.653473,125.92158,361.45792,1507.0447,2057.077673,3.05,6.12,17.57,73.26
Ghana,1975,63.03626,109.8359,340.65366,1414.8105,1928.3363200000001,3.27,5.7,17.67,73.37
Ghana,1976,69.18016,102.40782,334.13107,1290.9591,1796.6781500000002,3.85,5.7,18.6,71.85
Ghana,1977,62.04497,92.3764,285.67395,1153.0521,1593.1474200000002,3.89,5.8,17.93,72.38
Ghana,1978,58.106712,86.71819,274.15652,1122.0616,1541.043022,3.77,5.63,17.79,72.81
Ghana,1979,50.511448,89.66874,265.37616,1073.7959,1479.3522480000001,3.41,6.06,17.94,72.59
Ghana,1980,46.531815,87.67231,271.34814,1032.7368,1438.289065,3.24,6.1,18.87,71.8
Ghana,1981,45.58848,82.77622,304.05597,999.68756,1432.1082299999998,3.18,5.78,21.23,69.81
Ghana,1982,45.43344,77.38224,278.21622,951.9761,1353.008,3.36,5.72,20.56,70.36
Ghana,1983,48.461216,81.07302,282.9065,981.68646,1394.127196,3.48,5.82,20.29,70.42
Ghana,1984,48.21468,94.29303,304.31604,1180.2466,1627.07035,2.96,5.8,18.7,72.54
Ghana,1985,48.852848,95.843925,297.7529,1220.1111,1662.5607730000002,2.94,5.76,17.91,73.39
Ghana,1986,52.062813,99.32098,322.20203,1249.2917,1722.877523,3.02,5.76,18.7,72.51
Ghana,1987,55.965355,107.55311,327.92377,1339.7909,1831.233135,3.06,5.87,17.91,73.16
Ghana,1988,52.282883,103.77073,336.04343,1317.5494,1809.646443,2.89,5.73,18.57,72.81
Ghana,1989,53.8334,104.40418,333.32892,1335.1272,1826.6936999999998,2.95,5.72,18.25,73.09
Ghana,1990,54.73546,95.52097,301.9858,1190.7338,1642.97603,3.33,5.81,18.38,72.47
Ghana,1991,53.664272,110.415764,286.85422,1540.4752,1991.409456,2.69,5.54,14.4,77.36
Ghana,1992,60.60776,113.22372,307.8377,1543.0507,2024.71988,2.99,5.59,15.2,76.21
Ghana,1993,54.88522,127.605255,314.81332,1687.941,2185.244795,2.51,5.84,14.41,77.24
Ghana,1994,48.575275,131.49553,326.84467,1716.0859,2223.001375,2.19,5.92,14.7,77.2
Ghana,1995,49.97772,130.43529,312.98688,1771.3961,2264.79599,2.21,5.76,13.82,78.21
Ghana,1996,59.074013,130.56436,291.42728,1810.4045,2291.470153,2.58,5.7,12.72,79.01
Ghana,1997,63.533695,132.65404,295.1774,1815.536,2306.901135,2.75,5.75,12.8,78.7
Ghana,1998,60.345406,133.92142,335.59198,1803.7661,2333.624906,2.59,5.74,14.38,77.29
Ghana,1999,61.63257,135.32286,333.07507,1836.4298,2366.4602999999997,2.6,5.72,14.07,77.6
Ghana,2000,61.046673,136.47305,341.2306,1867.4548,2406.2051229999997,2.54,5.67,14.18,77.61
Ghana,2001,56.28992,146.06296,327.5224,1922.9646,2452.83988,2.29,5.95,13.35,78.4
Ghana,2002,56.35325,152.79518,384.07828,1940.9512,2534.17791,2.22,6.03,15.16,76.59
Ghana,2003,53.04135,157.21747,360.60303,1973.4834,2544.3452500000003,2.08,6.18,14.17,77.56
Ghana,2004,63.075146,158.73596,359.1282,1974.4619,2555.401206,2.47,6.21,14.05,77.27
Ghana,2005,59.476757,164.02783,381.2361,2015.7039,2620.444587,2.27,6.26,14.55,76.92
Ghana,2006,63.594032,169.48247,411.4275,2045.5729,2690.076902,2.36,6.3,15.29,76.04
Ghana,2007,64.827576,162.1261,373.95905,2069.747,2670.659726,2.43,6.07,14.0,77.5
Ghana,2008,61.792103,180.38263,428.67557,2140.481,2811.331303,2.2,6.42,15.25,76.14
Ghana,2009,56.41266,188.60124,412.003,2232.226,2889.2429,1.95,6.53,14.26,77.26
Ghana,2010,59.150738,197.53053,445.97974,2239.6567,2942.317708,2.01,6.71,15.16,76.12
Ghana,2011,68.851364,198.8816,406.9923,2240.7725,2915.4977639999997,2.36,6.82,13.96,76.86
Ghana,2012,64.98131,200.32889,413.12558,2229.2769,2907.7126799999996,2.23,6.89,14.21,76.67
Ghana,2013,67.58239,192.61586,389.9657,2235.5059,2885.66985,2.34,6.67,13.51,77.47
Ghana,2014,63.50874,192.69814,376.73874,2244.8772,2877.82282,2.21,6.7,13.09,78.01
Ghana,2015,64.10841,185.68501,369.5289,2194.8982,2814.22052,2.28,6.6,13.13,77.99
Ghana,2016,62.17573,179.9633,361.87967,2189.7617,2793.7804,2.23,6.44,12.95,78.38
Ghana,2017,66.18856,186.52042,367.28006,2268.4893,2888.47834,2.29,6.46,12.72,78.54
Ghana,2018,67.87249,192.81592,381.87344,2330.2148,2972.7766500000002,2.28,6.49,12.85,78.39
Ghana,2019,63.8939,196.52216,381.8205,2394.085,3036.3215600000003,2.1,6.47,12.58,78.85
Ghana,2020,70.44058,197.91986,403.8122,2397.9365,3070.1091399999996,2.29,6.45,13.15,78.11
Ghana,2021,81.338936,202.37807,436.72226,2423.2563,3143.6955660000003,2.59,6.44,13.89,77.08
Ghana,2022,72.10383,202.25427,444.71097,2413.9128,3132.98187,2.3,6.46,14.19,77.05
Greece,1961,109.00765,223.45575,779.5834,1691.5743,2803.6211000000003,3.89,7.97,27.81,60.34
Greece,1962,118.326,214.28429,786.96936,1646.5344,2766.11405,4.28,7.75,28.45,59.53
Greece,1963,127.85842,217.87428,803.3166,1639.2463,2788.2956000000004,4.59,7.81,28.81,58.79
Greece,1964,128.85162,224.83989,817.7816,1707.5741,2879.0472099999997,4.48,7.81,28.4,59.31
Greece,1965,144.82262,226.46594,830.0708,1732.7836,2934.14296,4.94,7.72,28.29,59.06
Greece,1966,150.5788,221.27908,849.3053,1731.6963,2952.85948,5.1,7.49,28.76,58.64
Greece,1967,155.95575,226.24171,854.8197,1764.821,3001.83816,5.2,7.54,28.48,58.79
Greece,1968,156.265,221.38872,909.6071,1748.4939,3035.75472,5.15,7.29,29.96,57.6
Greece,1969,163.67952,223.75935,916.6474,1736.9048,3040.99107,5.38,7.36,30.14,57.12
Greece,1970,171.76431,230.42633,976.30646,1783.7837,3162.2808,5.43,7.29,30.87,56.41
Greece,1971,177.38419,219.48831,1068.8594,1722.237,3187.9689,5.56,6.88,33.53,54.02
Greece,1972,176.03003,220.33827,1019.7611,1725.5854,3141.7147999999997,5.6,7.01,32.46,54.92
Greece,1973,195.44891,231.68474,1141.338,1858.6989,3427.17055,5.7,6.76,33.3,54.23
Greece,1974,190.24715,230.38588,1073.44,1876.9377,3371.01073,5.64,6.83,31.84,55.68
Greece,1975,193.12196,230.76712,1094.077,1835.1802,3353.14628,5.76,6.88,32.63,54.73
Greece,1976,204.85245,219.43623,1087.9714,1808.0516,3320.31168,6.17,6.61,32.77,54.45
Greece,1977,200.74722,216.37376,1109.3751,1810.6315,3337.12758,6.02,6.48,33.24,54.26
Greece,1978,209.80307,218.17917,1110.1228,1809.326,3347.4310400000004,6.27,6.52,33.16,54.05
Greece,1979,212.56152,215.04387,1112.2845,1801.2778,3341.16769,6.36,6.44,33.29,53.91
Greece,1980,206.7378,204.62006,1095.0231,1685.1886,3191.56956,6.48,6.41,34.31,52.8
Greece,1981,204.36633,217.21153,1106.0735,1831.2488,3358.90016,6.08,6.47,32.93,54.52
Greece,1982,215.82515,215.66585,1132.7834,1827.0361,3391.3105,6.36,6.36,33.4,53.87
Greece,1983,218.83032,211.39818,1163.5842,1817.1738,3410.9865,6.42,6.2,34.11,53.27
Greece,1984,221.3617,219.65646,1209.7366,1868.7455,3519.50026,6.29,6.24,34.37,53.1
Greece,1985,222.6516,210.45801,1228.8099,1813.0525,3474.97201,6.41,6.06,35.36,52.17
Greece,1986,224.55463,194.62192,1160.9403,1719.5984,3299.71525,6.81,5.9,35.18,52.11
Greece,1987,226.19862,205.93672,1194.2966,1790.9958,3417.42774,6.62,6.03,34.95,52.41
Greece,1988,220.62167,211.14615,1225.8953,1840.4224,3498.0855199999996,6.31,6.04,35.04,52.61
Greece,1989,234.20305,214.8804,1259.5575,1877.3486,3585.9895500000002,6.53,5.99,35.12,52.35
Greece,1990,229.91522,213.07669,1237.1562,1826.2273,3506.3754099999996,6.56,6.08,35.28,52.08
Greece,1991,228.31229,219.36432,1262.5579,1807.3097,3517.54421,6.49,6.24,35.89,51.38
Greece,1992,235.0963,214.39598,1315.0885,1836.9921,3601.57288,6.53,5.95,36.51,51.01
Greece,1993,235.67047,214.73181,1268.4971,1843.8884,3562.78778,6.61,6.03,35.6,51.75
Greece,1994,242.10237,214.82948,1323.7347,1835.5154,3616.18195,6.69,5.94,36.61,50.76
Greece,1995,247.58517,212.36081,1330.1666,1775.95,3566.06258,6.94,5.96,37.3,49.8
Greece,1996,244.75638,215.40353,1332.1451,1780.112,3572.41701,6.85,6.03,37.29,49.83
Greece,1997,248.04738,214.51204,1348.1763,1774.3241,3585.0598200000004,6.92,5.98,37.61,49.49
Greece,1998,250.73997,207.05136,1356.9908,1793.6115,3608.39363,6.95,5.74,37.61,49.71
Greece,1999,258.23148,216.30869,1359.0525,1865.8204,3699.41307,6.98,5.85,36.74,50.44
Greece,2000,275.4449,216.83438,1298.0105,1879.9988,3670.2885800000004,7.5,5.91,35.37,51.22
Greece,2001,252.4137,216.0528,1299.577,1902.5383,3670.5818,6.88,5.89,35.41,51.83
Greece,2002,245.21945,215.9389,1338.5823,1884.6257,3684.3663500000002,6.66,5.86,36.33,51.15
Greece,2003,259.9564,216.10492,1336.4899,1876.429,3688.9802200000004,7.05,5.86,36.23,50.87
Greece,2004,250.47011,222.36684,1347.2949,1928.6543,3748.78615,6.68,5.93,35.94,51.45
Greece,2005,252.38763,208.34549,1350.4949,1801.6758,3612.90382,6.99,5.77,37.38,49.87
Greece,2006,256.85843,199.22583,1338.4532,1702.1487,3496.68616,7.35,5.7,38.28,48.68
Greece,2007,260.8223,200.50613,1346.2928,1710.1536,3517.7748300000003,7.41,5.7,38.27,48.61
Greece,2008,249.81943,198.15059,1372.8163,1700.179,3520.9653200000002,7.1,5.63,38.99,48.29
Greece,2009,252.81183,199.85962,1383.4915,1665.6768,3501.83975,7.22,5.71,39.51,47.57
Greece,2010,268.073,190.4322,1416.5479,1627.4615,3502.5146,7.65,5.44,40.44,46.47
Greece,2011,257.44562,191.9846,1429.7207,1620.021,3499.17192,7.36,5.49,40.86,46.3
Greece,2012,249.03835,193.58623,1395.9285,1652.3799,3490.93298,7.13,5.55,39.99,47.33
Greece,2013,252.09651,196.32716,1383.4259,1675.0504,3506.89997,7.19,5.6,39.45,47.76
Greece,2014,250.82379,185.84415,1388.0872,1610.8485,3435.6036400000003,7.3,5.41,40.4,46.89
Greece,2015,238.40666,187.43364,1357.8455,1619.0818,3402.7675999999997,7.01,5.51,39.9,47.58
Greece,2016,237.11281,183.92006,1353.0634,1570.8525,3344.94877,7.09,5.5,40.45,46.96
Greece,2017,238.15555,184.06543,1363.6075,1586.053,3371.88148,7.06,5.46,40.44,47.04
Greece,2018,265.12848,174.51947,1399.0889,1523.8049,3362.5417500000003,7.88,5.19,41.61,45.32
Greece,2019,266.32056,159.06627,1469.5082,1479.857,3374.75203,7.89,4.71,43.54,43.85
Greece,2020,242.83821,157.55597,1411.5487,1499.7683,3311.7111800000002,7.33,4.76,42.62,45.29
Greece,2021,257.3745,166.85704,1377.9331,1547.9691,3350.13374,7.68,4.98,41.13,46.21
Greece,2022,264.46075,166.55962,1399.1306,1558.8882,3389.03917,7.8,4.91,41.28,46.0
Grenada,1961,62.185005,100.26759,399.63794,1091.8472,1653.937735,3.76,6.06,24.16,66.02
Grenada,1962,71.384,100.10565,409.39813,1150.2793,1731.16708,4.12,5.78,23.65,66.45
Grenada,1963,76.14572,103.288666,431.8944,1165.022,1776.350786,4.29,5.81,24.31,65.59
Grenada,1964,81.63292,104.483986,441.96033,1230.0142,1858.0914360000002,4.39,5.62,23.79,66.2
Grenada,1965,85.037025,107.51719,450.77567,1280.0417,1923.3715849999999,4.42,5.59,23.44,66.55
Grenada,1966,97.15381,112.14525,478.59293,1304.1486,1992.04059,4.88,5.63,24.03,65.47
Grenada,1967,89.31144,112.569626,483.0144,1321.123,2006.018466,4.45,5.61,24.08,65.86
Grenada,1968,92.74248,111.228966,504.45435,1331.0948,2039.520596,4.55,5.45,24.73,65.27
Grenada,1969,106.170555,114.64717,514.7801,1349.6879,2085.2857249999997,5.09,5.5,24.69,64.72
Grenada,1970,109.98913,112.74076,563.91406,1354.5134,2141.15735,5.14,5.27,26.34,63.26
Grenada,1971,118.77618,103.2571,570.0113,1304.2122,2096.2567799999997,5.67,4.93,27.19,62.22
Grenada,1972,115.942444,102.882256,571.1736,1276.5947,2066.593,5.61,4.98,27.64,61.77
Grenada,1973,114.581406,101.05417,558.6558,1271.941,2046.232376,5.6,4.94,27.3,62.16
Grenada,1974,110.33082,101.64037,562.8855,1171.0464,1945.9030899999998,5.67,5.22,28.93,60.18
Grenada,1975,113.88404,100.98019,561.1771,1146.4082,1922.44953,5.92,5.25,29.19,59.63
Grenada,1976,121.20157,104.64356,542.5542,1191.3368,1959.73613,6.18,5.34,27.69,60.79
Grenada,1977,130.10124,110.05712,573.9303,1249.7144,2063.80306,6.3,5.33,27.81,60.55
Grenada,1978,132.51328,112.54755,583.1655,1276.4941,2104.72043,6.3,5.35,27.71,60.65
Grenada,1979,127.016335,111.68935,594.3961,1301.8616,2134.963385,5.95,5.23,27.84,60.98
Grenada,1980,129.04227,110.73681,591.199,1295.2439,2126.22198,6.07,5.21,27.81,60.92
Grenada,1981,126.868256,110.14348,620.1233,1299.2769,2156.411936,5.88,5.11,28.76,60.25
Grenada,1982,124.822685,101.640205,600.5564,1331.5537,2158.57299,5.78,4.71,27.82,61.69
Grenada,1983,121.738434,103.33,597.2526,1307.798,2130.1190340000003,5.72,4.85,28.04,61.4
Grenada,1984,132.57587,99.07263,642.7815,1283.1611,2157.5911,6.14,4.59,29.79,59.47
Grenada,1985,148.6246,99.124695,658.88153,1285.2698,2191.900625,6.78,4.52,30.06,58.64
Grenada,1986,159.36832,96.81987,650.74365,1295.4927,2202.42454,7.24,4.4,29.55,58.82
Grenada,1987,167.39488,105.652534,787.2759,1334.2239,2394.547214,6.99,4.41,32.88,55.72
Grenada,1988,158.88066,101.91816,751.13293,1382.4471,2394.37885,6.64,4.26,31.37,57.74
Grenada,1989,144.80154,108.93399,718.9173,1429.6118,2402.2646299999997,6.03,4.53,29.93,59.51
Grenada,1990,151.61385,109.33875,721.77985,1414.4573,2397.18975,6.32,4.56,30.11,59.0
Grenada,1991,159.12497,105.4989,718.37775,1361.9479,2344.94952,6.79,4.5,30.64,58.08
Grenada,1992,142.36674,111.99874,666.4345,1424.6033,2345.40328,6.07,4.78,28.41,60.74
Grenada,1993,141.74811,111.79756,697.5857,1420.6313,2371.76267,5.98,4.71,29.41,59.9
Grenada,1994,145.14456,107.04364,705.9522,1384.7595,2342.8999,6.2,4.57,30.13,59.1
Grenada,1995,141.36182,110.16206,696.7943,1362.7356,2311.05378,6.12,4.77,30.15,58.97
Grenada,1996,150.83047,101.17197,720.64734,1325.7856,2298.43538,6.56,4.4,31.35,57.68
Grenada,1997,136.79692,109.62177,721.3792,1332.302,2300.09989,5.95,4.77,31.36,57.92
Grenada,1998,147.07129,100.60163,708.2237,1258.9025,2214.7991199999997,6.64,4.54,31.98,56.84
Grenada,1999,138.76721,92.72603,692.1795,1207.0192,2130.6919399999997,6.51,4.35,32.49,56.65
Grenada,2000,136.0152,90.89203,696.4179,1184.6635,2107.9886300000003,6.45,4.31,33.04,56.2
Grenada,2001,148.60965,90.44326,751.31586,1174.3356,2164.7043700000004,6.87,4.18,34.71,54.25
Grenada,2002,173.57376,94.543106,710.76764,1192.6703,2171.554806,7.99,4.35,32.73,54.92
Grenada,2003,171.63048,95.84169,709.6764,1190.253,2167.40157,7.92,4.42,32.74,54.92
Grenada,2004,171.6274,105.69806,742.04443,1221.6625,2241.03239,7.66,4.72,33.11,54.51
Grenada,2005,193.36446,98.10955,723.59546,1210.4247,2225.49417,8.69,4.41,32.51,54.39
Grenada,2006,194.9306,96.73558,754.84625,1198.8008,2245.3132299999997,8.68,4.31,33.62,53.39
Grenada,2007,172.67911,106.03235,744.52325,1231.2708,2254.50551,7.66,4.7,33.02,54.61
Grenada,2008,175.43321,102.03271,735.5812,1262.9316,2275.97872,7.71,4.48,32.32,55.49
Grenada,2009,175.28311,105.22223,724.22107,1271.4103,2276.1367099999998,7.7,4.62,31.82,55.86
Grenada,2010,172.89507,153.67543,675.3458,1419.228,2421.1443,7.14,6.35,27.89,58.62
Grenada,2011,169.59848,150.84993,676.70166,1434.4795,2431.62957,6.97,6.2,27.83,58.99
Grenada,2012,171.06667,144.50198,693.2826,1424.2019,2433.0531499999997,7.03,5.94,28.49,58.54
Grenada,2013,171.5722,148.11038,688.4845,1407.9147,2416.08178,7.1,6.13,28.5,58.27
Grenada,2014,171.08818,141.06401,752.2173,1387.8221,2452.1915900000004,6.98,5.75,30.68,56.6
Grenada,2015,182.75554,134.3058,782.13934,1401.7413,2500.9419799999996,7.31,5.37,31.27,56.05
Grenada,2016,205.34955,154.52293,773.5945,1455.9491,2589.41608,7.93,5.97,29.88,56.23
Grenada,2017,213.20949,147.78389,816.66736,1414.0162,2591.6769400000003,8.23,5.7,31.51,54.56
Grenada,2018,234.88345,148.45612,875.02936,1412.7246,2671.09353,8.79,5.56,32.76,52.89
Grenada,2019,237.00838,149.07225,880.589,1381.8186,2648.48823,8.95,5.63,33.25,52.17
Grenada,2020,251.98979,150.85364,958.4544,1343.127,2704.42483,9.32,5.58,35.44,49.66
Grenada,2021,257.11462,169.38713,949.8221,1418.7668,2795.09065,9.2,6.06,33.98,50.76
Grenada,2022,252.30531,161.16287,981.402,1409.5632,2804.43338,9.0,5.75,34.99,50.26
Guatemala,1961,45.027676,163.48947,286.1066,1349.3572,1843.980946,2.44,8.87,15.52,73.18
Guatemala,1962,42.595726,163.41194,298.28152,1367.1262,1871.415386,2.28,8.73,15.94,73.05
Guatemala,1963,47.384357,167.42203,319.8444,1377.7042,1912.354987,2.48,8.75,16.73,72.04
Guatemala,1964,48.973698,171.52896,329.75555,1419.3799,1969.6381079999999,2.49,8.71,16.74,72.06
Guatemala,1965,43.88796,171.56569,325.05276,1432.4386,1972.94501,2.22,8.7,16.48,72.6
Guatemala,1966,41.597454,171.45384,317.5875,1444.778,1975.416794,2.11,8.68,16.08,73.14
Guatemala,1967,42.987797,172.95465,316.17706,1448.6508,1980.7703069999998,2.17,8.73,15.96,73.14
Guatemala,1968,44.19996,173.19003,320.54996,1453.4646,1991.40455,2.22,8.7,16.1,72.99
Guatemala,1969,44.317375,174.90323,328.56018,1474.5753,2022.356085,2.19,8.65,16.25,72.91
Guatemala,1970,46.042194,173.3306,336.97708,1479.823,2036.172874,2.26,8.51,16.55,72.68
Guatemala,1971,45.61875,171.94449,333.0671,1459.0061,2009.63644,2.27,8.56,16.57,72.6
Guatemala,1972,45.689285,170.68068,333.94437,1470.4803,2020.794635,2.26,8.45,16.53,72.77
Guatemala,1973,42.528637,176.12096,338.22357,1521.1848,2078.0579669999997,2.05,8.48,16.28,73.2
Guatemala,1974,41.254898,174.50578,340.32263,1504.6433,2060.726608,2.0,8.47,16.51,73.02
Guatemala,1975,42.730595,178.76509,351.46625,1572.7042,2145.666135,1.99,8.33,16.38,73.3
Guatemala,1976,41.952003,176.12538,338.2228,1544.3429,2100.643083,2.0,8.38,16.1,73.52
Guatemala,1977,41.20702,178.86206,357.86646,1566.8632,2144.79874,1.92,8.34,16.69,73.05
Guatemala,1978,43.907833,179.20901,371.9359,1565.8224,2160.875143,2.03,8.29,17.21,72.46
Guatemala,1979,42.12273,177.99594,377.36807,1568.5641,2166.05084,1.94,8.22,17.42,72.42
Guatemala,1980,41.03094,178.2066,381.4234,1591.9175,2192.5784400000002,1.87,8.13,17.4,72.6
Guatemala,1981,37.814236,205.94963,419.0199,1761.4657,2424.249466,1.56,8.5,17.28,72.66
Guatemala,1982,38.943516,192.76633,366.5894,1700.5065,2298.805746,1.69,8.39,15.95,73.97
Guatemala,1983,39.52672,183.97003,338.0815,1591.652,2153.23025,1.84,8.54,15.7,73.92
Guatemala,1984,37.527184,174.01913,320.1462,1509.8105,2041.5030140000001,1.84,8.52,15.68,73.96
Guatemala,1985,37.77555,193.64008,348.5158,1636.7589,2216.6903300000004,1.7,8.74,15.72,73.84
Guatemala,1986,40.43061,197.89297,390.91296,1731.895,2361.13154,1.71,8.38,16.56,73.35
Guatemala,1987,43.813488,201.22195,351.73828,1736.9448,2333.7185179999997,1.88,8.62,15.07,74.43
Guatemala,1988,44.788788,199.53902,361.08722,1732.5599,2337.974928,1.92,8.53,15.44,74.11
Guatemala,1989,44.749313,179.11606,379.84448,1593.1647,2196.874553,2.04,8.15,17.29,72.52
Guatemala,1990,44.013027,192.2861,388.49277,1695.053,2319.844897,1.9,8.29,16.75,73.07
Guatemala,1991,40.389706,189.97685,373.39868,1672.8168,2276.582036,1.77,8.34,16.4,73.48
Guatemala,1992,42.720306,185.982,356.57953,1645.6022,2230.884036,1.91,8.34,15.98,73.76
Guatemala,1993,44.137768,186.96167,354.07693,1690.921,2276.097368,1.94,8.21,15.56,74.29
Guatemala,1994,49.111904,184.3639,359.21823,1700.6841,2293.378134,2.14,8.04,15.66,74.16
Guatemala,1995,50.496243,174.76193,338.75854,1639.4241,2203.440813,2.29,7.93,15.37,74.4
Guatemala,1996,51.46357,174.11905,344.85995,1595.4285,2165.87107,2.38,8.04,15.92,73.66
Guatemala,1997,54.93667,160.88321,335.9144,1499.2474,2050.98168,2.68,7.84,16.38,73.1
Guatemala,1998,54.707027,163.96751,350.96,1498.675,2068.309537,2.65,7.93,16.97,72.46
Guatemala,1999,54.293644,157.7466,360.8784,1477.9788,2050.897444,2.65,7.69,17.6,72.06
Guatemala,2000,53.407368,156.69737,382.56763,1476.1543,2068.8266679999997,2.58,7.57,18.49,71.35
Guatemala,2001,60.917675,161.30908,413.0932,1491.8115,2127.131455,2.86,7.58,19.42,70.13
Guatemala,2002,70.44108,165.43854,449.19162,1581.3022,2266.3734400000003,3.11,7.3,19.82,69.77
Guatemala,2003,70.41845,161.44623,464.0568,1562.4767,2258.39818,3.12,7.15,20.55,69.19
Guatemala,2004,68.71886,162.42989,469.1539,1543.9724,2244.27505,3.06,7.24,20.9,68.8
Guatemala,2005,72.07728,159.65504,496.5485,1580.3619,2308.64272,3.12,6.92,21.51,68.45
Guatemala,2006,69.52749,170.63013,508.85727,1598.7434,2347.75829,2.96,7.27,21.67,68.1
Guatemala,2007,71.37018,169.0798,516.3411,1630.3442,2387.13528,2.99,7.08,21.63,68.3
Guatemala,2008,70.67317,165.24359,519.08936,1573.9961,2329.0022200000003,3.03,7.1,22.29,67.58
Guatemala,2009,72.19076,176.81618,498.7126,1672.0878,2419.8073400000003,2.98,7.31,20.61,69.1
Guatemala,2010,96.04426,163.80481,577.8001,1643.735,2481.38417,3.87,6.6,23.29,66.24
Guatemala,2011,96.02788,166.74515,555.04834,1672.9369,2490.7582700000003,3.86,6.69,22.28,67.17
Guatemala,2012,96.32658,168.67177,555.1009,1669.9146,2490.0138500000003,3.87,6.77,22.29,67.06
Guatemala,2013,97.34324,164.41705,562.7105,1659.7062,2484.17699,3.92,6.62,22.65,66.81
Guatemala,2014,99.96399,170.74841,579.5226,1637.7518,2487.9868,4.02,6.86,23.29,65.83
Guatemala,2015,104.59229,173.87968,570.9297,1677.2737,2526.67537,4.14,6.88,22.6,66.38
Guatemala,2016,106.50574,173.197,640.59656,1644.1396,2564.4389,4.15,6.75,24.98,64.11
Guatemala,2017,105.3925,179.20328,571.26294,1750.7747,2606.63342,4.04,6.87,21.92,67.17
Guatemala,2018,105.02831,172.36647,572.9144,1737.7885,2588.09768,4.06,6.66,22.14,67.15
Guatemala,2019,112.45697,169.7456,570.9561,1783.1189,2636.27757,4.27,6.44,21.66,67.64
Guatemala,2020,121.51813,164.89172,591.4855,1835.2556,2713.15095,4.48,6.08,21.8,67.64
Guatemala,2021,115.22467,162.17102,629.27313,1838.652,2745.32082,4.2,5.91,22.92,66.97
Guatemala,2022,120.2136,168.48302,609.5261,1892.2245,2790.44722,4.31,6.04,21.84,67.81
Guinea,1961,13.9317465,160.5965,354.11526,1435.6523,1964.2958064999998,0.71,8.18,18.03,73.09
Guinea,1962,14.0219145,157.8467,365.52124,1407.6499,1945.0397544999998,0.72,8.12,18.79,72.37
Guinea,1963,14.149026,150.80304,392.90524,1381.6384,1939.4957060000002,0.73,7.78,20.26,71.24
Guinea,1964,14.562982,165.2599,386.46762,1483.499,2049.789502,0.71,8.06,18.85,72.37
Guinea,1965,14.581048,155.7702,403.36914,1438.1056,2011.825988,0.72,7.74,20.05,71.48
Guinea,1966,14.887893,155.04904,431.7091,1402.6465,2004.292533,0.74,7.74,21.54,69.98
Guinea,1967,14.599651,158.24907,452.72842,1374.4557,2000.032841,0.73,7.91,22.64,68.72
Guinea,1968,14.737308,156.62859,453.76804,1360.9863,1986.120238,0.74,7.89,22.85,68.52
Guinea,1969,14.805869,152.255,442.7806,1337.9221,1947.763569,0.76,7.82,22.73,68.69
Guinea,1970,14.484311,155.82442,459.62103,1357.7269,1987.656661,0.73,7.84,23.12,68.31
Guinea,1971,14.957131,157.65518,448.4796,1377.423,1998.514911,0.75,7.89,22.44,68.92
Guinea,1972,15.90115,153.7111,423.23752,1366.783,1959.63277,0.81,7.84,21.6,69.75
Guinea,1973,16.952099,157.88794,442.55313,1437.5609,2054.954069,0.82,7.68,21.54,69.96
Guinea,1974,18.498941,155.7467,423.5463,1417.6091,2015.4010409999999,0.92,7.73,21.02,70.34
Guinea,1975,19.030748,156.32133,423.3968,1429.5774,2028.326278,0.94,7.71,20.87,70.48
Guinea,1976,18.40296,158.938,410.82388,1441.519,2029.68384,0.91,7.83,20.24,71.02
Guinea,1977,18.6966,157.89865,425.3568,1451.205,2053.15705,0.91,7.69,20.72,70.68
Guinea,1978,18.60326,161.0356,430.19586,1482.5806,2092.41532,0.89,7.7,20.56,70.85
Guinea,1979,19.844263,169.71501,427.2337,1527.0322,2143.825173,0.93,7.92,19.93,71.23
Guinea,1980,20.162281,167.49655,411.1716,1497.5482,2096.378631,0.96,7.99,19.61,71.44
Guinea,1981,20.02313,174.76671,421.55264,1552.2015,2168.54398,0.92,8.06,19.44,71.58
Guinea,1982,20.770884,169.08852,402.8144,1497.7749,2090.448704,0.99,8.09,19.27,71.65
Guinea,1983,21.676727,167.26135,395.8149,1506.9081,2091.661077,1.04,8.0,18.92,72.04
Guinea,1984,22.400528,177.2626,398.11273,1582.9856,2180.761458,1.03,8.13,18.26,72.59
Guinea,1985,21.459003,176.26007,386.6685,1589.5106,2173.898173,0.99,8.11,17.79,73.12
Guinea,1986,20.410725,178.18599,371.63474,1652.1086,2222.340055,0.92,8.02,16.72,74.34
Guinea,1987,21.015152,176.95628,358.14832,1661.7421,2217.861852,0.95,7.98,16.15,74.93
Guinea,1988,22.12016,185.95558,339.50784,1749.4395,2297.02308,0.96,8.1,14.78,76.16
Guinea,1989,22.094427,185.08246,355.06522,1747.1621,2309.404207,0.96,8.01,15.37,75.65
Guinea,1990,23.16562,181.20828,369.15295,1699.9973,2273.52415,1.02,7.97,16.24,74.77
Guinea,1991,24.736044,180.778,400.51904,1690.1699,2296.202984,1.08,7.87,17.44,73.61
Guinea,1992,26.958128,182.27902,447.73087,1728.1641,2385.132118,1.13,7.64,18.77,72.46
Guinea,1993,27.910776,182.24095,485.9959,1738.5773,2434.724926,1.15,7.49,19.96,71.41
Guinea,1994,27.866522,188.80489,437.33252,1813.4722,2467.476132,1.13,7.65,17.72,73.5
Guinea,1995,30.048115,179.08511,475.4056,1781.7725,2466.311325,1.22,7.26,19.28,72.24
Guinea,1996,28.379404,179.90291,490.20108,1751.897,2450.380394,1.16,7.34,20.01,71.49
Guinea,1997,28.49253,179.86696,452.99356,1737.082,2398.43505,1.19,7.5,18.89,72.43
Guinea,1998,29.717937,177.63792,454.1194,1706.5421,2368.0173569999997,1.25,7.5,19.18,72.07
Guinea,1999,32.71786,178.49133,480.93378,1725.2739,2417.41687,1.35,7.38,19.89,71.37
Guinea,2000,31.129034,181.71054,496.25906,1738.7227,2447.821334,1.27,7.42,20.27,71.03
Guinea,2001,32.16399,181.48491,472.92944,1740.3032,2426.8815400000003,1.33,7.48,19.49,71.71
Guinea,2002,30.452204,183.96468,488.06955,1755.5905,2458.0769339999997,1.24,7.48,19.86,71.42
Guinea,2003,34.78308,182.54892,520.37646,1752.7683,2490.47676,1.4,7.33,20.89,70.38
Guinea,2004,31.09184,185.76442,541.0229,1753.0664,2510.94556,1.24,7.4,21.55,69.82
Guinea,2005,31.485722,182.03719,533.18585,1783.5417,2530.250462,1.24,7.19,21.07,70.49
Guinea,2006,32.507187,185.41136,547.9516,1832.0062,2597.876347,1.25,7.14,21.09,70.52
Guinea,2007,31.319431,186.25287,540.5409,1846.6816,2604.794801,1.2,7.15,20.75,70.9
Guinea,2008,32.303337,190.86063,535.41223,1881.9193,2640.495497,1.22,7.23,20.28,71.27
Guinea,2009,38.34724,191.65266,535.7335,1893.1337,2658.8671000000004,1.44,7.21,20.15,71.2
Guinea,2010,42.600243,161.19333,576.9705,1642.2238,2422.987873,1.76,6.65,23.81,67.78
Guinea,2011,44.376007,164.7405,625.30457,1661.68,2496.1010770000003,1.78,6.6,25.05,66.57
Guinea,2012,46.586384,166.43074,615.22473,1707.1598,2535.401654,1.84,6.56,24.27,67.33
Guinea,2013,49.31161,170.14088,633.2572,1732.1987,2584.90839,1.91,6.58,24.5,67.01
Guinea,2014,46.23096,171.25212,613.36035,1796.8435,2627.68693,1.76,6.52,23.34,68.38
Guinea,2015,45.64632,165.82854,623.1612,1775.2961,2609.9321600000003,1.75,6.35,23.88,68.02
Guinea,2016,46.13099,169.30508,592.70605,1821.6306,2629.77272,1.75,6.44,22.54,69.27
Guinea,2017,48.46657,166.58902,622.9002,1826.7174,2664.67319,1.82,6.25,23.38,68.55
Guinea,2018,48.93582,172.10547,604.5135,1896.54,2722.09479,1.8,6.32,22.21,69.67
Guinea,2019,53.864326,171.07753,651.9441,1902.4619,2779.3478560000003,1.94,6.16,23.46,68.45
Guinea,2020,57.082485,174.0127,578.89343,2014.3403,2824.328915,2.02,6.16,20.5,71.32
Guinea,2021,50.493713,178.40585,551.8876,2086.5767,2867.363863,1.76,6.22,19.25,72.77
Guinea,2022,48.278168,175.32391,581.7342,2067.3135,2872.649778,1.68,6.1,20.25,71.97
Guinea-Bissau,1961,29.405405,109.55387,497.05936,1143.9121,1779.930735,1.65,6.15,27.93,64.27
Guinea-Bissau,1962,29.155218,106.462715,487.1956,1104.2924,1727.105933,1.69,6.16,28.21,63.94
Guinea-Bissau,1963,29.441807,108.28969,484.1444,1128.8367,1750.7125970000002,1.68,6.19,27.65,64.48
Guinea-Bissau,1964,29.204851,112.449814,476.73016,1188.526,1806.910825,1.62,6.22,26.38,65.78
Guinea-Bissau,1965,30.21222,116.401855,517.4129,1243.148,1907.174975,1.58,6.1,27.13,65.18
Guinea-Bissau,1966,30.783691,121.87352,510.17313,1288.5941,1951.4244410000001,1.58,6.25,26.14,66.03
Guinea-Bissau,1967,31.603264,119.69094,483.25684,1278.2168,1912.767844,1.65,6.26,25.26,66.83
Guinea-Bissau,1968,32.71966,108.081024,480.44598,1157.7985,1779.045164,1.84,6.08,27.01,65.08
Guinea-Bissau,1969,33.650753,118.356224,475.32266,1250.7712,1878.100837,1.79,6.3,25.31,66.6
Guinea-Bissau,1970,36.186295,110.28873,463.68954,1182.787,1792.951565,2.02,6.15,25.86,65.97
Guinea-Bissau,1971,37.01397,123.92048,465.88235,1321.6635,1948.4803000000002,1.9,6.36,23.91,67.83
Guinea-Bissau,1972,38.046608,110.41361,567.24255,1214.8195,1930.5222680000002,1.97,5.72,29.38,62.93
Guinea-Bissau,1973,38.252193,125.5072,457.00122,1339.3018,1960.0624129999999,1.95,6.4,23.32,68.33
Guinea-Bissau,1974,34.888527,120.61889,523.10425,1315.551,1994.162667,1.75,6.05,26.23,65.97
Guinea-Bissau,1975,33.56215,129.22862,512.5758,1332.6252,2007.9917699999999,1.67,6.44,25.53,66.37
Guinea-Bissau,1976,36.418743,130.89833,500.24622,1325.0103,1992.5735929999998,1.83,6.57,25.11,66.5
Guinea-Bissau,1977,34.42644,123.86641,527.8076,1283.4701,1969.57055,1.75,6.29,26.8,65.16
Guinea-Bissau,1978,33.10751,133.32155,506.7637,1304.3021,1977.49486,1.67,6.74,25.63,65.96
Guinea-Bissau,1979,31.025711,126.86244,461.6898,1290.4153,1909.9932509999999,1.62,6.64,24.17,67.56
Guinea-Bissau,1980,32.512455,133.71931,475.84976,1350.4901,1992.571625,1.63,6.71,23.88,67.78
Guinea-Bissau,1981,29.788078,148.74286,442.31738,1496.6732,2117.521518,1.41,7.02,20.89,70.68
Guinea-Bissau,1982,31.981699,150.82187,460.94714,1483.0718,2126.8225089999996,1.5,7.09,21.67,69.73
Guinea-Bissau,1983,31.300333,146.1082,430.46954,1531.7775,2139.655573,1.46,6.83,20.12,71.59
Guinea-Bissau,1984,30.78553,147.88338,453.32095,1517.7589,2149.74876,1.43,6.88,21.09,70.6
Guinea-Bissau,1985,31.710426,155.22699,603.9985,1588.3597,2379.295616,1.33,6.52,25.39,66.76
Guinea-Bissau,1986,35.358795,144.74243,615.78815,1499.7787,2295.668075,1.54,6.31,26.82,65.33
Guinea-Bissau,1987,36.402603,151.60904,528.5054,1602.8549,2319.371943,1.57,6.54,22.79,69.11
Guinea-Bissau,1988,35.36612,149.81021,475.21155,1625.3953,2285.78318,1.55,6.55,20.79,71.11
Guinea-Bissau,1989,36.77732,149.2702,499.57938,1589.5802,2275.2071,1.62,6.56,21.96,69.87
Guinea-Bissau,1990,36.349854,149.9536,541.8635,1620.9946,2349.1615540000003,1.55,6.38,23.07,69.0
Guinea-Bissau,1991,36.04687,160.0967,515.83453,1715.1781,2427.1562000000004,1.49,6.6,21.25,70.67
Guinea-Bissau,1992,40.21642,152.42314,594.9493,1679.6698,2467.25866,1.63,6.18,24.11,68.08
Guinea-Bissau,1993,38.92287,152.93478,531.84644,1649.3154,2373.0194899999997,1.64,6.44,22.41,69.5
Guinea-Bissau,1994,35.78707,153.88031,527.4716,1669.9849,2387.12388,1.5,6.45,22.1,69.96
Guinea-Bissau,1995,35.424465,154.80899,527.51917,1660.1655,2377.918125,1.49,6.51,22.18,69.82
Guinea-Bissau,1996,36.554836,145.64882,500.6423,1610.4504,2293.296356,1.59,6.35,21.83,70.22
Guinea-Bissau,1997,37.26863,138.80623,482.5081,1576.0623,2234.6452600000002,1.67,6.21,21.59,70.53
Guinea-Bissau,1998,36.06515,136.3829,482.07907,1552.8735,2207.40062,1.63,6.18,21.84,70.35
Guinea-Bissau,1999,35.542076,140.6445,467.40097,1580.3663,2223.953846,1.6,6.32,21.02,71.06
Guinea-Bissau,2000,34.931034,147.18872,499.40652,1638.2736,2319.7998740000003,1.51,6.34,21.53,70.62
Guinea-Bissau,2001,34.52094,149.76968,478.76123,1685.4869,2348.53875,1.47,6.38,20.39,71.77
Guinea-Bissau,2002,33.201183,148.53815,499.6902,1664.1682,2345.597733,1.42,6.33,21.3,70.95
Guinea-Bissau,2003,33.148754,142.21353,491.90607,1631.0593,2298.3276539999997,1.44,6.19,21.4,70.97
Guinea-Bissau,2004,31.499294,145.78731,507.0603,1642.0244,2326.3713040000002,1.35,6.27,21.8,70.58
Guinea-Bissau,2005,31.825413,147.1874,519.59204,1640.9542,2339.559053,1.36,6.29,22.21,70.14
Guinea-Bissau,2006,32.237213,145.90932,521.22644,1613.6982,2313.0711730000003,1.39,6.31,22.53,69.76
Guinea-Bissau,2007,32.56546,145.84908,555.8016,1611.0288,2345.24494,1.39,6.22,23.7,68.69
Guinea-Bissau,2008,35.681885,144.88884,544.74,1623.5768,2348.887525,1.52,6.17,23.19,69.12
Guinea-Bissau,2009,33.980465,143.035,549.5507,1588.2513,2314.817465,1.47,6.18,23.74,68.61
Guinea-Bissau,2010,40.824146,146.84685,532.3049,1547.545,2267.520896,1.8,6.48,23.48,68.25
Guinea-Bissau,2011,41.86581,145.24956,532.9486,1515.1643,2235.22827,1.87,6.5,23.84,67.79
Guinea-Bissau,2012,41.79376,147.4391,542.32806,1492.5154,2224.07632,1.88,6.63,24.38,67.11
Guinea-Bissau,2013,42.88595,151.68253,548.23737,1451.1149,2193.92075,1.95,6.91,24.99,66.14
Guinea-Bissau,2014,42.97512,146.34772,596.6553,1420.7424,2206.7205400000003,1.95,6.63,27.04,64.38
Guinea-Bissau,2015,43.18056,141.43839,649.2706,1370.7726,2204.66215,1.96,6.42,29.45,62.18
Guinea-Bissau,2016,43.424007,146.49593,630.1188,1412.3217,2232.360437,1.95,6.56,28.23,63.27
Guinea-Bissau,2017,44.146038,151.22621,631.57477,1435.2471,2262.194118,1.95,6.68,27.92,63.44
Guinea-Bissau,2018,41.901623,149.49986,664.45715,1422.1614,2278.020033,1.84,6.56,29.17,62.43
Guinea-Bissau,2019,39.376072,151.09517,634.8641,1454.261,2279.596342,1.73,6.63,27.85,63.79
Guinea-Bissau,2020,38.489986,153.59947,612.4353,1495.8529,2300.377656,1.67,6.68,26.62,65.03
Guinea-Bissau,2021,37.475006,157.18683,617.1665,1482.7549,2294.583236,1.63,6.85,26.9,64.62
Guinea-Bissau,2022,36.401577,157.80682,582.3252,1514.6556,2291.189197,1.59,6.89,25.42,66.11
Guyana,1961,85.03523,137.24292,417.00885,1642.8214,2282.1084,3.73,6.01,18.27,71.99
Guyana,1962,81.84813,137.32826,406.5263,1673.0048,2298.70749,3.56,5.97,17.68,72.78
Guyana,1963,85.68981,132.65134,396.57516,1642.2347,2257.15101,3.8,5.88,17.57,72.76
Guyana,1964,89.68785,140.11218,406.39557,1693.3198,2329.5154,3.85,6.01,17.45,72.69
Guyana,1965,90.596,133.31015,399.23404,1640.7505,2263.89069,4.0,5.89,17.63,72.47
Guyana,1966,93.12929,138.13164,418.89917,1654.739,2304.8991,4.04,5.99,18.17,71.79
Guyana,1967,94.929344,140.94455,423.3236,1635.4385,2294.635994,4.14,6.14,18.45,71.27
Guyana,1968,97.45247,136.19568,430.32626,1626.7532,2290.72761,4.25,5.95,18.79,71.01
Guyana,1969,103.44317,136.67958,436.4124,1632.5742,2309.1093499999997,4.48,5.92,18.9,70.7
Guyana,1970,104.29392,127.11463,439.03186,1622.9177,2293.35811,4.55,5.54,19.14,70.77
Guyana,1971,96.94857,127.557434,439.31104,1624.6774,2288.494444,4.24,5.57,19.2,70.99
Guyana,1972,89.350716,126.02939,435.67654,1635.7505,2286.807146,3.91,5.51,19.05,71.53
Guyana,1973,88.179825,131.76295,433.3886,1730.5646,2383.895975,3.7,5.53,18.18,72.59
Guyana,1974,90.24621,145.73271,434.325,1747.1495,2417.45342,3.73,6.03,17.97,72.27
Guyana,1975,90.96194,151.65681,437.45535,1746.7164,2426.7905,3.75,6.25,18.03,71.98
Guyana,1976,100.21044,145.33727,453.20532,1785.4705,2484.2235299999998,4.03,5.85,18.24,71.87
Guyana,1977,112.126015,147.85184,419.8389,1809.5255,2489.342255,4.5,5.94,16.87,72.69
Guyana,1978,108.32673,139.66855,439.43027,1797.1602,2484.58575,4.36,5.62,17.69,72.33
Guyana,1979,104.79379,135.9944,461.0645,1703.6136,2405.46629,4.36,5.65,19.17,70.82
Guyana,1980,109.658226,136.87209,459.14365,1740.7643,2446.438266,4.48,5.59,18.77,71.16
Guyana,1981,109.86153,140.28534,454.25824,1803.2601,2507.66521,4.38,5.59,18.11,71.91
Guyana,1982,88.901985,128.6216,399.61163,1831.049,2448.184215,3.63,5.25,16.32,74.79
Guyana,1983,85.65807,131.19232,361.8254,1921.1658,2499.84159,3.43,5.25,14.47,76.85
Guyana,1984,82.67852,131.70517,342.57852,1874.7589,2431.72111,3.4,5.42,14.09,77.1
Guyana,1985,80.08981,136.47241,299.07925,1892.1216,2407.76307,3.33,5.67,12.42,78.58
Guyana,1986,76.666626,143.82753,315.23135,1882.416,2418.141506,3.17,5.95,13.04,77.85
Guyana,1987,82.17075,138.26662,308.05328,1911.6791,2440.16975,3.37,5.67,12.62,78.34
Guyana,1988,80.20695,140.30424,224.14908,1912.7212,2357.38147,3.4,5.95,9.51,81.14
Guyana,1989,75.76883,143.01175,247.29999,1862.1521,2328.23267,3.25,6.14,10.62,79.98
Guyana,1990,80.90847,144.8772,271.15167,1782.9644,2279.9017400000002,3.55,6.35,11.89,78.2
Guyana,1991,86.23958,150.43587,286.3599,1765.4463,2288.48165,3.77,6.57,12.51,77.14
Guyana,1992,106.59831,150.8343,353.2612,1716.7671,2327.46091,4.58,6.48,15.18,73.76
Guyana,1993,118.621056,152.89192,375.07562,1720.7937,2367.3822959999998,5.01,6.46,15.84,72.69
Guyana,1994,118.42412,148.8947,419.82544,1747.044,2434.18826,4.87,6.12,17.25,71.77
Guyana,1995,121.841,149.6805,400.54318,1807.5706,2479.63528,4.91,6.04,16.15,72.9
Guyana,1996,127.61322,147.60686,446.13684,1768.2351,2489.59202,5.13,5.93,17.92,71.03
Guyana,1997,137.09348,157.43216,474.4344,1807.0415,2576.00154,5.32,6.11,18.42,70.15
Guyana,1998,139.2595,167.32791,492.70493,1787.1381,2586.43044,5.38,6.47,19.05,69.1
Guyana,1999,155.05516,159.16513,510.61765,1770.0773,2594.91524,5.98,6.13,19.68,68.21
Guyana,2000,139.42365,171.44865,518.6653,1829.123,2658.6606,5.24,6.45,19.51,68.8
Guyana,2001,128.06598,168.1453,529.97473,1872.4756,2698.66161,4.75,6.23,19.64,69.39
Guyana,2002,135.9187,166.60367,513.2062,1869.2067,2684.93527,5.06,6.21,19.11,69.62
Guyana,2003,152.2907,164.93877,485.8342,1875.7585,2678.82217,5.68,6.16,18.14,70.02
Guyana,2004,148.66325,157.32172,515.54535,1845.5114,2667.04172,5.57,5.9,19.33,69.2
Guyana,2005,134.6623,173.02866,492.2915,1887.4626,2687.44506,5.01,6.44,18.32,70.23
Guyana,2006,124.06539,166.76453,507.12787,1883.3384,2681.29619,4.63,6.22,18.91,70.24
Guyana,2007,128.80473,170.68153,519.8278,1887.0095,2706.32356,4.76,6.31,19.21,69.73
Guyana,2008,126.49441,178.40854,481.38837,1886.5458,2672.83712,4.73,6.67,18.01,70.58
Guyana,2009,132.67862,174.42628,487.98026,1928.8976,2723.98276,4.87,6.4,17.91,70.81
Guyana,2010,149.02477,188.03795,462.07858,1806.3162,2605.4575,5.72,7.22,17.74,69.33
Guyana,2011,164.62347,182.21895,482.2598,1806.629,2635.7312199999997,6.25,6.91,18.3,68.54
Guyana,2012,181.52321,180.76553,531.4399,1839.8763,2733.60494,6.64,6.61,19.44,67.31
Guyana,2013,171.61563,177.71487,509.55493,1863.395,2722.28043,6.3,6.53,18.72,68.45
Guyana,2014,174.01317,198.27463,473.99466,1969.759,2816.04146,6.18,7.04,16.83,69.95
Guyana,2015,188.353,216.29547,485.1423,2112.0554,3001.8461700000003,6.27,7.21,16.16,70.36
Guyana,2016,175.7795,216.66214,490.08475,2125.2715,3007.79789,5.84,7.2,16.29,70.66
Guyana,2017,176.24274,217.84015,523.4838,2140.191,3057.75769,5.76,7.12,17.12,69.99
Guyana,2018,202.0154,213.88464,544.5663,2146.4287,3106.89504,6.5,6.88,17.53,69.09
Guyana,2019,177.86395,217.78049,590.6777,2086.934,3073.2561400000004,5.79,7.09,19.22,67.91
Guyana,2020,196.00188,220.84273,621.7422,2072.721,3111.3078100000002,6.3,7.1,19.98,66.62
Guyana,2021,209.21217,216.51349,623.37415,2108.2634,3157.3632099999995,6.63,6.86,19.74,66.77
Guyana,2022,214.03702,213.60391,636.35266,2138.2834,3202.27699,6.68,6.67,19.87,66.77
Haiti,1961,23.145666,150.92903,233.1745,1512.5149,1919.7640959999999,1.21,7.86,12.15,78.79
Haiti,1962,22.376024,154.137,238.41936,1539.9513,1954.883684,1.14,7.88,12.2,78.77
Haiti,1963,22.6675,155.08281,234.04597,1544.3848,1956.18108,1.16,7.93,11.96,78.95
Haiti,1964,23.768475,147.17859,234.5621,1489.2991,1894.808265,1.25,7.77,12.38,78.6
Haiti,1965,22.752653,157.77063,240.29959,1548.7797,1969.6025730000001,1.16,8.01,12.2,78.63
Haiti,1966,23.074226,155.51785,236.40944,1523.3958,1938.397316,1.19,8.02,12.2,78.59
Haiti,1967,24.164078,154.73132,240.50366,1509.6255,1929.024558,1.25,8.02,12.47,78.26
Haiti,1968,24.762157,148.207,238.59499,1489.3076,1900.8717470000001,1.3,7.8,12.55,78.35
Haiti,1969,25.26429,149.99908,240.83458,1495.0377,1911.1356500000002,1.32,7.85,12.6,78.23
Haiti,1970,25.542292,149.38986,237.20166,1493.3699,1905.503712,1.34,7.84,12.45,78.37
Haiti,1971,25.720968,148.79967,240.26555,1491.9382,1906.724388,1.35,7.8,12.6,78.25
Haiti,1972,26.362837,151.201,243.01465,1507.9644,1928.542887,1.37,7.84,12.6,78.19
Haiti,1973,26.55176,152.14644,241.24257,1532.9493,1952.89007,1.36,7.79,12.35,78.5
Haiti,1974,27.109583,151.78941,241.89546,1528.5905,1949.384953,1.39,7.79,12.41,78.41
Haiti,1975,27.238068,152.0893,253.31403,1514.376,1947.017398,1.4,7.81,13.01,77.78
Haiti,1976,28.921019,150.05048,279.25723,1525.3014,1983.530129,1.46,7.56,14.08,76.9
Haiti,1977,28.039059,144.02797,270.41553,1505.1226,1947.605159,1.44,7.4,13.88,77.28
Haiti,1978,30.931902,151.91359,289.01743,1505.8002,1977.663122,1.56,7.68,14.61,76.14
Haiti,1979,28.919144,157.53856,289.9397,1512.5521,1988.9495040000002,1.45,7.92,14.58,76.05
Haiti,1980,30.089947,156.08653,286.77707,1508.0354,1980.9889469999998,1.52,7.88,14.48,76.13
Haiti,1981,28.440325,160.47015,314.73553,1521.5573,2025.203305,1.4,7.92,15.54,75.13
Haiti,1982,30.387808,156.63608,311.81198,1501.4905,2000.326368,1.52,7.83,15.59,75.06
Haiti,1983,30.632898,159.80777,314.35626,1488.1868,1992.983728,1.54,8.02,15.77,74.67
Haiti,1984,32.803448,158.33736,327.36566,1418.0084,1936.514868,1.69,8.18,16.9,73.22
Haiti,1985,34.304127,160.41617,332.32895,1435.8402,1962.889447,1.75,8.17,16.93,73.15
Haiti,1986,34.05583,159.68584,344.39633,1402.5477,1940.6857,1.75,8.23,17.75,72.27
Haiti,1987,36.466644,162.40088,275.2403,1387.5558,1861.663624,1.96,8.72,14.78,74.53
Haiti,1988,30.070824,158.73247,259.90524,1354.5038,1803.2123339999998,1.67,8.8,14.41,75.12
Haiti,1989,27.218193,152.39699,247.5777,1332.0317,1759.224583,1.55,8.66,14.07,75.72
Haiti,1990,26.430166,150.36566,267.37204,1367.979,1812.146866,1.46,8.3,14.75,75.49
Haiti,1991,24.932096,152.57944,265.73837,1375.8802,1819.130106,1.37,8.39,14.61,75.63
Haiti,1992,24.554234,151.0998,270.91574,1341.1194,1787.689174,1.37,8.45,15.15,75.02
Haiti,1993,25.502008,147.16525,254.42918,1350.7874,1777.883838,1.43,8.28,14.31,75.98
Haiti,1994,24.504295,146.9014,271.1954,1322.6619,1765.262995,1.39,8.32,15.36,74.93
Haiti,1995,25.78635,142.40533,273.7727,1383.187,1825.1513799999998,1.41,7.8,15.0,75.78
Haiti,1996,27.77181,147.72946,287.34497,1411.7511,1874.5973399999998,1.48,7.88,15.33,75.31
Haiti,1997,28.962967,145.27063,349.42017,1381.2725,1904.926267,1.52,7.63,18.34,72.51
Haiti,1998,32.555416,151.26256,364.47775,1439.821,1988.116726,1.64,7.61,18.33,72.42
Haiti,1999,34.016453,145.91484,391.99612,1451.6791,2023.6065130000002,1.68,7.21,19.37,71.74
Haiti,2000,32.31562,145.17233,400.55664,1444.7809,2022.82549,1.6,7.18,19.8,71.42
Haiti,2001,33.37082,138.55696,385.0741,1399.2542,1956.25608,1.71,7.08,19.68,71.53
Haiti,2002,34.17352,136.44702,376.2072,1410.9441,1957.7718399999999,1.75,6.97,19.22,72.07
Haiti,2003,34.957615,141.51466,337.9099,1408.0812,1922.463375,1.82,7.36,17.58,73.24
Haiti,2004,34.428795,139.84648,354.12476,1407.1951,1935.595135,1.78,7.22,18.3,72.7
Haiti,2005,33.441395,142.55518,298.39697,1451.1848,1925.578345,1.74,7.4,15.5,75.36
Haiti,2006,35.247513,141.92729,335.0144,1466.154,1978.343203,1.78,7.17,16.93,74.11
Haiti,2007,34.95713,149.65388,340.9234,1474.0461,1999.58051,1.75,7.48,17.05,73.72
Haiti,2008,35.313026,148.29044,381.07123,1471.9929,2036.667596,1.73,7.28,18.71,72.27
Haiti,2009,36.683445,153.18361,390.19495,1495.979,2076.041005,1.77,7.38,18.8,72.06
Haiti,2010,40.884624,160.80751,453.89764,1505.2109,2160.800674,1.89,7.44,21.01,69.66
Haiti,2011,47.10673,149.11108,506.63834,1451.3231,2154.17925,2.19,6.92,23.52,67.37
Haiti,2012,45.695503,152.30496,482.00122,1454.3457,2134.3473830000003,2.14,7.14,22.58,68.14
Haiti,2013,46.29545,152.97975,485.22888,1479.6978,2164.2018799999996,2.14,7.07,22.42,68.37
Haiti,2014,50.23077,154.86816,495.1706,1522.5521,2222.8216300000004,2.26,6.97,22.28,68.5
Haiti,2015,49.751022,159.53253,450.55994,1564.9788,2224.822292,2.24,7.17,20.25,70.34
Haiti,2016,50.640564,158.82904,458.2047,1507.5408,2175.215104,2.33,7.3,21.06,69.31
Haiti,2017,50.61352,159.23174,459.5888,1514.4188,2183.85286,2.32,7.29,21.04,69.35
Haiti,2018,53.362705,150.52461,468.78214,1466.6609,2139.330355,2.49,7.04,21.91,68.56
Haiti,2019,50.610874,141.3406,408.82654,1523.4116,2124.189614,2.38,6.65,19.25,71.72
Haiti,2020,53.33717,144.0023,397.67563,1515.6646,2110.6797,2.53,6.82,18.84,71.81
Haiti,2021,51.68973,140.21443,386.40488,1510.2739,2088.58294,2.47,6.71,18.5,72.31
Haiti,2022,46.36597,133.82082,366.89944,1444.8177,1991.90393,2.33,6.72,18.42,72.53
Honduras,1961,51.34479,148.45511,275.6466,1361.2222,1836.6687,2.8,8.08,15.01,74.11
Honduras,1962,49.24944,145.43484,285.93887,1335.842,1816.46515,2.71,8.01,15.74,73.54
Honduras,1963,50.54633,147.65988,297.2207,1341.4574,1836.88431,2.75,8.04,16.18,73.03
Honduras,1964,50.44749,148.21916,296.9325,1345.7738,1841.37295,2.74,8.05,16.13,73.09
Honduras,1965,48.819687,150.97281,311.53732,1388.2034,1899.5332170000001,2.57,7.95,16.4,73.08
Honduras,1966,47.040726,155.48364,326.87173,1426.0183,1955.4143960000001,2.41,7.95,16.72,72.93
Honduras,1967,52.866673,158.48157,325.4913,1465.9348,2002.774343,2.64,7.91,16.25,73.2
Honduras,1968,57.90939,152.94218,349.1688,1451.6517,2011.6720699999998,2.88,7.6,17.36,72.16
Honduras,1969,55.22108,154.39925,342.71805,1497.3567,2049.69508,2.69,7.53,16.72,73.05
Honduras,1970,54.941647,156.21585,341.18408,1477.6427,2029.984277,2.71,7.7,16.81,72.79
Honduras,1971,56.557793,149.29852,340.3128,1436.6713,1982.840413,2.85,7.53,17.16,72.46
Honduras,1972,54.83549,144.79997,336.66577,1415.811,1952.11223,2.81,7.42,17.25,72.53
Honduras,1973,52.931946,145.33922,362.27853,1421.9675,1982.517196,2.67,7.33,18.27,71.73
Honduras,1974,54.135826,141.08006,364.62875,1396.7899,1956.634536,2.77,7.21,18.64,71.39
Honduras,1975,52.286938,147.94518,373.17218,1448.1886,2021.5928979999999,2.59,7.32,18.46,71.64
Honduras,1976,51.872917,145.77339,405.74115,1445.4564,2048.843857,2.53,7.11,19.8,70.55
Honduras,1977,53.011578,142.45401,392.41998,1446.716,2034.601568,2.61,7.0,19.29,71.11
Honduras,1978,58.02878,140.3206,353.8393,1448.636,2000.82468,2.9,7.01,17.68,72.4
Honduras,1979,55.94019,141.46826,337.42462,1454.2598,1989.09287,2.81,7.11,16.96,73.11
Honduras,1980,58.962276,143.01572,356.64178,1460.77,2019.389776,2.92,7.08,17.66,72.34
Honduras,1981,59.55946,144.0753,391.74503,1478.461,2073.84079,2.87,6.95,18.89,71.29
Honduras,1982,54.795372,141.32672,390.97394,1397.3796,1984.4756320000001,2.76,7.12,19.7,70.42
Honduras,1983,50.694317,147.15434,385.66406,1468.1208,2051.633517,2.47,7.17,18.8,71.56
Honduras,1984,52.779808,145.3011,406.65512,1448.8997,2053.635728,2.57,7.08,19.8,70.55
Honduras,1985,55.444183,147.55054,437.5052,1457.2429,2097.742823,2.64,7.03,20.86,69.47
Honduras,1986,51.070847,145.8326,479.42218,1441.4855,2117.811127,2.41,6.89,22.64,68.06
Honduras,1987,58.022655,144.70285,494.16553,1450.4584,2147.349435,2.7,6.74,23.01,67.55
Honduras,1988,58.760426,150.54161,512.1957,1484.4781,2205.975836,2.66,6.82,23.22,67.29
Honduras,1989,59.50642,154.29924,517.0383,1520.8301,2251.67406,2.64,6.85,22.96,67.54
Honduras,1990,60.536327,156.7564,491.65582,1566.5793,2275.5278470000003,2.66,6.89,21.61,68.84
Honduras,1991,61.246883,156.65976,488.253,1534.5079,2240.667543,2.73,6.99,21.79,68.48
Honduras,1992,66.67679,151.87054,529.59106,1533.065,2281.20339,2.92,6.66,23.22,67.2
Honduras,1993,63.252956,152.32504,516.9222,1552.1793,2284.6794959999997,2.77,6.67,22.63,67.94
Honduras,1994,72.18363,153.05276,508.10233,1570.082,2303.42072,3.13,6.64,22.06,68.16
Honduras,1995,75.68268,153.00215,536.63776,1562.2512,2327.57379,3.25,6.57,23.06,67.12
Honduras,1996,84.03873,149.2686,539.339,1562.9865,2335.63283,3.6,6.39,23.09,66.92
Honduras,1997,84.48722,144.29538,575.8416,1512.8939,2317.5181000000002,3.65,6.23,24.85,65.28
Honduras,1998,83.33491,145.83607,571.834,1510.6178,2311.6227799999997,3.61,6.31,24.74,65.35
Honduras,1999,84.76723,143.23792,576.55835,1481.5947,2286.1582,3.71,6.27,25.22,64.81
Honduras,2000,84.982994,141.4108,569.79565,1449.7356,2245.925044,3.78,6.3,25.37,64.55
Honduras,2001,84.01354,144.7444,595.7427,1484.93,2309.43064,3.64,6.27,25.8,64.3
Honduras,2002,82.38398,149.30223,594.0072,1490.4573,2316.15071,3.56,6.45,25.65,64.35
Honduras,2003,87.03072,148.32835,556.6224,1518.7827,2310.76417,3.77,6.42,24.09,65.73
Honduras,2004,87.71487,147.15494,555.8054,1506.8835,2297.55871,3.82,6.4,24.19,65.59
Honduras,2005,94.09848,147.93758,568.7423,1486.3318,2297.11016,4.1,6.44,24.76,64.7
Honduras,2006,97.12562,141.16669,591.0803,1495.8705,2325.24311,4.18,6.07,25.42,64.33
Honduras,2007,101.6954,141.45737,606.29694,1504.2031,2353.65281,4.32,6.01,25.76,63.91
Honduras,2008,100.300545,148.40385,603.25616,1526.7051,2378.665655,4.22,6.24,25.36,64.18
Honduras,2009,87.27009,146.33792,583.57306,1550.6403,2367.82137,3.69,6.18,24.65,65.49
Honduras,2010,89.86488,142.43422,714.5956,1653.4794,2600.3741,3.46,5.48,27.48,63.59
Honduras,2011,94.13475,143.12036,724.0925,1663.219,2624.56661,3.59,5.45,27.59,63.37
Honduras,2012,91.08109,143.46179,723.5741,1658.8501,2616.9670800000004,3.48,5.48,27.65,63.39
Honduras,2013,87.53785,145.88298,725.96735,1651.4049,2610.79308,3.35,5.59,27.81,63.25
Honduras,2014,84.56004,141.1617,715.26556,1618.666,2559.6533,3.3,5.51,27.94,63.24
Honduras,2015,89.994316,143.96675,708.343,1636.1779,2578.481966,3.49,5.58,27.47,63.46
Honduras,2016,92.07171,148.52092,721.4462,1653.3002,2615.33903,3.52,5.68,27.59,63.22
Honduras,2017,92.010284,148.79881,720.10803,1652.8917,2613.8088239999997,3.52,5.69,27.55,63.24
Honduras,2018,98.157524,149.5428,725.3809,1659.9532,2633.034424,3.73,5.68,27.55,63.04
Honduras,2019,98.47074,148.14679,765.0912,1625.4482,2637.15693,3.73,5.62,29.01,61.64
Honduras,2020,94.02016,150.39224,783.25793,1590.5111,2618.1814299999996,3.59,5.74,29.92,60.75
Honduras,2021,105.48219,148.43423,813.861,1593.5802,2661.3576199999998,3.96,5.58,30.58,59.88
Honduras,2022,105.20773,148.43942,784.7209,1608.107,2646.47505,3.98,5.61,29.65,60.76
Hong Kong,1961,114.16047,164.12927,669.1037,1771.3123,2718.7057400000003,4.2,6.04,24.61,65.15
Hong Kong,1962,135.77182,182.4067,826.95886,1911.0198,3056.15718,4.44,5.97,27.06,62.53
Hong Kong,1963,157.29402,192.5864,919.9778,2215.3843,3485.2425200000002,4.51,5.53,26.4,63.56
Hong Kong,1964,148.5545,170.9885,877.188,1863.1997,3059.9307,4.85,5.59,28.67,60.89
Hong Kong,1965,126.54331,141.02005,618.96954,1680.4264,2566.9593,4.93,5.49,24.11,65.46
Hong Kong,1966,134.59589,133.28577,686.74536,1590.48,2545.10702,5.29,5.24,26.98,62.49
Hong Kong,1967,153.78473,169.68884,833.55096,1862.1069,3019.1314300000004,5.09,5.62,27.61,61.68
Hong Kong,1968,198.11964,193.67499,1016.2573,2131.0762,3539.12813,5.6,5.47,28.71,60.21
Hong Kong,1969,184.72395,179.21603,919.1533,1948.7659,3231.8591800000004,5.72,5.55,28.44,60.3
Hong Kong,1970,184.4028,167.97757,888.67676,1807.9388,3048.99593,6.05,5.51,29.15,59.3
Hong Kong,1971,186.58351,157.42104,905.96436,1688.3698,2938.33871,6.35,5.36,30.83,57.46
Hong Kong,1972,190.06732,157.93492,886.33856,1689.4313,2923.7721,6.5,5.4,30.31,57.78
Hong Kong,1973,187.63844,156.09035,891.0469,1678.4133,2913.1889899999996,6.44,5.36,30.59,57.61
Hong Kong,1974,179.88599,156.40556,820.77637,1720.167,2877.23492,6.25,5.44,28.53,59.79
Hong Kong,1975,179.32874,153.3459,783.8421,1739.8302,2856.3469400000004,6.28,5.37,27.44,60.91
Hong Kong,1976,187.37233,153.38,856.94415,1694.2174,2891.91388,6.48,5.3,29.63,58.58
Hong Kong,1977,191.63853,146.09001,901.28687,1675.0142,2914.02961,6.58,5.01,30.93,57.48
Hong Kong,1978,198.6485,151.6447,880.1434,1688.6733,2919.1099,6.81,5.19,30.15,57.85
Hong Kong,1979,206.7963,149.79944,930.85736,1698.3867,2985.8397999999997,6.93,5.02,31.18,56.88
Hong Kong,1980,209.5157,153.21574,961.5194,1648.6478,2972.8986400000003,7.05,5.15,32.34,55.46
Hong Kong,1981,207.34593,155.34659,972.81976,1687.9025,3023.41478,6.86,5.14,32.18,55.83
Hong Kong,1982,214.51888,154.12706,987.26605,1692.108,3048.01999,7.04,5.06,32.39,55.51
Hong Kong,1983,218.8332,151.35995,985.56805,1728.8854,3084.6466,7.09,4.91,31.95,56.05
Hong Kong,1984,212.79546,149.43184,1009.11786,1702.2327,3073.57786,6.92,4.86,32.83,55.38
Hong Kong,1985,211.57663,149.76637,1028.0021,1694.1394,3083.4845,6.86,4.86,33.34,54.94
Hong Kong,1986,225.66449,146.02768,1044.6595,1709.977,3126.32867,7.22,4.67,33.41,54.7
Hong Kong,1987,230.2551,148.58046,1086.2665,1749.3402,3214.44226,7.16,4.62,33.79,54.42
Hong Kong,1988,236.57437,143.05829,1222.8538,1678.1508,3280.63726,7.21,4.36,37.27,51.15
Hong Kong,1989,229.88971,140.93347,1286.6221,1688.2268,3345.67208,6.87,4.21,38.46,50.46
Hong Kong,1990,246.03264,138.58353,1289.452,1639.4326,3313.50077,7.43,4.18,38.92,49.48
Hong Kong,1991,250.55367,135.64026,1334.8225,1595.0739,3316.09033,7.56,4.09,40.25,48.1
Hong Kong,1992,259.61356,129.23204,1192.6459,1592.863,3174.3545000000004,8.18,4.07,37.57,50.18
Hong Kong,1993,245.69879,133.04301,1211.7675,1603.1301,3193.6394,7.69,4.17,37.94,50.2
Hong Kong,1994,270.8799,120.79564,1295.5723,1521.6587,3208.90654,8.44,3.76,40.37,47.42
Hong Kong,1995,291.03436,122.10314,1227.0292,1594.4327,3234.5994,9.0,3.77,37.93,49.29
Hong Kong,1996,276.67078,122.5444,1196.0923,1552.9724,3148.27988,8.79,3.89,37.99,49.33
Hong Kong,1997,288.4848,116.78101,1206.8073,1521.9319,3134.00501,9.2,3.73,38.51,48.56
Hong Kong,1998,285.4624,112.527176,1217.0765,1454.8677,3069.933776,9.3,3.67,39.65,47.39
Hong Kong,1999,276.62735,118.4092,1215.1494,1496.5801,3106.76605,8.9,3.81,39.11,48.17
Hong Kong,2000,288.66632,121.844185,1192.6602,1505.1201,3108.290805,9.29,3.92,38.37,48.42
Hong Kong,2001,274.61313,124.91295,1229.8064,1506.6786,3136.01108,8.76,3.98,39.22,48.04
Hong Kong,2002,261.06342,132.49747,1229.4116,1543.5104,3166.4828899999998,8.24,4.18,38.83,48.75
Hong Kong,2003,260.65637,137.67941,1250.4437,1552.4883,3201.26778,8.14,4.3,39.06,48.5
Hong Kong,2004,285.76868,134.69377,1252.9764,1538.7452,3212.18405,8.9,4.19,39.01,47.9
Hong Kong,2005,308.8084,132.38069,1224.2219,1553.2567,3218.6676899999998,9.59,4.11,38.04,48.26
Hong Kong,2006,302.0839,134.131,1251.5105,1548.888,3236.6134,9.33,4.14,38.67,47.86
Hong Kong,2007,306.15784,139.78847,1198.8263,1584.329,3229.1016099999997,9.48,4.33,37.13,49.06
Hong Kong,2008,329.07404,139.22821,1201.3347,1547.0627,3216.69965,10.23,4.33,37.35,48.09
Hong Kong,2009,355.09027,139.45724,1212.0876,1521.909,3228.5441100000003,11.0,4.32,37.54,47.14
Hong Kong,2010,369.64047,170.217,1152.3997,1435.0233,3127.2804699999997,11.82,5.44,36.85,45.89
Hong Kong,2011,398.2001,168.20036,1145.8398,1432.6866,3144.92686,12.66,5.35,36.43,45.56
Hong Kong,2012,387.40985,166.76184,1142.0071,1403.1401,3099.31889,12.5,5.38,36.85,45.27
Hong Kong,2013,376.27878,166.30196,1122.3574,1425.7308,3090.6689400000005,12.17,5.38,36.31,46.13
Hong Kong,2014,394.5965,166.90295,1098.299,1461.4854,3121.28385,12.64,5.35,35.19,46.82
Hong Kong,2015,376.504,166.3529,1073.157,1450.7859,3066.7998,12.28,5.42,34.99,47.31
Hong Kong,2016,406.8106,165.78375,1109.3739,1423.6262,3105.59445,13.1,5.34,35.72,45.84
Hong Kong,2017,422.94592,169.65945,1124.3647,1439.78,3156.75007,13.4,5.37,35.62,45.61
Hong Kong,2018,402.6813,165.63087,1168.6592,1445.3347,3182.3060700000005,12.65,5.2,36.72,45.42
Hong Kong,2019,433.67877,161.98364,1174.7721,1424.8074,3195.2419099999997,13.57,5.07,36.77,44.59
Hong Kong,2020,417.0784,160.59041,1158.0715,1367.5321,3103.27241,13.44,5.17,37.32,44.07
Hong Kong,2021,393.3666,168.46553,1129.392,1355.6248,3046.84893,12.91,5.53,37.07,44.49
Hong Kong,2022,336.19254,172.48976,1120.2505,1375.9357,3004.8685,11.19,5.74,37.28,45.79
Hungary,1961,148.42703,191.60654,800.82166,1730.4415,2871.29673,5.17,6.67,27.89,60.27
Hungary,1962,151.90544,215.42952,804.9787,1881.8062,3054.11986,4.97,7.05,26.36,61.62
Hungary,1963,150.36125,215.8263,825.6347,1889.1213,3080.94355,4.88,7.01,26.8,61.32
Hungary,1964,154.20978,208.12508,833.20184,1863.004,3058.5406999999996,5.04,6.8,27.24,60.91
Hungary,1965,151.47083,221.42982,832.79877,1895.1604,3100.8598199999997,4.88,7.14,26.86,61.12
Hungary,1966,150.8319,234.95738,849.60333,2059.7903,3295.18291,4.58,7.13,25.78,62.51
Hungary,1967,162.07031,207.21246,890.203,1876.3882,3135.87397,5.17,6.61,28.39,59.84
Hungary,1968,170.24887,198.89113,938.4247,1860.5323,3168.0969999999998,5.37,6.28,29.62,58.73
Hungary,1969,173.94322,211.96448,890.0403,1965.6848,3241.6328,5.37,6.54,27.46,60.64
Hungary,1970,178.85443,204.17006,971.6633,1905.0525,3259.7402899999997,5.49,6.26,29.81,58.44
Hungary,1971,179.69913,203.38602,972.1459,1925.8035,3281.03455,5.48,6.2,29.63,58.7
Hungary,1972,186.12381,195.20105,953.2319,1882.686,3217.24276,5.79,6.07,29.63,58.52
Hungary,1973,188.6992,194.60611,990.9119,1898.7256,3272.9428099999996,5.77,5.95,30.28,58.01
Hungary,1974,194.04054,207.33264,1029.9468,1956.9603,3388.28028,5.73,6.12,30.4,57.76
Hungary,1975,199.60086,198.55836,1051.0321,1939.0112,3388.20252,5.89,5.86,31.02,57.23
Hungary,1976,206.43495,197.057,1041.4025,1851.4124,3296.30685,6.26,5.98,31.59,56.17
Hungary,1977,201.60817,189.33601,1018.2274,1878.441,3287.61258,6.13,5.76,30.97,57.14
Hungary,1978,209.37775,191.58485,1009.79675,1919.885,3330.6443499999996,6.29,5.75,30.32,57.64
Hungary,1979,212.60428,181.56598,1077.3947,1815.1974,3286.76236,6.47,5.52,32.78,55.23
Hungary,1980,218.01033,193.42482,1080.998,1904.6732,3397.10635,6.42,5.69,31.82,56.07
Hungary,1981,222.10112,187.11093,1134.8054,1872.4178,3416.4352499999995,6.5,5.48,33.22,54.81
Hungary,1982,225.98802,182.16663,1160.1805,1863.1334,3431.4685499999996,6.59,5.31,33.81,54.3
Hungary,1983,229.98016,183.07578,1196.7849,1828.6077,3438.4485400000003,6.69,5.32,34.81,53.18
Hungary,1984,230.23914,185.9176,1128.4829,1860.7717,3405.4113399999997,6.76,5.46,33.14,54.64
Hungary,1985,238.54192,179.63821,1192.6194,1819.5686,3430.36813,6.95,5.24,34.77,53.04
Hungary,1986,243.56915,177.70935,1214.2305,1809.7126,3445.2216,7.07,5.16,35.24,52.53
Hungary,1987,250.64622,180.4797,1297.4906,1873.7725,3602.38902,6.96,5.01,36.02,52.01
Hungary,1988,242.13843,185.6448,1256.2532,1847.8159,3531.85233,6.86,5.26,35.57,52.32
Hungary,1989,248.39847,167.06659,1278.7258,1804.0408,3498.23166,7.1,4.78,36.55,51.57
Hungary,1990,230.6437,160.97842,1223.9042,1765.7007,3381.2270200000003,6.82,4.76,36.2,52.22
Hungary,1991,224.38403,156.15755,1127.7157,1694.2313,3202.4885799999997,7.01,4.88,35.21,52.9
Hungary,1992,226.33957,148.70773,1206.6013,1698.2762,3279.9248,6.9,4.53,36.79,51.78
Hungary,1993,217.39076,138.93634,1196.7499,1554.0779,3107.1549,7.0,4.47,38.52,50.02
Hungary,1994,205.61905,139.96524,1154.2623,1532.333,3032.17959,6.78,4.62,38.07,50.54
Hungary,1995,191.90234,134.5001,1130.535,1500.4204,2957.35784,6.49,4.55,38.23,50.74
Hungary,1996,185.58922,127.52487,1122.3533,1501.8582,2937.32559,6.32,4.34,38.21,51.13
Hungary,1997,189.95778,142.96992,1111.9392,1572.6289,3017.4957999999997,6.3,4.74,36.85,52.12
Hungary,1998,194.27203,134.28925,1139.9038,1548.7297,3017.19478,6.44,4.45,37.78,51.33
Hungary,1999,195.95561,139.93388,1119.09,1553.7798,3008.75929,6.51,4.65,37.19,51.64
Hungary,2000,209.16437,156.63248,1214.6543,1601.9614,3182.41255,6.57,4.92,38.17,50.34
Hungary,2001,203.98737,152.23837,1167.8728,1578.8363,3102.93484,6.57,4.91,37.64,50.88
Hungary,2002,214.88634,142.629,1227.2412,1499.5203,3084.2768399999995,6.97,4.62,39.79,48.62
Hungary,2003,202.54085,147.72198,1166.5161,1554.2812,3071.06013,6.6,4.81,37.98,50.61
Hungary,2004,203.24812,160.19081,1207.4202,1631.352,3202.21113,6.35,5.0,37.71,50.94
Hungary,2005,195.98909,167.46336,1249.265,1667.141,3279.85845,5.98,5.11,38.09,50.83
Hungary,2006,196.20766,166.3273,1255.1855,1669.0787,3286.79916,5.97,5.06,38.19,50.78
Hungary,2007,196.44666,153.4915,1259.3263,1563.241,3172.50546,6.19,4.84,39.7,49.27
Hungary,2008,192.64359,154.21115,1255.7538,1555.631,3158.23954,6.1,4.88,39.76,49.26
Hungary,2009,185.90991,155.49995,1234.1305,1573.7751,3149.31546,5.9,4.94,39.19,49.97
Hungary,2010,193.14996,144.7524,1214.323,1491.1877,3043.41306,6.35,4.76,39.9,49.0
Hungary,2011,195.7703,148.61891,1203.1106,1509.2947,3056.7945099999997,6.4,4.86,39.36,49.38
Hungary,2012,194.18886,144.44096,1171.5568,1491.5161,3001.70272,6.47,4.81,39.03,49.69
Hungary,2013,181.81824,145.71872,1217.5479,1479.7095,3024.79436,6.01,4.82,40.25,48.92
Hungary,2014,196.54189,148.87718,1202.3933,1523.83,3071.64237,6.4,4.85,39.14,49.61
Hungary,2015,205.22606,149.5573,1285.3243,1536.8743,3176.98196,6.46,4.71,40.46,48.38
Hungary,2016,212.54005,149.59042,1304.354,1534.6027,3201.08717,6.64,4.67,40.75,47.94
Hungary,2017,217.27501,149.33156,1326.698,1543.2428,3236.5473700000002,6.71,4.61,40.99,47.68
Hungary,2018,228.76723,147.31041,1379.8948,1538.7478,3294.72024,6.94,4.47,41.88,46.7
Hungary,2019,227.27489,149.90302,1285.5774,1647.0828,3309.8381099999997,6.87,4.53,38.84,49.76
Hungary,2020,222.74626,139.2164,1381.1228,1625.5615,3368.64696,6.61,4.13,41.0,48.26
Hungary,2021,222.68578,148.51053,1392.1361,1656.4608,3419.79321,6.51,4.34,40.71,48.44
Hungary,2022,217.57877,146.47972,1482.7367,1683.6212,3530.41639,6.16,4.15,42.0,47.69
Iceland,1961,371.87894,110.543465,1249.7354,1524.5337,3256.691505,11.42,3.39,38.37,46.81
Iceland,1962,373.8455,119.48923,1254.908,1587.2574,3335.50013,11.21,3.58,37.62,47.59
Iceland,1963,368.0938,101.493355,1149.5565,1491.3951,3110.5387549999996,11.83,3.26,36.96,47.95
Iceland,1964,372.8197,114.046036,1106.0685,1549.192,3142.126236,11.87,3.63,35.2,49.3
Iceland,1965,361.64624,113.70589,1135.8607,1540.002,3151.21483,11.48,3.61,36.05,48.87
Iceland,1966,376.01364,101.83122,1068.5996,1529.8314,3076.27586,12.22,3.31,34.74,49.73
Iceland,1967,338.06656,102.40717,1026.1234,1486.0835,2952.68063,11.45,3.47,34.75,50.33
Iceland,1968,325.04764,108.521286,967.31055,1498.7789,2899.6583760000003,11.21,3.74,33.36,51.69
Iceland,1969,335.5739,105.26173,980.70435,1451.4019,2872.9418800000003,11.68,3.66,34.14,50.52
Iceland,1970,384.09344,104.4153,1060.5277,1460.4872,3009.5236400000003,12.76,3.47,35.24,48.53
Iceland,1971,364.69455,107.09061,1033.3179,1458.4066,2963.5096599999997,12.31,3.61,34.87,49.21
Iceland,1972,387.66696,110.36039,1154.5371,1427.7273,3080.2917500000003,12.59,3.58,37.48,46.35
Iceland,1973,346.4015,104.60659,1090.5146,1412.6605,2954.1831899999997,11.73,3.54,36.91,47.82
Iceland,1974,327.28683,106.12548,1075.1498,1436.2601,2944.82221,11.11,3.6,36.51,48.77
Iceland,1975,405.95352,96.52797,1154.6152,1318.1489,2975.2455899999995,13.64,3.24,38.81,44.3
Iceland,1976,367.113,109.246506,1096.4524,1463.1456,3035.9575059999997,12.09,3.6,36.12,48.19
Iceland,1977,367.97153,101.29125,1113.2229,1467.262,3049.74768,12.07,3.32,36.5,48.11
Iceland,1978,390.45578,103.536316,1130.9629,1489.512,3114.466996,12.54,3.32,36.31,47.83
Iceland,1979,399.38367,103.69076,1209.2349,1494.7349,3207.04423,12.45,3.23,37.71,46.61
Iceland,1980,402.10364,106.07348,1196.2054,1461.229,3165.6115200000004,12.7,3.35,37.79,46.16
Iceland,1981,423.26236,108.21867,1285.0466,1487.7063,3304.2339300000003,12.81,3.28,38.89,45.02
Iceland,1982,400.33856,108.02724,1216.8312,1454.8298,3180.0268,12.59,3.4,38.26,45.75
Iceland,1983,403.09494,106.06294,1204.414,1460.9453,3174.51718,12.7,3.34,37.94,46.02
Iceland,1984,378.43005,113.58092,1212.7507,1493.0701,3197.83177,11.83,3.55,37.92,46.69
Iceland,1985,400.59497,108.31641,1206.5176,1442.801,3158.22998,12.68,3.43,38.2,45.68
Iceland,1986,422.23264,115.36235,1254.6559,1513.2781,3305.52899,12.77,3.49,37.96,45.78
Iceland,1987,366.39038,130.06136,1153.4604,1573.487,3223.39914,11.37,4.03,35.78,48.81
Iceland,1988,324.72916,138.1741,1121.1926,1532.8313,3116.92716,10.42,4.43,35.97,49.18
Iceland,1989,318.01025,145.76799,1120.741,1553.3202,3137.83944,10.13,4.65,35.72,49.5
Iceland,1990,307.65216,140.9155,1114.8438,1496.0962,3059.50766,10.06,4.61,36.44,48.9
Iceland,1991,313.22885,145.84644,1071.9534,1576.7328,3107.76149,10.08,4.69,34.49,50.74
Iceland,1992,310.42517,144.53574,1085.1534,1553.3807,3093.4950099999996,10.03,4.67,35.08,50.21
Iceland,1993,324.7083,136.78203,1048.8147,1555.5281,3065.83313,10.59,4.46,34.21,50.74
Iceland,1994,339.37372,155.84016,1061.7832,1555.0247,3112.02178,10.91,5.01,34.12,49.97
Iceland,1995,310.7683,165.8256,1053.919,1574.974,3105.4869,10.01,5.34,33.94,50.72
Iceland,1996,298.67694,140.88458,1035.0077,1569.6704,3044.2396200000003,9.81,4.63,34.0,51.56
Iceland,1997,319.81073,140.99702,1085.2964,1583.1356,3129.2397499999997,10.22,4.51,34.68,50.59
Iceland,1998,338.1232,140.2603,1112.0724,1548.4424,3138.8983,10.77,4.47,35.43,49.33
Iceland,1999,356.89413,144.91434,1156.4885,1508.5721,3166.8690699999997,11.27,4.58,36.52,47.64
Iceland,2000,351.00272,143.11064,1167.325,1487.675,3149.1133600000003,11.15,4.54,37.07,47.24
Iceland,2001,341.82437,141.97508,1148.1866,1504.8582,3136.84425,10.9,4.53,36.6,47.97
Iceland,2002,376.46414,133.89827,1238.5889,1458.7786,3207.72991,11.74,4.17,38.61,45.48
Iceland,2003,389.11304,129.55746,1251.5576,1470.7115,3240.9395999999997,12.01,4.0,38.62,45.38
Iceland,2004,377.4847,133.23698,1305.6503,1483.4601,3299.83208,11.44,4.04,39.57,44.96
Iceland,2005,379.2916,138.37178,1302.3538,1505.1484,3325.16558,11.41,4.16,39.17,45.27
Iceland,2006,390.83755,143.0918,1328.929,1506.3967,3369.2550499999998,11.6,4.25,39.44,44.71
Iceland,2007,396.55032,144.3852,1332.3232,1511.2583,3384.5170200000002,11.72,4.27,39.37,44.65
Iceland,2008,382.35916,140.236,1311.1792,1502.7676,3336.5419599999996,11.46,4.2,39.3,45.04
Iceland,2009,384.29428,145.40651,1299.0779,1516.5961,3345.37479,11.49,4.35,38.83,45.33
Iceland,2010,389.559,145.5042,1247.9337,1534.3088,3317.3057,11.74,4.39,37.62,46.25
Iceland,2011,400.0806,140.8447,1271.8347,1496.3799,3309.1399,12.09,4.26,38.43,45.22
Iceland,2012,405.1447,142.39899,1292.2166,1521.834,3361.59429,12.05,4.24,38.44,45.27
Iceland,2013,406.4195,141.51643,1320.293,1501.1608,3369.38973,12.06,4.2,39.18,44.55
Iceland,2014,433.14346,146.23544,1372.578,1454.5005,3406.4574000000002,12.72,4.29,40.29,42.7
Iceland,2015,444.19052,148.74379,1410.1848,1475.823,3478.94211,12.77,4.28,40.53,42.42
Iceland,2016,441.88797,151.19116,1481.7373,1512.0518,3586.86823,12.32,4.22,41.31,42.16
Iceland,2017,457.2796,153.30693,1504.1066,1529.5775,3644.27063,12.55,4.21,41.27,41.97
Iceland,2018,441.72397,166.34175,1473.487,1575.5447,3657.09742,12.08,4.55,40.29,43.08
Iceland,2019,441.50436,169.29538,1497.0995,1584.0181,3691.91734,11.96,4.59,40.55,42.91
Iceland,2020,428.35565,175.44737,1481.08,1584.468,3669.35102,11.67,4.78,40.36,43.18
Iceland,2021,420.66486,178.34822,1445.6404,1608.1256,3652.7790800000002,11.52,4.88,39.58,44.02
Iceland,2022,413.99994,174.99695,1438.195,1577.9534,3605.1452900000004,11.48,4.85,39.89,43.77
India,1961,25.059076,188.84686,284.68756,1565.6996,2064.293096,1.21,9.15,13.79,75.85
India,1962,24.847013,189.72964,291.22583,1594.1179,2099.9203829999997,1.18,9.04,13.87,75.91
India,1963,24.5675,181.31795,282.3528,1524.7052,2012.9434500000002,1.22,9.01,14.03,75.75
India,1964,24.378845,180.90814,277.28397,1547.3038,2029.8747549999998,1.2,8.91,13.66,76.23
India,1965,23.65104,176.24493,273.02322,1488.8573,1961.7764899999997,1.21,8.98,13.92,75.89
India,1966,23.810545,173.78447,271.34268,1500.7145,1969.6521950000001,1.21,8.82,13.78,76.19
India,1967,23.121044,177.89793,271.72305,1549.8413,2022.5833240000002,1.14,8.8,13.43,76.63
India,1968,24.265766,184.20847,272.80695,1561.1891,2042.470286,1.19,9.02,13.36,76.44
India,1969,24.571966,182.5811,275.06158,1588.5024,2070.717046,1.19,8.82,13.28,76.71
India,1970,23.678152,191.58147,283.4055,1648.4795,2147.144622,1.1,8.92,13.2,76.78
India,1971,24.987246,176.09091,274.33066,1549.2094,2024.6182159999998,1.23,8.7,13.55,76.52
India,1972,24.352583,176.73949,269.56842,1550.1965,2020.8569929999999,1.21,8.75,13.34,76.71
India,1973,24.68567,183.839,289.2623,1585.7894,2083.5763699999998,1.18,8.82,13.88,76.11
India,1974,25.866343,167.41837,277.2485,1503.0483,1973.5815129999999,1.31,8.48,14.05,76.16
India,1975,25.365255,181.01753,290.30597,1600.1182,2096.806955,1.21,8.63,13.85,76.31
India,1976,25.969439,168.96416,281.5323,1480.441,1956.906899,1.33,8.63,14.39,75.65
India,1977,26.329664,184.83669,302.3435,1629.0819,2142.591754,1.23,8.63,14.11,76.03
India,1978,25.971876,187.0952,308.39566,1664.5714,2186.034136,1.19,8.56,14.11,76.15
India,1979,26.3787,176.06154,291.72278,1566.6729,2060.83592,1.28,8.54,14.16,76.02
India,1980,26.72397,169.86194,299.82095,1531.2794,2027.68626,1.32,8.38,14.79,75.52
India,1981,28.00682,177.75592,307.5771,1575.9934,2089.33324,1.34,8.51,14.72,75.43
India,1982,29.488739,174.1704,309.2662,1547.4276,2060.352939,1.43,8.45,15.01,75.1
India,1983,30.918713,192.57246,324.4639,1691.8257,2239.7807730000004,1.38,8.6,14.49,75.54
India,1984,32.580647,186.64983,332.15848,1692.5828,2243.971757,1.45,8.32,14.8,75.43
India,1985,33.469147,178.19183,326.17242,1645.5529,2183.386297,1.53,8.16,14.94,75.37
India,1986,34.0315,182.92943,332.56497,1633.0171,2182.543,1.56,8.38,15.24,74.82
India,1987,33.58435,184.26991,332.86655,1642.1515,2192.8723099999997,1.53,8.4,15.18,74.89
India,1988,33.581417,192.09538,352.57465,1715.5648,2293.816247,1.46,8.37,15.37,74.79
India,1989,34.7377,198.96692,366.7987,1781.4242,2381.92752,1.46,8.35,15.4,74.79
India,1990,34.636215,179.16808,358.3763,1642.8093,2214.9898949999997,1.56,8.09,16.18,74.17
India,1991,34.25358,189.87874,359.45203,1719.668,2303.2523499999998,1.49,8.24,15.61,74.66
India,1992,35.11081,192.16861,367.88278,1739.8866,2335.0488,1.5,8.23,15.75,74.51
India,1993,35.720818,186.03595,354.8408,1689.9164,2266.513968,1.58,8.21,15.66,74.56
India,1994,36.295162,184.94579,372.24478,1691.913,2285.398732,1.59,8.09,16.29,74.03
India,1995,37.384113,187.43813,385.45645,1702.7985,2313.077193,1.62,8.1,16.66,73.62
India,1996,38.02483,185.6343,410.43573,1694.2803,2328.3751599999996,1.63,7.97,17.63,72.77
India,1997,38.304558,184.66286,416.65128,1708.7758,2348.3944979999997,1.63,7.86,17.74,72.76
India,1998,38.661144,183.5316,395.13904,1718.3235,2335.655284,1.66,7.86,16.92,73.57
India,1999,39.01713,186.2002,417.7953,1724.4745,2367.48713,1.65,7.86,17.65,72.84
India,2000,38.068,185.01996,404.76813,1716.9124,2344.76849,1.62,7.89,17.26,73.22
India,2001,38.49162,182.2356,392.24884,1680.2045,2293.18056,1.68,7.95,17.11,73.27
India,2002,37.78672,175.43553,397.5551,1630.7245,2241.50185,1.69,7.83,17.74,72.75
India,2003,38.039555,174.80174,397.00604,1625.1625,2235.009835,1.7,7.82,17.76,72.71
India,2004,38.833096,172.30475,402.38007,1592.0688,2205.586716,1.76,7.81,18.24,72.18
India,2005,39.51479,170.00731,417.83374,1588.518,2215.87384,1.78,7.67,18.86,71.69
India,2006,41.174355,176.82356,432.68164,1624.4374,2275.116955,1.81,7.77,19.02,71.4
India,2007,43.144474,182.66312,444.72296,1665.813,2336.343554,1.85,7.82,19.03,71.3
India,2008,44.84976,182.16083,431.91718,1701.2666,2360.19437,1.9,7.72,18.3,72.08
India,2009,45.29328,178.76474,455.53543,1665.6742,2345.26765,1.93,7.62,19.42,71.02
India,2010,46.05354,195.50806,439.89313,1676.1055,2357.56023,1.95,8.29,18.66,71.09
India,2011,46.147766,196.477,438.48355,1710.1,2391.2083159999997,1.93,8.22,18.34,71.52
India,2012,47.40426,195.47777,454.44696,1688.1138,2385.44279,1.99,8.19,19.05,70.77
India,2013,47.865852,202.06483,451.32797,1718.7567,2420.015352,1.98,8.35,18.65,71.02
India,2014,50.645103,203.81567,483.59897,1711.4138,2449.473543,2.07,8.32,19.74,69.87
India,2015,53.63089,198.90445,485.72614,1684.3228,2422.58428,2.21,8.21,20.05,69.53
India,2016,55.57962,204.54893,483.09445,1729.6716,2472.8945999999996,2.25,8.27,19.54,69.95
India,2017,58.205246,208.91739,510.22217,1736.4664,2513.8112060000003,2.32,8.31,20.3,69.08
India,2018,61.70508,203.00134,529.62195,1731.4868,2525.81517,2.44,8.04,20.97,68.55
India,2019,65.400154,205.32144,532.2326,1724.7798,2527.733994,2.59,8.12,21.06,68.23
India,2020,71.281944,208.54947,539.7517,1721.1405,2540.723614,2.81,8.21,21.24,67.74
India,2021,74.48861,209.13344,550.9908,1715.4578,2550.0706499999997,2.92,8.2,21.61,67.27
India,2022,73.41263,214.47147,551.81757,1733.936,2573.63767,2.85,8.33,21.44,67.37
Indonesia,1961,20.255339,120.73142,244.1749,1440.2206,1825.382259,1.11,6.61,13.38,78.9
Indonesia,1962,19.981022,119.60695,249.28418,1433.7479,1822.6200520000002,1.1,6.56,13.68,78.66
Indonesia,1963,19.352156,117.344795,249.80971,1416.5818,1803.0884609999998,1.07,6.51,13.85,78.56
Indonesia,1964,19.757095,118.938515,266.0972,1437.2892,1842.0820099999999,1.07,6.46,14.45,78.03
Indonesia,1965,19.874954,119.09136,261.98715,1430.1554,1831.108864,1.09,6.5,14.31,78.1
Indonesia,1966,20.745108,121.81305,259.532,1416.5776,1818.667758,1.14,6.7,14.27,77.89
Indonesia,1967,20.778913,121.620094,254.28394,1427.4202,1824.103147,1.14,6.67,13.94,78.25
Indonesia,1968,20.237198,121.85882,244.3315,1455.0782,1841.505718,1.1,6.62,13.27,79.02
Indonesia,1969,20.43563,124.471565,244.39748,1482.3145,1871.6191749999998,1.09,6.65,13.06,79.2
Indonesia,1970,22.40757,128.52794,250.39868,1501.1395,1902.47369,1.18,6.76,13.16,78.9
Indonesia,1971,22.486801,130.35255,252.7993,1527.99,1933.628651,1.16,6.74,13.07,79.02
Indonesia,1972,22.374737,133.42264,241.71793,1562.7318,1960.2471070000001,1.14,6.81,12.33,79.72
Indonesia,1973,22.06975,138.85878,258.00403,1620.1631,2039.09566,1.08,6.81,12.65,79.45
Indonesia,1974,22.949675,138.09036,276.72012,1615.9415,2053.701655,1.12,6.72,13.47,78.68
Indonesia,1975,22.383734,137.94807,267.42877,1610.7272,2038.4877740000002,1.1,6.77,13.12,79.02
Indonesia,1976,23.583233,134.60463,263.3722,1590.0662,2011.626263,1.17,6.69,13.09,79.04
Indonesia,1977,24.86233,137.23222,289.9202,1604.5111,2056.52585,1.21,6.67,14.1,78.02
Indonesia,1978,25.315718,141.32979,298.88788,1626.8284,2092.361788,1.21,6.75,14.28,77.75
Indonesia,1979,27.09506,144.3897,318.0151,1658.9469,2148.44676,1.26,6.72,14.8,77.22
Indonesia,1980,28.444252,145.54236,308.12976,1702.035,2184.1513720000003,1.3,6.66,14.11,77.93
Indonesia,1981,28.703396,146.95358,349.09772,1735.3938,2260.148496,1.27,6.5,15.45,76.78
Indonesia,1982,29.899563,143.68185,355.77942,1731.6472,2261.008033,1.32,6.35,15.74,76.59
Indonesia,1983,32.338882,150.30363,374.34497,1762.1277,2319.115182,1.39,6.48,16.14,75.98
Indonesia,1984,33.17403,150.16023,392.76724,1765.7667,2341.8682,1.42,6.41,16.77,75.4
Indonesia,1985,33.19781,149.15636,389.6067,1784.3822,2356.34307,1.41,6.33,16.53,75.73
Indonesia,1986,34.211323,153.63925,404.1651,1790.698,2382.713673,1.44,6.45,16.96,75.15
Indonesia,1987,35.266975,154.20047,417.70905,1821.5685,2428.744995,1.45,6.35,17.2,75.0
Indonesia,1988,35.45529,161.65276,443.6684,1880.0558,2520.8322500000004,1.41,6.41,17.6,74.58
Indonesia,1989,36.61085,162.68462,453.40985,1882.791,2535.49632,1.44,6.42,17.88,74.26
Indonesia,1990,37.108723,152.79605,366.65796,1719.4131,2275.975833,1.63,6.71,16.11,75.55
Indonesia,1991,37.95761,153.89378,383.5763,1717.5624,2292.9900900000002,1.66,6.71,16.73,74.9
Indonesia,1992,40.39994,160.54889,393.987,1755.8501,2350.78593,1.72,6.83,16.76,74.69
Indonesia,1993,42.563335,161.0715,389.37283,1771.4752,2364.482865,1.8,6.81,16.47,74.92
Indonesia,1994,46.694584,164.85016,394.26987,1795.9434,2401.758014,1.94,6.86,16.42,74.78
Indonesia,1995,45.991714,170.954,405.36026,1856.0026,2478.308574,1.86,6.9,16.36,74.89
Indonesia,1996,49.00187,166.79259,401.90845,1853.6907,2471.39361,1.98,6.75,16.26,75.01
Indonesia,1997,45.79522,162.29796,379.9899,1831.47,2419.55308,1.89,6.71,15.7,75.69
Indonesia,1998,42.682655,160.66945,370.6484,1831.0491,2405.049605,1.77,6.68,15.41,76.13
Indonesia,1999,43.663685,160.30646,375.1345,1806.1549,2385.259545,1.83,6.72,15.73,75.72
Indonesia,2000,47.26511,156.37712,383.09106,1768.7865,2355.51979,2.01,6.64,16.26,75.09
Indonesia,2001,48.721653,154.13689,388.68964,1753.5924,2345.140583,2.08,6.57,16.57,74.78
Indonesia,2002,50.116817,156.27617,397.71994,1769.116,2373.228927,2.11,6.58,16.76,74.54
Indonesia,2003,50.8705,156.37251,422.1534,1762.8741,2392.27051,2.13,6.54,17.65,73.69
Indonesia,2004,52.85581,157.05283,419.16678,1770.019,2399.09442,2.2,6.55,17.47,73.78
Indonesia,2005,52.971977,155.57115,427.48032,1763.6616,2399.685047,2.21,6.48,17.81,73.5
Indonesia,2006,56.10222,158.0284,434.2277,1768.4365,2416.79482,2.32,6.54,17.97,73.17
Indonesia,2007,58.41984,160.21613,460.71393,1777.8689,2457.2187999999996,2.38,6.52,18.75,72.35
Indonesia,2008,60.004826,160.81918,451.38217,1809.1376,2481.3437759999997,2.42,6.48,18.19,72.91
Indonesia,2009,61.358788,164.93835,461.27475,1854.0725,2541.6443879999997,2.41,6.49,18.15,72.95
Indonesia,2010,67.13026,174.56242,402.57346,1930.0642,2574.33034,2.61,6.78,15.64,74.97
Indonesia,2011,71.197044,178.40863,385.99738,1994.0918,2629.694854,2.71,6.78,14.68,75.83
Indonesia,2012,72.00754,179.58316,415.38013,2005.913,2672.8838299999998,2.69,6.72,15.54,75.05
Indonesia,2013,77.412506,179.65245,445.02295,2009.0625,2711.1504059999997,2.86,6.63,16.41,74.1
Indonesia,2014,80.56751,182.67247,452.96954,2070.328,2786.53752,2.89,6.56,16.26,74.3
Indonesia,2015,82.695915,184.47246,409.80792,2087.3296,2764.305895,2.99,6.67,14.82,75.51
Indonesia,2016,85.453674,186.73944,515.63116,2070.2034,2858.027674,2.99,6.53,18.04,72.43
Indonesia,2017,102.06115,190.35056,553.21375,2085.1304,2930.75586,3.48,6.49,18.88,71.15
Indonesia,2018,100.83079,185.91171,537.25635,2062.8267,2886.82555,3.49,6.44,18.61,71.46
Indonesia,2019,113.41721,176.89287,623.63635,1961.71,2875.65643,3.94,6.15,21.69,68.22
Indonesia,2020,109.2913,197.96681,692.7552,1879.9927,2880.00601,3.79,6.87,24.05,65.28
Indonesia,2021,111.931404,197.70987,696.78186,1862.5756,2868.998734,3.9,6.89,24.29,64.92
Indonesia,2022,117.38158,184.84633,696.7308,1797.1532,2796.11191,4.2,6.61,24.92,64.27
Iran,1961,53.81992,150.13353,253.00659,1324.4752,1781.43524,3.02,8.43,14.2,74.35
Iran,1962,54.47876,144.89809,261.6745,1310.6239,1771.67525,3.07,8.18,14.77,73.98
Iran,1963,50.312656,149.28242,265.01968,1344.3796,1808.994356,2.78,8.25,14.65,74.32
Iran,1964,49.58416,152.85101,294.18997,1375.8398,1872.4649399999998,2.65,8.16,15.71,73.48
Iran,1965,49.01466,151.24182,294.14795,1381.6257,1876.03013,2.61,8.06,15.68,73.65
Iran,1966,47.396126,167.85631,284.4663,1514.8754,2014.594136,2.35,8.33,14.12,75.2
Iran,1967,49.163433,171.55661,296.7053,1508.584,2026.0093430000002,2.43,8.47,14.64,74.46
Iran,1968,50.0809,182.49684,344.44943,1570.3246,2147.35177,2.33,8.5,16.04,73.13
Iran,1969,50.789646,171.12447,305.15158,1488.3652,2015.4308959999998,2.52,8.49,15.14,73.85
Iran,1970,52.10009,172.82938,335.95135,1504.2771,2065.15792,2.52,8.37,16.27,72.84
Iran,1971,50.840424,167.04152,312.26355,1463.9028,1994.0482940000002,2.55,8.38,15.66,73.41
Iran,1972,52.166054,176.21661,342.89615,1551.8718,2123.150614,2.46,8.3,16.15,73.09
Iran,1973,53.47562,192.54341,339.387,1683.0205,2268.42653,2.36,8.49,14.96,74.19
Iran,1974,57.614407,190.36111,402.47363,1689.1628,2339.6119470000003,2.46,8.14,17.2,72.2
Iran,1975,59.681038,183.0893,431.12158,1690.5898,2364.481718,2.52,7.74,18.23,71.5
Iran,1976,63.95379,188.16348,399.98364,1736.9215,2389.02241,2.68,7.88,16.74,72.7
Iran,1977,69.997375,186.11433,413.1481,1747.7336,2416.993405,2.9,7.7,17.09,72.31
Iran,1978,68.31729,195.28691,412.73895,1771.037,2447.38015,2.79,7.98,16.86,72.36
Iran,1979,66.342026,207.13844,432.2762,1809.8582,2515.614866,2.64,8.23,17.18,71.94
Iran,1980,67.23369,207.87003,477.72232,1839.6924,2592.51844,2.59,8.02,18.43,70.96
Iran,1981,70.88439,211.45894,495.4588,1839.9125,2617.71463,2.71,8.08,18.93,70.29
Iran,1982,69.57061,212.43948,465.75027,1821.6735,2569.43386,2.71,8.27,18.13,70.9
Iran,1983,70.76769,219.65804,503.148,1845.4475,2639.0212300000003,2.68,8.32,19.07,69.93
Iran,1984,68.38288,209.16219,515.1651,1823.7284,2616.4385700000003,2.61,7.99,19.69,69.7
Iran,1985,64.07614,210.74954,486.43805,1838.5942,2599.85793,2.46,8.11,18.71,70.72
Iran,1986,62.15924,214.84723,474.75705,1857.4252,2609.18872,2.38,8.23,18.2,71.19
Iran,1987,61.086933,223.30452,480.23578,1919.7291,2684.3563329999997,2.28,8.32,17.89,71.52
Iran,1988,60.528233,229.5045,432.84457,1900.3352,2623.2125029999997,2.31,8.75,16.5,72.44
Iran,1989,61.88956,229.18901,508.7868,1966.1753,2766.0406700000003,2.24,8.29,18.39,71.08
Iran,1990,63.911636,228.0738,553.13495,1938.2218,2783.342186,2.3,8.19,19.87,69.64
Iran,1991,66.5288,232.08435,545.38477,1973.7037,2817.70162,2.36,8.24,19.36,70.05
Iran,1992,68.72772,240.90915,542.0456,2031.0319,2882.71437,2.38,8.36,18.8,70.46
Iran,1993,72.61865,248.67087,543.68896,2124.2974,2989.27588,2.43,8.32,18.19,71.06
Iran,1994,71.76564,246.21434,562.7105,2093.7043,2974.3947799999996,2.41,8.28,18.92,70.39
Iran,1995,71.544205,234.65721,611.1781,2044.512,2961.891515,2.42,7.92,20.63,69.03
Iran,1996,75.27547,246.50174,572.92017,2087.399,2982.09638,2.52,8.27,19.21,70.0
Iran,1997,74.808365,253.98677,574.4775,2134.4656,3037.738235,2.46,8.36,18.91,70.26
Iran,1998,75.80012,248.13774,626.03235,2111.2642,3061.23441,2.48,8.11,20.45,68.97
Iran,1999,74.764114,254.5389,580.74,2148.3086,3058.351614,2.44,8.32,18.99,70.24
Iran,2000,75.97487,250.55035,575.7955,2124.3293,3026.65002,2.51,8.28,19.02,70.19
Iran,2001,77.70965,250.09819,576.99414,2104.4644,3009.26638,2.58,8.31,19.17,69.93
Iran,2002,78.11215,246.28629,571.083,2117.8708,3013.35224,2.59,8.17,18.95,70.28
Iran,2003,84.36147,243.35655,592.49384,2105.7976,3026.0094599999998,2.79,8.04,19.58,69.59
Iran,2004,86.85483,241.77226,632.28345,2086.9043,3047.81484,2.85,7.93,20.75,68.47
Iran,2005,88.719864,240.96176,607.56116,2065.0127,3002.2554840000003,2.96,8.03,20.24,68.78
Iran,2006,88.585014,232.60336,600.9952,1979.0726,2901.256174,3.05,8.02,20.71,68.21
Iran,2007,91.17308,233.82353,633.3507,1956.2651,2914.61241,3.13,8.02,21.73,67.12
Iran,2008,84.13625,230.39323,658.5028,1925.1653,2898.19758,2.9,7.95,22.72,66.43
Iran,2009,90.91663,236.23706,686.05896,1928.2081,2941.42075,3.09,8.03,23.32,65.55
Iran,2010,106.19603,231.94116,582.76385,1944.8145,2865.71554,3.71,8.09,20.34,67.86
Iran,2011,108.4999,217.85687,597.20715,1855.0753,2778.63922,3.9,7.84,21.49,66.76
Iran,2012,110.67153,226.6818,636.64386,1899.3225,2873.3196900000003,3.85,7.89,22.16,66.1
Iran,2013,111.38361,227.87979,653.2274,1917.3865,2909.8773,3.83,7.83,22.45,65.89
Iran,2014,112.316414,233.30576,655.179,1933.8085,2934.6096740000003,3.83,7.95,22.33,65.9
Iran,2015,105.174675,234.97987,635.7999,1937.0295,2912.983945,3.61,8.07,21.83,66.5
Iran,2016,110.52872,234.65486,653.4812,1927.2451,2925.90988,3.78,8.02,22.33,65.87
Iran,2017,109.7227,226.0049,655.3844,1867.6217,2858.7336999999998,3.84,7.91,22.93,65.33
Iran,2018,108.128044,220.71005,642.17676,1857.5735,2828.588354,3.82,7.8,22.7,65.67
Iran,2019,109.02613,218.88756,703.7973,1869.4442,2901.15519,3.76,7.54,24.26,64.44
Iran,2020,105.87456,222.8142,691.9957,1884.0498,2904.73426,3.64,7.67,23.82,64.86
Iran,2021,105.52151,221.5395,710.83875,1827.8701,2865.7698600000003,3.68,7.73,24.8,63.78
Iran,2022,102.19634,224.09604,668.0151,1852.9862,2847.2936799999998,3.59,7.87,23.46,65.08
Iraq,1961,57.39354,144.91763,354.39783,1245.9302,1802.6392,3.18,8.04,19.66,69.12
Iraq,1962,55.72942,159.69418,346.3629,1367.6687,1929.4551999999999,2.89,8.28,17.95,70.88
Iraq,1963,53.99336,168.81155,378.62228,1432.5834,2034.0105899999999,2.65,8.3,18.61,70.43
Iraq,1964,54.08168,174.24953,379.89304,1470.0691,2078.29335,2.6,8.38,18.28,70.73
Iraq,1965,50.32486,175.68767,379.30524,1492.2732,2097.59097,2.4,8.38,18.08,71.14
Iraq,1966,50.81473,176.99513,366.39825,1502.0017,2096.2098100000003,2.42,8.44,17.48,71.65
Iraq,1967,49.123337,179.33075,354.33008,1542.1975,2124.981667,2.31,8.44,16.67,72.57
Iraq,1968,51.62126,180.22589,353.8564,1548.9131,2134.61665,2.42,8.44,16.58,72.56
Iraq,1969,50.93064,181.25436,352.7732,1573.1309,2158.0891,2.36,8.4,16.35,72.89
Iraq,1970,53.096695,184.67706,355.92715,1590.4355,2184.136405,2.43,8.46,16.3,72.82
Iraq,1971,51.291325,186.39919,360.87112,1603.7087,2202.270335,2.33,8.46,16.39,72.82
Iraq,1972,51.586758,176.38689,348.21063,1547.8976,2124.081878,2.43,8.3,16.39,72.87
Iraq,1973,48.89285,178.16473,336.69116,1578.6101,2142.35884,2.28,8.32,15.72,73.69
Iraq,1974,49.308907,179.73239,337.57556,1612.1725,2178.7893569999997,2.26,8.25,15.49,73.99
Iraq,1975,50.895966,184.47258,345.91644,1645.6666,2226.951586,2.29,8.28,15.53,73.9
Iraq,1976,50.87185,184.54704,347.5737,1669.2097,2252.20229,2.26,8.19,15.43,74.11
Iraq,1977,52.871548,185.09084,376.80075,1706.4514,2321.214538,2.28,7.97,16.23,73.52
Iraq,1978,53.564438,200.18095,424.08878,1802.7478,2480.581968,2.16,8.07,17.1,72.67
Iraq,1979,62.815403,207.49216,462.78043,1870.1272,2603.215193,2.41,7.97,17.78,71.84
Iraq,1980,67.54202,219.5819,482.9395,1917.9966,2688.06002,2.51,8.17,17.97,71.35
Iraq,1981,72.43949,227.26587,551.3283,1988.7869,2839.82056,2.55,8.0,19.41,70.03
Iraq,1982,73.35226,240.7798,582.6995,2070.3276,2967.15916,2.47,8.11,19.64,69.77
Iraq,1983,75.83044,245.74974,609.83966,2111.9858,3043.40564,2.49,8.07,20.04,69.4
Iraq,1984,82.416275,254.95427,649.16223,2195.9272,3182.459975,2.59,8.01,20.4,69.0
Iraq,1985,79.17415,265.21155,677.97577,2275.8992,3298.2606699999997,2.4,8.04,20.56,69.0
Iraq,1986,74.69633,271.25516,697.43677,2350.3162,3393.70446,2.2,7.99,20.55,69.26
Iraq,1987,72.34804,272.69644,706.015,2354.1924,3405.25188,2.12,8.01,20.73,69.13
Iraq,1988,75.05864,274.1632,704.9024,2341.855,3395.97924,2.21,8.07,20.76,68.96
Iraq,1989,68.63232,272.4054,711.3179,2334.0295,3386.38512,2.03,8.04,21.01,68.92
Iraq,1990,60.46201,275.04834,654.1017,2247.7163,3237.3283500000002,1.87,8.5,20.2,69.43
Iraq,1991,23.922506,223.97954,313.6484,1826.6455,2388.195946,1.0,9.38,13.13,76.49
Iraq,1992,22.214886,201.06905,389.0139,1666.9575,2279.255336,0.97,8.82,17.07,73.14
Iraq,1993,23.425503,186.96579,479.83435,1562.6863,2252.911943,1.04,8.3,21.3,69.36
Iraq,1994,22.181606,170.9473,564.51404,1425.2467,2182.889646,1.02,7.83,25.86,65.29
Iraq,1995,19.985765,162.81946,634.3036,1336.9342,2154.043025,0.93,7.56,29.45,62.07
Iraq,1996,20.91801,160.07166,638.94745,1306.0756,2126.0127199999997,0.98,7.53,30.05,61.43
Iraq,1997,20.97347,158.47491,540.0473,1332.8912,2052.38688,1.02,7.72,26.31,64.94
Iraq,1998,21.208832,163.95758,498.32928,1388.474,2071.9696919999997,1.02,7.91,24.05,67.01
Iraq,1999,26.259668,167.63986,453.15515,1453.3281,2100.382778,1.25,7.98,21.57,69.19
Iraq,2000,32.041294,171.08179,435.53937,1482.8064,2121.4688539999997,1.51,8.06,20.53,69.9
Iraq,2001,29.656485,177.82214,470.06696,1515.5553,2193.100885,1.35,8.11,21.43,69.11
Iraq,2002,31.753101,183.18199,429.10355,1560.822,2204.8606409999998,1.44,8.31,19.46,70.79
Iraq,2003,20.727234,191.03925,395.23157,1574.2043,2181.202354,0.95,8.76,18.12,72.17
Iraq,2004,24.528856,188.80255,487.22086,1588.9108,2289.4630660000003,1.07,8.25,21.28,69.4
Iraq,2005,26.25194,182.6842,519.28534,1537.4635,2265.68498,1.16,8.06,22.92,67.86
Iraq,2006,28.283228,186.56732,487.209,1626.1091,2328.168648,1.21,8.01,20.93,69.84
Iraq,2007,30.450226,199.95108,491.34396,1686.5354,2408.2806659999997,1.26,8.3,20.4,70.03
Iraq,2008,41.040077,192.8071,543.80133,1617.7104,2395.358907,1.71,8.05,22.7,67.54
Iraq,2009,48.408264,199.7744,576.835,1624.4966,2449.514264,1.98,8.16,23.55,66.32
Iraq,2010,49.30488,178.76906,550.6373,1464.0214,2242.73264,2.2,7.97,24.55,65.28
Iraq,2011,55.505665,179.15862,540.429,1470.5461,2245.639385,2.47,7.98,24.07,65.48
Iraq,2012,56.03003,175.85765,518.79565,1460.0776,2210.7609300000004,2.53,7.95,23.47,66.04
Iraq,2013,59.172867,175.75894,528.90704,1462.674,2226.512847,2.66,7.89,23.75,65.69
Iraq,2014,48.152527,176.43279,530.92816,1467.4016,2222.915077,2.17,7.94,23.88,66.01
Iraq,2015,58.079514,169.47905,551.5053,1435.4761,2214.539964,2.62,7.65,24.9,64.82
Iraq,2016,64.12412,170.14635,564.77026,1434.1387,2233.17943,2.87,7.62,25.29,64.22
Iraq,2017,69.250916,176.2719,525.67975,1479.5905,2250.793066,3.08,7.83,23.36,65.74
Iraq,2018,68.825745,178.15147,533.98755,1498.2395,2279.204265,3.02,7.82,23.43,65.74
Iraq,2019,61.89719,186.07237,529.2677,1525.7761,2303.01336,2.69,8.08,22.98,66.25
Iraq,2020,58.206844,188.17554,523.00354,1549.0073,2318.393224,2.51,8.12,22.56,66.81
Iraq,2021,49.553623,193.25566,498.33636,1572.1831,2313.328743,2.14,8.35,21.54,67.96
Iraq,2022,48.946487,204.3767,494.84277,1577.2252,2325.391157,2.1,8.79,21.28,67.83
Ireland,1961,226.26828,181.77551,993.51794,1966.4714,3368.03313,6.72,5.4,29.5,58.39
Ireland,1962,229.28777,180.66675,1029.0015,1934.2775,3373.2335199999998,6.8,5.36,30.5,57.34
Ireland,1963,234.21022,177.93086,1034.9292,1947.7161,3394.78638,6.9,5.24,30.49,57.37
Ireland,1964,234.23709,172.03288,1082.5454,1909.8254,3398.64077,6.89,5.06,31.85,56.19
Ireland,1965,240.67856,172.47362,1073.6874,1913.4005,3400.24008,7.08,5.07,31.58,56.27
Ireland,1966,241.44704,169.61255,1077.8771,1898.917,3387.85369,7.13,5.01,31.82,56.05
Ireland,1967,252.57256,164.61534,1097.6786,1897.7776,3412.6441,7.4,4.82,32.17,55.61
Ireland,1968,247.7426,166.1192,1077.4111,1913.6919,3404.9647999999997,7.28,4.88,31.64,56.2
Ireland,1969,255.63019,162.14005,1104.0599,1897.7278,3419.5579399999997,7.48,4.74,32.29,55.5
Ireland,1970,261.8652,161.36948,1120.7615,1892.9097,3436.9058800000003,7.62,4.7,32.61,55.08
Ireland,1971,265.07556,160.38351,1139.3821,1918.8829,3483.72407,7.61,4.6,32.71,55.08
Ireland,1972,260.64313,160.98076,1139.3931,1882.1381,3443.15509,7.57,4.68,33.09,54.66
Ireland,1973,256.21033,162.19186,1127.9216,1937.3605,3483.68429,7.35,4.66,32.38,55.61
Ireland,1974,284.89008,165.09856,1141.5215,1930.5927,3522.10284,8.09,4.69,32.41,54.81
Ireland,1975,287.19476,160.75858,1121.6155,1900.7578,3470.32664,8.28,4.63,32.32,54.77
Ireland,1976,281.0103,158.07584,1129.581,1861.3176,3429.98474,8.19,4.61,32.93,54.27
Ireland,1977,274.96674,169.32437,1144.6527,1925.8291,3514.77291,7.82,4.82,32.57,54.79
Ireland,1978,289.41446,161.6268,1200.0068,1940.1023,3591.15036,8.06,4.5,33.42,54.02
Ireland,1979,270.97977,166.95076,1177.4412,1934.9835,3550.35523,7.63,4.7,33.16,54.5
Ireland,1980,292.0393,158.77011,1246.9819,1880.1407,3577.93201,8.16,4.44,34.85,52.55
Ireland,1981,284.26727,161.83769,1262.8926,1836.3333,3545.33086,8.02,4.56,35.62,51.8
Ireland,1982,276.518,169.07674,1274.2672,1894.9497,3614.81164,7.65,4.68,35.25,52.42
Ireland,1983,265.80002,170.53061,1230.924,1886.2616,3553.51623,7.48,4.8,34.64,53.08
Ireland,1984,271.10544,166.25449,1233.3213,1875.4532,3546.13443,7.65,4.69,34.78,52.89
Ireland,1985,280.3801,167.69162,1242.255,1889.5234,3579.85012,7.83,4.68,34.7,52.78
Ireland,1986,287.60922,170.61565,1246.2333,1905.6008,3610.05897,7.97,4.73,34.52,52.79
Ireland,1987,302.2352,168.88086,1260.1625,1852.3044,3583.5829599999997,8.43,4.71,35.16,51.69
Ireland,1988,299.63535,171.26602,1254.0063,1870.2354,3595.14307,8.33,4.76,34.88,52.02
Ireland,1989,275.8828,173.53271,1267.8042,1889.1638,3606.38351,7.65,4.81,35.15,52.38
Ireland,1990,278.78467,175.6874,1227.4001,1959.692,3641.56417,7.66,4.82,33.71,53.81
Ireland,1991,287.5477,174.30652,1187.9213,1931.0564,3580.83192,8.03,4.87,33.17,53.93
Ireland,1992,272.0017,178.2493,1183.4348,1977.7773,3611.4631,7.53,4.94,32.77,54.76
Ireland,1993,264.81183,173.11092,1097.5093,1984.6227,3520.05475,7.52,4.92,31.18,56.38
Ireland,1994,252.5008,172.92987,1154.4178,1992.0107,3571.8591699999997,7.07,4.84,32.32,55.77
Ireland,1995,261.7861,165.61652,1137.1733,1945.7739,3510.3498199999995,7.46,4.72,32.39,55.43
Ireland,1996,263.3667,175.25784,1168.0524,1999.8672,3606.54414,7.3,4.86,32.39,55.45
Ireland,1997,274.99216,170.93567,1264.718,1969.1083,3679.7541300000003,7.47,4.65,34.37,53.51
Ireland,1998,286.40887,171.29391,1259.6217,1956.7244,3674.04888,7.8,4.66,34.28,53.26
Ireland,1999,297.1699,171.87318,1254.2363,1978.8903,3702.16968,8.03,4.64,33.88,53.45
Ireland,2000,295.03357,170.46559,1258.4144,2004.5214,3728.43496,7.91,4.57,33.75,53.76
Ireland,2001,309.56607,172.69727,1224.4332,2018.2645,3724.96104,8.31,4.64,32.87,54.18
Ireland,2002,297.4554,170.04895,1207.2555,1915.2246,3589.98445,8.29,4.74,33.63,53.35
Ireland,2003,299.3525,170.24919,1208.3997,1930.3011,3608.30249,8.3,4.72,33.49,53.5
Ireland,2004,303.12283,167.01701,1216.4506,1903.9739,3590.56434,8.44,4.65,33.88,53.03
Ireland,2005,290.31326,162.10791,1207.884,1827.0164,3487.32157,8.32,4.65,34.64,52.39
Ireland,2006,276.72296,175.46645,1117.6631,1898.0947,3467.9472100000003,7.98,5.06,32.23,54.73
Ireland,2007,270.03177,166.03516,1138.2296,1875.3672,3449.6637299999998,7.83,4.81,33.0,54.36
Ireland,2008,270.28146,165.50616,1163.3551,1875.9048,3475.04752,7.78,4.76,33.48,53.98
Ireland,2009,255.085,179.17426,1139.741,1899.5681,3473.56836,7.34,5.16,32.81,54.69
Ireland,2010,268.3565,182.80794,1212.6954,1893.4119,3557.27174,7.54,5.14,34.09,53.23
Ireland,2011,262.57446,174.57332,1228.0267,1934.4968,3599.6712799999996,7.29,4.85,34.11,53.74
Ireland,2012,258.94394,171.74286,1191.3246,1968.137,3590.1484,7.21,4.78,33.18,54.82
Ireland,2013,275.64957,175.90768,1161.3002,1993.4188,3606.27625,7.64,4.88,32.2,55.28
Ireland,2014,277.20004,168.76498,1206.8561,2020.4366,3673.25772,7.55,4.59,32.86,55.0
Ireland,2015,297.1834,175.73827,1277.5851,1995.6394,3746.14617,7.93,4.69,34.1,53.27
Ireland,2016,284.68573,179.60518,1262.2463,2063.892,3790.42921,7.51,4.74,33.3,54.45
Ireland,2017,304.47217,177.01685,1374.8567,2020.4563,3876.80202,7.85,4.57,35.46,52.12
Ireland,2018,310.91656,181.13649,1353.3147,2062.4915,3907.85925,7.96,4.64,34.63,52.78
Ireland,2019,308.75986,188.39987,1271.8777,2109.3464,3878.3838299999998,7.96,4.86,32.79,54.39
Ireland,2020,328.06305,173.64072,1335.0343,2022.7178,3859.45587,8.5,4.5,34.59,52.41
Ireland,2021,387.62625,163.34885,1380.7102,1927.3615,3859.0468,10.04,4.23,35.78,49.94
Ireland,2022,383.92148,160.9765,1396.3258,1903.0437,3844.26748,9.99,4.19,36.32,49.5
Israel,1961,165.84547,229.08183,771.10156,1950.2396,3116.2684600000002,5.32,7.35,24.74,62.58
Israel,1962,183.8347,220.48627,805.49146,1922.8322,3132.64463,5.87,7.04,25.71,61.38
Israel,1963,179.2543,214.78734,791.94556,1849.7711,3035.7583,5.9,7.08,26.09,60.93
Israel,1964,186.52481,220.5021,757.78986,1938.4132,3103.22997,6.01,7.11,24.42,62.46
Israel,1965,186.65465,207.2161,815.1099,1835.1959,3044.17655,6.13,6.81,26.78,60.29
Israel,1966,198.00682,207.0381,873.58575,1825.876,3104.5066699999998,6.38,6.67,28.14,58.81
Israel,1967,187.4843,210.18306,894.7516,1846.9503,3139.36926,5.97,6.7,28.5,58.83
Israel,1968,193.07014,209.38478,908.6594,1853.4325,3164.54682,6.1,6.62,28.71,58.57
Israel,1969,190.59506,205.46704,944.824,1818.9053,3159.7914,6.03,6.5,29.9,57.56
Israel,1970,194.79398,205.65787,899.7631,1813.7427,3113.9576500000003,6.26,6.6,28.89,58.25
Israel,1971,202.03093,216.23622,938.52637,1880.831,3237.6245200000003,6.24,6.68,28.99,58.09
Israel,1972,202.29532,209.90157,924.6941,1862.2755,3199.16649,6.32,6.56,28.9,58.21
Israel,1973,207.71866,211.20973,994.8061,1873.0284,3286.76289,6.32,6.43,30.27,56.99
Israel,1974,202.56337,211.48352,956.4459,1847.561,3218.05379,6.29,6.57,29.72,57.41
Israel,1975,212.44656,212.84885,981.1724,1805.7756,3212.24341,6.61,6.63,30.54,56.22
Israel,1976,217.77217,214.01956,996.7707,1824.7043,3253.2667300000003,6.69,6.58,30.64,56.09
Israel,1977,227.02477,212.11868,988.61804,1821.0758,3248.83729,6.99,6.53,30.43,56.05
Israel,1978,212.75165,203.66661,988.90753,1761.3186,3166.64439,6.72,6.43,31.23,55.62
Israel,1979,230.25244,202.10107,956.3704,1760.1165,3148.8404100000002,7.31,6.42,30.37,55.9
Israel,1980,200.0892,207.21368,942.7861,1768.3804,3118.46938,6.42,6.64,30.23,56.71
Israel,1981,207.57729,210.86833,971.12213,1768.0391,3157.60685,6.57,6.68,30.76,55.99
Israel,1982,220.58357,215.66304,1015.8486,1839.2563,3291.35151,6.7,6.55,30.86,55.88
Israel,1983,221.46227,214.47922,1008.1621,1826.954,3271.05759,6.77,6.56,30.82,55.85
Israel,1984,230.26582,198.88403,1050.7123,1768.8291,3248.69125,7.09,6.12,32.34,54.45
Israel,1985,223.85704,210.09224,1056.5878,1813.4131,3303.95018,6.78,6.36,31.98,54.89
Israel,1986,210.35037,215.20708,1049.224,1869.1686,3343.95005,6.29,6.44,31.38,55.9
Israel,1987,214.30176,218.2821,1052.4827,1941.0153,3426.0818600000002,6.26,6.37,30.72,56.65
Israel,1988,230.24606,214.30656,1096.0897,1805.6564,3346.29872,6.88,6.4,32.76,53.96
Israel,1989,217.11613,224.15862,1002.41144,1898.446,3342.13219,6.5,6.71,29.99,56.8
Israel,1990,221.14143,225.61575,1000.2146,1919.6444,3366.61618,6.57,6.7,29.71,57.02
Israel,1991,223.25092,224.37746,1057.2467,1819.415,3324.2900799999998,6.72,6.75,31.8,54.73
Israel,1992,222.6052,217.25243,1062.1166,1840.5945,3342.56873,6.66,6.5,31.78,55.07
Israel,1993,226.77242,217.59642,1026.9166,1856.971,3328.25644,6.81,6.54,30.85,55.79
Israel,1994,242.21094,218.7699,990.96826,1864.2462,3316.1953000000003,7.3,6.6,29.88,56.22
Israel,1995,239.50127,220.86057,1100.5189,1889.4031,3450.28384,6.94,6.4,31.9,54.76
Israel,1996,238.05402,218.34254,1131.7542,1906.2478,3494.39856,6.81,6.25,32.39,54.55
Israel,1997,242.13333,214.7333,1117.3291,1923.596,3497.79173,6.92,6.14,31.94,54.99
Israel,1998,237.40524,218.29178,1113.0312,1914.5029,3483.23112,6.82,6.27,31.95,54.96
Israel,1999,234.96542,216.02234,1091.763,1907.0283,3449.77906,6.81,6.26,31.65,55.28
Israel,2000,262.99194,210.44078,1143.3418,1879.7467,3496.5212199999996,7.52,6.02,32.7,53.76
Israel,2001,270.2321,213.16176,1211.726,1833.0953,3528.21516,7.66,6.04,34.34,51.96
Israel,2002,276.14023,217.77103,1239.0269,1878.9586,3611.89676,7.65,6.03,34.3,52.02
Israel,2003,274.08203,211.322,1228.3604,1777.6765,3491.4409299999998,7.85,6.05,35.18,50.92
Israel,2004,283.82782,219.95973,1302.4811,1734.207,3540.4756500000003,8.02,6.21,36.79,48.98
Israel,2005,283.54926,222.65407,1305.0352,1754.7211,3565.9596300000003,7.95,6.24,36.6,49.21
Israel,2006,282.40927,231.37097,1335.3705,1729.8506,3579.00134,7.89,6.46,37.31,48.33
Israel,2007,284.58923,223.1963,1308.332,1692.4757,3508.59323,8.11,6.36,37.29,48.24
Israel,2008,293.248,221.40103,1331.1757,1689.3267,3535.15143,8.3,6.26,37.66,47.79
Israel,2009,278.84494,224.94138,1324.1198,1719.2307,3547.13682,7.86,6.34,37.33,48.47
Israel,2010,289.15482,217.91492,1347.2249,1749.1727,3603.46734,8.02,6.05,37.39,48.54
Israel,2011,291.7212,219.42993,1350.8481,1743.1179,3605.1171299999996,8.09,6.09,37.47,48.35
Israel,2012,287.52817,216.75385,1406.505,1694.3523,3605.13932,7.98,6.01,39.01,47.0
Israel,2013,296.65082,218.79893,1390.5658,1705.6724,3611.68795,8.21,6.06,38.5,47.23
Israel,2014,303.51544,204.69368,1413.1392,1747.6935,3669.0418200000004,8.27,5.58,38.52,47.63
Israel,2015,305.32126,207.51184,1392.9188,1754.981,3660.7329,8.34,5.67,38.05,47.94
Israel,2016,320.9161,200.985,1489.5586,1693.416,3704.8757,8.66,5.42,40.21,45.71
Israel,2017,318.7467,204.548,1487.6633,1727.7273,3738.6853,8.53,5.47,39.79,46.21
Israel,2018,323.7898,200.41101,1445.2489,1708.532,3677.98171,8.8,5.45,39.29,46.45
Israel,2019,307.31277,214.80475,1452.706,1779.6959,3754.5194199999996,8.19,5.72,38.69,47.4
Israel,2020,321.98517,212.28174,1476.787,1778.2825,3789.33641,8.5,5.6,38.97,46.93
Israel,2021,323.32483,219.26537,1473.1444,1826.5044,3842.2389999999996,8.42,5.71,38.34,47.54
Israel,2022,325.42743,225.22563,1489.2653,1854.825,3894.7433600000004,8.36,5.78,38.24,47.62
Italy,1961,116.23843,214.25827,695.2383,1935.2816,2961.0166,3.93,7.24,23.48,65.36
Italy,1962,120.90158,212.31888,771.6489,1920.6746,3025.54396,4.0,7.02,25.5,63.48
Italy,1963,129.15656,215.16743,808.62054,1943.7678,3096.7123300000003,4.17,6.95,26.11,62.77
Italy,1964,132.6922,216.51044,785.6159,1953.3271,3088.1456399999997,4.3,7.01,25.44,63.25
Italy,1965,138.32559,216.92332,817.48035,1956.5875,3129.31676,4.42,6.93,26.12,62.52
Italy,1966,143.5384,216.8652,826.0048,1965.7253,3152.1337000000003,4.55,6.88,26.2,62.36
Italy,1967,150.04573,218.44424,878.66547,1979.1869,3226.34234,4.65,6.77,27.23,61.34
Italy,1968,153.22672,220.94173,897.81274,2018.0037,3289.9848899999997,4.66,6.72,27.29,61.34
Italy,1969,155.76498,221.91121,924.50024,2031.0824,3333.2588299999998,4.67,6.66,27.74,60.93
Italy,1970,168.67067,224.24171,1010.6158,2055.1794,3458.7075800000002,4.88,6.48,29.22,59.42
Italy,1971,172.6151,220.08824,1021.7126,2030.0869,3444.50284,5.01,6.39,29.66,58.94
Italy,1972,177.78136,217.62614,1053.6665,2038.345,3487.419,5.1,6.24,30.21,58.45
Italy,1973,187.15695,224.18845,1052.218,2107.6152,3571.1786,5.24,6.28,29.46,59.02
Italy,1974,183.226,213.20407,1054.209,2028.7761,3479.41517,5.27,6.13,30.3,58.31
Italy,1975,182.0454,213.72458,1036.724,1956.0992,3388.59318,5.37,6.31,30.59,57.73
Italy,1976,188.3199,208.33012,1037.3271,1948.9911,3382.9682199999997,5.57,6.16,30.66,57.61
Italy,1977,192.21768,207.59349,995.8138,1925.152,3320.77697,5.79,6.25,29.99,57.97
Italy,1978,199.83823,211.69911,1123.9103,1962.9192,3498.3668399999997,5.71,6.05,32.13,56.11
Italy,1979,208.51883,219.22235,1158.5854,2018.1218,3604.44838,5.79,6.08,32.14,55.99
Italy,1980,214.75026,216.14552,1159.8488,2000.0535,3590.79808,5.98,6.02,32.3,55.7
Italy,1981,210.94708,206.68752,1155.0038,1922.5782,3495.2165999999997,6.04,5.91,33.05,55.01
Italy,1982,215.72166,194.71939,1155.195,1814.8135,3380.4495500000003,6.38,5.76,34.17,53.69
Italy,1983,221.95529,188.12138,1170.9808,1769.418,3350.47547,6.62,5.61,34.95,52.81
Italy,1984,222.0034,195.92998,1179.6825,1803.3088,3400.92468,6.53,5.76,34.69,53.02
Italy,1985,228.82368,193.27592,1235.4143,1751.4756,3408.9894999999997,6.71,5.67,36.24,51.38
Italy,1986,226.33336,199.8046,1282.7887,1781.9607,3490.88736,6.48,5.72,36.75,51.05
Italy,1987,230.84021,198.95885,1323.2861,1766.6487,3519.7338600000003,6.56,5.65,37.6,50.19
Italy,1988,231.13412,200.31091,1325.7772,1773.2727,3530.49493,6.55,5.67,37.55,50.23
Italy,1989,232.89417,201.01982,1329.9562,1781.6027,3545.47289,6.57,5.67,37.51,50.25
Italy,1990,240.27693,199.5,1352.5443,1782.1371,3574.45833,6.72,5.58,37.84,49.86
Italy,1991,242.77913,205.48366,1365.9464,1819.7079,3633.91709,6.68,5.65,37.59,50.08
Italy,1992,239.50775,201.82074,1297.6624,1789.6453,3528.63619,6.79,5.72,36.78,50.72
Italy,1993,235.11493,194.00368,1294.2872,1735.4364,3458.84221,6.8,5.61,37.42,50.17
Italy,1994,233.88733,194.9987,1313.1165,1719.2842,3461.2867300000003,6.76,5.63,37.94,49.67
Italy,1995,226.46555,200.18681,1310.7115,1743.9731,3481.3369599999996,6.51,5.75,37.65,50.09
Italy,1996,238.25829,201.76253,1333.1208,1779.7753,3552.9169199999997,6.71,5.68,37.52,50.09
Italy,1997,235.30988,202.80258,1340.6277,1784.3307,3563.07086,6.6,5.69,37.63,50.08
Italy,1998,244.94675,204.2084,1402.6411,1798.7567,3650.5529500000002,6.71,5.59,38.42,49.27
Italy,1999,249.30795,206.74318,1423.2372,1791.9728,3671.26113,6.79,5.63,38.77,48.81
Italy,2000,244.65149,208.79155,1376.2092,1820.0209,3649.67314,6.7,5.72,37.71,49.87
Italy,2001,247.86195,205.93944,1394.5829,1815.8441,3664.22839,6.76,5.62,38.06,49.56
Italy,2002,248.6678,204.44594,1400.1984,1812.8154,3666.12754,6.78,5.58,38.19,49.45
Italy,2003,241.69609,206.09714,1375.4609,1805.8352,3629.08933,6.66,5.68,37.9,49.76
Italy,2004,238.9704,209.56482,1352.9972,1830.0967,3631.62912,6.58,5.77,37.26,50.39
Italy,2005,241.10611,205.49364,1334.2047,1795.4828,3576.2872500000003,6.74,5.75,37.31,50.21
Italy,2006,240.15552,205.8476,1415.8055,1783.1978,3645.0064199999997,6.59,5.65,38.84,48.92
Italy,2007,241.04901,204.69841,1416.5856,1778.7628,3641.09582,6.62,5.62,38.91,48.85
Italy,2008,241.58032,203.09956,1410.3678,1758.8059,3613.85358,6.68,5.62,39.03,48.67
Italy,2009,240.9847,209.41904,1381.8218,1785.7618,3617.9873399999997,6.66,5.79,38.19,49.36
Italy,2010,284.53473,198.58566,1456.2517,1714.7156,3654.0876900000003,7.79,5.43,39.85,46.93
Italy,2011,279.16998,196.48093,1466.1196,1705.2078,3646.97831,7.65,5.39,40.2,46.76
Italy,2012,277.30743,194.57657,1465.4397,1702.4355,3639.7592,7.62,5.35,40.26,46.77
Italy,2013,270.82773,198.03957,1434.1362,1735.0536,3638.0571,7.44,5.44,39.42,47.69
Italy,2014,259.69055,192.59021,1370.9524,1691.3794,3514.6125599999996,7.39,5.48,39.01,48.12
Italy,2015,251.37122,196.52296,1348.9924,1724.4083,3521.2948800000004,7.14,5.58,38.31,48.97
Italy,2016,247.44067,196.54497,1357.9912,1720.0569,3522.03374,7.03,5.58,38.56,48.84
Italy,2017,254.64093,196.21698,1361.3075,1718.6973,3530.86271,7.21,5.56,38.55,48.68
Italy,2018,260.2613,194.14302,1354.9879,1718.4402,3527.83242,7.38,5.5,38.41,48.71
Italy,2019,271.9291,187.49757,1406.1423,1758.2418,3623.81077,7.5,5.17,38.8,48.52
Italy,2020,271.28094,185.87254,1448.0598,1757.1389,3662.35218,7.41,5.08,39.54,47.98
Italy,2021,277.35074,189.5554,1437.8519,1785.0361,3689.79414,7.52,5.14,38.97,48.38
Italy,2022,277.11014,182.00702,1428.359,1779.8857,3667.36186,7.56,4.96,38.95,48.53
Jamaica,1961,91.42569,113.581116,377.6493,1308.0587,1890.714806,4.84,6.01,19.97,69.18
Jamaica,1962,99.02511,120.59532,407.05377,1371.9945,1998.6687,4.95,6.03,20.37,68.65
Jamaica,1963,106.48349,118.50455,425.17026,1362.2765,2012.4348,5.29,5.89,21.13,67.69
Jamaica,1964,105.48049,128.14308,460.349,1462.9503,2156.92287,4.89,5.94,21.34,67.83
Jamaica,1965,100.15889,128.09355,456.62424,1478.8657,2163.74238,4.63,5.92,21.1,68.35
Jamaica,1966,107.01374,125.92428,466.69214,1492.0017,2191.63186,4.88,5.75,21.29,68.08
Jamaica,1967,112.84852,135.77647,503.6985,1567.3406,2319.66409,4.86,5.85,21.71,67.57
Jamaica,1968,121.2742,135.08069,525.7702,1547.4696,2329.59469,5.21,5.8,22.57,66.43
Jamaica,1969,117.43877,129.57251,528.56396,1556.6902,2332.26544,5.04,5.56,22.66,66.75
Jamaica,1970,123.07824,146.92166,555.6433,1655.2272,2480.8704,4.96,5.92,22.4,66.72
Jamaica,1971,122.22427,151.46567,544.27246,1733.6484,2551.6108,4.79,5.94,21.33,67.94
Jamaica,1972,143.55504,153.32205,567.60254,1783.5748,2648.05443,5.42,5.79,21.43,67.35
Jamaica,1973,112.92292,150.36452,527.801,1736.9176,2528.00604,4.47,5.95,20.88,68.71
Jamaica,1974,126.68294,152.99217,549.8928,1782.4204,2611.9883099999997,4.85,5.86,21.05,68.24
Jamaica,1975,128.79639,153.75043,560.3002,1795.0669,2637.91392,4.88,5.83,21.24,68.05
Jamaica,1976,135.4324,148.29848,598.2428,1791.8203,2673.7939800000004,5.07,5.55,22.37,67.01
Jamaica,1977,112.20751,140.84608,617.4297,1753.7247,2624.20799,4.28,5.37,23.53,66.83
Jamaica,1978,134.78668,147.46268,583.92,1823.0079,2689.17726,5.01,5.48,21.71,67.79
Jamaica,1979,113.30276,145.6012,577.43884,1728.0657,2564.4085,4.42,5.68,22.52,67.39
Jamaica,1980,112.04449,146.86214,569.21497,1807.0499,2635.1715,4.25,5.57,21.6,68.57
Jamaica,1981,113.50028,148.63797,567.85,1743.5879,2573.57615,4.41,5.78,22.06,67.75
Jamaica,1982,115.917725,143.98874,567.09045,1684.6202,2511.617115,4.62,5.73,22.58,67.07
Jamaica,1983,108.868286,144.9842,580.8978,1694.7255,2529.475786,4.3,5.73,22.97,67.0
Jamaica,1984,116.602104,152.00777,593.90686,1749.8036,2612.320334,4.46,5.82,22.73,66.98
Jamaica,1985,102.72542,150.45802,573.36304,1712.5079,2539.05438,4.05,5.93,22.58,67.45
Jamaica,1986,116.04647,148.23483,599.95416,1706.2239,2570.45936,4.51,5.77,23.34,66.38
Jamaica,1987,131.2459,146.98099,615.9209,1727.3668,2621.5145899999998,5.01,5.61,23.49,65.89
Jamaica,1988,115.375656,140.815,603.2062,1678.548,2537.944856,4.55,5.55,23.77,66.14
Jamaica,1989,120.54584,141.06853,570.1619,1759.4613,2591.23757,4.65,5.44,22.0,67.9
Jamaica,1990,135.07306,138.01463,636.0022,1715.4539,2624.5437899999997,5.15,5.26,24.23,65.36
Jamaica,1991,130.75137,135.4324,628.63605,1661.8933,2556.71312,5.11,5.3,24.59,65.0
Jamaica,1992,126.963,142.55634,612.29565,1716.375,2598.18999,4.89,5.49,23.57,66.06
Jamaica,1993,137.64407,146.80719,647.0358,1740.4274,2671.91446,5.15,5.49,24.22,65.14
Jamaica,1994,121.36999,154.29524,615.2784,1787.4373,2678.3809300000003,4.53,5.76,22.97,66.74
Jamaica,1995,124.27673,160.75226,618.4491,1739.579,2643.0570900000002,4.7,6.08,23.4,65.82
Jamaica,1996,137.65677,141.0037,672.3466,1723.5742,2674.58127,5.15,5.27,25.14,64.44
Jamaica,1997,141.45264,145.03722,695.83,1673.61,2655.92986,5.33,5.46,26.2,63.01
Jamaica,1998,141.32996,143.8544,691.365,1695.7819,2672.33126,5.29,5.38,25.87,63.46
Jamaica,1999,142.80418,147.74481,704.2483,1697.85,2692.64729,5.3,5.49,26.15,63.06
Jamaica,2000,142.02199,137.58627,718.8526,1703.6006,2702.06146,5.26,5.09,26.6,63.05
Jamaica,2001,147.34502,146.39209,738.00555,1745.6174,2777.36006,5.31,5.27,26.57,62.85
Jamaica,2002,152.69345,139.95905,755.61774,1732.4062,2780.67644,5.49,5.03,27.17,62.3
Jamaica,2003,155.27866,140.53197,772.55725,1731.5105,2799.87838,5.55,5.02,27.59,61.84
Jamaica,2004,156.99596,146.73973,784.87006,1696.895,2785.50075,5.64,5.27,28.18,60.92
Jamaica,2005,156.42722,147.12462,779.11176,1707.1147,2789.7783,5.61,5.27,27.93,61.19
Jamaica,2006,152.84096,154.91718,777.80005,1701.3539,2786.9120900000003,5.48,5.56,27.91,61.05
Jamaica,2007,167.92276,151.91682,784.1218,1681.1135,2785.07488,6.03,5.45,28.15,60.36
Jamaica,2008,157.61827,147.20349,704.3441,1731.2373,2740.40316,5.75,5.37,25.7,63.17
Jamaica,2009,148.46188,156.44156,670.7716,1766.3013,2741.97634,5.41,5.71,24.46,64.42
Jamaica,2010,178.16682,160.18303,657.08466,1751.47,2746.9045100000003,6.49,5.83,23.92,63.76
Jamaica,2011,178.51213,160.32666,692.6398,1733.4003,2764.87889,6.46,5.8,25.05,62.69
Jamaica,2012,179.06462,158.39873,694.87585,1728.7578,2761.0969999999998,6.49,5.74,25.17,62.61
Jamaica,2013,177.64679,162.78311,697.01855,1767.2627,2804.71115,6.33,5.8,24.85,63.01
Jamaica,2014,175.861,156.12596,701.1316,1758.2711,2791.38966,6.3,5.59,25.12,62.99
Jamaica,2015,177.4494,156.3501,709.319,1779.4097,2822.5281999999997,6.29,5.54,25.13,63.04
Jamaica,2016,177.1869,150.21588,711.6102,1733.487,2772.49998,6.39,5.42,25.67,62.52
Jamaica,2017,180.88696,154.51593,730.24036,1784.9722,2850.6154500000002,6.35,5.42,25.62,62.62
Jamaica,2018,191.44096,163.72191,712.51935,1813.2751,2880.9573200000004,6.65,5.68,24.73,62.94
Jamaica,2019,194.38667,169.23122,767.9091,1774.8049,2906.33189,6.69,5.82,26.42,61.07
Jamaica,2020,186.08398,164.36292,735.1494,1744.3629,2829.9592000000002,6.58,5.81,25.98,61.64
Jamaica,2021,184.3125,173.9489,756.67175,1746.1356,2861.06875,6.44,6.08,26.45,61.03
Jamaica,2022,191.8449,179.1774,767.39954,1777.553,2915.97484,6.58,6.14,26.32,60.96
Japan,1961,94.33885,190.6367,298.08353,1841.6721,2424.7311799999998,3.89,7.86,12.29,75.95
Japan,1962,100.91852,188.84258,315.4713,1866.7906,2472.023,4.08,7.64,12.76,75.52
Japan,1963,105.35321,190.5365,342.013,1871.8287,2509.73141,4.2,7.59,13.63,74.58
Japan,1964,99.21109,188.82484,356.1713,1891.0331,2535.24033,3.91,7.45,14.05,74.59
Japan,1965,114.24542,185.39319,367.56467,1860.0471,2527.25038,4.52,7.34,14.54,73.6
Japan,1966,117.86016,185.95457,401.95422,1847.2878,2553.05675,4.62,7.28,15.74,72.36
Japan,1967,125.38745,186.16377,418.51984,1873.8976,2603.96866,4.82,7.15,16.07,71.96
Japan,1968,130.8704,183.88513,433.62207,1866.5116,2614.8892,5.0,7.03,16.58,71.38
Japan,1969,135.08014,180.32675,460.65393,1841.3741,2617.4349199999997,5.16,6.89,17.6,70.35
Japan,1970,140.72339,177.80905,481.9387,1859.4341,2659.90524,5.29,6.68,18.12,69.91
Japan,1971,147.61632,177.96552,499.4761,1831.9187,2656.97664,5.56,6.7,18.8,68.95
Japan,1972,150.77222,178.88097,532.04596,1852.5524,2714.25155,5.55,6.59,19.6,68.25
Japan,1973,156.65503,179.5201,549.46515,1822.9519,2708.59218,5.78,6.63,20.29,67.3
Japan,1974,157.42462,175.09872,545.2969,1802.6213,2680.44154,5.87,6.53,20.34,67.25
Japan,1975,157.46431,174.79086,547.63434,1775.8052,2655.6947099999998,5.93,6.58,20.62,66.87
Japan,1976,173.4725,171.98581,570.1529,1775.0906,2690.70181,6.45,6.39,21.19,65.97
Japan,1977,175.47058,168.8963,577.5091,1791.97,2713.84598,6.47,6.22,21.28,66.03
Japan,1978,183.85477,166.79204,599.7293,1779.2294,2729.60551,6.74,6.11,21.97,65.18
Japan,1979,183.75943,166.9295,606.7584,1789.1592,2746.60653,6.69,6.08,22.09,65.14
Japan,1980,182.66426,165.19304,615.91895,1776.4226,2740.19885,6.67,6.03,22.48,64.83
Japan,1981,184.56844,163.7554,639.5296,1711.9116,2699.7650399999998,6.84,6.07,23.69,63.41
Japan,1982,187.4112,165.22604,641.9109,1776.6626,2771.21074,6.76,5.96,23.16,64.11
Japan,1983,195.29881,164.8575,660.3788,1775.519,2796.05411,6.98,5.9,23.62,63.5
Japan,1984,197.71468,164.84814,674.28955,1765.1299,2801.98227,7.06,5.88,24.06,63.0
Japan,1985,203.64905,165.27867,682.266,1789.8438,2841.03752,7.17,5.82,24.01,63.0
Japan,1986,205.17177,166.91064,697.9972,1784.6448,2854.72441,7.19,5.85,24.45,62.52
Japan,1987,212.74007,167.16708,710.8075,1782.3682,2873.08285,7.4,5.82,24.74,62.04
Japan,1988,217.21272,167.83717,732.78064,1798.1024,2915.93293,7.45,5.76,25.13,61.66
Japan,1989,221.05444,168.25822,736.2932,1816.396,2942.00186,7.51,5.72,25.03,61.74
Japan,1990,218.78064,165.12569,740.74744,1795.856,2920.5097699999997,7.49,5.65,25.36,61.49
Japan,1991,216.2682,165.40022,745.8163,1778.4087,2905.89342,7.44,5.69,25.67,61.2
Japan,1992,216.72229,166.84962,752.8733,1778.0753,2914.52051,7.44,5.72,25.83,61.01
Japan,1993,220.89056,164.46936,753.4845,1759.4774,2898.32182,7.62,5.67,26.0,60.71
Japan,1994,222.99107,164.50941,765.6106,1751.1614,2904.27248,7.68,5.66,26.36,60.3
Japan,1995,223.90031,164.19093,762.0377,1742.2305,2892.35944,7.74,5.68,26.35,60.24
Japan,1996,219.56346,167.13927,800.8955,1747.6416,2935.23983,7.48,5.69,27.29,59.54
Japan,1997,213.16565,164.51903,799.0741,1732.9266,2909.68538,7.33,5.65,27.46,59.56
Japan,1998,211.6339,161.8633,788.6975,1703.5144,2865.7091,7.39,5.65,27.52,59.44
Japan,1999,212.52347,161.8171,790.1646,1702.365,2866.87017,7.41,5.64,27.56,59.38
Japan,2000,219.62659,162.06763,803.6778,1683.629,2869.0010199999997,7.66,5.65,28.01,58.68
Japan,2001,221.45909,161.31314,801.0123,1676.0193,2859.80383,7.74,5.64,28.01,58.61
Japan,2002,214.18387,159.71692,789.2262,1662.2224,2825.3493900000003,7.58,5.65,27.93,58.83
Japan,2003,214.09875,160.029,786.04297,1656.2924,2816.4631200000003,7.6,5.68,27.91,58.81
Japan,2004,203.92271,160.24199,805.088,1649.6017,2818.8544,7.23,5.68,28.56,58.52
Japan,2005,207.0764,159.78436,809.5337,1631.9425,2808.33696,7.37,5.69,28.83,58.11
Japan,2006,200.08466,158.1686,799.54395,1601.5514,2759.34861,7.25,5.73,28.98,58.04
Japan,2007,199.64426,160.58168,795.7556,1642.5746,2798.5561399999997,7.13,5.74,28.43,58.69
Japan,2008,198.29648,155.85547,793.62305,1568.3303,2716.1053,7.3,5.74,29.22,57.74
Japan,2009,192.76938,153.19026,764.3717,1547.1523,2657.4836400000004,7.25,5.76,28.76,58.22
Japan,2010,194.9186,167.37575,778.01544,1513.0778,2653.3875900000003,7.35,6.31,29.32,57.02
Japan,2011,195.14412,165.20497,774.99036,1526.0575,2661.39695,7.33,6.21,29.12,57.34
Japan,2012,197.16502,166.10313,784.43256,1563.0685,2710.7692100000004,7.27,6.13,28.94,57.66
Japan,2013,196.37129,166.78165,782.99603,1568.2714,2714.42037,7.23,6.14,28.85,57.78
Japan,2014,195.86493,165.70724,787.7994,1551.0507,2700.42227,7.25,6.14,29.17,57.44
Japan,2015,192.7223,165.04771,792.1151,1533.2899,2683.17501,7.18,6.15,29.52,57.14
Japan,2016,192.38846,164.98428,782.7865,1538.758,2678.9172399999998,7.18,6.16,29.22,57.44
Japan,2017,195.97775,165.7936,807.34656,1523.4231,2692.54101,7.28,6.16,29.98,56.58
Japan,2018,197.57109,166.1348,803.47565,1490.7466,2657.92814,7.43,6.25,30.23,56.09
Japan,2019,198.84517,165.40646,828.94836,1519.2773,2712.47729,7.33,6.1,30.56,56.01
Japan,2020,203.35933,162.46533,817.48303,1468.2072,2651.5148900000004,7.67,6.13,30.83,55.37
Japan,2021,209.2487,160.42665,817.58105,1464.8203,2652.0767,7.89,6.05,30.83,55.23
Japan,2022,213.39943,161.63618,824.9991,1470.0564,2670.09111,7.99,6.05,30.9,55.06
Jordan,1961,57.350544,356.45334,729.5985,2920.6133,4064.015684,1.41,8.77,17.95,71.87
Jordan,1962,62.117348,348.56836,732.69727,2912.025,4055.407978,1.53,8.6,18.07,71.81
Jordan,1963,65.67196,351.7661,750.2145,2874.4155,4042.06806,1.62,8.7,18.56,71.11
Jordan,1964,67.55636,340.56607,749.6228,2667.0288,3824.77403,1.77,8.9,19.6,69.73
Jordan,1965,74.31115,322.22913,740.5952,2714.0525,3851.1879799999997,1.93,8.37,19.23,70.47
Jordan,1966,71.66753,304.31134,713.8499,2652.0435,3741.8722700000003,1.92,8.13,19.08,70.87
Jordan,1967,50.63722,282.03677,658.20135,2386.1057,3376.98104,1.5,8.35,19.49,70.66
Jordan,1968,53.306705,190.95627,473.0603,1567.3997,2284.7229749999997,2.33,8.36,20.71,68.6
Jordan,1969,62.32639,200.6091,474.15735,1594.3445,2331.43734,2.67,8.6,20.34,68.38
Jordan,1970,50.248928,193.9744,469.8465,1573.1445,2287.214328,2.2,8.48,20.54,68.78
Jordan,1971,57.411114,195.50241,502.4213,1565.2251,2320.559924,2.47,8.42,21.65,67.45
Jordan,1972,54.23824,194.33607,508.40424,1559.6664,2316.64495,2.34,8.39,21.95,67.32
Jordan,1973,66.230965,188.2376,497.14325,1509.1362,2260.748015,2.93,8.33,21.99,66.75
Jordan,1974,53.51952,189.60602,466.56433,1567.5552,2277.24507,2.35,8.33,20.49,68.84
Jordan,1975,57.406708,192.20586,458.8042,1526.3892,2234.805968,2.57,8.6,20.53,68.3
Jordan,1976,57.354755,187.22557,473.83273,1649.501,2367.914055,2.42,7.91,20.01,69.66
Jordan,1977,62.79236,186.5534,480.2683,1701.2585,2430.87256,2.58,7.67,19.76,69.99
Jordan,1978,74.439804,188.86111,533.2586,1715.681,2512.240514,2.96,7.52,21.23,68.29
Jordan,1979,73.22822,184.56793,530.38153,1770.7075,2558.88518,2.86,7.21,20.73,69.2
Jordan,1980,74.32688,189.9011,549.3961,1781.6909,2595.31498,2.86,7.32,21.17,68.65
Jordan,1981,81.272026,191.60178,567.5409,1794.72,2635.134706,3.08,7.27,21.54,68.11
Jordan,1982,88.74118,192.4214,585.94147,1762.4928,2629.59685,3.37,7.32,22.28,67.03
Jordan,1983,89.34395,198.33061,572.7267,1742.7638,2603.1650600000003,3.43,7.62,22.0,66.95
Jordan,1984,94.18657,195.91612,600.0007,1734.8177,2624.92109,3.59,7.46,22.86,66.09
Jordan,1985,106.60223,195.0969,613.2933,1740.048,2655.04043,4.02,7.35,23.1,65.54
Jordan,1986,96.37629,189.10527,606.11804,1696.2087,2587.8082999999997,3.72,7.31,23.42,65.55
Jordan,1987,92.446915,192.6434,601.4725,1714.2405,2600.803315,3.55,7.41,23.13,65.91
Jordan,1988,93.58682,190.42212,615.9618,1684.3018,2584.27254,3.62,7.37,23.84,65.18
Jordan,1989,70.28108,190.37971,543.8928,1724.6073,2529.16089,2.78,7.53,21.5,68.19
Jordan,1990,74.87626,195.25682,558.0673,1740.9194,2569.11978,2.91,7.6,21.72,67.76
Jordan,1991,90.76564,185.0737,617.5479,1656.7981,2550.18534,3.56,7.26,24.22,64.97
Jordan,1992,81.64934,183.10344,609.7312,1609.2736,2483.75758,3.29,7.37,24.55,64.79
Jordan,1993,94.33337,167.70377,683.26184,1535.8651,2481.16408,3.8,6.76,27.54,61.9
Jordan,1994,85.495926,172.74037,611.6856,1525.2026,2395.1244960000004,3.57,7.21,25.54,63.68
Jordan,1995,81.381,181.9618,617.88464,1561.4752,2442.70264,3.33,7.45,25.3,63.92
Jordan,1996,70.455414,180.48764,581.0125,1577.3007,2409.256254,2.92,7.49,24.12,65.47
Jordan,1997,78.62339,177.45288,653.13513,1569.6443,2478.8557,3.17,7.16,26.35,63.32
Jordan,1998,79.45152,170.95529,658.56885,1536.4454,2445.42106,3.25,6.99,26.93,62.83
Jordan,1999,78.65511,172.48552,576.9289,1538.1741,2366.24363,3.32,7.29,24.38,65.0
Jordan,2000,85.342285,171.4279,635.87256,1520.5154,2413.158145,3.54,7.1,26.35,63.01
Jordan,2001,85.00816,173.63892,695.8306,1541.7797,2496.25738,3.41,6.96,27.87,61.76
Jordan,2002,78.32893,179.63622,745.1114,1561.908,2564.98455,3.05,7.0,29.05,60.89
Jordan,2003,93.43395,192.42325,662.0843,1722.0962,2670.0377,3.5,7.21,24.8,64.5
Jordan,2004,98.480865,173.86513,802.4165,1627.9209,2702.683395,3.64,6.43,29.69,60.23
Jordan,2005,87.166725,187.50578,728.11847,1707.2672,2710.058175,3.22,6.92,26.87,63.0
Jordan,2006,88.52197,182.24713,711.55444,1680.9377,2663.26124,3.32,6.84,26.72,63.12
Jordan,2007,94.87432,173.70981,709.8922,1608.7793,2587.2556299999997,3.67,6.71,27.44,62.18
Jordan,2008,102.967354,178.29858,661.0088,1655.5875,2597.862234,3.96,6.86,25.44,63.73
Jordan,2009,94.44114,189.43617,713.57935,1684.6993,2682.15596,3.52,7.06,26.6,62.81
Jordan,2010,115.961205,186.55618,786.6706,1612.7517,2701.9396850000003,4.29,6.9,29.12,59.69
Jordan,2011,119.11459,185.99062,783.06537,1573.9058,2662.07638,4.47,6.99,29.42,59.12
Jordan,2012,122.92444,183.15092,847.44855,1537.1256,2690.64951,4.57,6.81,31.5,57.13
Jordan,2013,117.42846,189.29515,785.1897,1618.0305,2709.9438099999998,4.33,6.99,28.97,59.71
Jordan,2014,113.33082,190.53915,818.69403,1664.2534,2786.8174,4.07,6.84,29.38,59.72
Jordan,2015,109.45868,193.33322,820.0448,1668.8071,2791.6438,3.92,6.93,29.37,59.78
Jordan,2016,104.92134,197.9723,774.90027,1676.5208,2754.3147099999996,3.81,7.19,28.13,60.87
Jordan,2017,103.40971,186.17743,772.0394,1657.5997,2719.22624,3.8,6.85,28.39,60.96
Jordan,2018,112.81428,177.2396,784.44116,1566.6326,2641.1276399999997,4.27,6.71,29.7,59.32
Jordan,2019,107.549835,167.05914,827.6466,1491.6924,2593.947975,4.15,6.44,31.91,57.51
Jordan,2020,110.442085,177.10966,779.5219,1529.2102,2596.283845,4.25,6.82,30.02,58.9
Jordan,2021,115.569756,175.40973,769.03455,1492.6752,2552.689236,4.53,6.87,30.13,58.47
Jordan,2022,110.85127,175.46104,748.968,1528.737,2564.01731,4.32,6.84,29.21,59.62
Kazakhstan,1992,157.28282,184.022,665.04926,1724.1215,2730.47558,5.76,6.74,24.36,63.14
Kazakhstan,1993,146.40407,189.56172,672.42957,1708.2872,2716.68256,5.39,6.98,24.75,62.88
Kazakhstan,1994,147.60559,191.78008,670.8791,1711.3634,2721.62817,5.42,7.05,24.65,62.88
Kazakhstan,1995,138.48666,195.18256,621.6843,1713.0708,2668.42432,5.19,7.31,23.3,64.2
Kazakhstan,1996,138.02365,199.56667,586.40454,1748.9438,2672.93866,5.16,7.47,21.94,65.43
Kazakhstan,1997,140.48619,204.24098,540.0256,1799.9066,2684.6593700000003,5.23,7.61,20.12,67.04
Kazakhstan,1998,139.8468,190.93153,533.5125,1724.1287,2588.41953,5.4,7.38,20.61,66.61
Kazakhstan,1999,143.42032,190.79651,554.1818,1716.9501,2605.3487299999997,5.5,7.32,21.27,65.9
Kazakhstan,2000,149.1728,183.58862,615.6764,1691.0482,2639.48602,5.65,6.96,23.33,64.07
Kazakhstan,2001,147.35196,182.12418,668.55206,1703.3622,2701.3904,5.45,6.74,24.75,63.06
Kazakhstan,2002,156.8715,174.39299,712.1421,1697.8285,2741.23509,5.72,6.36,25.98,61.94
Kazakhstan,2003,165.76747,175.88211,753.5396,1689.1427,2784.3318799999997,5.95,6.32,27.06,60.67
Kazakhstan,2004,169.00713,167.91653,773.30914,1690.5698,2800.8026,6.03,6.0,27.61,60.36
Kazakhstan,2005,184.29922,155.28078,899.98694,1621.7124,2861.27934,6.44,5.43,31.45,56.68
Kazakhstan,2006,192.55402,157.49261,932.70123,1622.9607,2905.70856,6.63,5.42,32.1,55.85
Kazakhstan,2007,196.64096,158.11586,997.1356,1641.6263,2993.51872,6.57,5.28,33.31,54.84
Kazakhstan,2008,202.55058,156.37677,1034.3896,1626.1764,3019.4933499999997,6.71,5.18,34.26,53.86
Kazakhstan,2009,202.8367,156.9114,1017.4612,1609.6019,2986.8112,6.79,5.25,34.07,53.89
Kazakhstan,2010,226.31653,158.21219,1156.1934,1542.6973,3083.41942,7.34,5.13,37.5,50.03
Kazakhstan,2011,227.25125,161.59386,1151.0598,1593.1205,3133.02541,7.25,5.16,36.74,50.85
Kazakhstan,2012,226.42986,161.60008,1142.5657,1598.5479,3129.14354,7.24,5.16,36.51,51.09
Kazakhstan,2013,228.14835,165.43028,1158.5355,1605.3082,3157.42233,7.23,5.24,36.69,50.84
Kazakhstan,2014,229.83435,159.76628,1158.8485,1582.713,3131.1621299999997,7.34,5.1,37.01,50.55
Kazakhstan,2015,229.92027,162.69583,1157.2252,1561.5486,3111.3899,7.39,5.23,37.19,50.19
Kazakhstan,2016,229.93517,171.10265,1140.9436,1574.1245,3116.10592,7.38,5.49,36.61,50.52
Kazakhstan,2017,230.71396,184.32764,1148.3263,1629.4124,3192.7803,7.23,5.77,35.97,51.03
Kazakhstan,2018,231.7082,193.991,1141.21,1713.489,3280.3982,7.06,5.91,34.79,52.23
Kazakhstan,2019,241.45886,188.0747,1176.6288,1684.5104,3290.6727599999995,7.34,5.72,35.76,51.19
Kazakhstan,2020,244.59972,185.79759,1189.4281,1675.6656,3295.49101,7.42,5.64,36.09,50.85
Kazakhstan,2021,249.52852,181.27374,1202.4214,1683.8604,3317.08406,7.52,5.46,36.25,50.76
Kazakhstan,2022,246.47173,190.23714,1196.2631,1697.3107,3330.28267,7.4,5.71,35.92,50.97
Kenya,1961,68.121315,223.70753,338.29327,1723.9778,2354.099915,2.89,9.5,14.37,73.23
Kenya,1962,66.21011,222.41939,332.19424,1720.6935,2341.51724,2.83,9.5,14.19,73.49
Kenya,1963,59.552425,208.30959,312.49536,1633.2417,2213.599075,2.69,9.41,14.12,73.78
Kenya,1964,61.76066,210.33891,321.8444,1653.3894,2247.3333700000003,2.75,9.36,14.32,73.57
Kenya,1965,62.90497,221.93849,340.78613,1722.6189,2348.24849,2.68,9.45,14.51,73.36
Kenya,1966,60.407074,219.18791,322.68658,1718.5793,2320.860864,2.6,9.44,13.9,74.05
Kenya,1967,58.36716,219.08775,312.18198,1703.0316,2292.66849,2.55,9.56,13.62,74.28
Kenya,1968,58.54646,217.45258,320.7875,1706.5336,2303.32014,2.54,9.44,13.93,74.09
Kenya,1969,57.93806,223.64568,329.03094,1733.9294,2344.5440799999997,2.47,9.54,14.03,73.96
Kenya,1970,61.007004,214.3361,320.58374,1680.454,2276.380844,2.68,9.42,14.08,73.82
Kenya,1971,61.978928,210.77582,333.1911,1670.3063,2276.252148,2.72,9.26,14.64,73.38
Kenya,1972,60.187237,216.51567,335.70227,1713.9108,2326.315977,2.59,9.31,14.43,73.67
Kenya,1973,57.32064,211.43185,320.50967,1695.6299,2284.89206,2.51,9.25,14.03,74.21
Kenya,1974,57.079292,211.49168,323.1742,1711.3147,2303.059872,2.48,9.18,14.03,74.31
Kenya,1975,55.93371,217.30704,332.54803,1701.8259,2307.61468,2.42,9.42,14.41,73.75
Kenya,1976,56.434982,221.36792,359.81815,1712.8337,2350.4547519999996,2.4,9.42,15.31,72.87
Kenya,1977,63.912167,215.7388,381.02646,1713.4158,2374.093227,2.69,9.09,16.05,72.17
Kenya,1978,65.32068,213.292,393.56012,1715.2435,2387.4163,2.74,8.93,16.48,71.85
Kenya,1979,65.84243,198.98595,385.90753,1694.2676,2345.00351,2.81,8.49,16.46,72.25
Kenya,1980,63.412884,190.52303,397.6914,1677.1002,2328.727514,2.72,8.18,17.08,72.02
Kenya,1981,58.06915,190.4554,400.48773,1659.9081,2308.92038,2.51,8.25,17.35,71.89
Kenya,1982,63.479256,187.9884,401.38892,1652.6447,2305.501276,2.75,8.15,17.41,71.68
Kenya,1983,67.41874,186.18857,390.68323,1612.5405,2256.83104,2.99,8.25,17.31,71.45
Kenya,1984,67.072464,173.34897,379.4464,1466.1718,2086.039634,3.22,8.31,18.19,70.28
Kenya,1985,66.797035,177.45651,383.51984,1608.3507,2236.124085,2.99,7.94,17.15,71.93
Kenya,1986,71.11014,182.50919,400.04065,1627.1926,2280.85258,3.12,8.0,17.54,71.34
Kenya,1987,74.766174,170.94098,399.28952,1547.1327,2192.129374,3.41,7.8,18.21,70.58
Kenya,1988,77.96562,164.95409,404.82858,1476.7227,2124.47099,3.67,7.76,19.06,69.51
Kenya,1989,76.94222,169.05153,419.4724,1495.8436,2161.30975,3.56,7.82,19.41,69.21
Kenya,1990,75.33822,160.22176,430.55243,1426.2745,2092.38691,3.6,7.66,20.58,68.16
Kenya,1991,71.09217,158.70691,437.4382,1408.3342,2075.57148,3.43,7.65,21.08,67.85
Kenya,1992,66.66286,152.6715,420.40115,1338.9973,1978.73281,3.37,7.72,21.25,67.67
Kenya,1993,64.02876,154.31096,411.82507,1310.0383,1940.20309,3.3,7.95,21.23,67.52
Kenya,1994,64.112495,181.6246,424.97192,1448.176,2118.885015,3.03,8.57,20.06,68.35
Kenya,1995,62.665714,182.39021,446.4623,1426.5416,2118.059824,2.96,8.61,21.08,67.35
Kenya,1996,60.486588,183.35641,438.3422,1431.9591,2114.144298,2.86,8.67,20.73,67.73
Kenya,1997,61.0568,178.88571,431.7853,1405.6865,2077.41431,2.94,8.61,20.78,67.67
Kenya,1998,60.74472,184.29051,428.71915,1432.94,2106.69438,2.88,8.75,20.35,68.02
Kenya,1999,65.19492,175.78027,443.8483,1444.3035,2129.1269899999998,3.06,8.26,20.85,67.84
Kenya,2000,61.91078,173.64423,429.47543,1426.9087,2091.93914,2.96,8.3,20.53,68.21
Kenya,2001,61.408882,167.8076,429.8723,1440.0302,2099.118982,2.93,7.99,20.48,68.6
Kenya,2002,63.150402,170.88232,416.70767,1395.2761,2046.016492,3.09,8.35,20.37,68.19
Kenya,2003,62.465786,163.29765,420.91864,1372.3733,2019.055376,3.09,8.09,20.85,67.97
Kenya,2004,66.63259,159.75766,428.5459,1374.1467,2029.08285,3.28,7.87,21.12,67.72
Kenya,2005,70.41947,173.54941,438.8021,1477.5991,2160.3700799999997,3.26,8.03,20.31,68.4
Kenya,2006,69.16348,172.90872,435.7479,1474.5747,2152.3948,3.21,8.03,20.24,68.51
Kenya,2007,64.11715,171.4687,434.48795,1424.155,2094.2288,3.06,8.19,20.75,68.0
Kenya,2008,65.231026,163.65115,430.69684,1423.1063,2082.685316,3.13,7.86,20.68,68.33
Kenya,2009,68.67325,167.7409,464.254,1433.0907,2133.75885,3.22,7.86,21.76,67.16
Kenya,2010,71.46123,159.6899,486.6749,1460.3839,2178.20993,3.28,7.33,22.34,67.05
Kenya,2011,71.273895,171.06532,404.9091,1538.162,2185.410315,3.26,7.83,18.53,70.38
Kenya,2012,67.230225,174.35223,398.0312,1568.4828,2208.096455,3.04,7.9,18.03,71.03
Kenya,2013,66.47156,170.06203,487.12616,1509.7882,2233.4479499999998,2.98,7.61,21.81,67.6
Kenya,2014,65.36689,176.43488,407.27914,1581.2557,2230.33661,2.93,7.91,18.26,70.9
Kenya,2015,65.98621,178.09909,401.52887,1590.5443,2236.15847,2.95,7.96,17.96,71.13
Kenya,2016,69.36523,169.33392,391.92548,1544.0728,2174.69743,3.19,7.79,18.02,71.0
Kenya,2017,66.66012,168.81923,441.62823,1515.8412,2192.94878,3.04,7.7,20.14,69.12
Kenya,2018,67.01954,170.3745,445.666,1543.5386,2226.59864,3.01,7.65,20.02,69.32
Kenya,2019,61.854877,178.99704,441.70114,1607.341,2289.894057,2.7,7.82,19.29,70.19
Kenya,2020,58.419853,169.12688,496.03113,1528.6528,2252.2306630000003,2.59,7.51,22.02,67.87
Kenya,2021,58.44458,164.41771,471.41113,1468.4648,2162.73822,2.7,7.6,21.8,67.9
Kenya,2022,57.04253,161.2089,450.8232,1421.801,2090.87563,2.73,7.71,21.56,68.0
Kiribati,1961,56.870785,86.43233,737.91956,824.90076,1706.123435,3.33,5.07,43.25,48.35
Kiribati,1962,67.47976,84.9787,756.0941,864.6639,1773.21646,3.81,4.79,42.64,48.76
Kiribati,1963,67.596176,91.73564,740.225,886.76373,1786.320546,3.78,5.14,41.44,49.64
Kiribati,1964,74.0739,96.61443,748.2075,892.47546,1811.37129,4.09,5.33,41.31,49.27
Kiribati,1965,73.96102,90.06796,738.0024,902.8851,1804.9164799999999,4.1,4.99,40.89,50.02
Kiribati,1966,71.77325,98.297516,710.86487,985.08276,1866.018396,3.85,5.27,38.1,52.79
Kiribati,1967,76.62562,100.460175,719.29285,1061.4598,1957.838445,3.91,5.13,36.74,54.22
Kiribati,1968,80.14557,101.08996,726.009,1079.7482,1986.99273,4.03,5.09,36.54,54.34
Kiribati,1969,77.247795,100.17787,727.3811,1089.713,1994.519765,3.87,5.02,36.47,54.64
Kiribati,1970,78.249435,108.64916,725.2538,1145.8752,2058.027595,3.8,5.28,35.24,55.68
Kiribati,1971,79.38603,112.5096,723.24634,1190.0001,2105.14207,3.77,5.34,34.36,56.53
Kiribati,1972,81.97075,111.68591,733.3718,1216.9283,2143.95676,3.82,5.21,34.21,56.76
Kiribati,1973,85.32522,119.86971,768.2749,1243.9344,2217.40423,3.85,5.41,34.65,56.1
Kiribati,1974,86.91528,116.93163,761.5686,1254.3191,2219.73461,3.92,5.27,34.31,56.51
Kiribati,1975,86.481094,120.80899,798.1708,1288.8392,2294.300084,3.77,5.27,34.79,56.18
Kiribati,1976,93.66269,124.33415,845.80023,1247.0985,2310.89557,4.05,5.38,36.6,53.97
Kiribati,1977,100.12415,119.4921,876.1287,1254.9888,2350.7337500000003,4.26,5.08,37.27,53.39
Kiribati,1978,101.649956,128.9397,868.30927,1381.513,2480.4119259999998,4.1,5.2,35.01,55.7
Kiribati,1979,105.885445,130.84113,855.89557,1500.7958,2593.417945,4.08,5.05,33.0,57.87
Kiribati,1980,105.87061,151.4648,866.76624,1479.4806,2603.5822500000004,4.07,5.82,33.29,56.82
Kiribati,1981,98.707344,133.9548,855.6531,1442.5034,2530.818644,3.9,5.29,33.81,57.0
Kiribati,1982,98.24284,133.54378,825.00146,1485.0964,2541.8844799999997,3.86,5.25,32.46,58.43
Kiribati,1983,101.01038,132.25185,854.61414,1391.3859,2479.26227,4.07,5.33,34.47,56.12
Kiribati,1984,111.20245,127.91411,907.1503,1323.6718,2469.93866,4.5,5.18,36.73,53.59
Kiribati,1985,111.08042,127.46077,856.3304,1405.1282,2499.99979,4.44,5.1,34.25,56.21
Kiribati,1986,108.52943,128.24838,802.8506,1413.0088,2452.63721,4.43,5.23,32.73,57.61
Kiribati,1987,117.38468,127.34666,816.89166,1393.8344,2455.4574000000002,4.78,5.19,33.27,56.76
Kiribati,1988,113.75079,130.93149,789.2461,1426.9896,2460.91798,4.62,5.32,32.07,57.99
Kiribati,1989,121.096344,121.8513,787.75854,1367.2506,2397.956784,5.05,5.08,32.85,57.02
Kiribati,1990,112.52973,129.76025,799.45447,1446.0546,2487.79905,4.52,5.22,32.14,58.13
Kiribati,1991,117.629555,130.49411,796.0366,1517.4325,2561.592765,4.59,5.09,31.08,59.24
Kiribati,1992,120.64779,128.35991,831.97876,1481.8856,2562.87206,4.71,5.01,32.46,57.82
Kiribati,1993,120.482155,135.69264,822.7188,1524.7302,2603.623795,4.63,5.21,31.6,58.56
Kiribati,1994,120.90756,121.77012,797.5623,1463.9415,2504.18148,4.83,4.86,31.85,58.46
Kiribati,1995,129.48357,128.99692,863.73846,1501.8914,2624.11035,4.93,4.92,32.92,57.23
Kiribati,1996,130.06769,133.241,850.8421,1497.2141,2611.36489,4.98,5.1,32.58,57.33
Kiribati,1997,122.051384,133.39626,810.15405,1533.9537,2599.555394,4.7,5.13,31.17,59.01
Kiribati,1998,127.01201,135.12074,840.852,1547.3025,2650.2872500000003,4.79,5.1,31.73,58.38
Kiribati,1999,126.25792,132.24718,852.74316,1547.6453,2658.8935599999995,4.75,4.97,32.07,58.21
Kiribati,2000,128.33527,132.87047,878.5755,1523.2504,2663.03164,4.82,4.99,32.99,57.2
Kiribati,2001,131.70927,139.55972,830.8566,1580.4272,2682.55279,4.91,5.2,30.97,58.92
Kiribati,2002,133.56001,130.94923,837.8363,1559.7543,2662.09984,5.02,4.92,31.47,58.59
Kiribati,2003,135.80669,130.15115,838.682,1549.4308,2654.07064,5.12,4.9,31.6,58.38
Kiribati,2004,133.80392,129.838,810.6072,1557.3518,2631.60092,5.08,4.93,30.8,59.18
Kiribati,2005,142.77756,132.82317,836.6372,1582.9409,2695.17883,5.3,4.93,31.04,58.73
Kiribati,2006,139.13182,129.89319,831.22986,1571.0762,2671.33107,5.21,4.86,31.12,58.81
Kiribati,2007,132.59283,128.87425,827.00085,1549.1707,2637.63863,5.03,4.89,31.35,58.73
Kiribati,2008,123.060684,129.07877,816.2983,1558.583,2627.020754,4.68,4.91,31.07,59.33
Kiribati,2009,128.91887,132.41878,827.2565,1564.2914,2652.88555,4.86,4.99,31.18,58.97
Kiribati,2010,145.29192,161.55031,1090.1963,1543.334,2940.37253,4.94,5.49,37.08,52.49
Kiribati,2011,157.68076,152.4764,1112.1678,1568.3259,2990.6508599999997,5.27,5.1,37.19,52.44
Kiribati,2012,148.96191,153.61572,1118.169,1602.0964,3022.84303,4.93,5.08,36.99,53.0
Kiribati,2013,153.96873,145.80434,1169.2224,1553.3778,3022.37327,5.09,4.82,38.69,51.4
Kiribati,2014,154.4954,144.96161,1174.9609,1594.3782,3068.79611,5.03,4.72,38.29,51.95
Kiribati,2015,158.93513,154.7379,1172.1965,1625.1279,3110.99743,5.11,4.97,37.68,52.24
Kiribati,2016,167.54604,149.89487,1146.3356,1635.515,3099.29151,5.41,4.84,36.99,52.77
Kiribati,2017,169.0928,150.47379,1140.4755,1610.2856,3070.32769,5.51,4.9,37.15,52.45
Kiribati,2018,168.48389,155.22154,1145.8306,1628.1434,3097.67943,5.44,5.01,36.99,52.56
Kiribati,2019,174.30367,155.73,1169.0581,1635.2651,3134.35687,5.56,4.97,37.3,52.17
Kiribati,2020,178.1579,158.41606,1108.0398,1648.5623,3093.17606,5.76,5.12,35.82,53.3
Kiribati,2021,197.56331,152.86156,1157.3359,1615.7699,3123.53067,6.32,4.89,37.05,51.73
Kiribati,2022,179.52759,159.00323,1167.533,1608.5748,3114.6386199999997,5.76,5.11,37.49,51.65
Kuwait,1961,119.90657,138.46394,577.5727,1302.1118,2138.05501,5.61,6.48,27.01,60.9
Kuwait,1962,112.502075,151.76642,561.70984,1396.5642,2222.542535,5.06,6.83,25.27,62.84
Kuwait,1963,114.76122,145.77391,570.04565,1348.8821,2179.46288,5.27,6.69,26.16,61.89
Kuwait,1964,124.997246,159.79968,597.2536,1449.3485,2331.399026,5.36,6.85,25.62,62.17
Kuwait,1965,135.14468,156.41711,624.5493,1447.9036,2364.01469,5.72,6.62,26.42,61.25
Kuwait,1966,126.582146,159.37486,661.3665,1512.1306,2459.454106,5.15,6.48,26.89,61.48
Kuwait,1967,131.40926,160.96794,624.931,1515.1251,2432.4333,5.4,6.62,25.69,62.29
Kuwait,1968,131.83727,157.59515,625.0469,1524.7517,2439.23102,5.4,6.46,25.62,62.51
Kuwait,1969,123.97819,153.38919,584.0717,1513.8523,2375.29138,5.22,6.46,24.59,63.73
Kuwait,1970,122.65875,155.06616,566.8147,1535.0327,2379.57231,5.15,6.52,23.82,64.51
Kuwait,1971,120.56914,148.10538,562.905,1505.4514,2337.03092,5.16,6.34,24.09,64.42
Kuwait,1972,130.57059,148.39452,596.3006,1531.7552,2407.02091,5.42,6.17,24.77,63.64
Kuwait,1973,123.68736,146.7863,605.83484,1494.2711,2370.5796,5.22,6.19,25.56,63.03
Kuwait,1974,127.46988,146.65315,578.4103,1522.5399,2375.07323,5.37,6.17,24.35,64.1
Kuwait,1975,135.94176,145.55957,601.90155,1528.689,2412.09188,5.64,6.03,24.95,63.38
Kuwait,1976,150.23317,149.02557,656.3503,1556.7681,2512.37714,5.98,5.93,26.12,61.96
Kuwait,1977,162.29776,151.27617,627.6149,1613.3943,2554.58313,6.35,5.92,24.57,63.16
Kuwait,1978,161.8303,151.85446,650.0092,1636.5272,2600.22116,6.22,5.84,25.0,62.94
Kuwait,1979,171.70769,153.16647,699.14264,1643.5717,2667.5885,6.44,5.74,26.21,61.61
Kuwait,1980,177.08522,152.0112,742.763,1609.5657,2681.42512,6.6,5.67,27.7,60.03
Kuwait,1981,174.10474,156.0249,705.05865,1625.8203,2661.0085900000004,6.54,5.86,26.5,61.1
Kuwait,1982,192.25005,151.60269,784.27466,1610.3662,2738.4936,7.02,5.54,28.64,58.8
Kuwait,1983,180.12926,151.86661,786.34875,1604.9178,2723.26242,6.61,5.58,28.88,58.93
Kuwait,1984,182.05077,151.67271,802.4262,1591.7115,2727.86118,6.67,5.56,29.42,58.35
Kuwait,1985,167.20906,151.8289,753.0984,1596.5597,2668.69606,6.27,5.69,28.22,59.83
Kuwait,1986,183.96689,153.66907,789.77545,1611.4006,2738.8120099999996,6.72,5.61,28.84,58.84
Kuwait,1987,179.97653,159.36395,805.93835,1666.9714,2812.2502299999996,6.4,5.67,28.66,59.28
Kuwait,1988,176.5685,165.39899,844.5672,1663.1943,2849.72899,6.2,5.8,29.64,58.36
Kuwait,1989,172.26598,167.92032,839.79663,1673.4741,2853.45703,6.04,5.88,29.43,58.65
Kuwait,1990,128.72676,188.34604,749.39813,1760.4314,2826.90233,4.55,6.66,26.51,62.27
Kuwait,1991,80.27451,198.31828,588.6057,1944.7773,2811.97579,2.85,7.05,20.93,69.16
Kuwait,1992,136.64255,162.90752,672.73914,1592.9376,2565.22681,5.33,6.35,26.23,62.1
Kuwait,1993,163.64337,158.089,713.1994,1582.352,2617.28377,6.25,6.04,27.25,60.46
Kuwait,1994,189.3644,173.32327,801.3429,1734.2625,2898.2930699999997,6.53,5.98,27.65,59.84
Kuwait,1995,198.5668,178.34416,865.6218,1787.0918,3029.62456,6.55,5.89,28.57,58.99
Kuwait,1996,196.44434,178.81894,842.77594,1773.8802,2991.91942,6.57,5.98,28.17,59.29
Kuwait,1997,197.67749,177.54367,910.14014,1769.4514,3054.8127,6.47,5.81,29.79,57.92
Kuwait,1998,196.82497,189.61678,904.1997,1843.7682,3134.40965,6.28,6.05,28.85,58.82
Kuwait,1999,195.19743,196.76666,938.23944,1919.2595,3249.46303,6.01,6.06,28.87,59.06
Kuwait,2000,208.71075,198.06264,1021.86755,1920.7941,3349.4350400000003,6.23,5.91,30.51,57.35
Kuwait,2001,222.24187,197.18442,1084.7905,1930.825,3435.04179,6.47,5.74,31.58,56.21
Kuwait,2002,186.75159,199.55696,1053.8779,1984.812,3424.99845,5.45,5.83,30.77,57.95
Kuwait,2003,213.46121,204.43495,1055.7123,2037.6498,3511.2582599999996,6.08,5.82,30.07,58.03
Kuwait,2004,229.36502,213.76999,1068.1475,2058.6763,3569.95881,6.42,5.99,29.92,57.67
Kuwait,2005,267.01053,213.83836,1130.042,2059.7957,3670.6865900000003,7.27,5.83,30.79,56.11
Kuwait,2006,237.25389,222.16743,1130.3801,2076.5337,3666.33512,6.47,6.06,30.83,56.64
Kuwait,2007,248.955,220.95827,1132.3092,2035.9276,3638.1500699999997,6.84,6.07,31.12,55.96
Kuwait,2008,240.0564,209.443,1137.6692,1991.8688,3579.0374,6.71,5.85,31.79,55.65
Kuwait,2009,261.8117,201.13013,1088.5066,1988.3113,3539.7597299999998,7.4,5.68,30.75,56.17
Kuwait,2010,259.52274,221.80235,1077.0414,1989.8112,3548.1776900000004,7.31,6.25,30.35,56.08
Kuwait,2011,248.15175,218.56783,1063.486,2054.5173,3584.7228800000003,6.92,6.1,29.67,57.31
Kuwait,2012,229.45882,216.47827,1002.8091,2102.9421,3551.68829,6.46,6.1,28.23,59.21
Kuwait,2013,233.03072,230.32782,1017.7629,2108.483,3589.60444,6.49,6.42,28.35,58.74
Kuwait,2014,225.54793,223.86504,957.9835,2146.0095,3553.4059700000003,6.35,6.3,26.96,60.39
Kuwait,2015,227.44482,219.4121,977.8129,2117.6975,3542.3673200000003,6.42,6.19,27.6,59.78
Kuwait,2016,218.66588,215.43059,943.86865,2076.8003,3454.7654199999997,6.33,6.24,27.32,60.11
Kuwait,2017,216.91641,215.28816,940.5603,2047.8884,3420.65327,6.34,6.29,27.5,59.87
Kuwait,2018,216.33217,208.3036,1031.3724,1971.2852,3427.2933700000003,6.31,6.08,30.09,57.52
Kuwait,2019,230.38538,214.98903,990.93506,2032.4583,3468.7677700000004,6.64,6.2,28.57,58.59
Kuwait,2020,229.75017,219.87996,948.7897,2051.9158,3450.3356300000005,6.66,6.37,27.5,59.47
Kuwait,2021,225.7653,206.97427,1078.1356,1905.6329,3416.50807,6.61,6.06,31.56,55.78
Kuwait,2022,222.04424,204.85516,946.5435,1889.4316,3262.8745,6.81,6.28,29.01,57.91
Kyrgyzstan,1992,136.17938,180.0806,598.09564,1684.4949,2598.85052,5.24,6.93,23.01,64.82
Kyrgyzstan,1993,128.58337,175.02924,538.55975,1503.4609,2345.63326,5.48,7.46,22.96,64.1
Kyrgyzstan,1994,128.90807,174.7959,526.9674,1531.1838,2361.85517,5.46,7.4,22.31,64.83
Kyrgyzstan,1995,123.76287,187.55376,419.89166,1591.294,2322.5022900000004,5.33,8.08,18.08,68.52
Kyrgyzstan,1996,128.58232,191.39282,460.35388,1635.46,2415.78902,5.32,7.92,19.06,67.7
Kyrgyzstan,1997,131.10587,208.68237,465.13644,1775.7455,2580.67018,5.08,8.09,18.02,68.81
Kyrgyzstan,1998,136.54944,174.49075,502.03445,1641.316,2454.39064,5.56,7.11,20.45,66.87
Kyrgyzstan,1999,137.56728,189.7466,449.02615,1710.4014,2486.74143,5.53,7.63,18.06,68.78
Kyrgyzstan,2000,139.42752,188.29619,445.0539,1589.7993,2362.5769099999998,5.9,7.97,18.84,67.29
Kyrgyzstan,2001,142.52246,190.16107,448.30847,1635.3992,2416.3912,5.9,7.87,18.55,67.68
Kyrgyzstan,2002,142.73041,186.73473,459.49295,1644.969,2433.92709,5.86,7.67,18.88,67.58
Kyrgyzstan,2003,138.17163,199.37411,467.902,1742.0284,2547.4761399999998,5.42,7.83,18.37,68.38
Kyrgyzstan,2004,137.48006,195.70554,497.11597,1811.8389,2642.1404700000003,5.2,7.41,18.81,68.57
Kyrgyzstan,2005,136.89345,199.13173,494.32147,1815.4144,2645.76105,5.17,7.53,18.68,68.62
Kyrgyzstan,2006,126.26109,181.82982,506.35275,1744.604,2559.04766,4.93,7.11,19.79,68.17
Kyrgyzstan,2007,128.20193,184.0898,534.38416,1744.8044,2591.48029,4.95,7.1,20.62,67.33
Kyrgyzstan,2008,129.26155,188.79501,560.49,1727.4626,2606.00916,4.96,7.24,21.51,66.29
Kyrgyzstan,2009,137.52701,192.38176,552.5952,1787.0806,2669.58457,5.15,7.21,20.7,66.94
Kyrgyzstan,2010,152.65877,197.03447,634.92993,1686.3163,2670.9394700000003,5.72,7.38,23.77,63.14
Kyrgyzstan,2011,152.60156,196.78615,622.6632,1721.5513,2693.60221,5.67,7.31,23.12,63.91
Kyrgyzstan,2012,150.91116,204.06226,621.08484,1730.0603,2706.11856,5.58,7.54,22.95,63.93
Kyrgyzstan,2013,147.3979,199.37196,626.1747,1723.5393,2696.48386,5.47,7.39,23.22,63.92
Kyrgyzstan,2014,148.37997,200.98132,627.51953,1702.1604,2679.04122,5.54,7.5,23.42,63.54
Kyrgyzstan,2015,142.70493,200.77242,627.71436,1712.3606,2683.55231,5.32,7.48,23.39,63.81
Kyrgyzstan,2016,142.3092,199.21712,623.18896,1674.1724,2638.88768,5.39,7.55,23.62,63.44
Kyrgyzstan,2017,139.23186,201.78188,627.3406,1717.5472,2685.90154,5.18,7.51,23.36,63.95
Kyrgyzstan,2018,147.5969,203.96635,663.1262,1699.3862,2714.0756499999998,5.44,7.52,24.43,62.61
Kyrgyzstan,2019,148.714,195.33806,690.85986,1655.4658,2690.37772,5.53,7.26,25.68,61.53
Kyrgyzstan,2020,149.82143,197.718,649.1201,1638.4235,2635.08303,5.69,7.5,24.63,62.18
Kyrgyzstan,2021,155.43074,196.50888,689.10187,1554.5851,2595.62659,5.99,7.57,26.55,59.89
Kyrgyzstan,2022,156.37242,200.9849,682.39923,1592.5509,2632.3074500000002,5.94,7.64,25.92,60.5
Laos,1961,21.232658,175.81921,165.27286,1590.0002,1952.324928,1.09,9.01,8.47,81.44
Laos,1962,24.161371,172.5698,164.16931,1563.2087,1924.1091809999998,1.26,8.97,8.53,81.24
Laos,1963,23.09,175.27591,163.6909,1584.8263,1946.88311,1.19,9.0,8.41,81.4
Laos,1964,24.34316,178.44977,179.90115,1613.2048,1995.89888,1.22,8.94,9.01,80.83
Laos,1965,26.253489,178.64397,190.19751,1624.0187,2019.113669,1.3,8.85,9.42,80.43
Laos,1966,28.389395,179.91978,194.96658,1637.7133,2040.989055,1.39,8.82,9.55,80.24
Laos,1967,29.916025,178.37329,197.24126,1631.6466,2037.177175,1.47,8.76,9.68,80.09
Laos,1968,29.127508,178.73698,198.32584,1637.9109,2044.101228,1.42,8.74,9.7,80.13
Laos,1969,26.823296,174.4719,188.82718,1602.5916,1992.713976,1.35,8.76,9.48,80.42
Laos,1970,28.523024,177.937,187.37091,1636.7749,2030.605834,1.4,8.76,9.23,80.61
Laos,1971,26.433891,179.06438,187.2367,1643.2799,2036.0148709999999,1.3,8.79,9.2,80.71
Laos,1972,25.27524,178.95195,185.64545,1639.4376,2029.31024,1.25,8.82,9.15,80.79
Laos,1973,22.990648,178.72589,176.20749,1643.9126,2021.836628,1.14,8.84,8.72,81.31
Laos,1974,20.964998,175.96786,168.20755,1618.6118,1983.7522079999999,1.06,8.87,8.48,81.59
Laos,1975,21.33065,173.36221,160.67941,1604.3303,1959.70257,1.09,8.85,8.2,81.87
Laos,1976,21.846004,171.29529,167.2673,1605.0857,1965.494294,1.11,8.72,8.51,81.66
Laos,1977,20.352255,179.55745,169.35123,1666.968,2036.228935,1.0,8.82,8.32,81.87
Laos,1978,21.780045,171.88684,162.54257,1602.3989,1958.6083549999998,1.11,8.78,8.3,81.81
Laos,1979,23.4412,167.22183,170.72214,1559.3257,1920.71087,1.22,8.71,8.89,81.18
Laos,1980,25.751074,165.40721,191.41501,1546.8219,1929.395194,1.33,8.57,9.92,80.17
Laos,1981,24.860687,162.95374,197.4179,1537.3933,1922.625627,1.29,8.48,10.27,79.96
Laos,1982,24.665827,164.12415,198.62483,1546.1187,1933.533507,1.28,8.49,10.27,79.96
Laos,1983,25.60647,160.60095,196.1196,1518.4912,1900.8182199999999,1.35,8.45,10.32,79.89
Laos,1984,25.99812,156.972,200.08916,1490.1033,1873.16258,1.39,8.38,10.68,79.55
Laos,1985,24.389254,159.5136,170.02655,1523.4531,1877.382504,1.3,8.5,9.06,81.15
Laos,1986,25.641478,160.65251,188.8306,1525.373,1900.4975880000002,1.35,8.45,9.94,80.26
Laos,1987,26.034569,162.06715,188.47534,1551.4362,1928.013259,1.35,8.41,9.78,80.47
Laos,1988,24.585255,156.28355,178.42995,1512.0916,1871.390355,1.31,8.35,9.53,80.8
Laos,1989,25.578552,158.35092,189.12389,1530.5813,1903.634662,1.34,8.32,9.93,80.4
Laos,1990,25.439028,165.5112,197.49706,1595.285,1983.7322880000002,1.28,8.34,9.96,80.42
Laos,1991,25.894428,164.54982,190.21762,1580.1415,1960.8033679999999,1.32,8.39,9.7,80.59
Laos,1992,26.674675,164.03346,195.32489,1546.4996,1932.532625,1.38,8.49,10.11,80.02
Laos,1993,27.370783,163.47427,194.4392,1547.0614,1932.345653,1.42,8.46,10.06,80.06
Laos,1994,30.901674,164.3084,205.74112,1559.0527,1960.003894,1.58,8.38,10.5,79.54
Laos,1995,34.19036,160.75398,216.02182,1541.6394,1952.60556,1.75,8.23,11.06,78.95
Laos,1996,33.01184,165.92899,223.89738,1582.5818,2005.4200099999998,1.65,8.27,11.16,78.92
Laos,1997,34.033043,166.6036,230.43535,1583.2092,2014.281193,1.69,8.27,11.44,78.6
Laos,1998,33.85261,168.58917,234.92682,1594.1844,2031.553,1.67,8.3,11.56,78.47
Laos,1999,39.99735,168.32217,235.5201,1578.8438,2022.68342,1.98,8.32,11.64,78.06
Laos,2000,40.11853,182.25955,236.06839,1640.7328,2099.17927,1.91,8.68,11.25,78.16
Laos,2001,43.66939,181.0972,238.41821,1609.3279,2072.5127,2.11,8.74,11.5,77.65
Laos,2002,46.685677,188.36346,246.10782,1630.767,2111.923957,2.21,8.92,11.65,77.22
Laos,2003,48.715958,186.6196,253.03699,1661.4803,2149.852848,2.27,8.68,11.77,77.28
Laos,2004,48.852097,187.20721,262.5061,1678.8816,2177.4470069999998,2.24,8.6,12.06,77.1
Laos,2005,47.397682,195.19478,286.81317,1709.2172,2238.622832,2.12,8.72,12.81,76.35
Laos,2006,47.973656,192.09238,287.69366,1689.9838,2217.743496,2.16,8.66,12.97,76.2
Laos,2007,49.20654,193.49011,298.36673,1720.7295,2261.79288,2.18,8.55,13.19,76.08
Laos,2008,50.078995,189.65324,305.50583,1697.0947,2242.332765,2.23,8.46,13.62,75.68
Laos,2009,52.983223,200.24365,322.11713,1746.3977,2321.7417029999997,2.28,8.62,13.87,75.22
Laos,2010,64.41074,215.4745,302.7864,2304.4111,2887.08274,2.23,7.46,10.49,79.82
Laos,2011,66.933525,227.59795,310.0967,2367.1943,2971.822475,2.25,7.66,10.43,79.65
Laos,2012,69.73144,214.94536,311.99426,2401.3315,2998.00256,2.33,7.17,10.41,80.1
Laos,2013,72.16409,227.51459,314.94415,2454.5278,3069.15063,2.35,7.41,10.26,79.97
Laos,2014,85.29128,242.21765,357.2171,2436.9307,3121.6567299999997,2.73,7.76,11.44,78.07
Laos,2015,80.83106,244.968,358.08157,2492.61,3176.4906300000002,2.54,7.71,11.27,78.47
Laos,2016,84.187485,242.54773,368.07086,2456.3396,3151.1456749999998,2.67,7.7,11.68,77.95
Laos,2017,87.54754,227.98256,357.0803,2447.5718,3120.1822,2.81,7.31,11.44,78.44
Laos,2018,87.83582,227.22485,349.24008,2478.292,3142.59275,2.8,7.23,11.11,78.86
Laos,2019,89.92157,223.12985,385.72406,2469.6743,3168.44978,2.84,7.04,12.17,77.95
Laos,2020,93.055664,221.8192,387.90463,2447.7627,3150.542194,2.95,7.04,12.31,77.69
Laos,2021,92.29094,227.5394,381.32773,2414.6675,3115.82557,2.96,7.3,12.24,77.5
Laos,2022,95.14745,224.12247,378.04974,2459.0715,3156.39116,3.01,7.1,11.98,77.91
Latvia,1992,249.75832,186.6497,844.8666,1977.007,3258.2816199999997,7.67,5.73,25.93,60.68
Latvia,1993,237.32443,189.30643,803.45,2042.5996,3272.68046,7.25,5.78,24.55,62.41
Latvia,1994,229.70706,177.18771,807.5301,1964.3779,3178.80277,7.23,5.57,25.4,61.8
Latvia,1995,218.3436,170.4233,906.7024,1780.0769,3075.5461999999998,7.1,5.54,29.48,57.88
Latvia,1996,187.8107,156.52892,854.8687,1799.9626,2999.17092,6.26,5.22,28.5,60.02
Latvia,1997,177.5321,159.31856,814.386,1769.9371,2921.17376,6.08,5.45,27.88,60.59
Latvia,1998,164.76968,157.39493,803.5077,1727.0356,2852.70791,5.78,5.52,28.17,60.54
Latvia,1999,161.84572,157.478,803.85913,1720.8379,2844.02075,5.69,5.54,28.26,60.51
Latvia,2000,162.06627,146.12794,832.9173,1647.0931,2788.20461,5.81,5.24,29.87,59.07
Latvia,2001,159.6196,154.1639,910.27094,1681.311,2905.3654399999996,5.49,5.31,31.33,57.87
Latvia,2002,174.54918,151.29199,987.1171,1699.4484,3012.4066700000003,5.79,5.02,32.77,56.41
Latvia,2003,183.80498,159.33495,1005.7894,1696.7872,3045.7165299999997,6.03,5.23,33.02,55.71
Latvia,2004,188.60797,154.62022,1072.5881,1652.8528,3068.66909,6.15,5.04,34.95,53.86
Latvia,2005,192.34663,148.89555,1062.3431,1720.9531,3124.53838,6.16,4.77,34.0,55.08
Latvia,2006,207.8398,151.56306,1142.1882,1679.5302,3181.12126,6.53,4.76,35.91,52.8
Latvia,2007,216.66937,150.3412,1100.5,1645.0685,3112.57907,6.96,4.83,35.36,52.85
Latvia,2008,231.23088,145.85452,1063.8662,1658.5552,3099.5068,7.46,4.71,34.32,53.51
Latvia,2009,231.07895,150.73967,1073.5764,1674.1687,3129.56372,7.38,4.82,34.3,53.5
Latvia,2010,253.81206,167.69868,1101.9426,1624.6938,3148.14714,8.06,5.33,35.0,51.61
Latvia,2011,253.2423,171.49008,1108.0106,1657.9624,3190.70538,7.94,5.37,34.73,51.96
Latvia,2012,235.78871,174.05568,1095.0245,1665.369,3170.23789,7.44,5.49,34.54,52.53
Latvia,2013,228.6052,179.0734,1121.096,1727.4972,3256.2718,7.02,5.5,34.43,53.05
Latvia,2014,231.99466,186.12822,1117.4048,1697.351,3232.8786800000003,7.18,5.76,34.56,52.5
Latvia,2015,235.39034,186.28188,1138.2068,1652.2747,3212.15372,7.33,5.8,35.43,51.44
Latvia,2016,246.46635,190.43846,1123.2365,1661.9863,3222.12761,7.65,5.91,34.86,51.58
Latvia,2017,254.20074,178.88646,1163.1041,1631.5042,3227.6955,7.88,5.54,36.04,50.55
Latvia,2018,247.35562,175.45459,1175.1902,1663.8062,3261.80661,7.58,5.38,36.03,51.01
Latvia,2019,263.24142,171.24908,1220.0897,1615.1418,3269.7219999999998,8.05,5.24,37.31,49.4
Latvia,2020,264.799,157.02733,1310.5934,1502.7266,3235.14633,8.19,4.85,40.51,46.45
Latvia,2021,271.87326,150.26773,1327.8121,1503.721,3253.67409,8.36,4.62,40.81,46.22
Latvia,2022,281.34363,146.47658,1343.9678,1487.4535,3259.24151,8.63,4.49,41.24,45.64
Lebanon,1961,71.372246,184.88232,561.6935,1620.6035,2438.551566,2.93,7.58,23.03,66.46
Lebanon,1962,78.147736,183.3125,575.1298,1648.3708,2484.960836,3.14,7.38,23.14,66.33
Lebanon,1963,83.176765,174.97748,600.7043,1587.2798,2446.1383450000003,3.4,7.15,24.56,64.89
Lebanon,1964,85.88212,179.16232,581.785,1624.9352,2471.76464,3.47,7.25,23.54,65.74
Lebanon,1965,87.21395,180.75761,588.87445,1618.9564,2475.8024100000002,3.52,7.3,23.79,65.39
Lebanon,1966,91.48029,176.63376,567.98157,1615.0511,2451.1467199999997,3.73,7.21,23.17,65.89
Lebanon,1967,88.86535,178.63748,581.56726,1625.873,2474.94309,3.59,7.22,23.5,65.69
Lebanon,1968,87.49079,176.73764,608.4747,1629.721,2502.42413,3.5,7.06,24.32,65.13
Lebanon,1969,82.68722,170.47955,565.36127,1614.17,2432.69804,3.4,7.01,23.24,66.35
Lebanon,1970,82.28911,163.57703,609.42834,1557.1587,2412.45318,3.41,6.78,25.26,64.55
Lebanon,1971,82.60192,164.89592,579.9071,1586.95,2414.35494,3.42,6.83,24.02,65.73
Lebanon,1972,78.856346,164.76239,574.66516,1595.1748,2413.458696,3.27,6.83,23.81,66.09
Lebanon,1973,80.65887,161.66475,592.85425,1577.494,2412.67187,3.34,6.7,24.57,65.38
Lebanon,1974,79.22284,164.52791,598.4154,1565.6616,2407.82775,3.29,6.83,24.85,65.02
Lebanon,1975,71.469925,162.26122,566.6134,1530.6538,2330.998345,3.07,6.96,24.31,65.67
Lebanon,1976,72.26756,163.89796,590.29,1525.2896,2351.74512,3.07,6.97,25.1,64.86
Lebanon,1977,83.93209,168.84541,644.577,1576.4534,2473.8079,3.39,6.83,26.06,63.73
Lebanon,1978,80.32891,169.11156,625.53,1583.6257,2458.59617,3.27,6.88,25.44,64.41
Lebanon,1979,93.912964,172.54701,644.07135,1563.7502,2474.281524,3.8,6.97,26.03,63.2
Lebanon,1980,107.288284,173.98961,692.4288,1527.1509,2500.857594,4.29,6.96,27.69,61.07
Lebanon,1981,105.68545,171.93446,675.1141,1476.397,2429.13101,4.35,7.08,27.79,60.78
Lebanon,1982,106.21494,177.72566,699.73663,1491.5928,2475.2700299999997,4.29,7.18,28.27,60.26
Lebanon,1983,106.58974,175.73088,693.5014,1529.602,2505.4240200000004,4.25,7.01,27.68,61.05
Lebanon,1984,96.2683,173.55365,698.9181,1524.2537,2492.99375,3.86,6.96,28.04,61.14
Lebanon,1985,88.06498,172.23595,674.1914,1505.933,2440.42533,3.61,7.06,27.63,61.71
Lebanon,1986,82.44328,171.05116,652.56244,1485.1553,2391.21218,3.45,7.15,27.29,62.11
Lebanon,1987,75.294044,173.41307,629.9128,1492.274,2370.8939139999998,3.18,7.31,26.57,62.94
Lebanon,1988,78.46468,170.89787,670.92865,1495.6113,2415.9025,3.25,7.07,27.77,61.91
Lebanon,1989,77.94295,172.25816,703.7419,1501.1382,2455.0812100000003,3.17,7.02,28.66,61.14
Lebanon,1990,72.89952,171.15147,697.57526,1489.1096,2430.73585,3.0,7.04,28.7,61.26
Lebanon,1991,77.710045,172.49231,698.8503,1512.0454,2461.098055,3.16,7.01,28.4,61.44
Lebanon,1992,82.837845,174.44144,706.29803,1486.9167,2450.494015,3.38,7.12,28.82,60.68
Lebanon,1993,88.92957,172.57439,702.71216,1505.007,2469.22312,3.6,6.99,28.46,60.95
Lebanon,1994,87.31296,174.53413,697.0887,1552.765,2511.70079,3.48,6.95,27.75,61.82
Lebanon,1995,85.30734,179.46704,701.94775,1552.6777,2519.3998300000003,3.39,7.12,27.86,61.63
Lebanon,1996,86.2828,181.05992,696.12317,1540.6838,2504.14969,3.45,7.23,27.8,61.53
Lebanon,1997,109.2242,181.88977,727.98065,1521.0378,2540.13242,4.3,7.16,28.66,59.88
Lebanon,1998,99.46961,174.63039,748.77026,1484.7233,2507.5935600000003,3.97,6.96,29.86,59.21
Lebanon,1999,104.846954,170.49129,777.2266,1456.5802,2509.145044,4.18,6.79,30.98,58.05
Lebanon,2000,106.40619,168.63588,751.73285,1430.1321,2456.9070199999996,4.33,6.86,30.6,58.21
Lebanon,2001,104.5421,175.51843,796.49274,1453.085,2529.63827,4.13,6.94,31.49,57.44
Lebanon,2002,114.59909,173.14326,786.37604,1501.7618,2575.88019,4.45,6.72,30.53,58.3
Lebanon,2003,116.14361,170.18741,802.16876,1519.0726,2607.57238,4.45,6.53,30.76,58.26
Lebanon,2004,116.67826,173.49228,820.30914,1550.0594,2660.53908,4.39,6.52,30.83,58.26
Lebanon,2005,116.39066,173.51051,809.0671,1565.7942,2664.7624699999997,4.37,6.51,30.36,58.76
Lebanon,2006,116.721214,170.95984,856.65405,1541.8331,2686.168204,4.35,6.36,31.89,57.4
Lebanon,2007,114.865456,170.21284,854.6452,1580.6392,2720.362696,4.22,6.26,31.42,58.1
Lebanon,2008,116.87757,166.98738,822.5794,1551.1775,2657.62185,4.4,6.28,30.95,58.37
Lebanon,2009,118.38612,163.44022,846.80615,1546.0637,2674.6961899999997,4.43,6.11,31.66,57.8
Lebanon,2010,130.13628,201.28905,1022.81635,1707.9246,3062.1662800000004,4.25,6.57,33.4,55.78
Lebanon,2011,130.48349,200.45749,963.4493,1720.1943,3014.58458,4.33,6.65,31.96,57.06
Lebanon,2012,128.61557,201.36983,958.59357,1727.8345,3016.41347,4.26,6.68,31.78,57.28
Lebanon,2013,123.87231,198.38553,946.66205,1698.6663,2967.58619,4.17,6.69,31.9,57.24
Lebanon,2014,120.44613,201.34985,884.8104,1725.9661,2932.57248,4.11,6.87,30.17,58.86
Lebanon,2015,116.46261,196.58255,857.572,1720.0972,2890.71436,4.03,6.8,29.67,59.5
Lebanon,2016,120.12405,192.73694,877.73895,1708.5309,2899.13084,4.14,6.65,30.28,58.93
Lebanon,2017,126.90403,197.55614,865.2602,1711.9152,2901.63557,4.37,6.81,29.82,59.0
Lebanon,2018,136.91557,193.44,916.8412,1660.907,2908.1037699999997,4.71,6.65,31.53,57.11
Lebanon,2019,131.03355,193.65665,885.8235,1671.8252,2882.3388999999997,4.55,6.72,30.73,58.0
Lebanon,2020,114.006134,200.047,846.5849,1709.5756,2870.2136339999997,3.97,6.97,29.5,59.56
Lebanon,2021,118.697395,203.39743,813.79504,1707.3021,2843.191965,4.17,7.15,28.62,60.05
Lebanon,2022,119.38121,193.46408,821.13293,1662.7168,2796.69502,4.27,6.92,29.36,59.45
Lesotho,1961,49.942814,243.0946,253.6059,1750.7719,2297.415214,2.17,10.58,11.04,76.21
Lesotho,1962,51.039787,231.23596,254.55585,1724.0819,2260.913497,2.26,10.23,11.26,76.26
Lesotho,1963,46.610077,236.75244,256.61188,1779.3787,2319.353097,2.01,10.21,11.06,76.72
Lesotho,1964,45.850063,228.456,236.70811,1726.3276,2237.341773,2.05,10.21,10.58,77.16
Lesotho,1965,48.155403,231.2508,242.85268,1741.3073,2263.566183,2.13,10.22,10.73,76.93
Lesotho,1966,37.784718,223.51279,207.04945,1688.6206,2156.967558,1.75,10.36,9.6,78.29
Lesotho,1967,39.564877,218.35051,229.77164,1645.6714,2133.358427,1.85,10.24,10.77,77.14
Lesotho,1968,35.91629,215.37228,219.57437,1623.9054,2094.76834,1.71,10.28,10.48,77.52
Lesotho,1969,36.402493,207.39136,207.21655,1588.1461,2039.156503,1.79,10.17,10.16,77.88
Lesotho,1970,39.20509,208.29727,210.5046,1582.237,2040.2439600000002,1.92,10.21,10.32,77.55
Lesotho,1971,43.5491,211.03949,224.53134,1598.5433,2077.66323,2.1,10.16,10.81,76.94
Lesotho,1972,45.475483,192.5928,244.7894,1513.8188,1996.676483,2.28,9.65,12.26,75.82
Lesotho,1973,43.274334,188.95685,232.25058,1451.0668,1915.5485640000002,2.26,9.86,12.12,75.75
Lesotho,1974,42.148033,207.5245,238.2455,1522.861,2010.779033,2.1,10.32,11.85,75.73
Lesotho,1975,39.953594,192.76189,231.17224,1507.2446,1971.132324,2.03,9.78,11.73,76.47
Lesotho,1976,39.217693,198.98372,239.25424,1574.6486,2052.104253,1.91,9.7,11.66,76.73
Lesotho,1977,40.52735,221.68198,214.42755,1662.165,2138.80188,1.89,10.36,10.03,77.71
Lesotho,1978,43.423943,222.46823,231.25775,1706.7742,2203.9241230000002,1.97,10.09,10.49,77.44
Lesotho,1979,44.05436,211.72949,258.84265,1619.0815,2133.708,2.06,9.92,12.13,75.88
Lesotho,1980,46.946766,203.65901,263.3647,1585.2524,2099.222876,2.24,9.7,12.55,75.52
Lesotho,1981,44.85972,203.48013,281.96613,1616.367,2146.6729800000003,2.09,9.48,13.14,75.3
Lesotho,1982,54.52937,192.71468,288.27014,1555.8843,2091.39849,2.61,9.21,13.78,74.39
Lesotho,1983,64.959984,199.31824,274.98874,1603.7158,2142.982764,3.03,9.3,12.83,74.84
Lesotho,1984,57.66765,192.82051,292.45474,1552.6187,2095.5616,2.75,9.2,13.96,74.09
Lesotho,1985,51.8034,198.32062,272.15762,1561.7838,2084.06544,2.49,9.52,13.06,74.94
Lesotho,1986,47.844624,190.15814,301.2273,1536.2504,2075.480464,2.31,9.16,14.51,74.02
Lesotho,1987,46.081562,185.00446,301.49338,1502.8622,2035.4416019999999,2.26,9.09,14.81,73.83
Lesotho,1988,42.4836,192.56154,295.396,1509.3756,2039.8167400000002,2.08,9.44,14.48,74.0
Lesotho,1989,37.636436,197.8389,289.46274,1533.7113,2058.649376,1.83,9.61,14.06,74.5
Lesotho,1990,35.18052,199.215,279.7487,1545.1171,2059.26132,1.71,9.67,13.58,75.03
Lesotho,1991,35.20516,197.3751,287.3409,1586.7682,2106.68936,1.67,9.37,13.64,75.32
Lesotho,1992,36.61662,198.2189,280.9785,1595.0825,2110.8965200000002,1.73,9.39,13.31,75.56
Lesotho,1993,37.10484,199.26936,279.78186,1599.9238,2116.07986,1.75,9.42,13.22,75.61
Lesotho,1994,34.756664,204.3878,278.7424,1634.2343,2152.121164,1.61,9.5,12.95,75.94
Lesotho,1995,31.495419,194.79701,267.52228,1569.9263,2063.7410090000003,1.53,9.44,12.96,76.07
Lesotho,1996,30.305737,204.6359,270.31635,1623.3591,2128.6170869999996,1.42,9.61,12.7,76.26
Lesotho,1997,32.66657,208.32642,280.2944,1652.2178,2173.50519,1.5,9.58,12.9,76.02
Lesotho,1998,31.005005,213.78864,278.71674,1689.6997,2213.2100849999997,1.4,9.66,12.59,76.35
Lesotho,1999,34.50045,217.29036,285.9514,1718.1978,2255.94001,1.53,9.63,12.68,76.16
Lesotho,2000,35.899956,219.17868,290.25613,1734.998,2280.332766,1.57,9.61,12.73,76.09
Lesotho,2001,37.387306,223.05139,296.4039,1768.1688,2325.011396,1.61,9.59,12.75,76.05
Lesotho,2002,38.103928,228.39676,297.4318,1813.7827,2377.715188,1.6,9.61,12.51,76.28
Lesotho,2003,37.386787,232.28024,284.73462,1854.5015,2408.903147,1.55,9.64,11.82,76.99
Lesotho,2004,37.908543,237.77231,292.28766,1896.8628,2464.831313,1.54,9.65,11.86,76.96
Lesotho,2005,39.604145,243.6207,303.27344,1944.9717,2531.469985,1.56,9.62,11.98,76.83
Lesotho,2006,46.998264,247.55876,316.69968,1977.0392,2588.295904,1.82,9.56,12.24,76.38
Lesotho,2007,41.89953,249.71478,303.82166,1968.2065,2563.64247,1.63,9.74,11.85,76.77
Lesotho,2008,42.077568,247.17062,290.612,1985.2671,2565.127288,1.64,9.64,11.33,77.39
Lesotho,2009,42.957603,251.11514,296.74503,1990.0542,2580.8719730000003,1.66,9.73,11.5,77.11
Lesotho,2010,53.259064,210.92859,277.33014,1990.1117,2531.629494,2.1,8.33,10.95,78.61
Lesotho,2011,62.082565,206.1999,299.13153,1974.551,2541.964995,2.44,8.11,11.77,77.68
Lesotho,2012,64.641914,203.42001,299.06985,1927.117,2494.2487739999997,2.59,8.16,11.99,77.26
Lesotho,2013,63.777916,183.34637,290.35895,1807.7468,2345.230036,2.72,7.82,12.38,77.08
Lesotho,2014,85.58102,151.45906,444.49542,1529.7708,2211.3063,3.87,6.85,20.1,69.18
Lesotho,2015,80.00706,144.512,413.66504,1447.9988,2086.1829,3.84,6.93,19.83,69.41
Lesotho,2016,75.0727,151.75555,380.12347,1492.5883,2099.54002,3.58,7.23,18.11,71.09
Lesotho,2017,75.83346,165.19136,401.02374,1534.2389,2176.28746,3.48,7.59,18.43,70.5
Lesotho,2018,78.637184,150.7112,427.3405,1539.7869,2196.475784,3.58,6.86,19.46,70.1
Lesotho,2019,61.612186,145.83028,364.1123,1427.5068,1999.061566,3.08,7.29,18.21,71.41
Lesotho,2020,72.39161,132.1197,319.95474,1290.083,1814.54905,3.99,7.28,17.63,71.1
Lesotho,2021,61.61893,135.50516,325.04288,1293.9067,1816.07367,3.39,7.46,17.9,71.25
Lesotho,2022,60.31697,132.53595,331.79376,1296.5426,1821.18928,3.31,7.28,18.22,71.19
Liberia,1961,36.987457,117.00273,261.22635,1567.5151,1982.731637,1.87,5.9,13.18,79.06
Liberia,1962,34.601562,117.68441,286.43057,1577.7139,2016.4304419999999,1.72,5.84,14.2,78.24
Liberia,1963,30.58388,121.55532,303.07883,1637.6711,2092.88913,1.46,5.81,14.48,78.25
Liberia,1964,29.173048,125.40522,290.301,1664.3711,2109.250368,1.38,5.95,13.76,78.91
Liberia,1965,31.01646,119.873375,334.78564,1607.6445,2093.3199750000003,1.48,5.73,15.99,76.8
Liberia,1966,33.98491,129.77818,345.62302,1711.9945,2221.38061,1.53,5.84,15.56,77.07
Liberia,1967,35.54724,121.35626,364.44635,1605.4824,2126.8322500000004,1.67,5.71,17.14,75.49
Liberia,1968,34.089798,127.033844,345.98633,1669.4133,2176.523272,1.57,5.84,15.9,76.7
Liberia,1969,33.395374,119.341064,340.43546,1563.5652,2056.737098,1.62,5.8,16.55,76.02
Liberia,1970,36.985497,138.56973,348.20584,1787.3484,2311.109467,1.6,6.0,15.07,77.34
Liberia,1971,40.32699,142.73428,381.87524,1832.4255,2397.36201,1.68,5.95,15.93,76.44
Liberia,1972,37.497368,135.00606,373.98386,1741.8228,2288.310088,1.64,5.9,16.34,76.12
Liberia,1973,40.118645,137.57741,393.69336,1750.3994,2321.788815,1.73,5.93,16.96,75.39
Liberia,1974,38.000122,137.86725,420.49316,1734.8069,2331.167432,1.63,5.91,18.04,74.42
Liberia,1975,37.67166,128.38002,439.86343,1608.1333,2214.04841,1.7,5.8,19.87,72.63
Liberia,1976,37.950905,134.8975,454.18097,1712.6909,2339.720275,1.62,5.77,19.41,73.2
Liberia,1977,41.31399,144.40372,456.61136,1834.3625,2476.69157,1.67,5.83,18.44,74.07
Liberia,1978,41.080032,141.63239,471.11218,1806.2914,2460.116002,1.67,5.76,19.15,73.42
Liberia,1979,44.507366,147.83641,453.277,1865.2517,2510.872476,1.77,5.89,18.05,74.29
Liberia,1980,45.450603,145.1044,410.64502,1835.235,2436.435023,1.87,5.96,16.85,75.32
Liberia,1981,42.58159,152.1166,397.18787,1892.6588,2484.54486,1.71,6.12,15.99,76.18
Liberia,1982,45.47823,152.96136,454.73248,1891.538,2544.71007,1.79,6.01,17.87,74.33
Liberia,1983,49.54195,144.02382,483.60425,1761.9508,2439.12082,2.03,5.9,19.83,72.24
Liberia,1984,45.32586,144.10277,473.62134,1734.68,2397.7299700000003,1.89,6.01,19.75,72.35
Liberia,1985,45.812794,137.55605,509.21628,1696.1128,2388.697924,1.92,5.76,21.32,71.01
Liberia,1986,45.54598,139.81201,466.87497,1741.7035,2393.93646,1.9,5.84,19.5,72.75
Liberia,1987,47.00207,133.91158,397.162,1733.229,2311.30465,2.03,5.79,17.18,74.99
Liberia,1988,37.24722,133.2741,360.60632,1769.3315,2300.45914,1.62,5.79,15.68,76.91
Liberia,1989,33.54283,134.95218,310.059,1732.4551,2211.00911,1.52,6.1,14.02,78.36
Liberia,1990,26.973034,120.83011,344.47363,1553.3989,2045.675674,1.32,5.91,16.84,75.94
Liberia,1991,30.792337,136.55916,582.8685,1732.3857,2482.605697,1.24,5.5,23.48,69.78
Liberia,1992,29.018946,132.17131,548.68713,1535.0767,2244.954086,1.29,5.89,24.44,68.38
Liberia,1993,26.13751,109.98605,487.5651,1350.587,1974.27566,1.32,5.57,24.7,68.41
Liberia,1994,25.243532,108.750046,509.06854,1299.0372,1942.099318,1.3,5.6,26.21,66.89
Liberia,1995,25.622152,122.66413,495.2018,1262.8308,1906.318882,1.34,6.43,25.98,66.24
Liberia,1996,24.931675,128.16379,511.6902,1293.6703,1958.455965,1.27,6.54,26.13,66.06
Liberia,1997,26.463457,130.78828,572.4928,1397.1334,2126.877937,1.24,6.15,26.92,65.69
Liberia,1998,25.138533,128.72002,508.79663,1391.347,2054.002183,1.22,6.27,24.77,67.74
Liberia,1999,27.520714,127.96355,480.7671,1397.6772,2033.928564,1.35,6.29,23.64,68.72
Liberia,2000,25.561138,130.29465,449.52246,1490.4772,2095.8554480000003,1.22,6.22,21.45,71.12
Liberia,2001,21.7617,115.92979,448.55164,1440.7379,2026.9810300000001,1.07,5.72,22.13,71.08
Liberia,2002,19.489346,115.18958,461.19495,1454.2782,2050.152076,0.95,5.62,22.5,70.94
Liberia,2003,20.349468,114.365616,492.6534,1426.5658,2053.934284,0.99,5.57,23.99,69.46
Liberia,2004,25.263302,115.98518,520.3897,1449.0582,2110.696382,1.2,5.5,24.65,68.65
Liberia,2005,24.804983,118.47747,522.6283,1473.7765,2139.687253,1.16,5.54,24.43,68.88
Liberia,2006,21.100863,111.167404,510.81345,1408.8218,2051.9035169999997,1.03,5.42,24.89,68.66
Liberia,2007,23.268763,112.4273,486.3114,1437.0477,2059.055163,1.13,5.46,23.62,69.79
Liberia,2008,23.1091,119.46751,495.64404,1502.5432,2140.7638500000003,1.08,5.58,23.15,70.19
Liberia,2009,22.40472,120.78392,498.4372,1520.3522,2161.97804,1.04,5.59,23.05,70.32
Liberia,2010,31.614204,120.07851,510.1356,1450.9453,2112.773614,1.5,5.68,24.15,68.67
Liberia,2011,38.155144,121.002914,493.34244,1443.4172,2095.917698,1.82,5.77,23.54,68.87
Liberia,2012,38.671593,116.49024,553.62585,1393.1083,2101.8959830000003,1.84,5.54,26.34,66.28
Liberia,2013,39.972878,117.93781,509.86218,1406.6669,2074.439768,1.93,5.69,24.58,67.81
Liberia,2014,49.865067,118.5038,523.7317,1418.2534,2110.353967,2.36,5.62,24.82,67.2
Liberia,2015,51.91025,115.14494,526.4377,1404.1111,2097.60399,2.47,5.49,25.1,66.94
Liberia,2016,51.38001,123.5416,503.92392,1454.3549,2133.20043,2.41,5.79,23.62,68.18
Liberia,2017,50.64834,128.99498,487.8859,1486.0936,2153.62282,2.35,5.99,22.65,69.0
Liberia,2018,47.423676,125.738014,462.85547,1482.8306,2118.84776,2.24,5.93,21.84,69.98
Liberia,2019,47.049034,127.66499,409.29694,1521.5126,2105.523564,2.23,6.06,19.44,72.26
Liberia,2020,48.41147,132.74622,326.51065,1576.6527,2084.3210400000003,2.32,6.37,15.67,75.64
Liberia,2021,53.718792,129.12259,350.95947,1540.7711,2074.5719520000002,2.59,6.22,16.92,74.27
Liberia,2022,53.606586,127.97684,378.09814,1516.044,2075.725566,2.58,6.17,18.22,73.04
Libya,2010,128.0858,212.81027,893.53345,1851.1298,3085.5593200000003,4.15,6.9,28.96,59.99
Libya,2011,129.12502,203.81383,897.9339,1765.0304,2995.90315,4.31,6.8,29.97,58.91
Libya,2012,148.56868,197.20499,875.5389,1740.3625,2961.6750700000002,5.02,6.66,29.56,58.76
Libya,2013,143.92043,206.42517,851.4184,1786.6068,2988.3708,4.82,6.91,28.49,59.79
Libya,2014,157.64276,207.54652,790.4244,1786.8868,2942.5004799999997,5.36,7.05,26.86,60.73
Libya,2015,156.53638,208.94269,838.539,1764.3616,2968.3796700000003,5.27,7.04,28.25,59.44
Libya,2016,149.20993,204.22589,903.3301,1707.0764,2963.8423199999997,5.03,6.89,30.48,57.6
Libya,2017,142.01419,194.18578,940.6217,1683.7069,2960.52857,4.8,6.56,31.77,56.87
Libya,2018,159.34819,204.25475,883.39514,1727.2272,2974.2252799999997,5.36,6.87,29.7,58.07
Libya,2019,144.0268,194.41728,949.38617,1717.51,3005.34025,4.79,6.47,31.59,57.15
Libya,2020,159.15753,194.29082,921.3986,1689.9388,2964.78575,5.37,6.55,31.08,57.0
Libya,2021,181.58,204.72589,933.07544,1699.7496,3019.1309300000003,6.01,6.78,30.91,56.3
Libya,2022,164.80682,202.45325,947.7053,1698.0685,3013.03387,5.47,6.72,31.45,56.36
Lithuania,1992,207.60143,191.79787,757.7632,1819.9745,2977.1369999999997,6.97,6.44,25.45,61.13
Lithuania,1993,188.30217,175.88971,687.5144,1757.1012,2808.80748,6.7,6.26,24.48,62.56
Lithuania,1994,182.99739,189.78838,622.2451,1782.287,2777.31787,6.59,6.83,22.4,64.17
Lithuania,1995,170.52715,199.6552,555.1835,1899.4153,2824.78115,6.04,7.07,19.65,67.24
Lithuania,1996,193.41997,217.06151,627.5931,1974.26,3012.3345799999997,6.42,7.21,20.83,65.54
Lithuania,1997,163.55986,225.20567,684.5811,2118.2769,3191.62353,5.12,7.06,21.45,66.37
Lithuania,1998,166.28694,238.0343,679.3126,2120.5195,3204.15334,5.19,7.43,21.2,66.18
Lithuania,1999,182.90184,216.94035,715.8912,2023.5071,3139.24049,5.83,6.91,22.8,64.46
Lithuania,2000,204.58209,214.45544,678.5026,2060.331,3157.8711300000004,6.48,6.79,21.49,65.24
Lithuania,2001,208.02162,208.02162,756.7549,2085.8884,3258.6865399999997,6.38,6.38,23.22,64.01
Lithuania,2002,223.13972,206.76979,804.3222,2019.8893,3254.12101,6.86,6.35,24.72,62.07
Lithuania,2003,228.04695,199.16524,835.08746,1989.862,3252.16165,7.01,6.12,25.68,61.19
Lithuania,2004,261.1792,199.8623,843.05804,2013.4487,3317.54824,7.87,6.02,25.41,60.69
Lithuania,2005,277.94147,196.9692,897.67017,2053.7017,3426.28254,8.11,5.75,26.2,59.94
Lithuania,2006,286.59818,184.44827,903.39044,2058.956,3433.39289,8.35,5.37,26.31,59.97
Lithuania,2007,301.09967,197.087,916.5672,2102.7222,3517.47607,8.56,5.6,26.06,59.78
Lithuania,2008,312.8032,186.78572,907.66187,2053.7095,3460.96029,9.04,5.4,26.23,59.34
Lithuania,2009,303.33505,194.87502,873.319,2031.2917,3402.8207700000003,8.91,5.73,25.66,59.69
Lithuania,2010,268.05188,188.72668,918.5834,1854.2112,3229.57316,8.3,5.84,28.44,57.41
Lithuania,2011,266.31818,192.74803,936.9138,1947.9504,3343.93041,7.96,5.76,28.02,58.25
Lithuania,2012,260.66696,199.93896,881.64233,1983.48,3325.72825,7.84,6.01,26.51,59.64
Lithuania,2013,276.58295,199.8112,890.0299,2018.7793,3385.20335,8.17,5.9,26.29,59.64
Lithuania,2014,287.24847,197.43483,905.4576,2011.0559,3401.1967999999997,8.45,5.8,26.62,59.13
Lithuania,2015,288.97855,200.52657,921.4634,1970.5049,3381.47342,8.55,5.93,27.25,58.27
Lithuania,2016,296.5725,205.89519,919.2581,1974.2562,3395.98199,8.73,6.06,27.07,58.14
Lithuania,2017,302.7974,204.00021,951.4467,1953.5647,3411.80901,8.87,5.98,27.89,57.26
Lithuania,2018,296.55923,194.422,957.2903,1916.1199,3364.3914299999997,8.81,5.78,28.45,56.95
Lithuania,2019,332.26562,175.08267,1069.884,1782.1615,3359.39379,9.89,5.21,31.85,53.05
Lithuania,2020,340.32355,167.45824,1091.3939,1764.687,3363.86269,10.12,4.98,32.44,52.46
Lithuania,2021,341.72433,166.21516,1118.5419,1739.8044,3366.28579,10.15,4.94,33.23,51.68
Lithuania,2022,333.4575,166.90448,1102.003,1723.8334,3326.19838,10.03,5.02,33.13,51.83
Luxembourg,2000,269.7843,126.81382,1300.4116,1781.3123,3478.32202,7.76,3.65,37.39,51.21
Luxembourg,2001,299.24313,129.06107,1369.0074,1673.2715,3470.5831,8.62,3.72,39.45,48.21
Luxembourg,2002,288.23575,134.7673,1351.493,1691.1766,3465.67265,8.32,3.89,39.0,48.8
Luxembourg,2003,294.12033,133.56514,1356.2205,1668.011,3451.9169699999998,8.52,3.87,39.29,48.32
Luxembourg,2004,295.4705,131.06596,1382.5249,1632.3076,3441.36896,8.59,3.81,40.17,47.43
Luxembourg,2005,297.48096,135.7877,1345.9281,1667.661,3446.85776,8.63,3.94,39.05,48.38
Luxembourg,2006,290.0741,142.98705,1300.6322,1720.7825,3454.47585,8.4,4.14,37.65,49.81
Luxembourg,2007,285.3076,145.7067,1294.1432,1745.0409,3470.1984,8.22,4.2,37.29,50.29
Luxembourg,2008,282.391,148.56604,1310.2019,1755.8601,3497.01904,8.08,4.25,37.47,50.21
Luxembourg,2009,273.00104,159.27396,1293.9159,1783.8344,3510.0253000000002,7.78,4.54,36.86,50.82
Luxembourg,2010,294.0631,158.74452,1212.4708,1802.0562,3467.33462,8.48,4.58,34.97,51.97
Luxembourg,2011,307.1274,159.7798,1183.1179,1804.9581,3454.9831999999997,8.89,4.62,34.24,52.24
Luxembourg,2012,312.25345,156.8663,1186.3912,1772.6311,3428.14205,9.11,4.58,34.61,51.71
Luxembourg,2013,304.06174,161.28665,1197.9851,1764.4275,3427.7609899999998,8.87,4.71,34.95,51.47
Luxembourg,2014,294.82828,166.66815,1161.4486,1791.5426,3414.4876299999996,8.63,4.88,34.02,52.47
Luxembourg,2015,301.35394,156.53607,1180.5295,1740.8839,3379.3034100000004,8.92,4.63,34.93,51.52
Luxembourg,2016,295.5797,157.40788,1174.4404,1738.3351,3365.7630799999997,8.78,4.68,34.89,51.65
Luxembourg,2017,290.9166,156.63509,1199.806,1730.5636,3377.92129,8.61,4.64,35.52,51.23
Luxembourg,2018,286.09177,161.28152,1211.5609,1747.0833,3406.01749,8.4,4.74,35.57,51.29
Luxembourg,2019,285.57275,169.99995,1289.3063,1767.5635,3512.4425,8.13,4.84,36.71,50.32
Luxembourg,2020,292.05283,175.1997,1184.7576,1824.6603,3476.67043,8.4,5.04,34.08,52.48
Luxembourg,2021,299.33255,169.63776,1183.6097,1812.4218,3465.00181,8.64,4.9,34.16,52.31
Luxembourg,2022,299.26123,168.2477,1206.4229,1778.8634,3452.7952299999997,8.67,4.87,34.94,51.52
Macao,1961,58.449127,181.12363,568.4854,1888.1958,2696.253957,2.17,6.72,21.08,70.03
Macao,1962,67.19692,175.11925,613.569,1824.8242,2680.70937,2.51,6.53,22.89,68.07
Macao,1963,81.45281,175.36018,656.1996,1804.1567,2717.16929,3.0,6.45,24.15,66.4
Macao,1964,77.050316,151.88916,647.7229,1421.6836,2298.345976,3.35,6.61,28.18,61.86
Macao,1965,68.650826,112.48509,469.00482,1180.7037,1830.844436,3.75,6.14,25.62,64.49
Macao,1966,83.63011,105.71797,481.89667,1130.616,1801.8607499999998,4.64,5.87,26.74,62.75
Macao,1967,71.13856,105.59194,435.22675,1140.3528,1752.3100499999998,4.06,6.03,24.84,65.08
Macao,1968,85.90513,107.70304,463.4907,1110.9955,1768.09437,4.86,6.09,26.21,62.84
Macao,1969,86.38048,106.34397,465.6772,1115.2775,1773.67915,4.87,6.0,26.25,62.88
Macao,1970,94.40784,107.32064,468.3721,1150.8003,1820.9008800000001,5.18,5.89,25.72,63.2
Macao,1971,97.38599,101.51283,541.59143,1044.2766,1784.76685,5.46,5.69,30.35,58.51
Macao,1972,118.247665,104.74534,615.7229,1010.87994,1849.595845,6.39,5.66,33.29,54.65
Macao,1973,128.94115,112.72747,644.3722,1213.4478,2099.48862,6.14,5.37,30.69,57.8
Macao,1974,145.41916,128.36438,731.23474,1386.5054,2391.5236800000002,6.08,5.37,30.58,57.98
Macao,1975,141.99783,130.87726,696.609,1383.1165,2352.60059,6.04,5.56,29.61,58.79
Macao,1976,155.42993,141.53603,709.8551,1415.9553,2422.77636,6.42,5.84,29.3,58.44
Macao,1977,170.32497,134.48927,747.49054,1439.3303,2491.63508,6.84,5.4,30.0,57.77
Macao,1978,166.44994,132.51234,800.0233,1414.5681,2513.55368,6.62,5.27,31.83,56.28
Macao,1979,193.6655,143.1125,910.135,1416.7937,2663.7066999999997,7.27,5.37,34.17,53.19
Macao,1980,188.59784,148.44681,896.7395,1541.5952,2775.37935,6.8,5.35,32.31,55.55
Macao,1981,185.8519,154.15128,866.6069,1670.002,2876.61208,6.46,5.36,30.13,58.05
Macao,1982,179.72206,153.56177,913.8705,1721.8798,2969.03413,6.05,5.17,30.78,57.99
Macao,1983,186.68047,148.42728,1032.6555,1644.0232,3011.78645,6.2,4.93,34.29,54.59
Macao,1984,187.4677,142.83832,993.1354,1503.356,2826.79742,6.63,5.05,35.13,53.18
Macao,1985,190.82414,138.82925,951.8238,1493.0344,2774.51159,6.88,5.0,34.31,53.81
Macao,1986,181.459,138.73874,923.5295,1524.3086,2768.03584,6.56,5.01,33.36,55.07
Macao,1987,156.93188,139.18925,906.3525,1477.4023,2679.87593,5.86,5.19,33.82,55.13
Macao,1988,161.96982,134.70757,941.4727,1464.431,2702.58109,5.99,4.98,34.84,54.19
Macao,1989,172.69647,142.44995,1024.6979,1499.1001,2838.94442,6.08,5.02,36.09,52.8
Macao,1990,173.99309,147.0861,1019.87146,1566.112,2907.06265,5.99,5.06,35.08,53.87
Macao,1991,183.85262,140.17134,1041.0471,1480.1216,2845.1926599999997,6.46,4.93,36.59,52.02
Macao,1992,184.79053,141.52785,1016.27686,1423.7786,2766.37384,6.68,5.12,36.74,51.47
Macao,1993,185.67357,134.09532,1045.0953,1405.8604,2770.72459,6.7,4.84,37.72,50.74
Macao,1994,192.74307,127.42347,1058.9011,1271.9031,2650.9707399999998,7.27,4.81,39.94,47.98
Macao,1995,194.24326,124.99617,1117.6874,1286.6321,2723.55893,7.13,4.59,41.04,47.24
Macao,1996,183.86067,122.4411,1054.5021,1300.1803,2660.9841699999997,6.91,4.6,39.63,48.86
Macao,1997,171.18272,117.77498,1044.3397,1236.8259,2570.1233,6.66,4.58,40.63,48.12
Macao,1998,162.3401,114.60934,987.4203,1219.295,2483.66474,6.54,4.61,39.76,49.09
Macao,1999,160.78816,113.685814,940.0418,1231.4877,2446.003474,6.57,4.65,38.43,50.35
Macao,2000,168.70044,113.05973,953.0745,1209.3262,2444.1608699999997,6.9,4.63,38.99,49.48
Macao,2001,177.53113,114.70636,949.1912,1236.5281,2477.95679,7.16,4.63,38.31,49.9
Macao,2002,185.71124,116.14742,961.9845,1244.505,2508.34816,7.4,4.63,38.35,49.61
Macao,2003,197.3592,115.815346,983.315,1248.8711,2545.360646,7.75,4.55,38.63,49.06
Macao,2004,202.92238,120.25311,1007.13885,1297.1284,2627.4427400000004,7.72,4.58,38.33,49.37
Macao,2005,213.66344,115.636734,1053.8248,1296.2085,2679.333474,7.97,4.32,39.33,48.38
Macao,2006,214.22656,121.64416,1025.3323,1307.1558,2668.35882,8.03,4.56,38.43,48.99
Macao,2007,224.49084,124.00806,1068.7482,1290.237,2707.4841,8.29,4.58,39.47,47.65
Macao,2008,233.69136,115.23414,1067.6506,1278.477,2695.0531,8.67,4.28,39.62,47.44
Macao,2009,225.61737,114.30976,1073.0791,1284.1796,2697.18583,8.36,4.24,39.79,47.61
Macao,2010,272.0174,151.87341,1169.8888,1337.1814,2930.96101,9.28,5.18,39.91,45.62
Macao,2011,287.486,157.9685,1218.5121,1386.8474,3050.8140000000003,9.42,5.18,39.94,45.46
Macao,2012,281.95847,158.30151,1238.7222,1359.4229,3038.40508,9.28,5.21,40.77,44.74
Macao,2013,279.32947,160.12088,1248.9548,1389.353,3077.75815,9.08,5.2,40.58,45.14
Macao,2014,307.26782,172.18721,1260.2772,1441.9985,3181.73073,9.66,5.41,39.61,45.32
Macao,2015,300.3544,171.9532,1276.0315,1415.8154,3164.1545,9.49,5.43,40.33,44.75
Macao,2016,291.87112,170.26146,1288.3434,1395.6556,3146.13158,9.28,5.41,40.95,44.36
Macao,2017,322.37305,166.77737,1277.9451,1393.575,3160.6705199999997,10.2,5.28,40.43,44.09
Macao,2018,321.18176,165.1566,1299.0962,1388.8198,3174.25436,10.12,5.2,40.93,43.75
Macao,2019,289.38382,178.6789,1239.1101,1452.478,3159.6508200000003,9.16,5.66,39.22,45.97
Macao,2020,285.47238,157.66725,1090.2743,1371.5487,2904.96263,9.83,5.43,37.53,47.21
Macao,2021,306.57822,156.03807,1100.0684,1357.0664,2919.7510899999997,10.5,5.34,37.68,46.48
Macao,2022,297.2127,155.16019,1075.2246,1371.6771,2899.27459,10.25,5.35,37.09,47.31
Madagascar,1961,77.15339,174.38177,303.36572,1865.8513,2420.75218,3.19,7.2,12.53,77.08
Madagascar,1962,78.424164,169.85274,302.5316,1837.271,2388.0795040000003,3.28,7.11,12.67,76.94
Madagascar,1963,78.93128,174.78491,300.491,1887.8163,2442.02349,3.23,7.16,12.31,77.31
Madagascar,1964,79.68513,179.37091,311.26013,1924.7646,2495.08077,3.19,7.19,12.47,77.14
Madagascar,1965,71.93575,178.33247,293.01727,1925.2928,2468.57829,2.91,7.22,11.87,77.99
Madagascar,1966,83.72444,173.74902,318.81064,1846.6927,2422.9768,3.46,7.17,13.16,76.22
Madagascar,1967,82.761665,177.91187,316.85727,1873.4573,2450.9881050000004,3.38,7.26,12.93,76.44
Madagascar,1968,82.98202,180.4335,316.22314,1925.833,2505.47166,3.31,7.2,12.62,76.87
Madagascar,1969,76.38931,181.39993,314.3509,1938.6799,2510.82004,3.04,7.22,12.52,77.21
Madagascar,1970,73.960785,175.83427,305.5022,1913.6761,2468.973355,3.0,7.12,12.37,77.51
Madagascar,1971,69.63891,181.12413,309.65494,1974.7687,2535.18668,2.75,7.14,12.21,77.89
Madagascar,1972,70.2829,175.82518,306.9865,1935.1088,2488.20338,2.82,7.07,12.34,77.77
Madagascar,1973,69.36101,171.57722,295.43198,1916.9761,2453.34631,2.83,6.99,12.04,78.14
Madagascar,1974,67.38945,173.9424,294.87296,1969.8281,2506.03291,2.69,6.94,11.77,78.6
Madagascar,1975,68.20989,172.36508,308.61847,1940.1545,2489.34794,2.74,6.92,12.4,77.94
Madagascar,1976,66.96234,175.6588,313.47528,1977.4817,2533.57812,2.64,6.93,12.37,78.05
Madagascar,1977,58.10422,169.19386,286.87738,1897.7163,2411.89176,2.41,7.01,11.89,78.68
Madagascar,1978,76.13584,162.2228,318.55298,1839.1235,2396.03512,3.18,6.77,13.3,76.76
Madagascar,1979,68.31685,160.19794,313.47266,1807.6212,2349.60865,2.91,6.82,13.34,76.93
Madagascar,1980,67.054596,158.6622,320.71402,1809.8041,2356.2349160000003,2.85,6.73,13.61,76.81
Madagascar,1981,67.34127,159.54346,315.93085,1816.4524,2359.2679799999996,2.85,6.76,13.39,76.99
Madagascar,1982,65.141815,147.45668,284.97614,1679.9296,2177.504235,2.99,6.77,13.09,77.15
Madagascar,1983,63.868286,159.53613,288.70502,1808.451,2320.5604359999998,2.75,6.87,12.44,77.93
Madagascar,1984,63.3765,154.20465,291.92294,1782.2866,2291.79069,2.77,6.73,12.74,77.77
Madagascar,1985,62.41296,153.679,285.67993,1777.009,2278.78089,2.74,6.74,12.54,77.98
Madagascar,1986,64.1642,154.17761,281.2537,1773.6831,2273.27861,2.82,6.78,12.37,78.02
Madagascar,1987,62.839207,147.21127,278.99,1699.6227,2188.663177,2.87,6.73,12.75,77.66
Madagascar,1988,63.41522,137.58463,276.75748,1612.8018,2090.55913,3.03,6.58,13.24,77.15
Madagascar,1989,61.195274,139.27861,278.99762,1618.1326,2097.604104,2.92,6.64,13.3,77.14
Madagascar,1990,60.91156,137.52988,280.8253,1619.1173,2098.38404,2.9,6.55,13.38,77.16
Madagascar,1991,58.889557,133.7563,274.05484,1541.9427,2008.643397,2.93,6.66,13.64,76.77
Madagascar,1992,58.978443,135.50862,266.17902,1550.311,2010.9770829999998,2.93,6.74,13.24,77.09
Madagascar,1993,57.522793,136.12321,264.8022,1549.6758,2008.124003,2.86,6.78,13.19,77.17
Madagascar,1994,54.82739,129.34819,258.8784,1504.2954,1947.34938,2.82,6.64,13.29,77.25
Madagascar,1995,53.500942,129.67372,265.74304,1491.7839,1940.7016019999999,2.76,6.68,13.69,76.87
Madagascar,1996,52.69748,129.42838,258.32095,1491.22,1931.66681,2.73,6.7,13.37,77.2
Madagascar,1997,54.980793,129.00223,265.82333,1481.0593,1930.8656529999998,2.85,6.68,13.77,76.7
Madagascar,1998,51.065426,128.82849,244.91927,1497.3016,1922.114786,2.66,6.7,12.74,77.9
Madagascar,1999,49.488865,129.65549,241.41562,1492.9839,1913.5438749999998,2.59,6.78,12.62,78.02
Madagascar,2000,47.81758,130.1828,231.82376,1502.4979,1912.32204,2.5,6.81,12.12,78.57
Madagascar,2001,40.416306,132.53497,221.59383,1505.2118,1899.756906,2.13,6.98,11.66,79.23
Madagascar,2002,39.823395,131.86731,218.94284,1466.0751,1856.7086450000002,2.14,7.1,11.79,78.96
Madagascar,2003,39.276882,136.61028,226.04247,1484.6584,1886.588032,2.08,7.24,11.98,78.7
Madagascar,2004,38.950287,137.7389,222.87582,1490.6694,1890.234407,2.06,7.29,11.79,78.86
Madagascar,2005,41.65917,141.74045,230.59552,1552.5007,1966.49584,2.12,7.21,11.73,78.95
Madagascar,2006,42.09663,142.51027,246.7977,1556.106,1987.5106,2.12,7.17,12.42,78.29
Madagascar,2007,42.176903,143.61502,239.21852,1573.2823,1998.292743,2.11,7.19,11.97,78.73
Madagascar,2008,41.370556,139.50183,237.93787,1544.0056,1962.815856,2.11,7.11,12.12,78.66
Madagascar,2009,41.0924,139.75221,221.72774,1561.6443,1964.2166499999998,2.09,7.11,11.29,79.5
Madagascar,2010,31.112516,141.73044,226.4082,1694.3584,2093.609556,1.49,6.77,10.81,80.93
Madagascar,2011,30.473532,140.7736,212.83488,1723.6836,2107.765612,1.45,6.68,10.1,81.78
Madagascar,2012,29.600525,140.83742,196.54395,1730.7986,2097.780495,1.41,6.71,9.37,82.51
Madagascar,2013,28.177427,140.4958,197.85838,1682.613,2049.144607,1.38,6.86,9.66,82.11
Madagascar,2014,26.48041,140.81163,193.26395,1685.2416,2045.7975900000001,1.29,6.88,9.45,82.38
Madagascar,2015,27.444176,138.4719,201.52116,1644.7546,2012.191836,1.36,6.88,10.02,81.74
Madagascar,2016,28.41376,138.16043,204.54388,1629.697,2000.8150699999999,1.42,6.91,10.22,81.45
Madagascar,2017,28.799038,137.03966,208.5488,1606.8359,1981.223398,1.45,6.92,10.53,81.1
Madagascar,2018,26.246157,138.4563,208.79755,1599.4338,1972.933807,1.33,7.02,10.58,81.07
Madagascar,2019,22.284466,133.94095,197.92586,1591.905,1946.056276,1.15,6.88,10.17,81.8
Madagascar,2020,21.485582,130.78519,220.48065,1559.5275,1932.278922,1.11,6.77,11.41,80.71
Madagascar,2021,20.99696,133.5391,196.1599,1574.85,1925.54596,1.09,6.94,10.19,81.79
Madagascar,2022,20.352617,134.49072,197.44568,1572.658,1924.947017,1.06,6.99,10.26,81.7
Malawi,1961,12.270904,222.27422,347.3908,1371.3123,1953.248224,0.63,11.38,17.79,70.21
Malawi,1962,13.897653,220.84845,337.94003,1380.9434,1953.629533,0.71,11.3,17.3,70.69
Malawi,1963,14.901365,231.08759,343.92468,1455.1824,2045.096035,0.73,11.3,16.82,71.15
Malawi,1964,14.703861,242.51672,362.00015,1534.9531,2154.173831,0.68,11.26,16.8,71.25
Malawi,1965,18.472391,242.3919,391.5293,1534.4114,2186.804991,0.84,11.08,17.9,70.17
Malawi,1966,17.779379,244.40822,382.30518,1523.5822,2168.074979,0.82,11.27,17.63,70.27
Malawi,1967,17.900143,234.87627,335.48206,1539.5675,2127.825973,0.84,11.04,15.77,72.35
Malawi,1968,18.811329,246.87926,360.99094,1571.1733,2197.854829,0.86,11.23,16.42,71.49
Malawi,1969,21.658842,240.35081,355.0628,1564.3937,2181.466152,0.99,11.02,16.28,71.71
Malawi,1970,23.42279,255.22629,367.41324,1648.3154,2294.37772,1.02,11.12,16.01,71.84
Malawi,1971,25.768398,264.24393,412.39258,1656.3856,2358.790508,1.09,11.2,17.48,70.22
Malawi,1972,27.562382,257.97284,395.54785,1653.664,2334.747072,1.18,11.05,16.94,70.83
Malawi,1973,27.317165,262.13358,379.7701,1736.9529,2406.173745,1.14,10.89,15.78,72.19
Malawi,1974,27.379707,260.14713,376.36118,1740.8165,2404.704517,1.14,10.82,15.65,72.39
Malawi,1975,26.182636,255.81197,357.70575,1744.002,2383.702356,1.1,10.73,15.01,73.16
Malawi,1976,27.861366,253.933,351.94098,1752.8002,2386.535546,1.17,10.64,14.75,73.45
Malawi,1977,26.003408,253.12944,364.9461,1723.0791,2367.158048,1.1,10.69,15.42,72.79
Malawi,1978,26.676283,250.0952,370.02747,1690.9071,2337.706053,1.14,10.7,15.83,72.33
Malawi,1979,24.096745,240.20439,367.77658,1641.0485,2273.1262150000002,1.06,10.57,16.18,72.19
Malawi,1980,24.289064,233.0954,333.00903,1621.4644,2211.857894,1.1,10.54,15.06,73.31
Malawi,1981,22.68188,233.8553,360.15842,1605.3031,2221.9987,1.02,10.52,16.21,72.25
Malawi,1982,23.531305,232.13942,343.88412,1589.0886,2188.643445,1.08,10.61,15.71,72.61
Malawi,1983,23.710464,215.83777,286.7592,1532.5704,2058.877834,1.15,10.48,13.93,74.44
Malawi,1984,22.469748,205.87148,271.3165,1465.4962,1965.1539280000002,1.14,10.48,13.81,74.57
Malawi,1985,21.240705,207.18268,265.7281,1489.8142,1983.9656850000001,1.07,10.44,13.39,75.09
Malawi,1986,23.664164,201.92126,280.88586,1452.5723,1959.043584,1.21,10.31,14.34,74.15
Malawi,1987,24.01822,202.0518,275.51178,1459.9717,1961.5535,1.22,10.3,14.05,74.43
Malawi,1988,21.594963,204.16336,249.17265,1506.5848,1981.515773,1.09,10.3,12.57,76.03
Malawi,1989,19.924238,194.91621,233.16719,1481.9049,1929.912538,1.03,10.1,12.08,76.79
Malawi,1990,19.39711,187.99362,237.18904,1448.6177,1893.19747,1.02,9.93,12.53,76.52
Malawi,1991,18.522934,183.26717,231.69365,1443.3369,1876.820654,0.99,9.76,12.35,76.9
Malawi,1992,18.641705,170.6255,212.40565,1331.5433,1733.216155,1.08,9.84,12.26,76.82
Malawi,1993,18.183897,175.89204,217.09172,1379.5842,1790.751857,1.02,9.82,12.12,77.04
Malawi,1994,16.748152,178.37555,212.05602,1435.3495,1842.5292220000001,0.91,9.68,11.51,77.9
Malawi,1995,16.452757,185.69234,246.40851,1518.7094,1967.263007,0.84,9.44,12.53,77.2
Malawi,1996,19.026735,188.77661,231.96927,1538.4196,1978.192215,0.96,9.54,11.73,77.77
Malawi,1997,17.17913,191.13751,240.42902,1577.4854,2026.23106,0.85,9.43,11.87,77.85
Malawi,1998,15.545139,196.09877,251.79556,1634.3613,2097.800769,0.74,9.35,12.0,77.91
Malawi,1999,16.188892,205.90994,255.33391,1694.7098,2172.142542,0.75,9.48,11.75,78.02
Malawi,2000,17.247776,208.41397,263.45877,1715.8737,2204.994216,0.78,9.45,11.95,77.82
Malawi,2001,16.442423,211.3453,287.572,1725.4218,2240.781523,0.73,9.43,12.83,77.0
Malawi,2002,15.179337,209.86034,289.31094,1667.2172,2181.567817,0.7,9.62,13.26,76.42
Malawi,2003,16.43719,210.3076,289.08755,1662.4369,2178.26924,0.75,9.65,13.27,76.32
Malawi,2004,17.334211,208.45294,276.63348,1675.4158,2177.836431,0.8,9.57,12.7,76.93
Malawi,2005,17.55547,209.98112,281.9344,1696.0354,2205.50639,0.8,9.52,12.78,76.9
Malawi,2006,18.592783,219.5239,295.74017,1753.9426,2287.799453,0.81,9.6,12.93,76.67
Malawi,2007,19.758406,226.23172,314.28592,1755.9828,2316.2588459999997,0.85,9.77,13.57,75.81
Malawi,2008,22.213974,226.26692,342.3137,1754.0137,2344.808294,0.95,9.65,14.6,74.8
Malawi,2009,22.95928,221.81822,359.42206,1735.2579,2339.45746,0.98,9.48,15.36,74.17
Malawi,2010,25.135561,215.14134,305.5579,2010.2395,2556.0743009999997,0.98,8.42,11.95,78.65
Malawi,2011,29.171028,211.57925,316.83307,2004.9427,2562.526048,1.14,8.26,12.36,78.24
Malawi,2012,36.618492,212.3714,316.17667,2025.086,2590.252562,1.41,8.2,12.21,78.18
Malawi,2013,35.09994,214.2881,331.7837,2004.8905,2586.06224,1.36,8.29,12.83,77.53
Malawi,2014,42.509766,196.76627,346.9879,1971.1724,2557.4363359999998,1.66,7.69,13.57,77.08
Malawi,2015,47.707104,201.53574,352.00348,2001.5272,2602.773524,1.83,7.74,13.52,76.9
Malawi,2016,50.042763,200.84517,368.65894,1954.3049,2573.8517730000003,1.94,7.8,14.32,75.93
Malawi,2017,58.60057,197.17229,385.384,1941.5306,2582.68746,2.27,7.63,14.92,75.17
Malawi,2018,65.11227,198.27121,395.3429,1932.51,2591.23638,2.51,7.65,15.26,74.58
Malawi,2019,59.93693,200.83435,390.7404,1923.3071,2574.81878,2.33,7.8,15.18,74.7
Malawi,2020,66.2242,195.69666,429.4256,1928.9233,2620.26976,2.53,7.47,16.39,73.62
Malawi,2021,66.434006,198.5083,392.62143,1984.8943,2642.458036,2.51,7.51,14.86,75.12
Malawi,2022,68.80912,192.77666,404.7298,1955.207,2621.52258,2.62,7.35,15.44,74.58
Malaysia,1961,57.484547,136.03024,457.0579,1845.7928,2496.365487,2.3,5.45,18.31,73.94
Malaysia,1962,60.123684,142.65863,453.73425,1874.6655,2531.182064,2.38,5.64,17.93,74.06
Malaysia,1963,62.935646,145.16206,482.62512,1875.4531,2566.175926,2.45,5.66,18.81,73.08
Malaysia,1964,61.602196,140.33012,492.21796,1857.8804,2552.030676,2.41,5.5,19.29,72.8
Malaysia,1965,62.09257,140.58536,497.01535,1858.6561,2558.3493799999997,2.43,5.5,19.43,72.65
Malaysia,1966,67.34677,138.8073,509.9355,1846.523,2562.61257,2.63,5.42,19.9,72.06
Malaysia,1967,71.30577,138.39957,537.7927,1837.1235,2584.62154,2.76,5.35,20.81,71.08
Malaysia,1968,74.29996,140.79012,531.48364,1902.5762,2649.14992,2.8,5.31,20.06,71.82
Malaysia,1969,73.28965,149.10358,521.6593,1987.7308,2731.78333,2.68,5.46,19.1,72.76
Malaysia,1970,71.24945,146.95734,535.8177,2017.502,2771.5264899999997,2.57,5.3,19.33,72.79
Malaysia,1971,71.91898,146.19807,551.5899,1941.201,2710.90795,2.65,5.39,20.35,71.61
Malaysia,1972,70.36925,148.20908,551.4047,1970.2533,2740.23633,2.57,5.41,20.12,71.9
Malaysia,1973,78.59795,151.5695,549.57367,2016.2844,2796.02552,2.81,5.42,19.66,72.11
Malaysia,1974,89.41507,147.47905,580.5538,2014.8883,2832.33622,3.16,5.21,20.5,71.14
Malaysia,1975,92.89919,142.09627,624.75134,1926.4132,2786.16,3.33,5.1,22.42,69.14
Malaysia,1976,95.95267,143.30704,653.5676,1913.52,2806.34731,3.42,5.11,23.29,68.19
Malaysia,1977,107.929,139.50648,645.8066,1934.5491,2827.79118,3.82,4.93,22.84,68.41
Malaysia,1978,112.44343,142.53392,678.2881,1926.0164,2859.28185,3.93,4.98,23.72,67.36
Malaysia,1979,112.84155,142.74158,701.23883,1964.6967,2921.5186599999997,3.86,4.89,24.0,67.25
Malaysia,1980,110.38803,140.26526,742.1464,1951.2363,2944.0359900000003,3.75,4.76,25.21,66.28
Malaysia,1981,113.95513,137.74518,796.2467,1858.1204,2906.06741,3.92,4.74,27.4,63.94
Malaysia,1982,114.7307,134.49734,800.36017,1830.2449,2879.83311,3.98,4.67,27.79,63.55
Malaysia,1983,118.949036,132.65785,816.6357,1821.8931,2890.135686,4.12,4.59,28.26,63.04
Malaysia,1984,127.36832,132.2719,858.70764,1765.5784,2883.92626,4.42,4.59,29.78,61.22
Malaysia,1985,123.98527,117.577225,856.99286,1661.0366,2759.591955,4.49,4.26,31.06,60.19
Malaysia,1986,123.432556,115.98049,857.9036,1635.4504,2732.767046,4.52,4.24,31.39,59.85
Malaysia,1987,129.2257,116.50017,837.268,1593.4724,2676.46627,4.83,4.35,31.28,59.54
Malaysia,1988,127.89438,118.185555,782.7284,1661.5618,2690.370135,4.75,4.39,29.09,61.76
Malaysia,1989,130.44821,117.48112,829.1684,1613.4735,2690.57123,4.85,4.37,30.82,59.97
Malaysia,1990,140.39314,116.00713,828.0826,1619.668,2704.1508699999995,5.19,4.29,30.62,59.9
Malaysia,1991,150.47621,121.9151,769.86456,1659.8284,2702.0842700000003,5.57,4.51,28.49,61.43
Malaysia,1992,161.3934,128.51924,799.2277,1732.2466,2821.38694,5.72,4.56,28.33,61.4
Malaysia,1993,164.51978,127.65168,808.15137,1751.4485,2851.77133,5.77,4.48,28.34,61.42
Malaysia,1994,170.33893,128.49843,809.0997,1783.3389,2891.27596,5.89,4.44,27.98,61.68
Malaysia,1995,179.74094,129.5456,819.10974,1844.1793,2972.5755799999997,6.05,4.36,27.56,62.04
Malaysia,1996,175.99374,134.02443,770.5895,1900.9259,2981.53357,5.9,4.5,25.85,63.76
Malaysia,1997,181.99571,134.6197,774.4509,1875.5455,2966.6118100000003,6.13,4.54,26.11,63.22
Malaysia,1998,169.27484,136.29338,777.9009,1863.6356,2947.1047200000003,5.74,4.62,26.4,63.24
Malaysia,1999,173.97931,139.4039,786.489,1869.9,2969.77221,5.86,4.69,26.48,62.96
Malaysia,2000,173.27316,138.2351,786.8877,1798.6267,2897.0226599999996,5.98,4.77,27.16,62.09
Malaysia,2001,169.18498,135.13646,787.235,1775.2727,2866.82914,5.9,4.71,27.46,61.92
Malaysia,2002,172.5622,135.89426,791.66296,1709.78,2809.8994199999997,6.14,4.84,28.17,60.85
Malaysia,2003,168.3501,137.20552,777.27277,1735.1498,2817.97819,5.97,4.87,27.58,61.57
Malaysia,2004,168.72026,144.37633,792.95514,1734.1128,2840.16453,5.94,5.08,27.92,61.06
Malaysia,2005,169.40572,145.71931,766.1067,1711.522,2792.75373,6.07,5.22,27.43,61.28
Malaysia,2006,170.1727,145.17896,751.15765,1732.8297,2799.3390099999997,6.08,5.19,26.83,61.9
Malaysia,2007,170.42839,146.15526,749.3188,1752.6812,2818.58365,6.05,5.19,26.58,62.18
Malaysia,2008,160.70253,139.47095,749.1859,1710.5493,2759.9086799999995,5.82,5.05,27.15,61.98
Malaysia,2009,168.56961,141.8119,748.2475,1746.5826,2805.2116100000003,6.01,5.06,26.67,62.26
Malaysia,2010,204.8423,156.53801,762.32605,1709.8018,2833.5081600000003,7.23,5.52,26.9,60.34
Malaysia,2011,199.0311,159.88136,780.89276,1726.0502,2865.85542,6.94,5.58,27.25,60.23
Malaysia,2012,206.74207,160.2261,783.922,1737.2594,2888.14957,7.16,5.55,27.14,60.15
Malaysia,2013,215.23851,152.0811,781.25824,1698.5686,2847.14645,7.56,5.34,27.44,59.66
Malaysia,2014,218.4005,147.5679,794.354,1672.9215,2833.2439,7.71,5.21,28.04,59.05
Malaysia,2015,223.58043,144.95525,872.08905,1635.929,2876.55373,7.77,5.04,30.32,56.87
Malaysia,2016,227.38155,141.8953,902.81226,1592.0873,2864.17641,7.94,4.95,31.52,55.59
Malaysia,2017,219.39412,147.52771,888.813,1637.8164,2893.55123,7.58,5.1,30.72,56.6
Malaysia,2018,214.68962,148.41621,870.68024,1660.0939,2893.87997,7.42,5.13,30.09,57.37
Malaysia,2019,205.96356,148.36125,895.31757,1643.6864,2893.32878,7.12,5.13,30.94,56.81
Malaysia,2020,209.29321,150.04376,927.0071,1650.7849,2937.12897,7.13,5.11,31.56,56.2
Malaysia,2021,205.54253,153.52031,918.15454,1640.795,2918.01238,7.04,5.26,31.47,56.23
Malaysia,2022,212.89001,160.49896,897.9647,1666.4386,2937.79227,7.25,5.46,30.57,56.72
Maldives,1961,22.79359,96.200645,263.96732,1134.7019,1517.6634549999999,1.5,6.34,17.39,74.77
Maldives,1962,28.110682,98.74073,266.33496,1150.7417,1543.9280720000002,1.82,6.4,17.25,74.53
Maldives,1963,27.649534,98.00527,264.59665,1143.8087,1534.060154,1.8,6.39,17.25,74.56
Maldives,1964,32.663204,100.31145,268.2908,1133.5116,1534.7770540000001,2.13,6.54,17.48,73.86
Maldives,1965,98.24782,98.13137,304.72934,1103.9681,1605.07663,6.12,6.11,18.99,68.78
Maldives,1966,99.35347,100.197075,311.89362,1106.7405,1618.1846650000002,6.14,6.19,19.27,68.39
Maldives,1967,110.617874,97.803535,336.9982,1070.5059,1615.9255090000001,6.85,6.05,20.85,66.25
Maldives,1968,102.66393,97.08032,337.02655,1048.0431,1584.8139,6.48,6.13,21.27,66.13
Maldives,1969,95.82974,95.60688,319.49747,1072.2996,1583.23369,6.05,6.04,20.18,67.73
Maldives,1970,149.7667,95.16811,345.1371,1053.4011,1643.47301,9.11,5.79,21.0,64.1
Maldives,1971,117.770515,98.63142,331.62674,1083.4404,1631.469075,7.22,6.05,20.33,66.41
Maldives,1972,104.80677,102.533226,262.81827,1105.4841,1575.6423659999998,6.65,6.51,16.68,70.16
Maldives,1973,130.43466,126.13914,295.07483,1157.2247,1708.87333,7.63,7.38,17.27,67.72
Maldives,1974,130.91129,124.8485,277.54092,1163.9054,1697.20611,7.71,7.36,16.35,68.58
Maldives,1975,122.12289,126.16743,259.6937,1161.3284,1669.3124200000002,7.32,7.56,15.56,69.57
Maldives,1976,126.05167,137.09242,271.74277,1255.0243,1789.91116,7.04,7.66,15.18,70.12
Maldives,1977,97.63511,142.28325,242.22743,1326.7773,1808.92309,5.4,7.87,13.39,73.35
Maldives,1978,114.31763,147.19891,241.72792,1396.1265,1899.3709600000002,6.02,7.75,12.73,73.5
Maldives,1979,99.35943,157.0665,227.17944,1516.6815,2000.28687,4.97,7.85,11.36,75.82
Maldives,1980,106.11861,160.0563,279.55655,1568.978,2114.70946,5.02,7.57,13.22,74.19
Maldives,1981,124.04449,158.97655,282.98352,1581.1356,2147.14016,5.78,7.4,13.18,73.64
Maldives,1982,118.9005,166.30922,281.32843,1637.2864,2203.8245500000003,5.4,7.55,12.77,74.29
Maldives,1983,159.83182,157.88405,324.90546,1556.2979,2198.91923,7.27,7.18,14.78,70.78
Maldives,1984,188.44736,153.5027,347.80298,1522.6388,2212.3918400000002,8.52,6.94,15.72,68.82
Maldives,1985,195.40166,154.52524,347.7689,1535.7979,2233.4937,8.75,6.92,15.57,68.76
Maldives,1986,176.51259,155.51482,353.29538,1578.5005,2263.8232900000003,7.8,6.87,15.61,69.73
Maldives,1987,173.47601,150.59836,349.54123,1515.6061,2189.2217,7.92,6.88,15.97,69.23
Maldives,1988,201.53175,149.4254,370.43445,1489.1802,2210.5717999999997,9.12,6.76,16.76,67.37
Maldives,1989,153.36845,156.14645,440.4858,1585.251,2335.2517,6.57,6.69,18.86,67.88
Maldives,1990,141.207,137.6701,374.97897,1547.1355,2200.99157,6.42,6.25,17.04,70.29
Maldives,1991,144.29056,139.84615,391.20523,1592.8092,2268.15114,6.36,6.17,17.25,70.23
Maldives,1992,195.50368,131.18974,406.58875,1527.4944,2260.77657,8.65,5.8,17.98,67.57
Maldives,1993,236.28989,111.43585,427.57535,1532.7017,2308.00279,10.24,4.83,18.53,66.41
Maldives,1994,253.99658,115.61934,434.08716,1593.1204,2396.82348,10.6,4.82,18.11,66.47
Maldives,1995,213.36809,117.16723,424.91263,1555.9697,2311.4176500000003,9.23,5.07,18.38,67.32
Maldives,1996,206.67886,120.98369,435.23126,1555.5454,2318.43921,8.91,5.22,18.77,67.09
Maldives,1997,224.49413,117.56483,458.9734,1493.452,2294.48436,9.78,5.12,20.0,65.09
Maldives,1998,247.90405,119.378296,499.7573,1465.9873,2333.026946,10.63,5.12,21.42,62.84
Maldives,1999,268.68167,122.52007,516.60004,1483.3035,2391.1052799999998,11.24,5.12,21.61,62.03
Maldives,2000,261.4514,118.081055,521.9539,1456.0684,2357.554755,11.09,5.01,22.14,61.76
Maldives,2001,276.6989,118.12542,530.34283,1474.3768,2399.54395,11.53,4.92,22.1,61.44
Maldives,2002,283.1281,118.67854,539.20703,1485.355,2426.36867,11.67,4.89,22.22,61.22
Maldives,2003,219.78978,120.853294,513.3253,1476.6349,2330.603274,9.43,5.19,22.03,63.36
Maldives,2004,210.08226,120.36368,533.9364,1507.8904,2372.2727400000003,8.86,5.07,22.51,63.56
Maldives,2005,264.94595,121.03478,514.89386,1490.8364,2391.71099,11.08,5.06,21.53,62.33
Maldives,2006,196.46246,121.50008,485.3148,1502.3662,2305.64354,8.52,5.27,21.05,65.16
Maldives,2007,236.22787,123.8668,514.9377,1492.5625,2367.59487,9.98,5.23,21.75,63.04
Maldives,2008,227.63736,123.87031,515.54706,1518.8031,2385.85783,9.54,5.19,21.61,63.66
Maldives,2009,249.06615,122.80549,511.35565,1507.8223,2391.04959,10.42,5.14,21.39,63.06
Maldives,2010,296.87576,166.77962,517.4177,1620.3082,2601.38128,11.41,6.41,19.89,62.29
Maldives,2011,291.74487,172.0886,502.01526,1642.3677,2608.21643,11.19,6.6,19.25,62.97
Maldives,2012,290.4541,174.22438,499.85803,1653.4685,2618.00501,11.09,6.65,19.09,63.16
Maldives,2013,298.84503,174.30623,521.2057,1652.2125,2646.56946,11.29,6.59,19.69,62.43
Maldives,2014,288.4312,182.58711,589.84106,1630.7993,2691.65867,10.72,6.78,21.91,60.59
Maldives,2015,287.97064,179.63571,582.2798,1698.8883,2748.77445,10.48,6.54,21.18,61.81
Maldives,2016,287.181,190.4429,624.2991,1687.5985,2789.5215,10.29,6.83,22.38,60.5
Maldives,2017,228.21356,190.72781,601.16376,1675.1365,2695.24163,8.47,7.08,22.3,62.15
Maldives,2018,229.66946,180.92786,611.8894,1633.6516,2656.13832,8.65,6.81,23.04,61.5
Maldives,2019,214.18062,180.4149,658.5248,1611.734,2664.85432,8.04,6.77,24.71,60.48
Maldives,2020,198.98232,184.92445,633.3417,1590.3625,2607.6109699999997,7.63,7.09,24.29,60.99
Maldives,2021,218.03151,176.163,668.704,1576.9702,2639.8687099999997,8.26,6.67,25.33,59.74
Maldives,2022,223.80164,183.0232,653.4144,1590.8987,2651.1379399999996,8.44,6.9,24.65,60.01
Mali,1961,53.679226,134.0477,285.9603,1071.2821,1544.969326,3.47,8.68,18.51,69.34
Mali,1962,56.803516,134.15059,291.14612,1108.2485,1590.348726,3.57,8.44,18.31,69.69
Mali,1963,58.91066,132.39062,369.64484,1084.1555,1645.1016200000001,3.58,8.05,22.47,65.9
Mali,1964,60.117226,132.18367,331.8972,1068.7228,1592.920896,3.77,8.3,20.84,67.09
Mali,1965,63.023052,121.72137,377.75018,1006.6502,1569.144802,4.02,7.76,24.07,64.15
Mali,1966,65.527596,124.0199,349.4897,1030.089,1569.126196,4.18,7.9,22.27,65.65
Mali,1967,66.89642,128.65262,347.04816,1059.172,1601.7692000000002,4.18,8.03,21.67,66.13
Mali,1968,68.07727,135.93492,343.07648,1156.6731,1703.76177,4.0,7.98,20.14,67.89
Mali,1969,70.49273,124.922905,351.71527,1038.0977,1585.228605,4.45,7.88,22.19,65.49
Mali,1970,69.6874,141.23265,379.41022,1200.0859,1790.41617,3.89,7.89,21.19,67.03
Mali,1971,68.25236,120.86052,339.06067,1026.2411,1554.41465,4.39,7.78,21.81,66.02
Mali,1972,59.369133,122.44656,313.0513,1027.535,1522.4019930000002,3.9,8.04,20.56,67.49
Mali,1973,54.29712,119.054146,298.843,1027.7863,1499.980566,3.62,7.94,19.92,68.52
Mali,1974,55.391693,128.59433,347.77603,1087.9462,1619.7082530000002,3.42,7.94,21.47,67.17
Mali,1975,60.34152,131.98349,412.92828,1082.5708,1687.82409,3.58,7.82,24.47,64.14
Mali,1976,62.596027,129.85692,389.9776,1077.3947,1659.825247,3.77,7.82,23.5,64.91
Mali,1977,63.825253,125.37747,385.60336,1008.1972,1583.003283,4.03,7.92,24.36,63.69
Mali,1978,66.34678,117.474106,352.2334,958.90704,1494.961326,4.44,7.86,23.56,64.14
Mali,1979,65.11649,126.46592,348.48087,1040.3123,1580.37558,4.12,8.0,22.05,65.83
Mali,1980,66.540855,113.44143,346.44177,974.32275,1500.746805,4.43,7.56,23.08,64.92
Mali,1981,65.72599,110.88806,337.37674,916.77234,1430.7631299999998,4.59,7.75,23.58,64.08
Mali,1982,64.90604,128.921,347.73386,1057.9221,1599.483,4.06,8.06,21.74,66.14
Mali,1983,58.987034,126.33471,307.38724,1050.453,1543.1619839999998,3.82,8.19,19.92,68.07
Mali,1984,57.33576,139.29466,288.18668,1144.5687,1629.3858,3.52,8.55,17.69,70.25
Mali,1985,54.397175,155.12744,343.06824,1301.615,1854.207855,2.93,8.37,18.5,70.2
Mali,1986,58.349567,161.62407,359.92807,1369.4883,1949.390007,2.99,8.29,18.46,70.25
Mali,1987,56.729248,165.27612,343.69083,1366.5013,1932.197498,2.94,8.55,17.79,70.72
Mali,1988,58.358585,172.14212,430.5387,1403.8627,2064.902105,2.83,8.34,20.85,67.99
Mali,1989,61.147934,166.50464,415.6442,1413.2286,2056.525374,2.97,8.1,20.21,68.72
Mali,1990,65.42108,168.8801,442.91983,1405.1824,2082.40341,3.14,8.11,21.27,67.48
Mali,1991,61.65122,169.01117,444.51398,1384.4954,2059.67177,2.99,8.21,21.58,67.22
Mali,1992,56.871883,178.63068,400.50772,1415.6986,2051.7088830000002,2.77,8.71,19.52,69.0
Mali,1993,55.787395,177.8617,398.85016,1420.155,2052.654255,2.72,8.66,19.43,69.19
Mali,1994,54.731754,172.73721,444.26047,1376.7566,2048.486034,2.67,8.43,21.69,67.21
Mali,1995,61.88398,177.63844,392.93503,1432.6953,2065.15275,3.0,8.6,19.03,69.37
Mali,1996,58.306343,174.919,381.44577,1488.0789,2102.750013,2.77,8.32,18.14,70.77
Mali,1997,59.86599,177.28722,423.29233,1436.9971,2097.44264,2.85,8.45,20.18,68.51
Mali,1998,61.9389,181.97443,422.00992,1492.6884,2158.61165,2.87,8.43,19.55,69.15
Mali,1999,62.204266,185.79526,413.0008,1517.0021,2178.002426,2.86,8.53,18.96,69.65
Mali,2000,59.155525,182.7572,413.76025,1520.0502,2175.723175,2.72,8.4,19.02,69.86
Mali,2001,60.40501,182.13722,448.0363,1528.055,2218.63353,2.72,8.21,20.19,68.87
Mali,2002,63.590454,180.24971,454.74255,1513.7981,2212.380814,2.87,8.15,20.55,68.42
Mali,2003,69.346016,182.28096,457.57758,1520.6592,2229.863756,3.11,8.17,20.52,68.2
Mali,2004,69.53146,183.08537,462.10333,1528.8002,2243.52036,3.1,8.16,20.6,68.14
Mali,2005,75.00496,184.12552,460.00513,1559.0607,2278.1963100000003,3.29,8.08,20.19,68.43
Mali,2006,76.404816,183.89313,475.6887,1602.3248,2338.311446,3.27,7.86,20.34,68.52
Mali,2007,80.62825,189.00107,478.09204,1648.2051,2395.9264599999997,3.37,7.89,19.95,68.79
Mali,2008,83.08012,190.25417,492.72977,1675.8652,2441.92926,3.4,7.79,20.18,68.63
Mali,2009,86.226746,195.7846,502.81366,1702.0118,2486.8368060000003,3.47,7.87,20.22,68.44
Mali,2010,91.74251,231.08984,521.26697,1835.4733,2679.57262,3.42,8.62,19.45,68.5
Mali,2011,93.88727,233.6663,532.58624,1825.8931,2686.03291,3.5,8.7,19.83,67.98
Mali,2012,85.74359,233.19452,514.4323,1866.121,2699.49141,3.18,8.64,19.06,69.13
Mali,2013,81.34085,234.75093,507.06552,1874.3654,2697.5227,3.02,8.7,18.8,69.48
Mali,2014,82.47886,228.07335,512.20074,1837.5801,2660.33305,3.1,8.57,19.25,69.07
Mali,2015,69.67336,231.85487,512.46747,1846.0032,2659.9989,2.62,8.72,19.27,69.4
Mali,2016,71.91132,231.90913,493.55722,1879.3606,2676.73827,2.69,8.66,18.44,70.21
Mali,2017,70.13815,234.93747,475.97644,1910.9624,2692.01446,2.61,8.73,17.68,70.99
Mali,2018,68.84661,235.44373,463.9248,1914.8525,2683.06764,2.57,8.78,17.29,71.37
Mali,2019,44.554806,248.35106,423.749,2006.7233,2723.3781660000004,1.64,9.12,15.56,73.69
Mali,2020,42.342926,263.32373,426.83075,2016.1176,2748.615006,1.54,9.58,15.53,73.35
Mali,2021,39.957832,252.19225,394.75482,2028.6622,2715.567102,1.47,9.29,14.54,74.7
Mali,2022,38.42536,252.60461,428.055,2015.363,2734.44797,1.41,9.24,15.65,73.7
Malta,1961,120.77073,209.9768,694.79126,1657.8347,2683.37349,4.5,7.83,25.89,61.78
Malta,1962,119.03734,207.52226,682.9257,1683.2058,2692.6911,4.42,7.71,25.36,62.51
Malta,1963,125.515366,211.58626,704.41644,1709.0657,2750.583766,4.56,7.69,25.61,62.13
Malta,1964,121.45555,215.29224,735.5912,1711.995,2784.33399,4.36,7.73,26.42,61.49
Malta,1965,123.9021,216.25662,768.48004,1770.4065,2879.04526,4.3,7.51,26.69,61.49
Malta,1966,124.38054,208.20302,740.61676,1729.0643,2802.26462,4.44,7.43,26.43,61.7
Malta,1967,131.59502,201.45644,765.9523,1734.3909,2833.39466,4.64,7.11,27.03,61.21
Malta,1968,141.92537,203.66649,856.7571,1740.4055,2942.75446,4.82,6.92,29.11,59.14
Malta,1969,147.61943,207.95966,823.9768,1772.6448,2952.20069,5.0,7.04,27.91,60.04
Malta,1970,157.45679,196.60576,843.7992,1734.5323,2932.39405,5.37,6.7,28.78,59.15
Malta,1971,167.31633,196.9173,835.8826,1733.8845,2934.0007299999997,5.7,6.71,28.49,59.1
Malta,1972,163.45187,199.69199,819.16235,1730.6423,2912.94851,5.61,6.86,28.12,59.41
Malta,1973,157.74539,196.85826,747.3682,1756.632,2858.60385,5.52,6.89,26.14,61.45
Malta,1974,159.03677,189.0061,741.1597,1742.5673,2831.76987,5.62,6.67,26.17,61.54
Malta,1975,166.13445,198.35625,827.4205,1783.5806,2975.4918,5.58,6.67,27.81,59.94
Malta,1976,189.84435,191.18024,873.503,1797.6398,3052.16739,6.22,6.26,28.62,58.9
Malta,1977,195.5108,182.80316,918.31396,1754.103,3050.73092,6.41,5.99,30.1,57.5
Malta,1978,202.6706,176.0531,927.90326,1754.424,3061.05096,6.62,5.75,30.31,57.31
Malta,1979,199.31598,177.96204,943.0806,1736.8745,3057.23312,6.52,5.82,30.85,56.81
Malta,1980,210.03168,187.70016,955.88477,1780.4949,3134.1115099999997,6.7,5.99,30.5,56.81
Malta,1981,192.07164,186.59055,949.51263,1769.0338,3097.20862,6.2,6.02,30.66,57.12
Malta,1982,187.3919,175.50336,941.5208,1721.6731,3026.08916,6.19,5.8,31.11,56.89
Malta,1983,185.769,183.03711,958.7177,1746.8501,3074.3739100000003,6.04,5.95,31.18,56.82
Malta,1984,181.86072,181.70096,935.2965,1692.9163,2991.77448,6.08,6.07,31.26,56.59
Malta,1985,207.82594,175.25021,1014.5674,1689.2183,3086.8618500000002,6.73,5.68,32.87,54.72
Malta,1986,186.13316,174.20155,935.15533,1682.3577,2977.84774,6.25,5.85,31.4,56.5
Malta,1987,203.94843,174.54643,1005.36554,1696.2515,3080.1119,6.62,5.67,32.64,55.07
Malta,1988,197.94336,187.17232,986.5871,1821.0383,3192.74108,6.2,5.86,30.9,57.04
Malta,1989,215.51208,184.36401,1029.9019,1794.9635,3224.7414900000003,6.68,5.72,31.94,55.66
Malta,1990,194.2158,186.38681,955.8084,1742.1726,3078.58361,6.31,6.05,31.05,56.59
Malta,1991,224.67088,189.95497,1020.0459,1799.4752,3234.1469500000003,6.95,5.87,31.54,55.64
Malta,1992,220.71144,189.06999,1005.3744,1791.0417,3206.1975300000004,6.88,5.9,31.36,55.86
Malta,1993,205.68848,194.60788,960.6867,1845.2043,3206.18736,6.42,6.07,29.96,57.55
Malta,1994,189.68239,203.70096,891.2174,1966.187,3250.78775,5.83,6.27,27.42,60.48
Malta,1995,227.27321,200.57881,1004.93317,1941.05,3373.83519,6.74,5.95,29.79,57.53
Malta,1996,231.01132,206.5513,996.9312,1955.5253,3390.01912,6.81,6.09,29.41,57.68
Malta,1997,237.74278,204.77084,988.7266,1958.3394,3389.57962,7.01,6.04,29.17,57.78
Malta,1998,238.00377,210.95695,999.17255,1989.1926,3437.32587,6.92,6.14,29.07,57.87
Malta,1999,244.14714,209.44437,997.56165,2000.7092,3451.86236,7.07,6.07,28.9,57.96
Malta,2000,234.52708,211.75192,977.8629,1974.7864,3398.9283,6.9,6.23,28.77,58.1
Malta,2001,229.34978,209.8514,1002.36945,1952.4081,3393.9787300000003,6.76,6.18,29.53,57.53
Malta,2002,231.40742,214.78589,947.7008,1986.021,3379.91511,6.85,6.35,28.04,58.76
Malta,2003,238.32858,213.86186,951.7498,1996.6127,3400.5529399999996,7.01,6.29,27.99,58.71
Malta,2004,244.00815,206.36327,983.0206,1957.1029,3390.49492,7.2,6.09,28.99,57.72
Malta,2005,235.01744,207.42267,957.3517,1983.2786,3383.0704100000003,6.95,6.13,28.3,58.62
Malta,2006,238.42854,207.83195,1005.26056,1929.362,3380.8830500000004,7.05,6.15,29.73,57.07
Malta,2007,250.46707,210.77162,988.4289,1935.294,3384.96159,7.4,6.23,29.2,57.17
Malta,2008,251.11949,200.67047,1006.1261,1929.8052,3387.7212600000003,7.41,5.92,29.7,56.96
Malta,2009,239.1113,201.27011,1001.35394,1955.2859,3397.02125,7.04,5.92,29.48,57.56
Malta,2010,246.64818,185.68965,1119.7264,1887.1182,3439.18243,7.17,5.4,32.56,54.87
Malta,2011,245.0944,193.21835,1069.6145,1931.3855,3439.31275,7.13,5.62,31.1,56.16
Malta,2012,254.09764,186.41084,1118.3138,1928.4893,3487.3115799999996,7.29,5.35,32.07,55.3
Malta,2013,255.80637,202.047,1090.7412,1986.0533,3534.64787,7.24,5.72,30.86,56.19
Malta,2014,290.43967,190.51625,1170.1028,1828.2368,3479.2955199999997,8.35,5.48,33.63,52.55
Malta,2015,266.2706,198.95384,1146.1293,1888.2351,3499.5888400000003,7.61,5.69,32.75,53.96
Malta,2016,266.8362,200.5895,1087.4922,1905.8672,3460.7851,7.71,5.8,31.42,55.07
Malta,2017,265.77795,203.83278,1131.7085,1920.6996,3522.01883,7.55,5.79,32.13,54.53
Malta,2018,257.82965,197.76544,1098.414,1891.2921,3445.30119,7.48,5.74,31.88,54.89
Malta,2019,227.88705,176.24171,1064.6156,1855.165,3323.90936,6.86,5.3,32.03,55.81
Malta,2020,247.05055,174.32777,1062.4069,1807.5668,3291.3520200000003,7.51,5.3,32.28,54.92
Malta,2021,236.8057,169.65784,1161.3745,1776.083,3343.92104,7.08,5.07,34.73,53.11
Malta,2022,230.78523,174.92665,1091.2417,1833.2058,3330.15938,6.93,5.25,32.77,55.05
Marshall Islands,2019,206.2803,184.55803,1223.7087,1417.1855,3031.73253,6.8,6.09,40.36,46.75
Marshall Islands,2020,255.49652,185.23499,1314.5968,1381.7866,3137.1149100000002,8.14,5.9,41.9,44.05
Marshall Islands,2021,287.2898,179.56628,1407.5857,1388.5472,3262.98898,8.8,5.5,43.14,42.55
Marshall Islands,2022,293.51587,180.19409,1479.5964,1439.6328,3392.93916,8.65,5.31,43.61,42.43
Mauritania,1961,189.7208,175.23605,535.44464,1443.4539,2343.85539,8.09,7.48,22.84,61.58
Mauritania,1962,187.12402,171.47806,535.39307,1420.4775,2314.4726499999997,8.08,7.41,23.13,61.37
Mauritania,1963,187.41331,169.47661,530.7774,1401.608,2289.2753199999997,8.19,7.4,23.19,61.22
Mauritania,1964,187.44887,165.46025,526.8459,1399.8448,2279.5998200000004,8.22,7.26,23.11,61.41
Mauritania,1965,182.20522,160.55707,520.1218,1392.1311,2255.01519,8.08,7.12,23.07,61.73
Mauritania,1966,175.25125,166.06064,524.7151,1412.743,2278.76999,7.69,7.29,23.03,62.0
Mauritania,1967,176.9464,165.33441,520.9355,1404.6824,2267.89871,7.8,7.29,22.97,61.94
Mauritania,1968,177.2206,161.75726,519.43567,1351.0399,2209.45343,8.02,7.32,23.51,61.15
Mauritania,1969,167.89365,162.66266,503.3671,1354.7202,2188.64361,7.67,7.43,23.0,61.9
Mauritania,1970,171.00865,145.51617,517.7275,1244.8486,2079.10092,8.23,7.0,24.9,59.87
Mauritania,1971,170.42754,146.09267,511.7522,1218.1104,2046.38281,8.33,7.14,25.01,59.53
Mauritania,1972,154.87689,138.61357,481.801,1195.0729,1970.3643599999998,7.86,7.03,24.45,60.65
Mauritania,1973,142.79724,151.21423,466.5182,1320.76,2081.28967,6.86,7.27,22.41,63.46
Mauritania,1974,126.62853,152.57053,444.84467,1336.0747,2060.11843,6.15,7.41,21.59,64.85
Mauritania,1975,133.0982,158.31946,483.66718,1265.2551,2040.33994,6.52,7.76,23.71,62.01
Mauritania,1976,133.5865,153.47263,469.62247,1316.1766,2072.8582,6.44,7.4,22.66,63.5
Mauritania,1977,143.61595,154.14168,489.0098,1330.8606,2117.62803,6.78,7.28,23.09,62.85
Mauritania,1978,148.11832,158.10663,497.60513,1394.5972,2198.42728,6.74,7.19,22.63,63.44
Mauritania,1979,143.2395,152.231,506.05252,1334.9976,2136.5206200000002,6.7,7.13,23.69,62.48
Mauritania,1980,144.82439,158.6033,544.3715,1372.0643,2219.8634899999997,6.52,7.14,24.52,61.81
Mauritania,1981,149.44366,159.68695,572.99927,1370.5596,2252.68948,6.63,7.09,25.44,60.84
Mauritania,1982,147.4266,163.4051,571.3873,1398.0874,2280.3064,6.47,7.17,25.06,61.31
Mauritania,1983,145.31087,185.24742,597.4573,1630.4207,2558.4362899999996,5.68,7.24,23.35,63.73
Mauritania,1984,144.03604,177.50862,564.8966,1633.358,2519.79926,5.72,7.04,22.42,64.82
Mauritania,1985,145.50755,185.70485,557.3325,1667.3882,2555.9331,5.69,7.27,21.81,65.24
Mauritania,1986,137.41774,182.07645,580.0343,1658.9128,2558.44129,5.37,7.12,22.67,64.84
Mauritania,1987,135.70381,185.83723,622.68304,1652.488,2596.7120800000002,5.23,7.16,23.98,63.64
Mauritania,1988,135.56654,185.27289,589.9685,1692.2678,2603.07573,5.21,7.12,22.66,65.01
Mauritania,1989,135.8729,192.69698,557.60443,1748.1371,2634.31141,5.16,7.31,21.17,66.36
Mauritania,1990,131.19801,184.9133,597.85724,1675.3567,2589.32525,5.07,7.14,23.09,64.7
Mauritania,1991,130.76106,192.43456,555.15466,1729.0012,2607.35148,5.02,7.38,21.29,66.31
Mauritania,1992,126.4448,190.17987,605.6369,1681.0741,2603.33567,4.86,7.31,23.26,64.57
Mauritania,1993,116.07349,191.61852,581.9683,1746.756,2636.41631,4.4,7.27,22.07,66.25
Mauritania,1994,113.762245,200.47472,544.5834,1690.9133,2549.7336649999997,4.46,7.86,21.36,66.32
Mauritania,1995,110.523056,186.23761,599.0232,1703.7491,2599.5329659999998,4.25,7.16,23.04,65.54
Mauritania,1996,115.60491,195.28462,617.9358,1724.7865,2653.61183,4.36,7.36,23.29,65.0
Mauritania,1997,120.51065,187.05028,580.65063,1804.1788,2692.39036,4.48,6.95,21.57,67.01
Mauritania,1998,119.61706,203.7859,579.63983,1832.816,2735.85879,4.37,7.45,21.19,66.99
Mauritania,1999,118.86527,186.90054,636.1402,1784.6748,2726.58081,4.36,6.85,23.33,65.45
Mauritania,2000,125.794106,179.46902,622.02795,1800.0161,2727.3071760000003,4.61,6.58,22.81,66.0
Mauritania,2001,130.19757,191.5038,621.4287,1791.8524,2734.98247,4.76,7.0,22.72,65.52
Mauritania,2002,137.36787,197.45847,653.70557,1782.7778,2771.30971,4.96,7.13,23.59,64.33
Mauritania,2003,137.01564,211.83226,655.43945,1866.4358,2870.72315,4.77,7.38,22.83,65.02
Mauritania,2004,137.2959,191.77975,669.68494,1769.0531,2767.81369,4.96,6.93,24.2,63.92
Mauritania,2005,141.12476,197.25783,684.9646,1790.7988,2814.14599,5.01,7.01,24.34,63.64
Mauritania,2006,131.81439,195.20735,690.0593,1779.7307,2796.81174,4.71,6.98,24.67,63.63
Mauritania,2007,131.77779,210.54301,685.0507,1907.4834,2934.8549000000003,4.49,7.17,23.34,64.99
Mauritania,2008,128.13559,212.22592,702.9069,1937.5293,2980.79771,4.3,7.12,23.58,65.0
Mauritania,2009,126.53466,211.0624,679.337,1939.7808,2956.71486,4.28,7.14,22.98,65.61
Mauritania,2010,131.86066,198.77925,684.94745,1839.1719,2854.75926,4.62,6.96,23.99,64.42
Mauritania,2011,131.96443,206.41827,683.75806,1868.8119,2890.95266,4.56,7.14,23.65,64.64
Mauritania,2012,130.93694,196.96803,780.6482,1837.9797,2946.53287,4.44,6.68,26.49,62.38
Mauritania,2013,131.4248,204.75488,711.11926,1870.8892,2918.18814,4.5,7.02,24.37,64.11
Mauritania,2014,132.25792,211.86832,675.8695,1894.1125,2914.10824,4.54,7.27,23.19,65.0
Mauritania,2015,131.26505,212.0221,649.35004,1899.8901,2892.52729,4.54,7.33,22.45,65.68
Mauritania,2016,131.39372,209.76195,638.4771,1883.0787,2862.71147,4.59,7.33,22.3,65.78
Mauritania,2017,126.85897,208.66522,661.20795,1874.5391,2871.27124,4.42,7.27,23.03,65.29
Mauritania,2018,127.167175,214.7546,644.4706,1909.1716,2895.563975,4.39,7.42,22.26,65.93
Mauritania,2019,134.19446,210.18172,621.53735,1929.6978,2895.6113299999997,4.63,7.26,21.46,66.64
Mauritania,2020,123.02472,213.77745,617.2457,1942.8615,2896.9093700000003,4.25,7.38,21.31,67.07
Mauritania,2021,125.53966,209.6746,586.7711,1967.5903,2889.57566,4.34,7.26,20.31,68.09
Mauritania,2022,122.08535,215.72815,567.13153,2009.5415,2914.48653,4.19,7.4,19.46,68.95
Mauritius,1961,50.202457,142.56712,420.58282,1712.4333,2325.785697,2.16,6.13,18.08,73.63
Mauritius,1962,49.764317,147.55101,418.0381,1769.9293,2385.282727,2.09,6.19,17.53,74.2
Mauritius,1963,50.168194,143.05898,428.3109,1732.5447,2354.082774,2.13,6.08,18.19,73.6
Mauritius,1964,53.92395,145.78255,446.10178,1738.6377,2384.44598,2.26,6.11,18.71,72.92
Mauritius,1965,50.625816,139.35106,429.06882,1681.1273,2300.1729960000002,2.2,6.06,18.65,73.09
Mauritius,1966,51.8534,142.3364,452.79565,1688.261,2335.24645,2.22,6.1,19.39,72.29
Mauritius,1967,48.528526,137.17717,457.5676,1645.015,2288.288296,2.12,5.99,20.0,71.89
Mauritius,1968,48.46526,141.51695,440.14612,1648.1388,2278.26713,2.13,6.21,19.32,72.34
Mauritius,1969,47.32048,135.44687,440.27228,1592.1104,2215.15003,2.14,6.11,19.88,71.87
Mauritius,1970,53.13341,147.58394,453.7697,1690.8081,2345.29515,2.27,6.29,19.35,72.09
Mauritius,1971,50.575817,148.2119,452.66556,1716.5416,2367.994877,2.14,6.26,19.12,72.49
Mauritius,1972,58.013573,145.97221,478.5521,1690.1095,2372.647383,2.45,6.15,20.17,71.23
Mauritius,1973,56.313293,146.0226,467.0444,1712.3359,2381.716193,2.36,6.13,19.61,71.9
Mauritius,1974,66.19905,148.98795,497.42456,1714.7539,2427.36546,2.73,6.14,20.49,70.64
Mauritius,1975,66.01812,150.7206,484.8595,1785.6334,2487.23162,2.65,6.06,19.49,71.79
Mauritius,1976,75.680435,149.2239,512.2945,1767.6342,2504.8330349999997,3.02,5.96,20.45,70.57
Mauritius,1977,91.62321,149.36281,532.666,1795.8817,2569.53372,3.57,5.81,20.73,69.89
Mauritius,1978,89.94422,160.54517,549.73236,1836.6686,2636.8903499999997,3.41,6.09,20.85,69.65
Mauritius,1979,90.57803,156.27956,596.8837,1855.9465,2699.68779,3.36,5.79,22.11,68.75
Mauritius,1980,86.822815,157.20438,592.88763,1817.5792,2654.494025,3.27,5.92,22.34,68.47
Mauritius,1981,88.35766,157.46149,639.9169,1822.715,2708.4510499999997,3.26,5.81,23.63,67.3
Mauritius,1982,79.235596,152.35759,627.23816,1790.7346,2649.5659459999997,2.99,5.75,23.67,67.59
Mauritius,1983,79.5727,156.94173,605.3595,1770.4424,2612.3163299999997,3.05,6.01,23.17,67.77
Mauritius,1984,83.336266,156.62433,582.8853,1816.8004,2639.646296,3.16,5.93,22.08,68.83
Mauritius,1985,79.890884,159.26634,607.2402,1816.9626,2663.360024,3.0,5.98,22.8,68.22
Mauritius,1986,82.052345,156.61673,618.3188,1858.3849,2715.372775,3.02,5.77,22.77,68.44
Mauritius,1987,90.23389,160.39836,642.0639,1810.9886,2703.68475,3.34,5.93,23.75,66.98
Mauritius,1988,100.31203,155.65526,597.77704,1824.6492,2678.3935300000003,3.75,5.81,22.32,68.12
Mauritius,1989,98.61789,153.99323,589.2866,1840.3455,2682.24322,3.68,5.74,21.97,68.61
Mauritius,1990,105.34943,163.76483,644.4312,1787.1003,2700.6457600000003,3.9,6.06,23.86,66.17
Mauritius,1991,111.312126,161.58463,651.66394,1775.9397,2700.500396,4.12,5.98,24.13,65.76
Mauritius,1992,112.793724,163.53151,668.2157,1782.3151,2726.856034,4.14,6.0,24.5,65.36
Mauritius,1993,111.70578,163.48608,688.3869,1741.7568,2705.33556,4.13,6.04,25.45,64.38
Mauritius,1994,116.092476,160.71054,783.88654,1692.9604,2753.649956,4.22,5.84,28.47,61.48
Mauritius,1995,111.714806,168.87665,753.8998,1783.6499,2818.1411559999997,3.96,5.99,26.75,63.29
Mauritius,1996,109.56997,170.27765,745.1206,1771.7544,2796.72262,3.92,6.09,26.64,63.35
Mauritius,1997,111.57338,172.89972,694.1347,1779.5171,2758.1249,4.05,6.27,25.17,64.52
Mauritius,1998,113.49166,171.72054,741.218,1765.0042,2791.4344,4.07,6.15,26.55,63.23
Mauritius,1999,119.95462,172.53961,728.2416,1770.3643,2791.10013,4.3,6.18,26.09,63.43
Mauritius,2000,130.75519,175.32727,739.3551,1783.1759,2828.6134599999996,4.62,6.2,26.14,63.04
Mauritius,2001,131.15761,179.74316,728.25757,1835.8759,2875.03424,4.56,6.25,25.33,63.86
Mauritius,2002,139.21129,179.28021,771.69574,1778.9178,2869.10504,4.85,6.25,26.9,62.0
Mauritius,2003,140.24786,181.93059,735.8941,1809.312,2867.3845499999998,4.89,6.34,25.66,63.1
Mauritius,2004,142.9424,187.28783,737.18463,1857.0227,2924.43756,4.89,6.4,25.21,63.5
Mauritius,2005,140.33049,183.74957,755.6658,1823.5437,2903.28956,4.83,6.33,26.03,62.81
Mauritius,2006,137.48082,182.7428,769.55945,1820.4268,2910.2098699999997,4.72,6.28,26.44,62.55
Mauritius,2007,142.46346,190.89949,760.8783,1861.9333,2956.1745499999997,4.82,6.46,25.74,62.98
Mauritius,2008,145.54155,178.9332,763.4887,1791.5868,2879.5502500000002,5.05,6.21,26.51,62.22
Mauritius,2009,151.77652,192.53168,747.4082,1905.4381,2997.1545,5.06,6.42,24.94,63.57
Mauritius,2010,163.72484,200.9041,806.818,1858.1528,3029.59974,5.4,6.63,26.63,61.33
Mauritius,2011,168.00117,195.96138,817.7457,1809.5428,2991.25105,5.62,6.55,27.34,60.49
Mauritius,2012,171.82921,190.66364,840.2616,1771.4764,2974.23085,5.78,6.41,28.25,59.56
Mauritius,2013,176.1263,193.36298,845.9281,1751.9243,2967.3416799999995,5.94,6.52,28.51,59.04
Mauritius,2014,180.30246,194.10419,852.0462,1742.707,2969.15985,6.07,6.54,28.7,58.69
Mauritius,2015,179.56776,195.17885,839.127,1757.3406,2971.21421,6.04,6.57,28.24,59.15
Mauritius,2016,182.58339,191.11757,833.6152,1748.5454,2955.86156,6.18,6.47,28.2,59.16
Mauritius,2017,183.62643,194.05977,878.95715,1733.426,2990.0693499999998,6.14,6.49,29.4,57.97
Mauritius,2018,187.43556,195.758,869.3319,1750.4039,3002.92936,6.24,6.52,28.95,58.29
Mauritius,2019,194.34721,195.67754,893.7916,1765.8448,3049.66115,6.37,6.42,29.31,57.9
Mauritius,2020,190.26804,197.63116,942.4094,1769.5475,3099.8561,6.14,6.38,30.4,57.08
Mauritius,2021,187.63127,201.07121,928.39105,1794.4144,3111.5079299999998,6.03,6.46,29.84,57.67
Mauritius,2022,202.36324,204.44064,979.09717,1782.2771,3168.1781499999997,6.39,6.45,30.9,56.26
Mexico,1961,68.13544,195.84721,502.31964,1658.0292,2424.33149,2.81,8.08,20.72,68.39
Mexico,1962,70.182556,189.89334,496.20966,1652.6833,2408.968856,2.91,7.88,20.6,68.61
Mexico,1963,70.336296,190.75034,487.37363,1673.2982,2421.758466,2.9,7.88,20.12,69.09
Mexico,1964,69.78984,199.65195,493.60855,1711.6074,2474.65774,2.82,8.07,19.95,69.17
Mexico,1965,68.9309,198.9377,490.61288,1729.332,2487.8134800000003,2.77,8.0,19.72,69.51
Mexico,1966,75.266914,198.37758,506.16473,1747.6074,2527.4166240000004,2.98,7.85,20.03,69.15
Mexico,1967,77.84252,200.21431,502.9317,1789.698,2570.68653,3.03,7.79,19.56,69.62
Mexico,1968,75.703094,202.5016,496.1435,1828.4259,2602.774094,2.91,7.78,19.06,70.25
Mexico,1969,76.69753,201.21628,506.1599,1835.4099,2619.48361,2.93,7.68,19.32,70.07
Mexico,1970,77.95711,200.37772,524.8966,1844.3488,2647.58023,2.94,7.57,19.83,69.66
Mexico,1971,77.77,203.5204,517.24976,1845.598,2644.13816,2.94,7.7,19.56,69.8
Mexico,1972,85.79939,199.86456,539.6907,1861.3146,2686.66925,3.19,7.44,20.09,69.28
Mexico,1973,87.33757,200.04065,554.6458,1888.8423,2730.86632,3.2,7.33,20.31,69.17
Mexico,1974,92.17565,198.48712,580.68774,1886.8091,2758.1596099999997,3.34,7.2,21.05,68.41
Mexico,1975,93.949776,199.24048,598.56885,1948.7046,2840.463706,3.31,7.01,21.07,68.61
Mexico,1976,99.49151,192.74385,603.8267,1917.8394,2813.90146,3.54,6.85,21.46,68.16
Mexico,1977,104.48723,194.73001,634.873,1923.1368,2857.2270399999998,3.66,6.82,22.22,67.31
Mexico,1978,108.80617,197.92082,671.6592,1963.8213,2942.2074900000002,3.7,6.73,22.83,66.75
Mexico,1979,111.243904,195.94334,683.91766,1989.9554,2981.060304,3.73,6.57,22.94,66.75
Mexico,1980,127.073906,221.40715,712.01526,2074.537,3135.033316,4.05,7.06,22.71,66.17
Mexico,1981,129.10878,237.17267,751.6975,2157.8015,3275.78045,3.94,7.24,22.95,65.87
Mexico,1982,125.498856,226.73181,810.0617,2102.3455,3264.637866,3.84,6.95,24.81,64.4
Mexico,1983,123.80953,222.77393,833.46704,2053.5632,3233.6137,3.83,6.89,25.78,63.51
Mexico,1984,121.610176,205.74431,765.0597,2072.4834,3164.897586,3.84,6.5,24.17,65.48
Mexico,1985,125.62293,215.38918,781.37714,2092.8853,3215.27455,3.91,6.7,24.3,65.09
Mexico,1986,125.17205,210.85974,782.20087,2049.4746,3167.70726,3.95,6.66,24.69,64.7
Mexico,1987,122.073944,203.51186,743.5771,1987.8688,3057.031704,3.99,6.66,24.32,65.03
Mexico,1988,123.223335,206.96213,769.88666,2023.0236,3123.095725,3.95,6.63,24.65,64.78
Mexico,1989,117.034454,199.4443,732.441,2042.0105,3090.930254,3.79,6.45,23.7,66.06
Mexico,1990,120.97738,202.41885,701.2635,2061.095,3085.7547299999997,3.92,6.56,22.73,66.79
Mexico,1991,121.75236,206.48767,753.3428,2029.848,3111.4308300000002,3.91,6.64,24.21,65.24
Mexico,1992,129.685,202.95618,752.6674,2044.1555,3129.4640799999997,4.14,6.49,24.05,65.32
Mexico,1993,134.59438,200.5113,769.70374,2040.4661,3145.27552,4.28,6.37,24.47,64.87
Mexico,1994,136.32152,201.4641,776.05176,2035.3073,3149.14468,4.33,6.4,24.64,64.63
Mexico,1995,130.30891,204.97511,760.34174,2019.3157,3114.94146,4.18,6.58,24.41,64.83
Mexico,1996,129.31859,205.81631,783.57605,2025.9388,3144.64975,4.11,6.54,24.92,64.42
Mexico,1997,136.63069,206.10391,790.7633,1989.6394,3123.1373,4.37,6.6,25.32,63.71
Mexico,1998,141.91417,204.02267,790.8723,1992.8027,3129.61184,4.53,6.52,25.27,63.68
Mexico,1999,147.87744,204.89601,775.72437,2013.1708,3141.6686200000004,4.71,6.52,24.69,64.08
Mexico,2000,155.74963,206.93593,788.2692,2047.621,3198.57576,4.87,6.47,24.64,64.02
Mexico,2001,160.92651,208.11423,803.6329,2073.8496,3246.52324,4.96,6.41,24.75,63.88
Mexico,2002,163.40404,206.07323,824.32446,2067.3008,3261.10253,5.01,6.32,25.28,63.39
Mexico,2003,159.99828,206.71342,820.5683,2075.0144,3262.2943999999998,4.9,6.34,25.15,63.61
Mexico,2004,161.44191,204.52661,842.6664,2044.7214,3253.35632,4.96,6.29,25.9,62.85
Mexico,2005,164.84515,199.58905,856.2383,1986.8593,3207.5317999999997,5.14,6.22,26.69,61.94
Mexico,2006,167.54784,200.53891,839.29675,2011.2744,3218.6579,5.21,6.23,26.08,62.49
Mexico,2007,169.6255,200.51962,856.1224,2010.3522,3236.6197199999997,5.24,6.2,26.45,62.11
Mexico,2008,170.82567,196.61617,853.6492,1986.0566,3207.14764,5.33,6.13,26.62,61.93
Mexico,2009,169.27124,191.9322,839.745,1962.2325,3163.18094,5.35,6.07,26.55,62.03
Mexico,2010,200.2973,168.01045,832.34705,1945.7875,3146.4422999999997,6.37,5.34,26.45,61.84
Mexico,2011,197.42963,167.47643,838.33307,1918.6592,3121.89833,6.32,5.36,26.85,61.46
Mexico,2012,196.55627,170.3567,842.9446,1917.5933,3127.45087,6.28,5.45,26.95,61.31
Mexico,2013,201.31296,171.14377,844.6284,1904.366,3121.45113,6.45,5.48,27.06,61.01
Mexico,2014,200.54346,172.54588,840.5217,1944.0364,3157.6474399999997,6.35,5.46,26.62,61.57
Mexico,2015,204.4703,170.09421,850.36194,1947.0927,3172.01915,6.45,5.36,26.81,61.38
Mexico,2016,207.82796,170.81096,864.7305,1956.3542,3199.7236199999998,6.5,5.34,27.03,61.14
Mexico,2017,209.12537,172.25368,874.13965,1954.3685,3209.8872,6.52,5.37,27.23,60.89
Mexico,2018,215.42754,172.38185,894.3429,1935.3538,3217.50609,6.7,5.36,27.8,60.15
Mexico,2019,217.02432,173.73882,908.04095,1953.2087,3252.0127899999998,6.67,5.34,27.92,60.06
Mexico,2020,216.14642,173.17947,922.84546,1938.5605,3250.73185,6.65,5.33,28.39,59.63
Mexico,2021,222.86142,171.24556,951.6873,1922.1353,3267.92958,6.82,5.24,29.12,58.82
Mexico,2022,228.53241,172.18248,981.82086,1915.114,3297.64975,6.93,5.22,29.77,58.08
Micronesia (country),2019,183.78458,128.98865,1029.424,1447.566,2789.76323,6.59,4.62,36.9,51.89
Micronesia (country),2020,186.96628,122.581604,1017.7893,1453.0732,2780.410384,6.72,4.41,36.61,52.26
Micronesia (country),2021,194.57033,117.2775,1107.232,1382.867,2801.94683,6.94,4.19,39.52,49.35
Micronesia (country),2022,178.97945,123.2037,1101.2247,1402.746,2806.15385,6.38,4.39,39.24,49.99
Moldova,1992,124.85399,154.65227,523.10126,1629.765,2432.37252,5.13,6.36,21.51,67.0
Moldova,1993,107.678604,156.1084,492.52042,1682.8472,2439.154624,4.41,6.4,20.19,68.99
Moldova,1994,102.19964,153.61417,474.06003,1672.7227,2402.59654,4.25,6.39,19.73,69.62
Moldova,1995,93.3035,165.80734,454.19104,1736.2589,2449.56078,3.81,6.77,18.54,70.88
Moldova,1996,99.67819,155.3299,461.01166,1688.5498,2404.56955,4.15,6.46,19.17,70.22
Moldova,1997,97.54389,163.25273,402.33917,1744.0972,2407.23299,4.05,6.78,16.71,72.45
Moldova,1998,98.739334,164.98267,434.0327,1709.1385,2406.893204,4.1,6.85,18.03,71.01
Moldova,1999,88.85146,168.9347,409.65207,1749.6724,2417.11063,3.68,6.99,16.95,72.39
Moldova,2000,92.052956,170.64516,373.21594,1788.5739,2424.487956,3.8,7.04,15.39,73.77
Moldova,2001,98.6495,167.3222,365.88474,1803.5168,2435.37324,4.05,6.87,15.02,74.06
Moldova,2002,105.689705,166.39038,389.98465,1799.1106,2461.175335,4.29,6.76,15.85,73.1
Moldova,2003,102.7803,159.28853,447.27124,1721.2749,2430.6149699999996,4.23,6.55,18.4,70.82
Moldova,2004,110.98183,161.49692,474.04718,1695.9824,2442.50833,4.54,6.61,19.41,69.44
Moldova,2005,130.5968,155.68106,516.11615,1676.7542,2479.1482100000003,5.27,6.28,20.82,67.63
Moldova,2006,130.43527,152.42088,574.1654,1695.9618,2552.98335,5.11,5.97,22.49,66.43
Moldova,2007,127.90924,145.60977,650.9524,1701.9597,2626.43111,4.87,5.54,24.78,64.8
Moldova,2008,126.177826,151.23634,718.3245,1687.1761,2682.914766,4.7,5.64,26.77,62.89
Moldova,2009,121.3597,144.27023,770.3424,1584.7358,2620.70813,4.63,5.51,29.39,60.47
Moldova,2010,153.94162,140.25558,686.83057,1346.928,2327.95577,6.61,6.02,29.5,57.86
Moldova,2011,150.4916,141.82545,706.0297,1358.9401,2357.28685,6.38,6.02,29.95,57.65
Moldova,2012,151.80261,135.3962,678.91516,1372.199,2338.31297,6.49,5.79,29.03,58.68
Moldova,2013,159.00787,137.78857,692.4338,1372.4354,2361.66564,6.73,5.83,29.32,58.11
Moldova,2014,162.42061,137.5922,692.835,1351.4501,2344.2979100000002,6.93,5.87,29.55,57.65
Moldova,2015,166.7897,133.93872,708.5774,1366.366,2375.67182,7.02,5.64,29.83,57.51
Moldova,2016,172.77837,141.26617,724.32587,1380.7877,2419.1581100000003,7.14,5.84,29.94,57.08
Moldova,2017,164.6184,147.89803,719.0262,1438.3463,2469.88893,6.67,5.99,29.11,58.24
Moldova,2018,165.02475,151.78926,731.7549,1478.8645,2527.4334099999996,6.53,6.01,28.95,58.51
Moldova,2019,161.03725,150.74187,731.60944,1483.9524,2527.3409599999995,6.37,5.96,28.95,58.72
Moldova,2020,165.10919,151.90317,754.0582,1427.2549,2498.32546,6.61,6.08,30.18,57.13
Moldova,2021,135.84665,161.12518,698.2261,1506.0631,2501.26103,5.43,6.44,27.91,60.21
Moldova,2022,140.47684,167.9884,756.68665,1569.8926,2635.04449,5.33,6.38,28.72,59.58
Mongolia,1961,238.8133,92.941025,780.33685,852.39734,1964.488515,12.16,4.73,39.72,43.39
Mongolia,1962,206.43292,93.31421,718.5543,873.8062,1892.10763,10.91,4.93,37.98,46.18
Mongolia,1963,211.7221,95.23994,735.5709,937.7418,1980.27474,10.69,4.81,37.14,47.35
Mongolia,1964,213.67368,102.59619,736.8459,1086.7477,2139.86347,9.99,4.79,34.43,50.79
Mongolia,1965,216.87231,110.47177,727.7162,1156.7239,2211.7841799999997,9.81,4.99,32.9,52.3
Mongolia,1966,220.76613,111.51942,754.16675,1147.0709,2233.5231999999996,9.88,4.99,33.77,51.36
Mongolia,1967,230.92657,100.90053,793.8861,1082.2208,2207.934,10.46,4.57,35.96,49.02
Mongolia,1968,220.4215,94.37102,774.8807,1029.1604,2118.8336200000003,10.4,4.45,36.57,48.57
Mongolia,1969,217.53343,96.46724,786.3793,1042.6807,2143.06067,10.15,4.5,36.69,48.65
Mongolia,1970,207.76323,108.73997,758.87897,1109.8447,2185.22687,9.51,4.98,34.73,50.79
Mongolia,1971,196.02122,108.764244,719.00854,1115.0515,2138.845504,9.16,5.09,33.62,52.13
Mongolia,1972,200.594,104.88394,729.7694,1098.3723,2133.61964,9.4,4.92,34.2,51.48
Mongolia,1973,198.43857,112.47901,711.552,1149.421,2171.89058,9.14,5.18,32.76,52.92
Mongolia,1974,205.05777,109.27133,739.55054,1106.0889,2159.96854,9.49,5.06,34.24,51.21
Mongolia,1975,211.66057,106.64574,771.67993,1085.929,2175.9152400000003,9.73,4.9,35.46,49.91
Mongolia,1976,211.40527,115.49249,768.31506,1177.5029,2272.71572,9.3,5.08,33.81,51.81
Mongolia,1977,198.67462,112.220245,692.1107,1207.9435,2210.949065,8.99,5.08,31.3,54.63
Mongolia,1978,213.06927,111.1304,765.8192,1202.8727,2292.89157,9.29,4.85,33.4,52.46
Mongolia,1979,207.04117,113.74973,765.31287,1235.2788,2321.3825699999998,8.92,4.9,32.97,53.21
Mongolia,1980,196.12862,114.673256,739.3563,1279.2664,2329.424576,8.42,4.92,31.74,54.92
Mongolia,1981,188.93161,117.01827,740.47266,1271.4701,2317.89264,8.15,5.05,31.95,54.85
Mongolia,1982,180.53764,118.47285,718.6649,1304.8146,2322.48999,7.77,5.1,30.94,56.18
Mongolia,1983,182.31535,125.70311,722.8228,1338.3416,2369.18286,7.7,5.31,30.51,56.49
Mongolia,1984,177.20688,124.26044,703.6367,1324.779,2329.88302,7.61,5.33,30.2,56.86
Mongolia,1985,172.68735,118.83259,677.5258,1265.567,2234.61274,7.73,5.32,30.32,56.63
Mongolia,1986,180.94472,122.39435,688.017,1320.5815,2311.93757,7.83,5.29,29.76,57.12
Mongolia,1987,176.85236,118.87984,689.5493,1269.0935,2254.375,7.84,5.27,30.59,56.29
Mongolia,1988,177.24345,122.24242,678.9165,1318.7163,2297.11867,7.72,5.32,29.56,57.41
Mongolia,1989,176.59045,118.00919,690.1542,1286.1671,2270.92094,7.78,5.2,30.39,56.64
Mongolia,1990,196.30989,109.21352,736.6464,1236.1387,2278.30851,8.62,4.79,32.33,54.26
Mongolia,1991,214.75989,100.331375,767.3175,1120.7731,2203.1818650000005,9.75,4.55,34.83,50.87
Mongolia,1992,205.61108,82.982056,672.33496,894.1416,1855.069696,11.08,4.47,36.24,48.2
Mongolia,1993,190.67772,83.015884,638.56537,931.2112,1843.470174,10.34,4.5,34.64,50.51
Mongolia,1994,189.82489,85.632904,623.69763,933.0089,1832.164324,10.36,4.67,34.04,50.92
Mongolia,1995,193.50816,102.08668,634.6276,1069.9916,2000.21404,9.67,5.1,31.73,53.49
Mongolia,1996,194.58124,101.13362,649.4766,1053.7955,1998.98696,9.73,5.06,32.49,52.72
Mongolia,1997,208.42459,94.727776,661.76465,1021.9415,1986.858516,10.49,4.77,33.31,51.44
Mongolia,1998,218.96623,96.94508,678.8109,1054.9126,2049.63481,10.68,4.73,33.12,51.47
Mongolia,1999,235.0231,94.84485,723.2261,1031.0327,2084.12675,11.28,4.55,34.7,49.47
Mongolia,2000,217.99234,100.7951,703.5643,1103.0931,2125.44484,10.26,4.74,33.1,51.9
Mongolia,2001,194.01694,108.06502,694.9799,1169.3174,2166.3792599999997,8.96,4.99,32.08,53.98
Mongolia,2002,175.73761,115.5037,658.98676,1226.9481,2177.17617,8.07,5.31,30.27,56.36
Mongolia,2003,171.61314,114.82651,668.1046,1219.9926,2174.53685,7.89,5.28,30.72,56.1
Mongolia,2004,179.91,113.23886,681.9363,1213.9114,2188.99656,8.22,5.17,31.15,55.46
Mongolia,2005,171.1337,116.36303,692.91406,1240.6206,2221.03139,7.71,5.24,31.2,55.86
Mongolia,2006,166.64548,121.182304,687.175,1290.235,2265.237784,7.36,5.35,30.34,56.96
Mongolia,2007,179.46565,122.62888,753.86316,1274.429,2330.3866900000003,7.7,5.26,32.35,54.69
Mongolia,2008,193.05875,123.855034,754.88403,1301.9971,2373.794914,8.13,5.22,31.8,54.85
Mongolia,2009,207.24097,121.26484,841.4553,1287.2158,2457.17691,8.43,4.94,34.24,52.39
Mongolia,2010,189.21812,147.40527,812.2295,1290.9564,2439.80929,7.76,6.04,33.29,52.91
Mongolia,2011,207.07027,145.29704,871.0926,1309.9922,2533.45211,8.17,5.74,34.38,51.71
Mongolia,2012,223.43515,143.0033,881.6639,1339.0027,2587.10505,8.64,5.53,34.08,51.76
Mongolia,2013,244.86508,138.83403,930.7547,1247.571,2562.02481,9.56,5.42,36.33,48.69
Mongolia,2014,243.42766,148.04164,905.0212,1300.7856,2597.2761,9.37,5.7,34.85,50.08
Mongolia,2015,288.3794,135.78297,1060.4159,1205.841,2690.41927,10.72,5.05,39.41,44.82
Mongolia,2016,284.82486,141.4759,1015.39844,1279.8987,2721.5978999999998,10.47,5.2,37.31,47.03
Mongolia,2017,296.72604,128.57597,1044.2659,1183.4336,2653.00151,11.18,4.85,39.36,44.61
Mongolia,2018,306.80414,147.78859,1080.3668,1314.3855,2849.3450300000004,10.77,5.19,37.92,46.13
Mongolia,2019,338.67783,136.25522,1133.3165,1249.4297,2857.67925,11.85,4.77,39.66,43.72
Mongolia,2020,365.48016,147.72174,1110.3757,1328.0042,2951.5818,12.38,5.0,37.62,44.99
Mongolia,2021,351.33563,153.09283,1135.4152,1405.2124,3045.05606,11.54,5.03,37.29,46.15
Mongolia,2022,400.86255,142.60028,1196.1442,1359.7612,3099.36823,12.93,4.6,38.59,43.87
Montenegro,2006,210.34544,183.2443,1027.2446,1768.2238,3189.05814,6.6,5.75,32.21,55.45
Montenegro,2007,218.88852,195.23544,1036.3735,1877.9116,3328.40906,6.58,5.87,31.14,56.42
Montenegro,2008,227.9561,203.81451,1064.9788,1909.2495,3405.9989100000003,6.69,5.98,31.27,56.06
Montenegro,2009,225.63406,204.2178,1095.165,1888.0752,3413.09206,6.61,5.98,32.09,55.32
Montenegro,2010,258.5519,192.01694,1071.0195,1840.6648,3362.2531400000003,7.69,5.71,31.85,54.74
Montenegro,2011,279.3446,187.02866,1119.6254,1821.1628,3407.1614600000003,8.2,5.49,32.86,53.45
Montenegro,2012,277.48404,179.23344,1081.8461,1747.0261,3285.58968,8.45,5.46,32.93,53.17
Montenegro,2013,288.67883,178.26158,1114.1449,1747.9927,3329.07801,8.67,5.35,33.47,52.51
Montenegro,2014,281.47263,176.70406,1132.8027,1728.2195,3319.1988899999997,8.48,5.32,34.13,52.07
Montenegro,2015,292.3891,179.66466,1149.1472,1773.0784,3394.2793600000005,8.61,5.29,33.86,52.24
Montenegro,2016,307.35782,183.18105,1174.1097,1804.6619,3469.31047,8.86,5.28,33.84,52.02
Montenegro,2017,309.98703,185.75557,1195.8347,1828.7216,3520.2989000000002,8.81,5.28,33.97,51.95
Montenegro,2018,313.10474,189.79898,1217.2751,1827.9176,3548.09642,8.82,5.35,34.31,51.52
Montenegro,2019,310.48715,195.21399,1224.9318,1839.1758,3569.80874,8.7,5.47,34.31,51.52
Montenegro,2020,301.17227,204.769,1223.9573,1861.858,3591.75657,8.39,5.7,34.08,51.84
Montenegro,2021,313.8234,208.00938,1261.8135,1904.6523,3688.2985799999997,8.51,5.64,34.21,51.64
Montenegro,2022,321.5172,203.3664,1265.3772,1855.846,3646.1068,8.82,5.58,34.7,50.9
Morocco,1961,39.00405,192.7234,312.6598,1632.311,2176.69825,1.79,8.85,14.36,74.99
Morocco,1962,37.415287,188.9919,339.32346,1635.9824,2201.713047,1.7,8.58,15.41,74.3
Morocco,1963,35.847828,196.14127,316.4997,1656.8763,2205.3650979999998,1.63,8.89,14.35,75.13
Morocco,1964,36.677902,207.67105,302.01758,1730.5602,2276.926732,1.61,9.12,13.26,76.0
Morocco,1965,37.76566,210.03159,333.3767,1731.8131,2312.98705,1.63,9.08,14.41,74.87
Morocco,1966,38.101566,198.9276,332.10236,1658.0243,2227.155826,1.71,8.93,14.91,74.45
Morocco,1967,38.285583,206.4535,324.5149,1710.0115,2279.265483,1.68,9.06,14.24,75.02
Morocco,1968,39.17691,204.14346,441.5979,1681.5364,2366.45467,1.66,8.63,18.66,71.06
Morocco,1969,40.378017,227.3164,341.63983,1866.7758,2476.110047,1.63,9.18,13.8,75.39
Morocco,1970,40.22815,218.98251,364.0416,1838.4075,2461.65976,1.63,8.9,14.79,74.68
Morocco,1971,43.121136,221.47249,444.09738,1838.1378,2546.828806,1.69,8.7,17.44,72.17
Morocco,1972,45.06464,226.40808,367.37073,1879.352,2518.19545,1.79,8.99,14.59,74.63
Morocco,1973,42.628117,226.39435,396.2732,1871.1604,2536.456067,1.68,8.93,15.62,73.77
Morocco,1974,40.89026,239.75432,395.01727,1915.1582,2590.8200500000003,1.58,9.25,15.25,73.92
Morocco,1975,37.698864,245.53757,440.44565,1974.839,2698.521084,1.4,9.1,16.32,73.18
Morocco,1976,37.723293,238.80449,400.5066,1946.5239,2623.558283,1.44,9.1,15.27,74.19
Morocco,1977,41.277092,237.4869,415.43793,1979.0027,2673.204622,1.54,8.88,15.54,74.03
Morocco,1978,46.686485,235.11003,437.48636,1977.1995,2696.482375,1.73,8.72,16.22,73.33
Morocco,1979,48.976055,241.49277,475.7718,1996.8662,2763.106825,1.77,8.74,17.22,72.27
Morocco,1980,48.67366,238.93231,432.6604,1982.0171,2702.2834700000003,1.8,8.84,16.01,73.35
Morocco,1981,51.130444,239.62323,474.78268,1979.6814,2745.2177540000002,1.86,8.73,17.29,72.11
Morocco,1982,50.522648,246.66226,500.61145,2012.7286,2810.524958,1.8,8.78,17.81,71.61
Morocco,1983,46.37864,249.0226,478.49185,2016.7032,2790.59629,1.66,8.92,17.15,72.27
Morocco,1984,46.186604,257.4752,496.72784,2054.4668,2854.856444,1.62,9.02,17.4,71.96
Morocco,1985,46.945805,263.90393,509.00943,2065.434,2885.293165,1.63,9.15,17.64,71.58
Morocco,1986,51.99099,271.84436,551.437,2131.3384,3006.61075,1.73,9.04,18.34,70.89
Morocco,1987,55.894207,274.83,518.39355,2147.3767,2996.494457,1.87,9.17,17.3,71.66
Morocco,1988,55.96463,280.87375,546.3219,2196.874,3080.03428,1.82,9.12,17.74,71.33
Morocco,1989,59.914654,271.29483,574.64056,2122.2468,3028.0968439999997,1.98,8.96,18.98,70.09
Morocco,1990,61.22309,291.2146,525.5893,2252.9753,3131.0022900000004,1.96,9.3,16.79,71.96
Morocco,1991,59.86388,289.8352,525.8253,2237.235,3112.75938,1.92,9.31,16.89,71.87
Morocco,1992,63.36614,257.4807,530.59,2091.6807,2943.11754,2.15,8.75,18.03,71.07
Morocco,1993,59.238247,253.59978,502.63187,2105.8403,2921.310197,2.03,8.68,17.21,72.09
Morocco,1994,60.644535,271.07132,517.72424,2199.086,3048.5260949999997,1.99,8.89,16.98,72.14
Morocco,1995,60.294346,256.38312,549.4185,2134.3508,3000.446766,2.01,8.54,18.31,71.13
Morocco,1996,55.880016,283.3015,536.93585,2262.3074,3138.424766,1.78,9.03,17.11,72.08
Morocco,1997,62.994564,274.11368,554.2486,2253.2947,3144.651544,2.0,8.72,17.63,71.65
Morocco,1998,58.621143,280.6107,564.46686,2293.1216,3196.820303,1.83,8.78,17.66,71.73
Morocco,1999,64.63007,271.96466,560.35004,2218.1357,3115.08047,2.07,8.73,17.99,71.21
Morocco,2000,64.402954,265.12686,549.89984,2214.4575,3093.887154,2.08,8.57,17.77,71.58
Morocco,2001,65.223885,276.64755,548.0377,2249.418,3139.327135,2.08,8.81,17.46,71.65
Morocco,2002,69.828995,279.99863,536.1253,2280.2441,3166.197025,2.21,8.84,16.93,72.02
Morocco,2003,69.95694,282.98944,553.7024,2298.0037,3204.65248,2.18,8.83,17.28,71.71
Morocco,2004,69.41454,289.61932,533.49725,2359.8652,3252.39631,2.13,8.9,16.4,72.56
Morocco,2005,74.900475,277.29446,545.2313,2283.9585,3181.384735,2.35,8.72,17.14,71.79
Morocco,2006,75.821724,289.7741,553.5796,2311.8413,3231.016724,2.35,8.97,17.13,71.55
Morocco,2007,78.23491,273.80252,573.1327,2271.6838,3196.8539299999998,2.45,8.56,17.93,71.06
Morocco,2008,79.60405,274.53995,562.80096,2286.5696,3203.5145599999996,2.48,8.57,17.57,71.38
Morocco,2009,85.22616,273.29398,580.8131,2276.1382,3215.47144,2.65,8.5,18.06,70.79
Morocco,2010,105.3132,276.9421,622.93976,2261.854,3267.04906,3.22,8.48,19.07,69.23
Morocco,2011,108.2909,284.60352,600.5886,2321.886,3315.36902,3.27,8.58,18.12,70.03
Morocco,2012,113.50969,280.25455,617.074,2320.7195,3331.55774,3.41,8.41,18.52,69.66
Morocco,2013,113.85392,281.21317,612.1099,2331.2542,3338.43119,3.41,8.42,18.34,69.83
Morocco,2014,116.108696,287.20782,634.86304,2350.6104,3388.789956,3.43,8.48,18.73,69.36
Morocco,2015,121.05454,286.08154,613.4699,2360.263,3380.86898,3.58,8.46,18.15,69.81
Morocco,2016,120.76844,286.16348,634.57556,2372.8972,3414.4046799999996,3.54,8.38,18.59,69.5
Morocco,2017,124.32611,282.85095,628.92737,2331.6257,3367.73013,3.69,8.4,18.68,69.23
Morocco,2018,126.66957,289.5075,662.7597,2341.6228,3420.55957,3.7,8.46,19.38,68.46
Morocco,2019,131.53896,277.4349,696.7755,2288.6877,3394.43706,3.88,8.17,20.53,67.42
Morocco,2020,117.05375,279.63733,677.1106,2281.4648,3355.2664800000002,3.49,8.33,20.18,68.0
Morocco,2021,120.4369,283.77518,691.5891,2284.468,3380.26918,3.56,8.4,20.46,67.58
Morocco,2022,114.23327,278.9604,681.7571,2264.3254,3339.27617,3.42,8.35,20.42,67.81
Mozambique,1961,19.172222,134.799,213.83876,1725.1578,2092.9677819999997,0.92,6.44,10.22,82.43
Mozambique,1962,19.73634,134.54518,225.52878,1745.7295,2125.5398,0.93,6.33,10.61,82.13
Mozambique,1963,19.061766,134.94084,208.06808,1702.954,2065.0246859999997,0.92,6.53,10.08,82.47
Mozambique,1964,19.62457,135.13051,241.77335,1721.5071,2118.03553,0.93,6.38,11.41,81.28
Mozambique,1965,20.869295,140.95927,241.2669,1731.8884,2134.983865,0.98,6.6,11.3,81.12
Mozambique,1966,21.290697,137.67984,254.35516,1697.4751,2110.800797,1.01,6.52,12.05,80.42
Mozambique,1967,21.257053,134.41422,266.25146,1694.62,2116.5427329999998,1.0,6.35,12.58,80.07
Mozambique,1968,22.548597,129.10446,262.33368,1611.7205,2025.7072369999999,1.11,6.37,12.95,79.56
Mozambique,1969,22.416555,136.51637,282.09793,1667.6382,2108.6690550000003,1.06,6.47,13.38,79.08
Mozambique,1970,22.777605,129.88277,284.60553,1623.9012,2061.167105,1.11,6.3,13.81,78.79
Mozambique,1971,22.861135,131.68013,291.65094,1691.324,2137.516205,1.07,6.16,13.64,79.13
Mozambique,1972,21.692196,125.196266,277.3941,1641.4785,2065.761062,1.05,6.06,13.43,79.46
Mozambique,1973,21.497662,136.39273,297.53485,1735.0327,2190.457942,0.98,6.23,13.58,79.21
Mozambique,1974,20.178774,127.529854,288.85913,1660.9037,2097.471458,0.96,6.08,13.77,79.19
Mozambique,1975,19.145601,123.37781,293.62894,1604.1898,2040.342151,0.94,6.05,14.39,78.62
Mozambique,1976,17.37822,128.94374,284.85025,1649.3058,2080.4780100000003,0.84,6.2,13.69,79.28
Mozambique,1977,18.204115,119.53304,279.6086,1586.2474,2003.593155,0.91,5.97,13.96,79.17
Mozambique,1978,20.36566,115.593575,292.91376,1545.8142,1974.687195,1.03,5.85,14.83,78.28
Mozambique,1979,18.16457,114.26931,300.00525,1541.7876,1974.22673,0.92,5.79,15.2,78.1
Mozambique,1980,19.065329,117.51955,308.47275,1551.4465,1996.504129,0.95,5.89,15.45,77.71
Mozambique,1981,18.494932,112.60402,315.1988,1490.2936,1936.591352,0.96,5.81,16.28,76.95
Mozambique,1982,18.903526,107.82331,302.8655,1442.5027,1872.095036,1.01,5.76,16.18,77.05
Mozambique,1983,18.72474,109.59353,316.31897,1384.7914,1829.42864,1.02,5.99,17.29,75.7
Mozambique,1984,19.336475,116.66196,313.61743,1439.0132,1888.629065,1.02,6.18,16.61,76.19
Mozambique,1985,18.580555,128.4907,304.88907,1480.46,1932.420325,0.96,6.65,15.78,76.61
Mozambique,1986,17.993725,110.43702,310.95804,1328.5262,1767.914985,1.02,6.25,17.59,75.15
Mozambique,1987,19.818642,111.10956,359.64575,1335.8702,1826.444152,1.09,6.08,19.69,73.14
Mozambique,1988,16.852436,123.38987,362.6611,1390.8683,1893.771706,0.89,6.52,19.15,73.44
Mozambique,1989,15.89948,111.91905,353.34833,1322.5315,1803.69836,0.88,6.2,19.59,73.32
Mozambique,1990,14.672047,114.51656,346.53384,1397.6576,1873.380047,0.78,6.11,18.5,74.61
Mozambique,1991,15.234232,110.55224,346.42267,1309.2385,1781.4476419999999,0.86,6.21,19.45,73.49
Mozambique,1992,14.631173,112.32693,343.432,1314.1913,1784.581403,0.82,6.29,19.24,73.64
Mozambique,1993,13.524486,118.201454,318.03738,1347.8485,1797.61182,0.75,6.58,17.69,74.98
Mozambique,1994,13.280259,113.2728,291.68262,1312.7207,1730.9563790000002,0.77,6.54,16.85,75.84
Mozambique,1995,20.587723,127.13119,357.7818,1344.9911,1850.491813,1.11,6.87,19.33,72.68
Mozambique,1996,21.281958,126.81332,361.69345,1426.7498,1936.538528,1.1,6.55,18.68,73.68
Mozambique,1997,20.637373,129.29294,364.1079,1453.8969,1967.935113,1.05,6.57,18.5,73.88
Mozambique,1998,20.092257,131.52023,360.94022,1475.6602,1988.212907,1.01,6.61,18.15,74.22
Mozambique,1999,19.349092,126.85297,362.73526,1498.1898,2007.127122,0.96,6.32,18.07,74.64
Mozambique,2000,20.403439,126.61423,351.20328,1507.8485,2006.069449,1.02,6.31,17.51,75.16
Mozambique,2001,19.132902,124.52601,337.46063,1529.4565,2010.576042,0.95,6.19,16.78,76.07
Mozambique,2002,18.914104,139.2877,351.73508,1569.9625,2079.8993840000003,0.91,6.7,16.91,75.48
Mozambique,2003,20.126713,144.86314,332.95157,1645.9021,2143.843523,0.94,6.76,15.53,76.77
Mozambique,2004,20.974419,145.41989,333.963,1620.7374,2121.094709,0.99,6.86,15.74,76.41
Mozambique,2005,21.729633,144.32616,362.45026,1580.3033,2108.809353,1.03,6.84,17.19,74.94
Mozambique,2006,19.814262,160.67415,345.72153,1666.0283,2192.238242,0.9,7.33,15.77,76.0
Mozambique,2007,19.955118,161.18236,343.72586,1644.6205,2169.483838,0.92,7.43,15.84,75.81
Mozambique,2008,22.534546,160.20392,368.5337,1706.3138,2257.5859659999996,1.0,7.1,16.32,75.58
Mozambique,2009,22.576761,159.53967,343.47144,1733.0898,2258.677671,1.0,7.06,15.21,76.73
Mozambique,2010,23.997513,160.23758,345.90732,1834.1843,2364.326713,1.01,6.78,14.63,77.58
Mozambique,2011,27.368334,163.04454,365.4034,1826.1129,2381.929174,1.15,6.85,15.34,76.67
Mozambique,2012,29.862707,167.22311,360.3145,1734.2806,2291.680917,1.3,7.3,15.72,75.68
Mozambique,2013,29.594587,154.50471,369.31747,1647.8418,2201.258567,1.34,7.02,16.78,74.86
Mozambique,2014,32.472126,142.20691,326.41754,1539.4777,2040.5742759999998,1.59,6.97,16.0,75.44
Mozambique,2015,34.25741,132.41884,341.44162,1415.3224,1923.44027,1.78,6.88,17.75,73.58
Mozambique,2016,33.474422,129.31825,315.31204,1356.5652,1834.669912,1.82,7.05,17.19,73.94
Mozambique,2017,37.123783,134.82222,364.60425,1413.5337,1950.0839529999998,1.9,6.91,18.7,72.49
Mozambique,2018,36.299995,134.0058,352.89072,1560.0278,2083.224315,1.74,6.43,16.94,74.89
Mozambique,2019,34.983513,141.83931,349.87567,1584.1289,2110.827393,1.66,6.72,16.58,75.05
Mozambique,2020,36.015827,150.66687,364.25003,1619.7296,2170.662327,1.66,6.94,16.78,74.62
Mozambique,2021,35.407658,146.81027,367.92606,1644.17,2194.313988,1.61,6.69,16.77,74.93
Mozambique,2022,36.58772,140.7375,376.26587,1621.9645,2175.55559,1.68,6.47,17.3,74.55
Myanmar,1961,32.94716,115.21617,251.49402,1033.1287,1432.78605,2.3,8.04,17.55,72.11
Myanmar,1962,32.150936,120.73408,270.13904,1065.8845,1488.9085559999999,2.16,8.11,18.14,71.59
Myanmar,1963,32.34456,124.67285,280.51392,1077.8784,1515.40973,2.13,8.23,18.51,71.13
Myanmar,1964,31.4433,129.25372,308.085,1089.54,1558.32202,2.02,8.29,19.77,69.92
Myanmar,1965,31.94045,123.48725,275.1747,1099.1355,1529.7379,2.09,8.07,17.99,71.85
Myanmar,1966,30.911755,117.34578,258.6779,1028.6777,1435.613135,2.15,8.17,18.02,71.65
Myanmar,1967,31.365696,117.36328,253.88347,1040.6066,1443.2190460000002,2.17,8.13,17.59,72.1
Myanmar,1968,31.553259,122.074905,250.94392,1046.7584,1451.330484,2.17,8.41,17.29,72.12
Myanmar,1969,31.463772,123.98082,246.65564,1033.5092,1435.609432,2.19,8.64,17.18,71.99
Myanmar,1970,29.730494,123.51741,265.5964,1034.713,1453.557304,2.05,8.5,18.27,71.18
Myanmar,1971,29.831968,124.53346,281.19135,1045.0698,1480.6265779999999,2.01,8.41,18.99,70.58
Myanmar,1972,28.970129,122.78199,269.84955,1021.8892,1443.490869,2.01,8.51,18.69,70.79
Myanmar,1973,30.431335,121.765594,249.97168,1067.0692,1469.2378089999997,2.07,8.29,17.01,72.63
Myanmar,1974,28.867702,127.155365,277.45746,1081.6292,1515.109727,1.91,8.39,18.31,71.39
Myanmar,1975,30.339912,129.56403,260.8136,1081.0472,1501.7647419999998,2.02,8.63,17.37,71.99
Myanmar,1976,31.094618,128.8672,262.59036,1098.5133,1521.065478,2.04,8.47,17.26,72.22
Myanmar,1977,31.80728,134.935,260.90372,1125.8281,1553.4741,2.05,8.69,16.79,72.47
Myanmar,1978,32.183075,139.47371,275.48013,1150.6993,1597.836215,2.01,8.73,17.24,72.02
Myanmar,1979,33.473984,137.6566,304.8922,1149.1184,1625.141184,2.06,8.47,18.76,70.71
Myanmar,1980,33.74128,137.33073,268.65405,1169.5212,1609.2472599999999,2.1,8.53,16.69,72.68
Myanmar,1981,35.51962,142.41199,307.4823,1200.9341,1686.34801,2.11,8.44,18.23,71.22
Myanmar,1982,34.729465,149.30737,341.3144,1227.8792,1753.230435,1.98,8.52,19.47,70.04
Myanmar,1983,35.888596,149.18561,338.31512,1243.7246,1767.113926,2.03,8.44,19.15,70.38
Myanmar,1984,37.946075,151.40569,354.57706,1252.4099,1796.338725,2.11,8.43,19.74,69.72
Myanmar,1985,38.858833,142.80516,387.0517,1183.721,1752.436693,2.22,8.15,22.09,67.55
Myanmar,1986,39.692673,140.18845,394.1141,1149.3915,1723.386723,2.3,8.13,22.87,66.69
Myanmar,1987,38.469116,139.91454,377.54144,1163.9651,1719.8901959999998,2.24,8.14,21.95,67.68
Myanmar,1988,39.10509,135.76984,356.79172,1132.2422,1663.9088499999998,2.35,8.16,21.44,68.05
Myanmar,1989,35.130608,127.205765,298.76868,1093.5615,1554.666553,2.26,8.18,19.22,70.34
Myanmar,1990,31.610336,144.25655,372.18317,1246.1643,1794.214356,1.76,8.04,20.74,69.45
Myanmar,1991,31.47689,145.56474,353.92438,1261.0563,1792.0223099999998,1.76,8.12,19.75,70.37
Myanmar,1992,32.02283,147.89882,342.98358,1272.282,1795.18723,1.78,8.24,19.11,70.87
Myanmar,1993,31.92864,152.34038,369.70563,1289.7769,1843.75155,1.73,8.26,20.05,69.95
Myanmar,1994,33.61935,150.20328,343.59955,1294.8656,1822.28778,1.84,8.24,18.86,71.06
Myanmar,1995,32.727173,155.63493,358.3178,1336.5156,1883.195503,1.74,8.26,19.03,70.97
Myanmar,1996,31.332891,157.90073,359.49695,1356.8633,1905.593871,1.64,8.29,18.87,71.2
Myanmar,1997,35.53013,162.9603,367.33328,1398.6251,1964.4488099999999,1.81,8.3,18.7,71.2
Myanmar,1998,36.48159,163.33318,366.63358,1397.6984,1964.1467499999999,1.86,8.32,18.67,71.16
Myanmar,1999,37.752113,164.02052,340.44318,1422.4349,1964.650713,1.92,8.35,17.33,72.4
Myanmar,2000,44.033783,171.0428,365.49323,1462.7863,2043.3561129999998,2.15,8.37,17.89,71.59
Myanmar,2001,46.403866,175.01863,366.87253,1502.2289,2090.523926,2.22,8.37,17.55,71.86
Myanmar,2002,51.399883,177.21452,393.2666,1511.2567,2133.137703,2.41,8.31,18.44,70.85
Myanmar,2003,57.834522,181.53497,409.3142,1536.62,2185.303692,2.65,8.31,18.73,70.32
Myanmar,2004,70.90982,181.74615,447.55203,1517.5784,2217.7864,3.2,8.19,20.18,68.43
Myanmar,2005,76.585884,183.97536,476.96924,1522.9802,2260.510684,3.39,8.14,21.1,67.37
Myanmar,2006,89.1952,189.21217,492.21164,1561.7295,2332.34851,3.82,8.11,21.1,66.96
Myanmar,2007,99.323845,189.18423,546.76697,1574.944,2410.219045,4.12,7.85,22.69,65.34
Myanmar,2008,110.32011,194.70992,592.2832,1611.1157,2508.42893,4.4,7.76,23.61,64.23
Myanmar,2009,123.83901,197.13408,642.8783,1583.4277,2547.27909,4.86,7.74,25.24,62.16
Myanmar,2010,145.92328,203.5108,636.9787,1702.0554,2688.46818,5.43,7.57,23.69,63.31
Myanmar,2011,149.72682,199.98505,645.115,1683.2678,2678.09467,5.59,7.47,24.09,62.85
Myanmar,2012,157.7562,200.1174,648.6887,1682.3364,2688.8986999999997,5.87,7.44,24.12,62.57
Myanmar,2013,162.47736,198.79393,667.6646,1675.7217,2704.65759,6.01,7.35,24.69,61.96
Myanmar,2014,179.89676,202.02611,660.07153,1706.7617,2748.7561,6.54,7.35,24.01,62.09
Myanmar,2015,189.69519,202.31197,677.95074,1705.7955,2775.7533999999996,6.83,7.29,24.42,61.45
Myanmar,2016,192.35043,203.35455,680.1998,1718.2249,2794.12968,6.88,7.28,24.34,61.49
Myanmar,2017,194.06026,205.14365,681.9313,1727.1765,2808.31171,6.91,7.3,24.28,61.5
Myanmar,2018,193.28528,201.58737,703.843,1700.1427,2798.8583500000004,6.91,7.2,25.15,60.74
Myanmar,2019,184.38893,204.37952,748.4075,1658.1503,2795.32625,6.6,7.31,26.77,59.32
Myanmar,2020,93.35071,231.44203,520.56323,2000.3997,2845.75567,3.28,8.13,18.29,70.29
Myanmar,2021,92.305214,230.80334,510.23822,2003.8796,2837.226374,3.25,8.13,17.98,70.63
Myanmar,2022,91.47345,226.44615,505.87558,2005.4009,2829.19608,3.23,8.0,17.88,70.88
Namibia,1961,102.84817,158.95833,470.45978,1526.8739,2259.1401800000003,4.55,7.04,20.82,67.59
Namibia,1962,111.0732,164.08073,442.1852,1594.801,2312.1401299999998,4.8,7.1,19.12,68.98
Namibia,1963,110.47019,162.34457,447.29294,1594.2406,2314.3483,4.77,7.01,19.33,68.89
Namibia,1964,110.281136,162.49133,440.36096,1606.4025,2319.535926,4.75,7.01,18.98,69.26
Namibia,1965,110.10492,163.87515,425.11584,1627.5012,2326.5971099999997,4.73,7.04,18.27,69.95
Namibia,1966,117.76529,161.11119,428.23178,1611.0084,2318.1166599999997,5.08,6.95,18.47,69.5
Namibia,1967,117.06342,158.96329,435.20694,1598.6306,2309.8642499999996,5.07,6.88,18.84,69.21
Namibia,1968,113.87122,158.67706,429.05933,1594.4241,2296.03171,4.96,6.91,18.69,69.44
Namibia,1969,112.69967,158.05139,427.07242,1592.3771,2290.2005799999997,4.92,6.9,18.65,69.53
Namibia,1970,113.05437,159.98882,408.70016,1578.5205,2260.2638500000003,5.0,7.08,18.08,69.84
Namibia,1971,114.17112,160.93556,409.94067,1589.3108,2274.35815,5.02,7.08,18.02,69.88
Namibia,1972,111.81453,159.73505,403.33096,1579.7775,2254.65804,4.96,7.08,17.89,70.07
Namibia,1973,111.74004,160.02992,392.59796,1582.8257,2247.19362,4.97,7.12,17.47,70.44
Namibia,1974,112.99155,159.57578,395.09875,1563.4626,2231.12868,5.06,7.15,17.71,70.07
Namibia,1975,96.7101,162.56839,357.81912,1585.7206,2202.8182100000004,4.39,7.38,16.24,71.99
Namibia,1976,103.14763,161.00693,373.22937,1572.776,2210.15993,4.67,7.28,16.89,71.16
Namibia,1977,111.052635,160.59982,390.73508,1571.1539,2233.541435,4.97,7.19,17.49,70.34
Namibia,1978,114.4414,162.53877,398.5562,1589.9194,2265.45577,5.05,7.17,17.59,70.18
Namibia,1979,118.94754,164.73143,406.21884,1610.6193,2300.51711,5.17,7.16,17.66,70.01
Namibia,1980,120.02617,167.59071,407.45728,1631.5425,2326.61666,5.16,7.2,17.51,70.13
Namibia,1981,100.35224,174.03278,368.78824,1687.4742,2330.64746,4.31,7.47,15.82,72.4
Namibia,1982,94.07952,174.47398,354.4304,1692.3853,2315.3692,4.06,7.54,15.31,73.09
Namibia,1983,84.01834,173.58507,333.4973,1685.6127,2276.71341,3.69,7.62,14.65,74.04
Namibia,1984,87.21102,171.58455,335.17825,1672.9285,2266.90232,3.85,7.57,14.79,73.8
Namibia,1985,88.03674,164.13133,332.1491,1624.94,2209.25717,3.98,7.43,15.03,73.55
Namibia,1986,90.10248,164.14542,336.90173,1620.207,2211.35663,4.07,7.42,15.24,73.27
Namibia,1987,83.2436,177.20764,326.93082,1700.856,2288.2380599999997,3.64,7.74,14.29,74.33
Namibia,1988,84.816376,175.32454,333.55215,1687.3369,2281.029966,3.72,7.69,14.62,73.97
Namibia,1989,77.33656,162.1069,315.703,1594.6917,2149.8381600000002,3.6,7.54,14.68,74.18
Namibia,1990,80.77111,161.66621,316.87366,1570.5413,2129.85228,3.79,7.59,14.88,73.74
Namibia,1991,83.136,161.21838,318.75015,1578.4656,2141.57013,3.88,7.53,14.88,73.71
Namibia,1992,77.29125,160.26021,304.9171,1564.951,2107.4195600000003,3.67,7.6,14.47,74.26
Namibia,1993,63.49055,159.01573,293.79883,1551.478,2067.7831100000003,3.07,7.69,14.21,75.03
Namibia,1994,60.431496,159.7472,278.53595,1562.0654,2060.780046,2.93,7.75,13.52,75.8
Namibia,1995,59.753716,163.77556,284.03662,1591.2473,2098.813196,2.85,7.8,13.53,75.82
Namibia,1996,62.56273,168.91936,294.67667,1583.7795,2109.93826,2.97,8.01,13.97,75.06
Namibia,1997,78.13657,160.64413,386.08292,1541.8965,2166.76012,3.61,7.41,17.82,71.16
Namibia,1998,74.58524,157.77808,402.38425,1522.3748,2157.12237,3.46,7.31,18.65,70.57
Namibia,1999,100.61119,162.8764,427.2526,1572.5936,2263.3337899999997,4.45,7.2,18.88,69.48
Namibia,2000,119.97922,162.47707,488.15137,1573.4539,2344.06156,5.12,6.93,20.83,67.13
Namibia,2001,111.76288,168.66336,486.27457,1596.9155,2363.6163100000003,4.73,7.14,20.57,67.56
Namibia,2002,96.34955,164.18791,439.35394,1594.844,2294.7354,4.2,7.15,19.15,69.5
Namibia,2003,101.78689,166.2974,470.50092,1582.9246,2321.50981,4.38,7.16,20.27,68.19
Namibia,2004,99.42545,163.04124,519.9105,1556.8025,2339.17969,4.25,6.97,22.23,66.55
Namibia,2005,100.47686,162.48637,481.92404,1567.07,2311.95727,4.35,7.03,20.84,67.78
Namibia,2006,97.99941,161.94432,493.96527,1544.5626,2298.4716,4.26,7.05,21.49,67.2
Namibia,2007,101.56756,163.17615,500.01303,1521.8535,2286.61024,4.44,7.14,21.87,66.56
Namibia,2008,109.18999,155.22552,492.00464,1429.8135,2186.23365,4.99,7.1,22.5,65.4
Namibia,2009,98.58029,150.69704,460.0448,1417.85,2127.17213,4.63,7.08,21.63,66.65
Namibia,2010,101.93066,149.25418,498.0015,1456.4622,2205.64854,4.62,6.77,22.58,66.03
Namibia,2011,106.424416,151.52962,508.9535,1478.2285,2245.136036,4.74,6.75,22.67,65.84
Namibia,2012,102.79316,165.05373,516.52374,1553.769,2338.13963,4.4,7.06,22.09,66.45
Namibia,2013,91.45078,168.41664,503.5763,1587.0585,2350.5022200000003,3.89,7.17,21.42,67.52
Namibia,2014,95.65367,161.81575,526.57056,1540.5964,2324.63638,4.11,6.96,22.65,66.27
Namibia,2015,95.02845,164.59804,534.4918,1567.3925,2361.51079,4.02,6.97,22.63,66.37
Namibia,2016,96.39508,164.02405,540.5935,1565.0771,2366.0897299999997,4.07,6.93,22.85,66.15
Namibia,2017,99.5308,163.18071,547.6364,1554.1593,2364.5072099999998,4.21,6.9,23.16,65.73
Namibia,2018,96.55296,165.02866,529.24915,1564.4023,2355.23307,4.1,7.01,22.47,66.42
Namibia,2019,83.743835,164.49681,528.9652,1599.8193,2377.025145,3.52,6.92,22.25,67.3
Namibia,2020,94.39314,163.93831,542.16766,1547.1608,2347.6599100000003,4.02,6.98,23.09,65.9
Namibia,2021,91.537025,159.4516,541.87616,1533.3441,2326.208885,3.94,6.85,23.29,65.92
Namibia,2022,84.42914,156.84773,531.75964,1524.5662,2297.60271,3.67,6.83,23.14,66.35
Nauru,2019,294.9255,156.57832,1173.7401,1458.8376,3084.0815199999997,9.56,5.08,38.06,47.3
Nauru,2020,292.45242,166.60182,1152.3646,1541.9978,3153.4166400000004,9.27,5.28,36.54,48.9
Nauru,2021,330.75983,166.94273,1233.124,1477.1903,3208.0168599999997,10.31,5.2,38.44,46.05
Nauru,2022,286.36804,168.08746,1212.3005,1552.0455,3218.8015,8.9,5.22,37.66,48.22
Nepal,1961,29.661633,141.79614,219.27211,1262.7179,1653.447783,1.79,8.58,13.26,76.37
Nepal,1962,29.718119,142.57935,220.88528,1262.7665,1655.949249,1.79,8.61,13.34,76.26
Nepal,1963,29.855436,143.38861,224.2252,1254.7067,1652.1759459999998,1.81,8.68,13.57,75.94
Nepal,1964,29.696371,144.43747,226.57059,1264.8015,1665.5059310000001,1.78,8.67,13.6,75.94
Nepal,1965,29.612045,144.88217,208.96681,1265.3541,1648.815125,1.8,8.79,12.67,76.74
Nepal,1966,29.495852,142.73752,206.48962,1245.4156,1624.138592,1.82,8.79,12.71,76.68
Nepal,1967,29.722311,140.14612,207.17047,1231.2104,1608.2493009999998,1.85,8.71,12.88,76.56
Nepal,1968,29.912626,145.13025,204.17323,1271.9386,1651.1547059999998,1.81,8.79,12.37,77.03
Nepal,1969,30.107327,145.95912,206.32263,1280.2126,1662.601677,1.81,8.78,12.41,77.0
Nepal,1970,29.854515,144.1419,208.2938,1266.586,1648.876215,1.81,8.74,12.63,76.82
Nepal,1971,30.244139,143.86401,204.64952,1251.4163,1630.173969,1.86,8.83,12.55,76.77
Nepal,1972,30.642166,140.06256,205.16322,1227.7388,1603.606746,1.91,8.73,12.79,76.56
Nepal,1973,30.855785,143.65947,207.85881,1260.6686,1643.042665,1.88,8.74,12.65,76.73
Nepal,1974,31.221737,143.85759,209.41025,1249.9182,1634.407777,1.91,8.8,12.81,76.48
Nepal,1975,31.957949,137.18533,207.78235,1188.4943,1565.4199290000001,2.04,8.76,13.27,75.92
Nepal,1976,32.069695,142.1608,209.87276,1242.58,1626.683255,1.97,8.74,12.9,76.39
Nepal,1977,32.09641,143.71028,205.21295,1265.5449,1646.56454,1.95,8.73,12.46,76.86
Nepal,1978,32.138187,145.75243,214.93108,1286.3708,1679.192497,1.91,8.68,12.8,76.61
Nepal,1979,31.772514,140.75446,215.29767,1226.7228,1614.547444,1.97,8.72,13.33,75.98
Nepal,1980,32.260456,142.65633,208.26863,1245.5607,1628.746116,1.98,8.76,12.79,76.47
Nepal,1981,32.75931,144.56987,222.70602,1266.5854,1666.6206,1.97,8.67,13.36,76.0
Nepal,1982,34.676987,143.36604,209.78098,1236.0422,1623.866207,2.14,8.83,12.92,76.12
Nepal,1983,35.029648,155.2316,224.39484,1349.7593,1764.415388,1.99,8.8,12.72,76.5
Nepal,1984,34.058304,155.33098,213.02138,1377.1543,1779.564964,1.91,8.73,11.97,77.39
Nepal,1985,34.06583,148.89944,264.52744,1348.168,1795.6607099999999,1.9,8.29,14.73,75.08
Nepal,1986,34.19399,145.64792,246.9453,1321.727,1748.51421,1.96,8.33,14.12,75.59
Nepal,1987,33.238438,162.78693,264.66757,1442.7444,1903.4373380000002,1.75,8.55,13.9,75.8
Nepal,1988,33.586723,175.57033,298.11,1577.0745,2084.341553,1.61,8.42,14.3,75.66
Nepal,1989,33.65718,185.05884,298.90695,1635.583,2153.20597,1.56,8.59,13.88,75.96
Nepal,1990,33.727623,172.94218,300.7936,1519.3478,2026.811203,1.66,8.53,14.84,74.96
Nepal,1991,33.25218,174.97244,294.76556,1554.4187,2057.40888,1.62,8.5,14.33,75.55
Nepal,1992,32.648838,174.33667,295.50342,1556.9761,2059.465028,1.59,8.47,14.35,75.6
Nepal,1993,31.903378,168.78511,300.58966,1515.7981,2017.0762479999999,1.58,8.37,14.9,75.15
Nepal,1994,32.04126,178.64758,313.15067,1557.6968,2081.53631,1.54,8.58,15.04,74.83
Nepal,1995,32.427765,176.72392,311.17325,1552.6829,2073.007835,1.56,8.53,15.01,74.9
Nepal,1996,32.384888,177.44838,295.47498,1552.172,2057.480248,1.57,8.62,14.36,75.44
Nepal,1997,33.71125,181.5336,304.8277,1599.0005,2119.07305,1.59,8.57,14.38,75.46
Nepal,1998,34.16105,179.30804,313.1804,1574.7045,2101.35399,1.63,8.53,14.9,74.94
Nepal,1999,34.79896,181.78224,333.92896,1619.2521,2169.76226,1.6,8.38,15.39,74.63
Nepal,2000,34.5685,182.023,319.95697,1595.1755,2131.72397,1.62,8.54,15.01,74.83
Nepal,2001,34.8187,183.27228,328.38812,1611.6732,2158.1522999999997,1.61,8.49,15.22,74.68
Nepal,2002,35.209167,184.1154,335.46722,1613.9025,2168.694287,1.62,8.49,15.47,74.42
Nepal,2003,36.165485,190.3748,354.01694,1652.6138,2233.171025,1.62,8.52,15.85,74.0
Nepal,2004,36.43953,196.26001,353.90598,1687.5123,2274.11782,1.6,8.63,15.56,74.21
Nepal,2005,37.29956,201.45609,361.91153,1712.2902,2312.95738,1.61,8.71,15.65,74.03
Nepal,2006,37.74844,198.54599,351.72052,1706.6118,2294.62675,1.65,8.65,15.33,74.37
Nepal,2007,38.59305,202.03227,376.10785,1736.2413,2352.97447,1.64,8.59,15.98,73.79
Nepal,2008,39.52426,205.36278,410.249,1766.503,2421.63904,1.63,8.48,16.94,72.95
Nepal,2009,40.71675,209.87492,432.7425,1791.1268,2474.46097,1.65,8.48,17.49,72.38
Nepal,2010,45.497913,219.54234,478.32416,1770.435,2513.7994129999997,1.81,8.73,19.03,70.43
Nepal,2011,48.289257,224.80714,479.45755,1795.9255,2548.479447,1.89,8.82,18.81,70.47
Nepal,2012,49.748344,228.01657,498.47604,1823.1499,2599.3908539999998,1.91,8.77,19.18,70.14
Nepal,2013,50.972073,232.07378,502.24762,1842.1501,2627.443573,1.94,8.83,19.12,70.11
Nepal,2014,51.644657,238.05765,496.7771,1871.5234,2658.002807,1.94,8.96,18.69,70.41
Nepal,2015,52.91134,240.9391,501.03027,1895.7977,2690.67841,1.97,8.95,18.62,70.46
Nepal,2016,55.89097,248.20053,549.5712,1941.0549,2794.7176,2.0,8.88,19.66,69.45
Nepal,2017,57.511444,252.22128,571.21063,1965.7524,2846.6957540000003,2.02,8.86,20.07,69.05
Nepal,2018,61.07501,255.38612,556.5278,1981.4453,2854.43423,2.14,8.95,19.5,69.42
Nepal,2019,67.54028,259.16147,561.65186,1998.7804,2887.13401,2.34,8.98,19.45,69.23
Nepal,2020,71.531265,266.91498,564.0838,2035.3079,2937.837945,2.43,9.09,19.2,69.28
Nepal,2021,69.658844,267.83398,585.75183,2068.8962,2992.140854,2.33,8.95,19.58,69.14
Nepal,2022,69.36982,266.82913,593.149,2083.4692,3012.81715,2.3,8.86,19.69,69.15
Netherlands,1961,200.94084,148.50766,1105.5427,1565.4868,3020.478,6.65,4.92,36.6,51.83
Netherlands,1962,211.57283,141.28708,1121.7594,1541.7444,3016.36371,7.01,4.68,37.19,51.11
Netherlands,1963,215.23718,139.50264,1131.1879,1549.4175,3035.34522,7.09,4.6,37.27,51.05
Netherlands,1964,215.02937,133.82697,1133.4353,1496.7595,2979.05114,7.22,4.49,38.05,50.24
Netherlands,1965,215.40645,126.48774,1113.3701,1494.4615,2949.72579,7.3,4.29,37.74,50.66
Netherlands,1966,222.20912,129.72122,1146.5026,1510.3611,3008.79404,7.39,4.31,38.11,50.2
Netherlands,1967,233.06459,130.13799,1179.1968,1510.4409,3052.84028,7.63,4.26,38.63,49.48
Netherlands,1968,230.63124,128.08427,1155.6224,1504.7517,3019.08961,7.64,4.24,38.28,49.84
Netherlands,1969,232.28798,127.25929,1151.8656,1513.978,3025.39087,7.68,4.21,38.07,50.04
Netherlands,1970,234.85577,123.26553,1149.8661,1495.2198,3003.2072,7.82,4.1,38.29,49.79
Netherlands,1971,238.43536,121.12136,1134.7096,1497.0823,2991.3486199999998,7.97,4.05,37.93,50.05
Netherlands,1972,250.46584,123.904236,1131.112,1523.7068,3029.188876,8.27,4.09,37.34,50.3
Netherlands,1973,250.1865,131.42833,1132.9885,1572.5128,3087.11613,8.1,4.26,36.7,50.94
Netherlands,1974,259.94345,131.60234,1147.6427,1586.8145,3126.00299,8.32,4.21,36.71,50.76
Netherlands,1975,240.56735,127.083176,1069.133,1519.5704,2956.3539260000002,8.14,4.3,36.16,51.4
Netherlands,1976,242.70638,132.33105,1104.1708,1567.5481,3046.75633,7.97,4.34,36.24,51.45
Netherlands,1977,252.1459,130.43541,1148.461,1552.5558,3083.59811,8.18,4.23,37.24,50.35
Netherlands,1978,259.95877,128.56375,1155.1895,1524.8701,3068.58212,8.47,4.19,37.65,49.69
Netherlands,1979,259.508,133.4214,1153.9735,1552.444,3099.3469,8.37,4.3,37.23,50.09
Netherlands,1980,266.2902,122.86031,1170.3759,1526.9016,3086.4280099999996,8.63,3.98,37.92,49.47
Netherlands,1981,253.9695,125.57447,1166.0132,1457.7026,3003.25977,8.46,4.18,38.82,48.54
Netherlands,1982,268.05637,125.14859,1179.883,1495.039,3068.12696,8.74,4.08,38.46,48.73
Netherlands,1983,263.66397,127.28057,1156.526,1514.2991,3061.76964,8.61,4.16,37.77,49.46
Netherlands,1984,277.56378,129.99368,1191.7745,1495.4246,3094.75656,8.97,4.2,38.51,48.32
Netherlands,1985,268.744,130.41579,1186.3563,1519.811,3105.3270899999998,8.65,4.2,38.2,48.94
Netherlands,1986,261.62363,131.686,1185.0847,1533.9493,3112.3436300000003,8.41,4.23,38.08,49.29
Netherlands,1987,265.88403,131.39386,1202.7302,1530.0239,3130.0319899999995,8.49,4.2,38.43,48.88
Netherlands,1988,262.4114,133.3475,1204.5005,1587.6664,3187.9258,8.23,4.18,37.78,49.8
Netherlands,1989,248.80608,124.99789,1165.1333,1586.0098,3124.94707,7.96,4.0,37.28,50.75
Netherlands,1990,254.63156,125.215645,1259.7843,1609.6351,3249.266605,7.84,3.85,38.77,49.54
Netherlands,1991,266.16324,127.145775,1237.6233,1677.2715,3308.203815,8.05,3.84,37.41,50.7
Netherlands,1992,259.18362,130.71869,1212.4099,1674.5515,3276.86371,7.91,3.99,37.0,51.1
Netherlands,1993,284.34018,122.639496,1322.4961,1554.9458,3284.4215759999997,8.66,3.73,40.27,47.34
Netherlands,1994,266.369,133.61975,1218.5134,1582.5156,3201.01775,8.32,4.17,38.07,49.44
Netherlands,1995,301.76288,135.01065,1301.2261,1594.7068,3332.70643,9.05,4.05,39.04,47.85
Netherlands,1996,296.13443,137.33368,1328.1409,1585.3887,3346.99771,8.85,4.1,39.68,47.37
Netherlands,1997,282.06033,132.37703,1310.8007,1520.6787,3245.91676,8.69,4.08,40.38,46.85
Netherlands,1998,297.8401,125.0516,1395.144,1513.4355,3331.4712,8.94,3.75,41.88,45.43
Netherlands,1999,294.44006,120.72082,1318.0339,1515.3826,3248.5773799999997,9.06,3.72,40.57,46.65
Netherlands,2000,298.26318,125.42856,1299.2522,1501.6564,3224.60034,9.25,3.89,40.29,46.57
Netherlands,2001,301.2457,127.61841,1274.883,1503.4686,3207.21571,9.39,3.98,39.75,46.88
Netherlands,2002,276.20444,125.63342,1275.9829,1522.1086,3199.92936,8.63,3.93,39.88,47.57
Netherlands,2003,253.97449,131.14719,1156.4592,1554.7312,3096.3120799999997,8.2,4.24,37.35,50.21
Netherlands,2004,283.18945,131.8575,1186.0063,1556.1791,3157.23235,8.97,4.18,37.56,49.29
Netherlands,2005,284.89987,131.16322,1248.2783,1534.5842,3198.92559,8.91,4.1,39.02,47.97
Netherlands,2006,298.53238,132.7649,1183.4464,1575.3074,3190.05108,9.36,4.16,37.1,49.38
Netherlands,2007,281.2892,140.52525,1178.3413,1619.5518,3219.70755,8.74,4.36,36.6,50.3
Netherlands,2008,292.98532,136.5886,1187.5928,1592.705,3209.87172,9.13,4.26,37.0,49.62
Netherlands,2009,302.27307,137.21999,1134.3876,1615.4122,3189.29286,9.48,4.3,35.57,50.65
Netherlands,2010,301.3262,138.87242,1118.8563,1634.3073,3193.36222,9.44,4.35,35.04,51.18
Netherlands,2011,296.78265,138.32149,1095.3027,1666.1217,3196.5285400000002,9.28,4.33,34.27,52.12
Netherlands,2012,321.2748,137.69485,1114.8462,1638.0289,3211.84475,10.0,4.29,34.71,51.0
Netherlands,2013,319.07468,138.26305,1129.3074,1628.6469,3215.2920299999996,9.92,4.3,35.12,50.65
Netherlands,2014,305.75012,137.54375,1160.2119,1626.0345,3229.54027,9.47,4.26,35.92,50.35
Netherlands,2015,307.7233,135.27393,1166.8121,1651.2484,3261.05773,9.44,4.15,35.78,50.64
Netherlands,2016,304.81366,136.48134,1174.942,1625.5933,3241.8303,9.4,4.21,36.24,50.14
Netherlands,2017,270.02313,148.94402,1136.5775,1696.9161,3252.46075,8.3,4.58,34.95,52.17
Netherlands,2018,280.88312,147.56584,1259.9553,1603.8162,3292.2204600000005,8.53,4.48,38.27,48.72
Netherlands,2019,270.7239,159.00476,1197.5848,1806.2385,3433.55196,7.88,4.63,34.88,52.61
Netherlands,2020,291.81696,153.57954,1236.3965,1753.8079,3435.6009000000004,8.49,4.47,35.99,51.05
Netherlands,2021,297.076,151.26237,1284.605,1729.1921,3462.13547,8.58,4.37,37.1,49.95
Netherlands,2022,316.74216,144.32329,1278.6914,1728.6423,3468.39915,9.13,4.16,36.87,49.84
Netherlands Antilles,1961,188.69276,152.45514,943.6194,1768.896,3053.6633,6.18,4.99,30.9,57.93
Netherlands Antilles,1962,206.10054,155.21202,971.90283,1809.8384,3143.05379,6.56,4.94,30.92,57.58
Netherlands Antilles,1963,224.46078,157.9053,1012.83984,1811.6693,3206.87522,7.0,4.92,31.58,56.49
Netherlands Antilles,1964,211.85965,162.56334,975.5333,1855.6929,3205.64919,6.61,5.07,30.43,57.89
Netherlands Antilles,1965,211.23381,157.33559,989.4176,1810.5612,3168.5482,6.67,4.97,31.23,57.14
Netherlands Antilles,1966,207.37816,152.40947,966.4647,1782.6233,3108.87563,6.67,4.9,31.09,57.34
Netherlands Antilles,1967,219.17627,158.22578,976.537,1830.6208,3184.5598499999996,6.88,4.97,30.66,57.48
Netherlands Antilles,1968,228.61328,155.8153,1020.42334,1834.0464,3238.8983200000002,7.06,4.81,31.51,56.63
Netherlands Antilles,1969,232.01091,147.92177,1015.9309,1819.2498,3215.11338,7.22,4.6,31.6,56.58
Netherlands Antilles,1970,261.527,149.19188,1063.7463,1873.6715,3348.13668,7.81,4.46,31.77,55.96
Netherlands Antilles,1971,271.06754,145.0651,1114.98,1844.9067,3376.01934,8.03,4.3,33.03,54.65
Netherlands Antilles,1972,258.33252,137.91277,1119.1266,1784.2543,3299.62619,7.83,4.18,33.92,54.07
Netherlands Antilles,1973,263.79874,139.34966,1117.7004,1786.0002,3306.849,7.98,4.21,33.8,54.01
Netherlands Antilles,1974,264.77167,155.62755,1091.3053,1850.1931,3361.8976199999997,7.88,4.63,32.46,55.03
Netherlands Antilles,1975,261.66806,152.52846,1026.3755,1842.7949,3283.3669200000004,7.97,4.65,31.26,56.13
Netherlands Antilles,1976,295.12292,172.82047,1118.5957,1918.8989,3505.4379900000004,8.42,4.93,31.91,54.74
Netherlands Antilles,1977,310.4206,171.05315,1199.4453,1882.6469,3563.56595,8.71,4.8,33.66,52.83
Netherlands Antilles,1978,284.9322,175.7927,1140.1377,1914.7869,3515.6495,8.1,5.0,32.43,54.46
Netherlands Antilles,1979,314.95612,172.10739,1169.1105,1932.3076,3588.48161,8.78,4.8,32.58,53.85
Netherlands Antilles,1980,320.64816,176.75008,1181.9485,1911.0776,3590.42434,8.93,4.92,32.92,53.23
Netherlands Antilles,1981,369.67514,172.4748,1316.2429,1909.8369,3768.2297399999998,9.81,4.58,34.93,50.68
Netherlands Antilles,1982,347.18576,167.93224,1324.2279,1922.3684,3761.7143000000005,9.23,4.46,35.2,51.1
Netherlands Antilles,1983,364.40497,170.51173,1297.9135,2004.4287,3837.2589,9.5,4.44,33.82,52.24
Netherlands Antilles,1984,334.28308,178.3519,1258.3357,2158.731,3929.70168,8.51,4.54,32.02,54.93
Netherlands Antilles,1985,211.40248,128.327,838.32367,1556.8174,2734.8705499999996,7.73,4.69,30.65,56.92
Netherlands Antilles,1986,213.5599,127.94209,855.431,1628.0913,2825.0242900000003,7.56,4.53,30.28,57.63
Netherlands Antilles,1987,245.52615,130.75714,847.9028,1604.868,2829.0540899999996,8.68,4.62,29.97,56.73
Netherlands Antilles,1988,209.46866,124.5619,813.44995,1523.8445,2671.3250099999996,7.84,4.66,30.45,57.04
Netherlands Antilles,1989,214.49924,115.41949,782.23535,1551.0647,2663.21878,8.05,4.33,29.37,58.24
Netherlands Antilles,1990,204.3889,130.24744,735.83606,1555.8711,2626.3435,7.78,4.96,28.02,59.24
Netherlands Antilles,1991,202.63664,131.64543,721.4556,1581.7965,2637.53417,7.68,4.99,27.35,59.97
Netherlands Antilles,1992,210.56973,147.75543,756.355,1677.5166,2792.19676,7.54,5.29,27.09,60.08
Netherlands Antilles,1993,224.17905,147.07913,839.6586,1735.5768,2946.4935800000003,7.61,4.99,28.5,58.9
Netherlands Antilles,1994,220.52559,144.77663,816.08484,1733.938,2915.32506,7.56,4.97,27.99,59.48
Netherlands Antilles,1995,241.52913,140.19746,880.3291,1700.3276,2962.38329,8.15,4.73,29.72,57.4
Netherlands Antilles,1996,222.22456,140.97719,883.1479,1752.4658,2998.81545,7.41,4.7,29.45,58.44
Netherlands Antilles,1997,227.27914,143.45172,869.9251,1754.9827,2995.63866,7.59,4.79,29.04,58.58
Netherlands Antilles,1998,240.45926,137.70651,886.36414,1733.1008,2997.63071,8.02,4.59,29.57,57.82
Netherlands Antilles,1999,255.95042,138.50534,861.92633,1789.6863,3046.0683900000004,8.4,4.55,28.3,58.75
Netherlands Antilles,2000,274.4354,140.63147,837.8197,1854.8628,3107.7493700000005,8.83,4.53,26.96,59.69
Netherlands Antilles,2001,264.2239,146.0717,795.4333,1880.5519,3086.2808,8.56,4.73,25.77,60.93
Netherlands Antilles,2002,242.64316,139.10843,762.56537,1955.2719,3099.58886,7.83,4.49,24.6,63.08
Netherlands Antilles,2003,241.0352,142.7427,750.7352,1966.518,3101.0311,7.77,4.6,24.21,63.41
Netherlands Antilles,2004,226.80118,145.01665,720.4756,2030.8306,3123.12403,7.26,4.64,23.07,65.03
Netherlands Antilles,2005,231.05515,148.89952,760.33405,1981.5044,3121.7931200000003,7.4,4.77,24.36,63.47
Netherlands Antilles,2006,231.41078,142.81816,734.8711,2016.5668,3125.66684,7.4,4.57,23.51,64.52
Netherlands Antilles,2007,214.73932,153.46626,735.91473,2002.0823,3106.2026100000003,6.91,4.94,23.69,64.45
Netherlands Antilles,2008,223.90427,145.30087,711.07526,2038.9502,3119.2306,7.18,4.66,22.8,65.37
Netherlands Antilles,2009,233.68817,144.73355,743.44556,2020.5077,3142.37498,7.44,4.61,23.66,64.3
New Caledonia,1961,145.91765,132.83807,790.0763,1721.8674,2790.69942,5.23,4.76,28.31,61.7
New Caledonia,1962,145.85538,132.58519,805.5513,1665.4287,2749.4205699999998,5.3,4.82,29.3,60.57
New Caledonia,1963,154.21942,128.50317,782.2747,1679.5692,2744.56649,5.62,4.68,28.5,61.2
New Caledonia,1964,154.24086,131.75723,813.5674,1706.9578,2806.52329,5.5,4.69,28.99,60.82
New Caledonia,1965,152.59662,138.75974,798.3766,1759.7277,2849.4606599999997,5.36,4.87,28.02,61.76
New Caledonia,1966,147.86737,142.68593,805.7438,1792.7887,2889.0858,5.12,4.94,27.89,62.05
New Caledonia,1967,153.8291,139.33456,859.5026,1746.2408,2898.90706,5.31,4.81,29.65,60.24
New Caledonia,1968,156.86299,141.36024,849.18646,1757.8944,2905.3040899999996,5.4,4.87,29.23,60.51
New Caledonia,1969,168.38632,142.71791,813.23773,1830.8398,2955.1817600000004,5.7,4.83,27.52,61.95
New Caledonia,1970,173.09961,147.39404,811.97363,1879.0049,3011.4721799999998,5.75,4.89,26.96,62.39
New Caledonia,1971,178.95793,142.16853,962.37964,1847.0198,3130.5259,5.72,4.54,30.74,59.0
New Caledonia,1972,196.08978,138.47224,998.5233,1729.3911,3062.47642,6.4,4.52,32.61,56.47
New Caledonia,1973,186.91199,139.82382,975.3734,1749.9019,3052.0111100000004,6.12,4.58,31.96,57.34
New Caledonia,1974,182.34073,134.17952,914.6288,1702.4948,2933.64385,6.22,4.57,31.18,58.03
New Caledonia,1975,165.0339,133.70354,856.146,1660.5281,2815.41154,5.86,4.75,30.41,58.98
New Caledonia,1976,174.16273,132.38745,846.11646,1622.787,2775.4536399999997,6.28,4.77,30.49,58.47
New Caledonia,1977,176.19617,126.067856,858.43805,1617.4601,2778.162176,6.34,4.54,30.9,58.22
New Caledonia,1978,159.91226,130.22122,816.48486,1642.5548,2749.17314,5.82,4.74,29.7,59.75
New Caledonia,1979,160.52075,123.95454,824.1011,1607.4197,2715.9960899999996,5.91,4.56,30.34,59.18
New Caledonia,1980,170.48152,129.26413,850.6918,1628.0398,2778.47725,6.14,4.65,30.62,58.59
New Caledonia,1981,164.37796,127.59169,836.8496,1571.1866,2700.00585,6.09,4.73,30.99,58.19
New Caledonia,1982,173.63196,131.61742,874.4928,1612.8994,2792.64158,6.22,4.71,31.31,57.76
New Caledonia,1983,169.09247,127.21354,852.11536,1600.2446,2748.66597,6.15,4.63,31.0,58.22
New Caledonia,1984,167.56905,129.38585,911.48016,1490.458,2698.8930600000003,6.21,4.79,33.77,55.22
New Caledonia,1985,161.41115,137.0726,823.589,1544.4026,2666.4753499999997,6.05,5.14,30.89,57.92
New Caledonia,1986,166.22713,126.974236,952.943,1488.6409,2734.785266,6.08,4.64,34.85,54.43
New Caledonia,1987,175.85802,131.03899,941.8043,1531.8447,2780.54601,6.32,4.71,33.87,55.09
New Caledonia,1988,148.12418,127.1614,822.25073,1499.7332,2597.26951,5.7,4.9,31.66,57.74
New Caledonia,1989,151.88823,129.74586,870.5176,1481.3323,2633.48399,5.77,4.93,33.06,56.25
New Caledonia,1990,170.35448,119.58532,860.9971,1479.4803,2630.4172,6.48,4.55,32.73,56.25
New Caledonia,1991,173.32988,120.3627,933.4184,1481.9988,2709.10978,6.4,4.44,34.45,54.7
New Caledonia,1992,176.04636,116.70829,875.9082,1395.2109,2563.8737499999997,6.87,4.55,34.16,54.42
New Caledonia,1993,164.86107,117.50857,934.04517,1341.8723,2558.28711,6.44,4.59,36.51,52.45
New Caledonia,1994,180.74251,118.3888,890.38477,1373.8718,2563.3878799999998,7.05,4.62,34.73,53.6
New Caledonia,1995,170.6364,109.27974,887.2376,1323.3378,2490.49154,6.85,4.39,35.62,53.14
New Caledonia,1996,195.26141,111.47036,893.3351,1309.8992,2509.9660700000004,7.78,4.44,35.59,52.19
New Caledonia,1997,183.71747,118.2067,989.0124,1308.8925,2599.82907,7.07,4.55,38.04,50.35
New Caledonia,1998,182.1262,117.6798,962.6185,1307.6917,2570.1162000000004,7.09,4.58,37.45,50.88
New Caledonia,1999,172.20174,127.1336,941.905,1339.2966,2580.53694,6.67,4.93,36.5,51.9
New Caledonia,2000,161.24518,132.28732,922.3397,1390.862,2606.7342,6.19,5.07,35.38,53.36
New Caledonia,2001,180.9997,129.3016,955.94464,1350.6172,2616.86314,6.92,4.94,36.53,51.61
New Caledonia,2002,180.97893,123.97,990.6709,1309.7783,2605.39813,6.95,4.76,38.02,50.27
New Caledonia,2003,182.40784,124.20767,971.9577,1301.771,2580.34421,7.07,4.81,37.67,50.45
New Caledonia,2004,184.62306,118.5848,1000.74854,1268.2462,2572.2026,7.18,4.61,38.91,49.31
New Caledonia,2005,180.17165,125.062965,958.2162,1312.0365,2575.487315,7.0,4.86,37.21,50.94
New Caledonia,2006,180.9808,123.61586,973.17957,1319.5814,2597.35763,6.97,4.76,37.47,50.8
New Caledonia,2007,191.25822,124.26701,975.0442,1319.0377,2609.6071300000003,7.33,4.76,37.36,50.55
New Caledonia,2008,179.94878,124.19743,949.95776,1359.2405,2613.34447,6.89,4.75,36.35,52.01
New Caledonia,2009,191.3307,126.331924,995.9267,1336.4333,2650.022624,7.22,4.77,37.58,50.43
New Caledonia,2010,229.58426,141.78088,1058.0488,1349.1576,2778.57154,8.26,5.1,38.08,48.56
New Caledonia,2011,236.86743,141.69678,1032.8075,1338.005,2749.37671,8.62,5.15,37.57,48.67
New Caledonia,2012,234.83417,142.37096,1026.5453,1333.7039,2737.45433,8.58,5.2,37.5,48.72
New Caledonia,2013,228.36273,146.35666,1029.1602,1357.4342,2761.31379,8.27,5.3,37.27,49.16
New Caledonia,2014,223.17955,155.79027,957.30133,1434.2992,2770.57035,8.06,5.62,34.55,51.77
New Caledonia,2015,209.8044,156.42363,957.25507,1453.426,2776.9091,7.56,5.63,34.47,52.34
New Caledonia,2016,222.08568,152.67639,964.87115,1468.6493,2808.2825199999997,7.91,5.44,34.36,52.3
New Caledonia,2017,220.85632,155.86317,964.60657,1476.3976,2817.72366,7.84,5.53,34.23,52.4
New Caledonia,2018,221.70464,157.63698,986.0953,1473.4858,2838.92272,7.81,5.55,34.73,51.9
New Caledonia,2019,238.75096,168.94922,1007.2646,1503.2534,2918.21818,8.18,5.79,34.52,51.51
New Caledonia,2020,246.7497,163.49184,1045.1483,1477.1719,2932.56174,8.41,5.58,35.64,50.37
New Caledonia,2021,238.49362,174.95453,1073.0396,1497.9219,2984.40965,7.99,5.86,35.95,50.19
New Caledonia,2022,234.38792,181.8708,1057.018,1512.5535,2985.83022,7.85,6.09,35.4,50.66
New Zealand,1961,248.41728,135.88126,972.8679,1561.9861,2919.15254,8.51,4.65,33.33,53.51
New Zealand,1962,265.17175,130.09329,1005.90985,1553.0436,2954.21849,8.98,4.4,34.05,52.57
New Zealand,1963,258.43747,135.66072,978.53424,1571.1377,2943.77013,8.78,4.61,33.24,53.37
New Zealand,1964,244.12434,140.35455,1029.9781,1533.8662,2948.32319,8.28,4.76,34.93,52.03
New Zealand,1965,234.08731,136.20206,1022.891,1563.3132,2956.49357,7.92,4.61,34.6,52.88
New Zealand,1966,253.0368,132.92592,1079.0281,1605.4384,3070.42922,8.24,4.33,35.14,52.29
New Zealand,1967,245.16458,125.42196,1087.6027,1519.4902,2977.67944,8.23,4.21,36.53,51.03
New Zealand,1968,259.20084,124.88875,1062.1807,1506.9651,2953.23539,8.78,4.23,35.97,51.03
New Zealand,1969,270.34662,129.25113,1005.0661,1548.4513,2953.1151499999996,9.15,4.38,34.03,52.43
New Zealand,1970,258.60437,124.785614,1025.1346,1547.2397,2955.7642840000003,8.75,4.22,34.68,52.35
New Zealand,1971,263.72858,121.68698,1135.301,1508.4358,3029.15236,8.71,4.02,37.48,49.8
New Zealand,1972,267.43475,123.37582,1146.9795,1524.5166,3062.30667,8.73,4.03,37.45,49.78
New Zealand,1973,279.3941,128.07405,1117.0747,1572.922,3097.46485,9.02,4.13,36.06,50.78
New Zealand,1974,271.84213,128.91689,1102.7078,1591.4192,3094.88602,8.78,4.17,35.63,51.42
New Zealand,1975,305.58997,131.3714,1113.4684,1572.4312,3122.8609699999997,9.79,4.21,35.66,50.35
New Zealand,1976,335.85925,125.09206,1156.0773,1599.8063,3216.8349099999996,10.44,3.89,35.94,49.73
New Zealand,1977,274.06088,133.62904,1090.5944,1598.7745,3097.05882,8.85,4.31,35.21,51.62
New Zealand,1978,297.8639,131.56519,1065.0686,1616.3837,3110.8813900000005,9.57,4.23,34.24,51.96
New Zealand,1979,250.47664,130.92825,1079.08,1585.124,3045.60889,8.22,4.3,35.43,52.05
New Zealand,1980,267.26108,132.07018,1103.022,1561.3867,3063.73996,8.72,4.31,36.0,50.96
New Zealand,1981,262.79208,125.366135,1140.4652,1539.4213,3068.044715,8.57,4.09,37.17,50.18
New Zealand,1982,273.53635,133.68437,1065.3799,1609.1885,3081.78912,8.88,4.34,34.57,52.22
New Zealand,1983,242.83566,125.59363,1117.4856,1481.0999,2967.01479,8.18,4.23,37.66,49.92
New Zealand,1984,261.05463,122.86098,1167.4688,1511.1561,3062.54051,8.52,4.01,38.12,49.34
New Zealand,1985,270.92502,126.99986,1078.3584,1545.6653,3021.94858,8.97,4.2,35.68,51.15
New Zealand,1986,271.3474,133.58765,1139.5568,1616.6815,3161.17335,8.58,4.23,36.05,51.14
New Zealand,1987,263.96512,137.16069,1110.2611,1661.734,3173.1209099999996,8.32,4.32,34.99,52.37
New Zealand,1988,260.12888,131.27061,1119.6498,1628.992,3140.04129,8.28,4.18,35.66,51.88
New Zealand,1989,243.53297,128.60187,1122.756,1606.2327,3101.12354,7.85,4.15,36.2,51.8
New Zealand,1990,266.84387,138.3635,1201.7878,1651.0288,3258.02397,8.19,4.25,36.89,50.68
New Zealand,1991,249.03868,139.3492,1155.6896,1619.8899,3163.96738,7.87,4.4,36.53,51.2
New Zealand,1992,230.28058,144.8328,1137.9252,1648.569,3161.60758,7.28,4.58,35.99,52.14
New Zealand,1993,244.13408,155.30725,1124.2817,1697.5459,3221.26893,7.58,4.82,34.9,52.7
New Zealand,1994,214.03899,163.29077,1045.8414,1746.5907,3169.76186,6.75,5.15,32.99,55.1
New Zealand,1995,263.04373,160.70671,1110.5146,1674.2683,3208.53334,8.2,5.01,34.61,52.18
New Zealand,1996,230.75412,158.83282,1094.3677,1704.4629,3188.41754,7.24,4.98,34.32,53.46
New Zealand,1997,229.83429,157.55411,1089.5074,1724.8499,3201.7457,7.18,4.92,34.03,53.87
New Zealand,1998,209.39182,163.57494,1014.79987,1797.3789,3185.14553,6.57,5.14,31.86,56.43
New Zealand,1999,207.15521,164.04431,1018.18146,1782.2754,3171.65638,6.53,5.17,32.1,56.19
New Zealand,2000,197.70454,153.89911,1028.0176,1793.7728,3173.39405,6.23,4.85,32.39,56.53
New Zealand,2001,214.92087,147.61754,1015.1216,1751.5831,3129.2431100000003,6.87,4.72,32.44,55.97
New Zealand,2002,219.60628,144.2382,1038.7678,1727.0278,3129.64008,7.02,4.61,33.19,55.18
New Zealand,2003,222.63484,144.54472,1026.2374,1725.3503,3118.76726,7.14,4.63,32.91,55.32
New Zealand,2004,227.88866,145.14717,1058.8492,1721.3601,3153.2451300000002,7.23,4.6,33.58,54.59
New Zealand,2005,222.5889,146.08646,1069.9445,1743.6498,3182.26966,6.99,4.59,33.62,54.79
New Zealand,2006,224.60686,151.39247,1066.8425,1710.5408,3153.38263,7.12,4.8,33.83,54.24
New Zealand,2007,238.63202,139.92369,1091.4348,1721.3921,3191.38261,7.48,4.38,34.2,53.94
New Zealand,2008,235.17192,142.82167,1091.9716,1747.2363,3217.2014900000004,7.31,4.44,33.94,54.31
New Zealand,2009,220.2754,149.24733,1050.5365,1737.6365,3157.69573,6.98,4.73,33.27,55.03
New Zealand,2010,224.72874,162.3885,1038.0908,1717.2456,3142.4536399999997,7.15,5.17,33.03,54.65
New Zealand,2011,274.75357,146.83382,1202.022,1634.5159,3258.12529,8.43,4.51,36.89,50.17
New Zealand,2012,241.76587,164.30962,1086.5968,1737.2576,3229.92989,7.49,5.09,33.64,53.79
New Zealand,2013,250.70105,162.96368,1138.6772,1744.8546,3297.19653,7.6,4.94,34.53,52.92
New Zealand,2014,244.48703,168.63377,1046.8348,1773.7585,3233.7141,7.56,5.21,32.37,54.85
New Zealand,2015,230.90309,172.24208,1023.5729,1767.7496,3194.46767,7.23,5.39,32.04,55.34
New Zealand,2016,249.70465,169.50609,1013.70984,1721.2395,3154.1600799999997,7.92,5.37,32.14,54.57
New Zealand,2017,226.94249,167.92877,1011.38916,1720.57,3126.8304200000002,7.26,5.37,32.35,55.03
New Zealand,2018,245.44151,170.99947,1036.245,1701.2769,3153.96288,7.78,5.42,32.86,53.94
New Zealand,2019,243.2718,167.01828,1016.3626,1688.8787,3115.5313800000004,7.81,5.36,32.62,54.21
New Zealand,2020,224.85268,167.23193,1070.506,1685.2772,3147.86781,7.14,5.31,34.01,53.54
New Zealand,2021,228.50383,170.73509,1072.6482,1679.3705,3151.2576200000003,7.25,5.42,34.04,53.29
New Zealand,2022,246.87239,179.25327,1047.7223,1706.291,3180.1389599999998,7.76,5.64,32.95,53.65
Nicaragua,1961,79.56119,144.45378,276.59073,1402.7244,1903.3301000000001,4.18,7.59,14.53,73.7
Nicaragua,1962,76.665886,141.44498,297.3396,1423.1754,1938.625866,3.95,7.3,15.34,73.41
Nicaragua,1963,81.26417,138.56378,301.27155,1430.7957,1951.8952,4.16,7.1,15.43,73.3
Nicaragua,1964,80.59292,145.68874,304.49426,1474.0875,2004.8634200000001,4.02,7.27,15.19,73.53
Nicaragua,1965,80.78225,152.00917,321.68573,1450.1488,2004.6259499999999,4.03,7.58,16.05,72.34
Nicaragua,1966,84.57179,157.76657,336.89487,1454.5074,2033.74063,4.16,7.76,16.57,71.52
Nicaragua,1967,83.52639,162.48306,335.27777,1487.004,2068.29122,4.04,7.86,16.21,71.9
Nicaragua,1968,89.494896,162.55925,330.30762,1532.9722,2115.333966,4.23,7.68,15.61,72.47
Nicaragua,1969,91.004265,160.27852,330.91647,1479.771,2061.970255,4.41,7.77,16.05,71.76
Nicaragua,1970,93.06725,156.73651,344.0992,1455.3992,2049.30216,4.54,7.65,16.79,71.02
Nicaragua,1971,92.75333,148.57158,351.83322,1431.7384,2024.89653,4.58,7.34,17.38,70.71
Nicaragua,1972,90.63935,143.49246,335.7046,1409.6777,1979.51411,4.58,7.25,16.96,71.21
Nicaragua,1973,88.307884,146.10724,346.34924,1454.1305,2034.8948639999999,4.34,7.18,17.02,71.46
Nicaragua,1974,86.076164,140.33554,355.16846,1416.364,1997.944164,4.31,7.02,17.78,70.89
Nicaragua,1975,97.302704,138.06734,362.9482,1423.0272,2021.345444,4.81,6.83,17.96,70.4
Nicaragua,1976,100.703766,133.96701,365.538,1434.532,2034.7407759999999,4.95,6.58,17.96,70.5
Nicaragua,1977,101.841415,137.11409,366.2175,1479.5735,2084.746505,4.89,6.58,17.57,70.97
Nicaragua,1978,97.86448,133.53844,356.80923,1425.4152,2013.62735,4.86,6.63,17.72,70.79
Nicaragua,1979,86.941635,132.92728,344.62296,1390.5372,1955.029075,4.45,6.8,17.63,71.13
Nicaragua,1980,67.191414,144.13579,355.96262,1459.2048,2026.494624,3.32,7.11,17.57,72.01
Nicaragua,1981,65.8877,168.55739,375.92575,1523.6232,2133.99404,3.09,7.9,17.62,71.4
Nicaragua,1982,67.846634,135.73326,307.19894,1500.2723,2011.051134,3.37,6.75,15.28,74.6
Nicaragua,1983,64.07592,142.27094,346.2979,1510.2238,2062.86856,3.11,6.9,16.79,73.21
Nicaragua,1984,71.278366,152.80225,332.18878,1586.8843,2143.153696,3.33,7.13,15.5,74.04
Nicaragua,1985,68.105576,149.54398,350.5275,1597.9084,2166.085456,3.14,6.9,16.18,73.77
Nicaragua,1986,64.41516,154.31631,364.04565,1612.7795,2195.5566200000003,2.93,7.03,16.58,73.46
Nicaragua,1987,57.643967,143.77037,358.26743,1569.5096,2129.1913670000004,2.71,6.75,16.83,73.71
Nicaragua,1988,51.001892,162.77539,360.77158,1531.921,2106.469862,2.42,7.73,17.13,72.72
Nicaragua,1989,46.92311,152.11208,359.08713,1515.4097,2073.5320199999996,2.26,7.34,17.32,73.08
Nicaragua,1990,51.65402,134.12549,345.62268,1192.3867,1723.78889,3.0,7.78,20.05,69.17
Nicaragua,1991,49.81439,140.25217,369.63907,1231.7423,1791.4479299999998,2.78,7.83,20.63,68.76
Nicaragua,1992,53.375854,123.015594,399.39206,1203.1193,1778.902808,3.0,6.92,22.45,67.63
Nicaragua,1993,49.399136,137.3264,397.92087,1262.8253,1847.4717059999998,2.67,7.43,21.54,68.35
Nicaragua,1994,46.95971,128.49811,428.9481,1325.8706,1930.27652,2.43,6.66,22.22,68.69
Nicaragua,1995,44.594246,127.84219,450.38785,1348.9961,1971.820386,2.26,6.48,22.84,68.41
Nicaragua,1996,43.326572,135.73245,369.48273,1438.7277,1987.269452,2.18,6.83,18.59,72.4
Nicaragua,1997,44.925743,138.5681,369.76025,1418.8408,1972.094893,2.28,7.03,18.75,71.95
Nicaragua,1998,50.748844,148.6476,408.3361,1482.8771,2090.609644,2.43,7.11,19.53,70.93
Nicaragua,1999,59.109055,155.516,399.35095,1493.193,2107.1690049999997,2.81,7.38,18.95,70.86
Nicaragua,2000,59.31171,152.26047,439.38397,1515.3431,2166.29925,2.74,7.03,20.28,69.95
Nicaragua,2001,62.88377,168.66689,474.4672,1635.3342,2341.35206,2.69,7.2,20.26,69.85
Nicaragua,2002,64.049644,170.21469,444.53552,1656.301,2335.100854,2.74,7.29,19.04,70.93
Nicaragua,2003,63.886276,171.57446,446.20386,1684.9854,2366.649996,2.7,7.25,18.85,71.2
Nicaragua,2004,67.25285,174.4652,468.29807,1700.6272,2410.64332,2.79,7.24,19.43,70.55
Nicaragua,2005,70.33633,175.84082,513.73706,1690.829,2450.74321,2.87,7.17,20.96,68.99
Nicaragua,2006,76.2252,180.06113,534.61633,1668.3694,2459.2720600000002,3.1,7.32,21.74,67.84
Nicaragua,2007,76.38861,183.51996,554.46893,1701.0309,2515.4084000000003,3.04,7.3,22.04,67.62
Nicaragua,2008,75.172806,182.95166,549.9527,1699.377,2507.454166,3.0,7.3,21.93,67.77
Nicaragua,2009,77.486305,182.95377,529.5202,1720.8314,2510.791675,3.09,7.29,21.09,68.54
Nicaragua,2010,81.40495,168.3621,519.8139,1770.0066,2539.58755,3.21,6.63,20.47,69.7
Nicaragua,2011,81.94345,172.0159,560.4712,1757.2908,2571.72135,3.19,6.69,21.79,68.33
Nicaragua,2012,81.140495,173.0316,517.4393,1811.0374,2582.648795,3.14,6.7,20.04,70.12
Nicaragua,2013,84.9624,168.6567,503.0862,1814.7878,2571.4931,3.3,6.56,19.56,70.57
Nicaragua,2014,97.39126,165.96223,540.3188,1748.0891,2551.7613899999997,3.82,6.5,21.17,68.51
Nicaragua,2015,92.2252,165.23512,526.2798,1773.5426,2557.28272,3.61,6.46,20.58,69.35
Nicaragua,2016,92.7537,171.81168,545.0818,1828.3593,2638.00648,3.52,6.51,20.66,69.31
Nicaragua,2017,96.03544,170.44238,580.8297,1820.3948,2667.7023200000003,3.6,6.39,21.77,68.24
Nicaragua,2018,93.36645,176.87459,550.64844,1824.363,2645.25248,3.53,6.69,20.82,68.97
Nicaragua,2019,111.33251,169.01328,594.0543,1806.9231,2681.32319,4.15,6.3,22.16,67.39
Nicaragua,2020,115.1707,173.29115,576.152,1837.02,2701.63385,4.26,6.41,21.33,68.0
Nicaragua,2021,119.51119,176.66872,582.9883,1871.5894,2750.75761,4.34,6.42,21.19,68.04
Nicaragua,2022,123.01548,180.29056,601.60516,1876.4503,2781.3615,4.42,6.48,21.63,67.47
Niger,1961,46.567463,124.68676,233.93024,1124.8893,1530.073763,3.04,8.15,15.29,73.52
Niger,1962,46.39981,128.0741,245.96265,1117.364,1537.8005600000001,3.02,8.33,15.99,72.66
Niger,1963,50.78891,132.52908,250.91011,1122.78,1557.0081,3.26,8.51,16.11,72.11
Niger,1964,51.025124,121.68695,253.32495,1168.9719,1595.008924,3.2,7.63,15.88,73.29
Niger,1965,50.544704,154.85472,262.0633,1275.4958,1742.958524,2.9,8.88,15.04,73.18
Niger,1966,53.541615,151.6823,269.32797,1268.4873,1743.039185,3.07,8.7,15.45,72.77
Niger,1967,56.31024,159.04045,285.19852,1318.3551,1818.90431,3.1,8.74,15.68,72.48
Niger,1968,61.17933,160.68103,295.7759,1423.1207,1940.75696,3.15,8.28,15.24,73.33
Niger,1969,59.46768,154.58563,284.50052,1386.3593,1884.9131300000001,3.15,8.2,15.09,73.55
Niger,1970,60.165592,153.204,268.1829,1377.5073,1859.059792,3.24,8.24,14.43,74.1
Niger,1971,57.679237,160.72672,270.41415,1487.9666,1976.786707,2.92,8.13,13.68,75.27
Niger,1972,56.49586,159.93845,249.78018,1373.2299,1839.44439,3.07,8.69,13.58,74.65
Niger,1973,50.07515,166.52368,245.21593,1439.3655,1901.18026,2.63,8.76,12.9,75.71
Niger,1974,49.58724,171.70676,259.41824,1425.0232,1905.7354400000002,2.6,9.01,13.61,74.78
Niger,1975,51.654274,179.14954,265.57697,1420.6643,1917.0450839999999,2.69,9.35,13.85,74.11
Niger,1976,50.919804,193.94568,306.43494,1440.2594,1991.559824,2.56,9.74,15.39,72.32
Niger,1977,60.706524,190.3665,343.0205,1420.8286,2014.9221240000002,3.01,9.45,17.02,70.52
Niger,1978,61.400787,193.74257,312.96655,1457.2766,2025.386507,3.03,9.57,15.45,71.95
Niger,1979,57.049564,198.62546,304.7407,1466.0822,2026.497924,2.82,9.8,15.04,72.35
Niger,1980,63.855373,189.28421,337.1518,1473.9219,2064.213283,3.09,9.17,16.33,71.4
Niger,1981,65.20935,188.83382,333.4957,1474.4506,2061.98947,3.16,9.16,16.17,71.51
Niger,1982,62.39322,193.65765,316.48367,1531.8634,2104.39794,2.96,9.2,15.04,72.79
Niger,1983,63.452145,188.1254,327.73526,1528.8262,2108.139005,3.01,8.92,15.55,72.52
Niger,1984,51.6023,182.1746,318.50357,1503.1294,2055.40987,2.51,8.86,15.5,73.13
Niger,1985,42.23584,172.18358,294.84082,1489.4634,1998.7236400000002,2.11,8.61,14.75,74.52
Niger,1986,44.03199,176.50398,282.49472,1460.7358,1963.76649,2.24,8.99,14.39,74.38
Niger,1987,45.253517,184.20358,299.298,1467.5029,1996.257997,2.27,9.23,14.99,73.51
Niger,1988,46.645283,182.38493,273.04352,1515.4753,2017.549033,2.31,9.04,13.53,75.11
Niger,1989,47.395836,182.76973,288.58673,1501.935,2020.687296,2.35,9.04,14.28,74.33
Niger,1990,50.869713,180.68292,313.6404,1586.5061,2131.699133,2.39,8.48,14.71,74.42
Niger,1991,48.135315,166.31969,292.4642,1450.3339,1957.2531050000002,2.46,8.5,14.94,74.1
Niger,1992,52.33472,167.09595,299.23645,1419.0306,1937.6977200000001,2.7,8.62,15.44,73.23
Niger,1993,53.5318,166.08391,296.9718,1397.8134,1914.4009099999998,2.8,8.68,15.51,73.02
Niger,1994,53.235115,171.46,276.6022,1373.0082,1874.305515,2.84,9.15,14.76,73.25
Niger,1995,51.787037,168.4211,322.13086,1400.6562,1942.9951969999997,2.67,8.67,16.58,72.09
Niger,1996,56.78359,169.48065,341.2406,1417.6509,1985.1557400000002,2.86,8.54,17.19,71.41
Niger,1997,57.066563,163.5731,381.5283,1459.096,2061.263963,2.77,7.94,18.51,70.79
Niger,1998,58.396862,180.66885,366.35944,1473.6553,2079.080452,2.81,8.69,17.62,70.88
Niger,1999,59.206806,182.99593,380.68872,1490.1398,2113.0312559999998,2.8,8.66,18.02,70.52
Niger,2000,59.659424,199.56497,383.53714,1580.144,2222.905534,2.68,8.98,17.25,71.08
Niger,2001,60.26575,208.94167,400.34088,1568.4296,2237.9779,2.69,9.34,17.89,70.08
Niger,2002,62.04609,196.85568,423.11725,1527.4879,2209.50692,2.81,8.91,19.15,69.13
Niger,2003,66.4939,209.51704,449.6094,1573.5132,2299.13354,2.89,9.11,19.56,68.44
Niger,2004,67.82841,216.85928,453.9617,1611.394,2350.04339,2.89,9.23,19.32,68.57
Niger,2005,68.890366,218.55534,462.5948,1592.3086,2342.349106,2.94,9.33,19.75,67.98
Niger,2006,67.30441,222.0087,450.76703,1601.193,2341.2731400000002,2.87,9.48,19.25,68.39
Niger,2007,68.47447,227.67282,456.24713,1607.7308,2360.12522,2.9,9.65,19.33,68.12
Niger,2008,68.80736,238.0435,494.8431,1615.9655,2417.65946,2.85,9.85,20.47,66.84
Niger,2009,61.88916,239.41736,481.67578,1638.6422,2421.6245,2.56,9.89,19.89,67.67
Niger,2010,43.73948,318.08704,498.31622,1696.0316,2556.17434,1.71,12.44,19.49,66.35
Niger,2011,43.066296,305.97192,502.69836,1619.001,2470.737576,1.74,12.38,20.35,65.53
Niger,2012,44.129234,301.85846,453.603,1713.8629,2513.453594,1.76,12.01,18.05,68.19
Niger,2013,41.335518,306.71274,466.65625,1706.1777,2520.882208,1.64,12.17,18.51,67.68
Niger,2014,45.123688,298.68738,498.29617,1678.7205,2520.827738,1.79,11.85,19.77,66.59
Niger,2015,42.922325,307.48215,465.5235,1770.768,2586.695975,1.66,11.89,18.0,68.46
Niger,2016,43.126522,318.23007,485.81055,1773.7604,2620.927542,1.65,12.14,18.54,67.68
Niger,2017,42.308792,312.46848,481.08502,1765.1448,2601.007092,1.63,12.01,18.5,67.86
Niger,2018,42.777115,322.35464,503.58755,1818.5664,2687.2857050000002,1.59,12.0,18.74,67.67
Niger,2019,41.51783,321.80405,516.63336,1771.7406,2651.6958400000003,1.57,12.14,19.48,66.82
Niger,2020,44.03484,319.8169,538.32904,1810.815,2712.99578,1.62,11.79,19.84,66.75
Niger,2021,39.658833,320.44504,531.22015,1692.1686,2583.492623,1.54,12.4,20.56,65.5
Niger,2022,37.19159,329.21597,524.5443,1833.353,2724.30486,1.37,12.08,19.25,67.3
Nigeria,1961,19.144201,163.78929,504.16074,1266.4973,1953.591531,0.98,8.38,25.81,64.83
Nigeria,1962,18.379583,169.02795,540.2213,1304.9604,2032.589233,0.9,8.32,26.58,64.2
Nigeria,1963,19.903883,165.93257,519.79834,1284.7535,1990.388293,1.0,8.34,26.12,64.55
Nigeria,1964,21.549257,162.96376,504.90274,1267.8749,1957.290657,1.1,8.33,25.8,64.78
Nigeria,1965,21.465065,150.17522,507.06705,1206.0057,1884.713035,1.14,7.97,26.9,63.99
Nigeria,1966,20.940292,136.79387,439.56567,1142.7502,1740.050032,1.2,7.86,25.26,65.67
Nigeria,1967,20.589056,142.91936,465.0598,1209.5568,1838.125016,1.12,7.78,25.3,65.8
Nigeria,1968,19.555925,144.32031,458.53024,1209.7067,1832.113175,1.07,7.88,25.03,66.03
Nigeria,1969,21.047142,155.96576,493.8949,1285.1912,1956.099002,1.08,7.97,25.25,65.7
Nigeria,1970,22.455297,159.95883,451.5563,1367.5236,2001.494027,1.12,7.99,22.56,68.33
Nigeria,1971,24.18074,148.81999,439.04913,1261.7566,1873.8064599999998,1.29,7.94,23.43,67.34
Nigeria,1972,23.28999,124.76206,398.43948,1114.928,1661.4195300000001,1.4,7.51,23.98,67.11
Nigeria,1973,24.04092,139.3089,402.93625,1207.6849,1773.9709699999999,1.36,7.85,22.71,68.08
Nigeria,1974,24.069223,154.72499,454.45703,1251.1283,1884.379543,1.28,8.21,24.12,66.39
Nigeria,1975,25.983452,149.56523,406.2621,1258.6837,1840.494482,1.41,8.13,22.07,68.39
Nigeria,1976,29.756884,136.55281,416.78687,1175.447,1758.5435639999998,1.69,7.77,23.7,66.84
Nigeria,1977,31.488947,125.43432,451.72598,1175.3903,1784.039547,1.77,7.03,25.32,65.88
Nigeria,1978,35.97602,121.00295,449.67017,1184.1304,1790.77954,2.01,6.76,25.11,66.12
Nigeria,1979,36.982376,119.28119,428.76318,1153.9062,1738.932946,2.13,6.86,24.66,66.36
Nigeria,1980,40.24363,129.48299,445.2776,1242.3174,1857.32162,2.17,6.97,23.97,66.89
Nigeria,1981,43.08765,130.21869,433.84323,1265.4907,1872.64027,2.3,6.95,23.17,67.58
Nigeria,1982,43.7152,130.47122,442.34863,1243.9393,1860.47435,2.35,7.01,23.78,66.86
Nigeria,1983,37.387432,121.16223,400.2695,1151.963,1710.782162,2.19,7.08,23.4,67.34
Nigeria,1984,32.065365,132.02687,379.55246,1193.3943,1737.0389949999999,1.85,7.6,21.85,68.7
Nigeria,1985,29.608541,143.06183,403.8957,1264.5793,1841.145371,1.61,7.77,21.94,68.68
Nigeria,1986,26.140665,152.7373,459.7815,1343.6085,1982.267965,1.32,7.71,23.19,67.78
Nigeria,1987,28.421106,150.00029,406.42184,1361.2131,1946.0563359999999,1.46,7.71,20.88,69.95
Nigeria,1988,26.27927,156.3735,430.8557,1377.2054,1990.71387,1.32,7.86,21.64,69.18
Nigeria,1989,26.850706,165.24422,439.39935,1441.4512,2072.945476,1.3,7.97,21.2,69.54
Nigeria,1990,28.117762,167.2101,469.17087,1493.5591,2158.057832,1.3,7.75,21.74,69.21
Nigeria,1991,27.816296,170.3994,475.72946,1626.7025,2300.647656,1.21,7.41,20.68,70.71
Nigeria,1992,25.233309,176.0436,490.28082,1700.104,2391.661729,1.06,7.36,20.5,71.08
Nigeria,1993,27.23792,182.61966,521.5434,1745.1302,2476.53118,1.1,7.37,21.06,70.47
Nigeria,1994,25.51342,184.4726,514.7068,1724.7522,2449.44502,1.04,7.53,21.01,70.41
Nigeria,1995,29.821445,190.55199,507.02332,1778.27,2505.666755,1.19,7.6,20.24,70.97
Nigeria,1996,27.440979,195.87856,517.4208,1757.0924,2497.832739,1.1,7.84,20.71,70.34
Nigeria,1997,27.10003,198.29099,522.32965,1789.4904,2537.21107,1.07,7.82,20.59,70.53
Nigeria,1998,29.956343,200.80112,529.9113,1804.9281,2565.596863,1.17,7.83,20.65,70.35
Nigeria,1999,29.605637,202.17535,541.14044,1791.2773,2564.198727,1.15,7.88,21.1,69.86
Nigeria,2000,28.00118,200.98627,521.2595,1787.3602,2537.60715,1.1,7.92,20.54,70.43
Nigeria,2001,31.74806,194.44716,544.74316,1764.443,2535.38138,1.25,7.67,21.49,69.59
Nigeria,2002,31.601427,196.69565,550.8756,1742.9774,2522.1500770000002,1.25,7.8,21.84,69.11
Nigeria,2003,31.803667,197.23685,554.81555,1735.7441,2519.600167,1.26,7.83,22.02,68.89
Nigeria,2004,33.166492,200.34875,562.72156,1763.5994,2559.836202,1.3,7.83,21.98,68.9
Nigeria,2005,33.381157,205.90822,577.9907,1786.3733,2603.6533769999996,1.28,7.91,22.2,68.61
Nigeria,2006,36.608097,206.80498,584.36444,1791.8931,2619.6706169999998,1.4,7.89,22.31,68.4
Nigeria,2007,41.83195,205.66414,569.5714,1795.0284,2612.09589,1.6,7.87,21.81,68.72
Nigeria,2008,37.879963,206.44005,562.3275,1806.0338,2612.681313,1.45,7.9,21.52,69.13
Nigeria,2009,36.206158,209.37437,497.1539,1829.8972,2572.631628,1.41,8.14,19.32,71.13
Nigeria,2010,37.320644,210.13145,478.88065,1757.8855,2484.218244,1.5,8.46,19.28,70.76
Nigeria,2011,37.57653,206.49715,479.3904,1747.8301,2471.29418,1.52,8.36,19.4,70.73
Nigeria,2012,34.71005,207.95143,485.4388,1729.4697,2457.56998,1.41,8.46,19.75,70.37
Nigeria,2013,35.43753,203.51488,470.0684,1723.8833,2432.90411,1.46,8.37,19.32,70.86
Nigeria,2014,36.590458,207.11436,510.1243,1731.7654,2485.594518,1.47,8.33,20.52,69.67
Nigeria,2015,33.50434,204.77019,500.24915,1739.2922,2477.81588,1.35,8.26,20.19,70.19
Nigeria,2016,30.735998,210.05507,493.1274,1735.6863,2469.604768,1.24,8.51,19.97,70.28
Nigeria,2017,30.185644,214.7007,518.8182,1705.9913,2469.695844,1.22,8.69,21.01,69.08
Nigeria,2018,29.66056,212.89003,506.62057,1701.5906,2450.76176,1.21,8.69,20.67,69.43
Nigeria,2019,28.72662,209.19966,502.66733,1724.3832,2464.97681,1.17,8.49,20.39,69.96
Nigeria,2020,28.93272,205.29381,507.7342,1701.355,2443.3157300000003,1.18,8.4,20.78,69.63
Nigeria,2021,28.319496,206.71278,509.4873,1738.446,2482.965576,1.14,8.33,20.52,70.01
Nigeria,2022,27.382427,202.68481,502.84363,1718.7761,2451.686967,1.12,8.27,20.51,70.11
North Korea,1961,46.817085,192.32755,191.41301,1397.566,1828.1236450000001,2.56,10.52,10.47,76.45
North Korea,1962,46.586327,193.432,192.5607,1412.712,1845.291027,2.52,10.48,10.44,76.56
North Korea,1963,47.426662,202.37936,196.2254,1491.3958,1937.427222,2.45,10.45,10.13,76.98
North Korea,1964,47.032776,209.32251,203.24333,1541.3905,2000.989116,2.35,10.46,10.16,77.03
North Korea,1965,48.068306,200.8921,204.34726,1403.3971,1856.7047659999998,2.59,10.82,11.01,75.59
North Korea,1966,49.71909,203.19977,210.50972,1447.0209,1910.44948,2.6,10.64,11.02,75.74
North Korea,1967,51.227283,191.49606,212.19348,1354.3307,1809.247523,2.83,10.58,11.73,74.86
North Korea,1968,50.966644,190.41441,213.06522,1369.1744,1823.6206740000002,2.79,10.44,11.68,75.08
North Korea,1969,50.31544,199.13683,234.10341,1501.9691,1985.52478,2.53,10.03,11.79,75.65
North Korea,1970,45.852962,198.49358,226.42514,1497.0688,1967.840482,2.33,10.09,11.51,76.08
North Korea,1971,48.62378,200.27823,233.53113,1512.1311,1994.5642400000002,2.44,10.04,11.71,75.81
North Korea,1972,51.354717,202.75209,237.26793,1494.4299,1985.8046370000002,2.59,10.21,11.95,75.26
North Korea,1973,50.88292,208.34132,240.31013,1552.2345,2051.76887,2.48,10.15,11.71,75.65
North Korea,1974,56.706455,202.66527,248.2008,1459.502,1967.074525,2.88,10.3,12.62,74.2
North Korea,1975,58.613388,213.62431,254.95674,1511.6155,2038.809938,2.87,10.48,12.51,74.14
North Korea,1976,68.59834,217.03627,257.84808,1604.0521,2147.53479,3.19,10.11,12.01,74.69
North Korea,1977,69.36316,210.77202,261.9513,1562.7598,2104.8462799999998,3.3,10.01,12.45,74.25
North Korea,1978,72.4199,211.94482,284.07794,1532.6521,2101.09476,3.45,10.09,13.52,72.95
North Korea,1979,71.90984,219.69696,306.42746,1635.5577,2233.59196,3.22,9.84,13.72,73.23
North Korea,1980,69.576675,207.05348,315.23834,1497.1465,2089.014995,3.33,9.91,15.09,71.67
North Korea,1981,74.18302,212.26175,315.73508,1584.8286,2187.0084500000003,3.39,9.71,14.44,72.47
North Korea,1982,74.58427,190.35002,320.52933,1328.6753,1914.13892,3.9,9.94,16.75,69.41
North Korea,1983,73.32564,189.69188,332.5432,1342.6038,1938.16452,3.78,9.79,17.16,69.27
North Korea,1984,73.35916,194.06903,345.52054,1366.3718,1979.32053,3.71,9.8,17.46,69.03
North Korea,1985,73.962204,198.99355,342.13263,1366.042,1981.130384,3.73,10.04,17.27,68.95
North Korea,1986,76.730675,206.45297,361.31183,1439.3318,2083.8272749999996,3.68,9.91,17.34,69.07
North Korea,1987,77.01299,208.5322,370.50064,1428.1278,2084.1736300000002,3.7,10.01,17.78,68.52
North Korea,1988,72.69319,208.09381,368.69794,1384.9679,2034.4528400000002,3.57,10.23,18.12,68.08
North Korea,1989,75.70006,213.97984,387.55637,1456.2507,2133.48697,3.55,10.03,18.17,68.26
North Korea,1990,63.933372,225.77548,398.06274,1579.1659,2266.937492,2.82,9.96,17.56,69.66
North Korea,1991,58.53822,226.18954,395.3053,1586.4567,2266.48976,2.58,9.98,17.44,70.0
North Korea,1992,48.169796,212.60623,334.28574,1533.6831,2128.744866,2.26,9.99,15.7,72.05
North Korea,1993,45.33659,210.61186,331.82587,1594.6724,2182.44672,2.08,9.65,15.2,73.07
North Korea,1994,37.98212,210.93506,321.55316,1583.7297,2154.20004,1.76,9.79,14.93,73.52
North Korea,1995,32.603874,195.04721,306.8278,1484.542,2019.020884,1.61,9.66,15.2,73.53
North Korea,1996,30.502634,194.36295,282.65903,1492.6481,2000.172714,1.53,9.72,14.13,74.63
North Korea,1997,25.791363,200.55672,291.8851,1534.5284,2052.761583,1.26,9.77,14.22,74.75
North Korea,1998,27.922024,193.25891,282.4072,1538.5709,2042.1590339999998,1.37,9.46,13.83,75.34
North Korea,1999,30.372345,191.21472,275.08554,1538.4287,2035.101305,1.49,9.4,13.52,75.59
North Korea,2000,33.894424,202.13123,311.13,1524.8823,2072.037954,1.64,9.76,15.02,73.59
North Korea,2001,38.122295,189.76,308.181,1492.0039,2028.0671949999999,1.88,9.36,15.2,73.57
North Korea,2002,40.235558,200.9836,327.07895,1550.2827,2118.5808079999997,1.9,9.49,15.44,73.18
North Korea,2003,37.53344,193.81892,320.1925,1579.1785,2130.72336,1.76,9.1,15.03,74.11
North Korea,2004,37.814762,197.14357,328.49142,1586.5338,2149.9835519999997,1.76,9.17,15.28,73.79
North Korea,2005,39.590107,191.50835,325.0371,1571.7351,2127.8706570000004,1.86,9.0,15.28,73.86
North Korea,2006,38.040085,188.20656,306.82285,1559.5261,2092.595595,1.82,8.99,14.66,74.53
North Korea,2007,38.350136,185.25462,299.63,1540.0416,2063.276356,1.86,8.98,14.52,74.64
North Korea,2008,38.21935,183.89146,302.65143,1526.1992,2050.96144,1.86,8.97,14.76,74.41
North Korea,2009,38.323883,182.56746,294.21808,1530.3593,2045.468723,1.87,8.93,14.38,74.82
North Korea,2010,43.470383,193.71983,316.8102,1499.5406,2053.541013,2.12,9.43,15.43,73.02
North Korea,2011,44.239418,197.37892,323.67847,1498.5414,2063.838208,2.14,9.56,15.68,72.61
North Korea,2012,44.81671,196.83815,322.94684,1506.5226,2071.1243,2.16,9.5,15.59,72.74
North Korea,2013,45.64197,190.10909,309.86005,1504.7635,2050.37461,2.23,9.27,15.11,73.39
North Korea,2014,45.88632,191.40361,309.8215,1524.9204,2072.03183,2.21,9.24,14.95,73.6
North Korea,2015,46.2194,188.35393,309.13666,1499.4542,2043.16419,2.26,9.22,15.13,73.39
North Korea,2016,46.712105,185.2281,307.8375,1487.9011,2027.678805,2.3,9.13,15.18,73.38
North Korea,2017,46.925835,186.75455,306.60913,1500.7174,2041.006915,2.3,9.15,15.02,73.53
North Korea,2018,47.101795,180.6953,304.3227,1449.0723,1981.192095,2.38,9.12,15.36,73.14
North Macedonia,1992,84.99695,184.34964,517.5126,1530.2588,2317.11799,3.67,7.96,22.33,66.04
North Macedonia,1993,95.892654,167.92062,541.8369,1478.2598,2283.909974,4.2,7.35,23.72,64.72
North Macedonia,1994,112.53043,182.8076,621.02216,1738.7968,2655.15699,4.24,6.89,23.39,65.49
North Macedonia,1995,103.03062,176.92763,576.49115,1684.8674,2541.3168,4.05,6.96,22.68,66.3
North Macedonia,1996,100.13838,169.10866,637.2487,1629.3489,2535.84464,3.95,6.67,25.13,64.25
North Macedonia,1997,91.334465,190.8505,626.06586,1813.6893,2721.940125,3.36,7.01,23.0,66.63
North Macedonia,1998,98.717,187.3173,748.6764,1799.7479,2834.4586,3.48,6.61,26.41,63.5
North Macedonia,1999,105.74979,181.0697,779.23926,1708.7806,2774.83935,3.81,6.53,28.08,61.58
North Macedonia,2000,105.412254,177.70863,741.69617,1718.2556,2743.072654,3.84,6.48,27.04,62.64
North Macedonia,2001,100.81936,171.45688,760.9423,1596.1998,2629.41834,3.83,6.52,28.94,60.71
North Macedonia,2002,114.896065,185.20143,798.49365,1622.8419,2721.4330449999998,4.22,6.81,29.34,59.63
North Macedonia,2003,112.86004,173.28937,830.913,1623.4529,2740.5153099999998,4.12,6.32,30.32,59.24
North Macedonia,2004,122.68859,178.39433,909.7571,1660.3849,2871.22492,4.27,6.21,31.69,57.83
North Macedonia,2005,118.6534,171.01932,878.9492,1611.692,2780.31392,4.27,6.15,31.61,57.97
North Macedonia,2006,123.04246,170.1105,977.7545,1562.5972,2833.5046599999996,4.34,6.0,34.51,55.15
North Macedonia,2007,146.73407,169.65877,1093.1628,1629.2742,3038.8298400000003,4.83,5.58,35.97,53.62
North Macedonia,2008,130.91965,178.3167,963.43933,1727.6508,3000.3264799999997,4.36,5.94,32.11,57.58
North Macedonia,2009,132.0627,190.87505,978.5099,1754.3884,3055.83605,4.32,6.25,32.02,57.41
North Macedonia,2010,143.66719,191.18884,961.3945,1740.9392,3037.18973,4.73,6.29,31.65,57.32
North Macedonia,2011,141.01274,192.07335,943.5109,1732.0211,3008.61809,4.69,6.38,31.36,57.57
North Macedonia,2012,146.06548,193.6631,967.39386,1745.5468,3052.66924,4.78,6.34,31.69,57.18
North Macedonia,2013,148.36082,197.9815,971.9263,1785.0913,3103.35992,4.78,6.38,31.32,57.52
North Macedonia,2014,148.9248,202.75354,940.18005,1793.2308,3085.08919,4.83,6.57,30.47,58.13
North Macedonia,2015,152.94093,211.48596,958.48883,1848.8524,3171.7681199999997,4.82,6.67,30.22,58.29
North Macedonia,2016,158.29646,209.94295,983.09076,1874.8749,3226.20507,4.91,6.51,30.47,58.11
North Macedonia,2017,167.40665,209.19302,999.15125,1872.7261,3248.4770200000003,5.15,6.44,30.76,57.65
North Macedonia,2018,176.63841,210.63614,1027.8256,1921.7186,3336.8187499999995,5.29,6.31,30.8,57.59
North Macedonia,2019,176.12271,227.2393,1084.9462,1946.029,3434.33721,5.13,6.62,31.59,56.66
North Macedonia,2020,181.74382,235.33319,1082.2417,2024.1049,3523.42361,5.16,6.68,30.72,57.45
North Macedonia,2021,180.16931,237.43806,1102.5256,2049.8237,3569.9566699999996,5.05,6.65,30.88,57.42
North Macedonia,2022,177.89154,244.01495,1092.9476,2066.8,3581.65409,4.97,6.81,30.52,57.71
Norway,1961,207.71956,140.61385,917.18134,1518.5515,2784.06625,7.46,5.05,32.94,54.54
Norway,1962,209.41231,143.88847,999.1488,1576.7228,2929.17238,7.15,4.91,34.11,53.83
Norway,1963,204.67087,136.26056,945.05255,1516.4387,2802.4226799999997,7.3,4.86,33.72,54.11
Norway,1964,206.16106,139.94788,992.26764,1522.1934,2860.56998,7.21,4.89,34.69,53.21
Norway,1965,210.80942,137.47223,1006.61597,1545.8223,2900.71992,7.27,4.74,34.7,53.29
Norway,1966,211.47108,139.5269,1094.3179,1548.6907,2994.00658,7.06,4.66,36.55,51.73
Norway,1967,205.81105,136.39384,1073.4263,1535.1407,2950.77189,6.97,4.62,36.38,52.03
Norway,1968,215.34134,134.80328,1126.1333,1550.8976,3027.17552,7.11,4.45,37.2,51.23
Norway,1969,213.45068,139.47472,1125.5344,1520.5663,2999.0261,7.12,4.65,37.53,50.7
Norway,1970,217.1994,132.70406,1175.8833,1488.7601,3014.54686,7.21,4.4,39.01,49.39
Norway,1971,211.28429,131.31725,1221.0282,1482.1617,3045.79144,6.94,4.31,40.09,48.66
Norway,1972,220.56786,131.20467,1249.5145,1483.7828,3085.06983,7.15,4.25,40.5,48.1
Norway,1973,226.64908,133.46179,1252.6292,1472.8793,3085.6193700000003,7.35,4.33,40.6,47.73
Norway,1974,226.33023,134.3186,1200.3201,1421.0719,2982.04083,7.59,4.5,40.25,47.65
Norway,1975,235.80243,132.67635,1253.6476,1345.8971,2968.02348,7.94,4.47,42.24,45.35
Norway,1976,237.41116,138.39987,1300.123,1509.1423,3185.07633,7.45,4.35,40.82,47.38
Norway,1977,239.56775,138.9581,1266.368,1522.151,3167.04485,7.56,4.39,39.99,48.06
Norway,1978,252.07724,139.5499,1284.2806,1545.0125,3220.9202400000004,7.83,4.33,39.87,47.97
Norway,1979,257.36505,142.6741,1278.9402,1583.0969,3262.07625,7.89,4.37,39.21,48.53
Norway,1980,268.07257,147.42793,1332.338,1599.1111,3346.9496,8.01,4.4,39.81,47.78
Norway,1981,257.10962,155.42447,1269.0067,1647.6993,3329.2400900000002,7.72,4.67,38.12,49.49
Norway,1982,257.66,137.17639,1256.5118,1495.4824,3146.8305900000005,8.19,4.36,39.93,47.52
Norway,1983,247.34279,145.10829,1215.6163,1549.625,3157.69238,7.83,4.6,38.5,49.07
Norway,1984,252.43777,142.75516,1243.1862,1556.9958,3195.37493,7.9,4.47,38.91,48.73
Norway,1985,258.00894,142.25053,1220.8273,1573.5569,3194.64367,8.08,4.45,38.21,49.26
Norway,1986,254.96407,147.32678,1235.2906,1594.9343,3232.51575,7.89,4.56,38.21,49.34
Norway,1987,256.8058,152.74931,1251.0743,1641.8156,3302.44501,7.78,4.63,37.88,49.72
Norway,1988,235.99043,151.14082,1162.0823,1567.752,3116.96555,7.57,4.85,37.28,50.3
Norway,1989,242.36583,153.35062,1172.5032,1614.5642,3182.78385,7.61,4.82,36.84,50.73
Norway,1990,237.52248,151.75047,1150.4545,1615.2428,3154.9702500000003,7.53,4.81,36.46,51.2
Norway,1991,235.98393,154.8957,1193.4309,1638.0161,3222.3266300000005,7.32,4.81,37.04,50.83
Norway,1992,236.98839,154.43243,1188.7517,1638.6298,3218.80232,7.36,4.8,36.93,50.91
Norway,1993,241.13846,153.41539,1192.8076,1633.2823,3220.64375,7.49,4.76,37.04,50.71
Norway,1994,251.4998,156.5927,1215.3125,1651.8093,3275.2142999999996,7.68,4.78,37.11,50.43
Norway,1995,249.02055,152.03696,1197.4712,1626.2552,3224.78391,7.72,4.71,37.13,50.43
Norway,1996,263.6552,156.45518,1229.2463,1665.3547,3314.7113799999997,7.95,4.72,37.08,50.24
Norway,1997,258.27194,157.40762,1219.4784,1699.9362,3335.09416,7.74,4.72,36.57,50.97
Norway,1998,262.23663,160.47615,1277.9076,1708.0948,3408.71518,7.69,4.71,37.49,50.11
Norway,1999,258.40662,163.27582,1267.4194,1732.2031,3421.30494,7.55,4.77,37.04,50.63
Norway,2000,258.86792,161.68243,1253.849,1704.4877,3378.88705,7.66,4.79,37.11,50.45
Norway,2001,257.5597,164.73096,1279.2959,1717.4313,3419.01786,7.53,4.82,37.42,50.23
Norway,2002,257.1048,165.24452,1311.3785,1724.5295,3458.25732,7.43,4.78,37.92,49.87
Norway,2003,249.78708,164.67326,1311.2324,1707.7906,3433.4833399999998,7.28,4.8,38.19,49.74
Norway,2004,252.47676,165.227,1360.8746,1695.6653,3474.24366,7.27,4.76,39.17,48.81
Norway,2005,254.65178,166.99396,1409.9567,1689.1135,3520.71594,7.23,4.74,40.05,47.98
Norway,2006,253.06392,167.70743,1345.5365,1686.0206,3452.32845,7.33,4.86,38.97,48.84
Norway,2007,257.01495,172.59985,1338.471,1704.7644,3472.8502,7.4,4.97,38.54,49.09
Norway,2008,264.27094,176.04701,1327.9285,1717.0194,3485.26585,7.58,5.05,38.1,49.27
Norway,2009,261.60144,177.75276,1327.7374,1709.2429,3476.3345,7.53,5.11,38.19,49.17
Norway,2010,287.037,244.63153,1241.8,1796.3018,3569.77033,8.04,6.85,34.79,50.32
Norway,2011,284.9971,241.07138,1249.0927,1786.3425,3561.50368,8.0,6.77,35.07,50.16
Norway,2012,285.03787,236.9915,1259.1774,1798.389,3579.59577,7.96,6.62,35.18,50.24
Norway,2013,276.35184,239.7076,1239.4426,1806.8481,3562.35014,7.76,6.73,34.79,50.72
Norway,2014,269.66986,228.5053,1239.8873,1780.6671,3518.7295599999998,7.66,6.49,35.24,50.61
Norway,2015,275.71356,226.50757,1214.6979,1742.102,3459.02103,7.97,6.55,35.12,50.36
Norway,2016,270.914,225.82832,1200.6606,1720.8258,3418.22872,7.93,6.61,35.13,50.34
Norway,2017,281.11362,224.9069,1187.062,1724.8362,3417.9187199999997,8.22,6.58,34.73,50.46
Norway,2018,283.47293,234.90729,1215.051,1753.8538,3487.2850200000003,8.13,6.74,34.84,50.29
Norway,2019,272.55005,248.78743,1233.946,1778.556,3533.83948,7.71,7.04,34.92,50.33
Norway,2020,279.67178,239.30717,1248.5317,1765.7006,3533.2112500000003,7.92,6.77,35.34,49.97
Norway,2021,288.45255,225.19118,1259.2823,1734.7615,3507.68753,8.22,6.42,35.9,49.46
Norway,2022,276.85712,230.8072,1233.488,1748.9504,3490.10272,7.93,6.61,35.34,50.11
Oman,1990,120.631226,147.22838,563.7119,1574.6501,2406.221606,5.01,6.12,23.43,65.44
Oman,1991,125.18957,135.28944,660.94104,1453.8422,2375.26225,5.27,5.7,27.83,61.21
Oman,1992,128.0111,146.63458,654.3782,1515.562,2444.5858799999996,5.24,6.0,26.77,62.0
Oman,1993,132.04514,135.72542,643.7959,1433.094,2344.66046,5.63,5.79,27.46,61.12
Oman,1994,127.64664,145.96292,655.83014,1498.8856,2428.3253,5.26,6.01,27.01,61.73
Oman,1995,135.57108,134.79872,684.9795,1445.0923,2400.4416,5.65,5.62,28.54,60.2
Oman,1996,135.3897,136.23714,655.833,1492.8075,2420.26734,5.59,5.63,27.1,61.68
Oman,1997,139.90569,135.17323,630.38086,1438.895,2344.3547799999997,5.97,5.77,26.89,61.38
Oman,1998,139.8847,150.74727,627.4591,1567.0117,2485.10277,5.63,6.07,25.25,63.06
Oman,1999,157.92073,153.10019,621.7044,1600.0222,2532.74752,6.24,6.04,24.55,63.17
Oman,2000,126.92376,149.67932,592.86505,1620.3826,2489.85073,5.1,6.01,23.81,65.08
Oman,2001,158.63705,146.30896,646.1785,1650.221,2601.34551,6.1,5.62,24.84,63.44
Oman,2002,158.91687,146.55272,598.7825,1689.0597,2593.3117899999997,6.13,5.65,23.09,65.13
Oman,2003,170.36081,148.3279,683.3938,1657.0256,2659.10811,6.41,5.58,25.7,62.32
Oman,2004,153.24362,154.63713,646.3467,1775.3453,2729.5727500000003,5.61,5.67,23.68,65.04
Oman,2005,154.45181,150.47363,660.7982,1821.0941,2786.81774,5.54,5.4,23.71,65.35
Oman,2006,158.4568,148.86568,679.49677,1825.4941,2812.31335,5.63,5.29,24.16,64.91
Oman,2007,170.23132,151.99225,681.62524,1829.0068,2832.85561,6.01,5.37,24.06,64.56
Oman,2008,187.05716,152.64813,735.0043,1832.8738,2907.58339,6.43,5.25,25.28,63.04
Oman,2009,184.66101,161.01299,745.5381,1910.422,3001.6341,6.15,5.36,24.84,63.65
Oman,2010,207.02428,187.04091,809.232,2115.9995,3319.29669,6.24,5.63,24.38,63.75
Oman,2011,206.04297,173.10612,794.73724,2013.8906,3187.77693,6.46,5.43,24.93,63.18
Oman,2012,206.33046,160.71848,763.96094,1895.7584,3026.7682800000002,6.82,5.31,25.24,62.63
Oman,2013,209.21765,165.85297,760.04663,1893.8696,3028.9868500000002,6.91,5.48,25.09,62.52
Oman,2014,203.06847,174.45938,719.2542,1964.9119,3061.69395,6.63,5.7,23.49,64.18
Oman,2015,198.16747,177.89397,685.67303,1993.4142,3055.14867,6.49,5.82,22.44,65.25
Oman,2016,193.1176,172.68398,705.59033,1920.6987,2992.09061,6.45,5.77,23.58,64.19
Oman,2017,194.15233,182.14043,715.669,1970.6221,3062.58386,6.34,5.95,23.37,64.35
Oman,2018,194.34058,171.72421,817.3412,1894.28,3077.68599,6.31,5.58,26.56,61.55
Oman,2019,202.82964,162.04716,871.3193,1855.3519,3091.548,6.56,5.24,28.18,60.01
Oman,2020,202.25275,170.22504,830.8416,1896.4458,3099.76519,6.52,5.49,26.8,61.18
Oman,2021,219.01344,158.26343,880.96564,1787.5654,3045.80791,7.19,5.2,28.92,58.69
Oman,2022,197.3249,145.39119,946.56165,1674.959,2964.2367400000003,6.66,4.9,31.93,56.51
Pakistan,1961,60.917328,155.6555,301.7019,1355.7983,1874.0730279999998,3.25,8.31,16.1,72.35
Pakistan,1962,60.749294,156.88266,308.3484,1411.1986,1937.178954,3.14,8.1,15.92,72.85
Pakistan,1963,61.25746,154.45462,313.73593,1422.0908,1951.53881,3.14,7.91,16.08,72.87
Pakistan,1964,61.873947,169.2703,326.83255,1533.5928,2091.5695969999997,2.96,8.09,15.63,73.32
Pakistan,1965,61.53071,175.7114,332.72968,1620.4738,2190.44559,2.81,8.02,15.19,73.98
Pakistan,1966,60.70242,160.8832,328.48798,1542.6354,2092.709,2.9,7.69,15.7,73.71
Pakistan,1967,60.41961,162.00206,326.0702,1542.2323,2090.72417,2.89,7.75,15.6,73.77
Pakistan,1968,60.28926,154.25679,322.1152,1502.6317,2039.29295,2.96,7.56,15.8,73.68
Pakistan,1969,60.590416,178.26277,336.43054,1767.3223,2342.606026,2.59,7.61,14.36,75.44
Pakistan,1970,59.709118,178.18271,335.81946,1761.3204,2335.031688,2.56,7.63,14.38,75.43
Pakistan,1971,59.69216,171.28542,338.29166,1685.4576,2254.72684,2.65,7.6,15.0,74.75
Pakistan,1972,59.086773,179.778,347.3217,1727.9537,2314.140173,2.55,7.77,15.01,74.67
Pakistan,1973,59.01274,179.59203,358.1134,1695.8207,2292.53887,2.57,7.83,15.62,73.97
Pakistan,1974,58.888878,179.61107,374.53326,1677.7441,2290.7773079999997,2.57,7.84,16.35,73.24
Pakistan,1975,58.754025,168.37326,376.63214,1599.0258,2202.7852249999996,2.67,7.64,17.1,72.59
Pakistan,1976,59.574448,170.992,377.49124,1611.2671,2219.324788,2.68,7.7,17.01,72.6
Pakistan,1977,60.161022,165.25641,388.51544,1618.0686,2232.001472,2.7,7.4,17.41,72.49
Pakistan,1978,60.831352,172.56482,396.57135,1669.8502,2299.8177220000002,2.65,7.5,17.24,72.61
Pakistan,1979,59.38494,166.32484,406.22473,1612.6674,2244.6019100000003,2.65,7.41,18.1,71.85
Pakistan,1980,59.095524,152.17097,404.1434,1528.7468,2144.156694,2.76,7.1,18.85,71.3
Pakistan,1981,58.58671,147.0646,404.48553,1498.6377,2108.77454,2.78,6.97,19.18,71.07
Pakistan,1982,58.26638,152.661,426.0729,1525.8894,2162.88968,2.69,7.06,19.7,70.55
Pakistan,1983,58.77751,152.20686,439.53476,1500.8146,2151.33373,2.73,7.07,20.43,69.76
Pakistan,1984,59.705482,154.61794,425.9794,1530.2805,2170.583322,2.75,7.12,19.63,70.5
Pakistan,1985,61.407272,150.56554,421.0123,1478.2131,2111.198212,2.91,7.13,19.94,70.02
Pakistan,1986,64.2346,146.44716,432.6287,1459.2633,2102.57376,3.06,6.97,20.58,69.4
Pakistan,1987,65.50804,147.0463,443.56653,1498.9397,2155.0605699999996,3.04,6.82,20.58,69.55
Pakistan,1988,67.41042,137.28333,495.36273,1402.6715,2102.7279799999997,3.21,6.53,23.56,66.71
Pakistan,1989,68.59632,161.81203,476.7655,1575.2092,2282.38305,3.01,7.09,20.89,69.02
Pakistan,1990,69.70234,157.30846,486.1566,1526.7183,2239.8857,3.11,7.02,21.7,68.16
Pakistan,1991,70.6722,144.57928,477.3799,1423.3486,2115.97998,3.34,6.83,22.56,67.27
Pakistan,1992,72.56945,149.39206,524.02094,1461.2909,2207.27335,3.29,6.77,23.74,66.2
Pakistan,1993,75.33611,149.91432,535.974,1464.1848,2225.40923,3.39,6.74,24.08,65.79
Pakistan,1994,77.00815,155.33817,505.61383,1526.2079,2264.16805,3.4,6.86,22.33,67.41
Pakistan,1995,78.73517,149.48763,551.28735,1469.3937,2248.90385,3.5,6.65,24.51,65.34
Pakistan,1996,82.91905,150.06546,549.3106,1476.5734,2258.8685100000002,3.67,6.64,24.32,65.37
Pakistan,1997,83.87086,148.47054,528.0827,1491.004,2251.4281,3.73,6.59,23.46,66.22
Pakistan,1998,82.813736,147.32008,539.4498,1449.5773,2219.160916,3.73,6.64,24.31,65.32
Pakistan,1999,83.35905,148.04448,559.39636,1470.5756,2261.37549,3.69,6.55,24.74,65.03
Pakistan,2000,82.98621,146.21027,538.42596,1459.3352,2226.95764,3.73,6.57,24.18,65.53
Pakistan,2001,82.50577,136.13266,534.83984,1378.3203,2131.79857,3.87,6.39,25.09,64.66
Pakistan,2002,82.9073,130.63403,541.9607,1312.5948,2068.09683,4.01,6.32,26.21,63.47
Pakistan,2003,83.32879,134.44246,558.6112,1332.3394,2108.72185,3.95,6.38,26.49,63.18
Pakistan,2004,83.587326,130.68898,546.4426,1358.8557,2119.574606,3.94,6.17,25.78,64.11
Pakistan,2005,83.40935,132.02878,561.95966,1346.5514,2123.9491900000003,3.93,6.22,26.46,63.4
Pakistan,2006,87.65164,129.2029,573.2729,1342.0247,2132.15214,4.11,6.06,26.89,62.94
Pakistan,2007,88.10679,134.06163,587.12384,1340.9186,2150.21086,4.1,6.23,27.31,62.36
Pakistan,2008,88.41332,131.10413,584.7336,1330.289,2134.54005,4.14,6.14,27.39,62.32
Pakistan,2009,89.257645,133.81647,574.92426,1327.5237,2125.522075,4.2,6.3,27.05,62.46
Pakistan,2010,91.58653,161.77946,624.3579,1438.9355,2316.65939,3.95,6.98,26.95,62.11
Pakistan,2011,91.97802,161.61462,652.6969,1419.9178,2326.20734,3.95,6.95,28.06,61.04
Pakistan,2012,93.3196,158.44081,666.0999,1398.5869,2316.4472100000003,4.03,6.84,28.76,60.38
Pakistan,2013,94.44166,160.00992,643.9602,1408.4337,2306.84548,4.09,6.94,27.92,61.05
Pakistan,2014,99.60407,161.26373,666.6416,1435.7936,2363.303,4.21,6.82,28.21,60.75
Pakistan,2015,99.615105,162.60759,667.77075,1420.4668,2350.460245,4.24,6.92,28.41,60.43
Pakistan,2016,102.11691,163.3793,670.5205,1452.3436,2388.36031,4.28,6.84,28.07,60.81
Pakistan,2017,108.58042,163.47148,693.6684,1443.5458,2409.2661000000003,4.51,6.79,28.79,59.92
Pakistan,2018,110.65545,157.71405,704.7459,1431.4816,2404.597,4.6,6.56,29.31,59.53
Pakistan,2019,116.870575,153.09271,714.6907,1385.5162,2370.170185,4.93,6.46,30.15,58.46
Pakistan,2020,109.78841,161.84024,686.68994,1443.7234,2402.04199,4.57,6.74,28.59,60.1
Pakistan,2021,114.94845,160.36353,681.8059,1433.203,2390.32088,4.81,6.71,28.52,59.96
Pakistan,2022,117.20573,154.1712,649.17957,1443.4825,2364.039,4.96,6.52,27.46,61.06
Panama,1961,84.57515,129.04167,376.59348,1529.2123,2119.4226,3.99,6.09,17.77,72.15
Panama,1962,88.30582,123.216484,393.199,1435.4337,2040.1550040000002,4.33,6.04,19.27,70.36
Panama,1963,89.10141,131.19052,406.49493,1538.1597,2164.94656,4.12,6.06,18.78,71.05
Panama,1964,87.22705,129.10571,396.6975,1550.4587,2163.4889599999997,4.03,5.97,18.34,71.66
Panama,1965,91.26633,118.27536,391.74176,1519.1267,2120.41015,4.3,5.58,18.47,71.64
Panama,1966,93.291435,131.51108,414.64093,1543.6327,2183.076145,4.27,6.02,18.99,70.71
Panama,1967,91.48104,132.66765,430.34375,1585.1409,2239.6333400000003,4.08,5.92,19.21,70.78
Panama,1968,92.198296,132.0515,449.52716,1586.8545,2260.631456,4.08,5.84,19.89,70.2
Panama,1969,100.23495,136.06479,460.48828,1670.0785,2366.86652,4.23,5.75,19.46,70.56
Panama,1970,103.07662,125.95116,397.67206,1581.0762,2207.7760399999997,4.67,5.7,18.01,71.61
Panama,1971,110.180176,128.98749,463.48325,1635.1464,2337.797316,4.71,5.52,19.83,69.94
Panama,1972,112.62854,105.3192,470.84708,1449.4514,2138.24622,5.27,4.93,22.02,67.79
Panama,1973,114.031525,110.11056,469.12195,1520.8717,2214.135735,5.15,4.97,21.19,68.69
Panama,1974,120.913635,121.68224,495.3252,1664.9795,2402.9005749999997,5.03,5.06,20.61,69.29
Panama,1975,126.035324,124.253334,504.1008,1643.1572,2397.546658,5.26,5.18,21.03,68.53
Panama,1976,130.70923,99.288734,512.9343,1363.254,2106.186264,6.21,4.71,24.35,64.73
Panama,1977,128.68462,120.89294,534.7047,1604.9663,2389.24856,5.39,5.06,22.38,67.17
Panama,1978,124.16242,101.86436,519.2524,1409.3875,2154.6666800000003,5.76,4.73,24.1,65.41
Panama,1979,121.10139,100.41662,514.2339,1390.634,2126.38591,5.7,4.72,24.18,65.4
Panama,1980,129.9221,95.764175,535.334,1375.8833,2136.903575,6.08,4.48,25.05,64.39
Panama,1981,118.433815,112.739876,519.4087,1533.1321,2283.7144909999997,5.19,4.94,22.74,67.13
Panama,1982,129.49634,112.01331,568.27954,1512.7693,2322.55849,5.58,4.82,24.47,65.13
Panama,1983,132.74988,113.44302,588.5949,1519.6326,2354.4204,5.64,4.82,25.0,64.54
Panama,1984,130.02019,112.513565,616.52966,1506.971,2366.034415,5.5,4.76,26.06,63.69
Panama,1985,128.61008,128.00131,616.2752,1633.1633,2506.0498900000002,5.13,5.11,24.59,65.17
Panama,1986,136.61865,126.234344,664.8903,1620.7139,2548.457194,5.36,4.95,26.09,63.6
Panama,1987,133.05217,108.687645,604.8461,1431.7599,2278.345815,5.84,4.77,26.55,62.84
Panama,1988,113.24174,111.579994,533.57166,1464.6952,2223.088594,5.09,5.02,24.0,65.89
Panama,1989,117.588615,115.64366,529.42224,1443.6514,2206.305915,5.33,5.24,24.0,65.43
Panama,1990,119.99819,113.15157,619.0218,1415.5189,2267.69046,5.29,4.99,27.3,62.42
Panama,1991,131.35237,108.71798,587.4415,1400.4982,2228.01005,5.9,4.88,26.37,62.86
Panama,1992,134.554,120.46711,589.4631,1486.0847,2330.56891,5.77,5.17,25.29,63.76
Panama,1993,130.56758,122.31098,585.1864,1529.636,2367.70096,5.51,5.17,24.72,64.6
Panama,1994,130.40079,120.03995,566.4967,1554.7217,2371.65914,5.5,5.06,23.89,65.55
Panama,1995,131.10583,112.93154,597.8086,1410.7134,2252.55937,5.82,5.01,26.54,62.63
Panama,1996,136.20528,114.577675,619.7583,1409.6719,2280.213155,5.97,5.02,27.18,61.82
Panama,1997,138.39116,106.58874,631.60205,1327.3053,2203.8872499999998,6.28,4.84,28.66,60.23
Panama,1998,143.39319,121.2984,651.837,1504.7773,2421.30589,5.92,5.01,26.92,62.15
Panama,1999,141.71922,105.85326,669.2307,1323.8453,2240.64848,6.32,4.72,29.87,59.08
Panama,2000,144.18831,109.19666,591.2148,1319.0773,2163.6770699999997,6.66,5.05,27.32,60.96
Panama,2001,149.55273,119.86958,589.4806,1441.3993,2300.30221,6.5,5.21,25.63,62.66
Panama,2002,146.72862,124.711205,581.39996,1529.6725,2382.512285,6.16,5.23,24.4,64.2
Panama,2003,144.56534,129.03992,565.0424,1564.3396,2402.98726,6.02,5.37,23.51,65.1
Panama,2004,137.3984,121.83389,543.68066,1482.9558,2285.86875,6.01,5.33,23.78,64.87
Panama,2005,147.11725,128.3415,553.85376,1542.0388,2371.35131,6.2,5.41,23.36,65.03
Panama,2006,146.83359,130.78064,566.1099,1540.8484,2384.5725300000004,6.16,5.48,23.74,64.62
Panama,2007,154.69318,139.09387,580.6782,1628.9397,2503.40495,6.18,5.56,23.2,65.07
Panama,2008,159.3503,138.27953,618.69525,1644.4442,2560.76928,6.22,5.4,24.16,64.22
Panama,2009,157.61229,138.45859,624.52454,1635.9377,2556.53312,6.17,5.42,24.43,63.99
Panama,2010,169.89159,143.68681,757.05225,1614.9487,2685.57935,6.33,5.35,28.19,60.13
Panama,2011,178.72752,146.5294,787.3758,1637.7898,2750.42252,6.5,5.33,28.63,59.55
Panama,2012,185.74527,147.22978,772.3871,1688.0583,2793.4204499999996,6.65,5.27,27.65,60.43
Panama,2013,182.98155,148.93475,777.8314,1680.6711,2790.4188,6.56,5.34,27.88,60.23
Panama,2014,191.3994,146.3572,760.8516,1691.6306,2790.2388,6.86,5.25,27.27,60.63
Panama,2015,188.10287,147.69232,762.9138,1700.78,2799.48899,6.72,5.28,27.25,60.75
Panama,2016,188.1542,153.69725,766.28766,1728.2147,2836.35381,6.63,5.42,27.02,60.93
Panama,2017,187.48119,154.7819,763.1663,1771.3175,2876.7468900000003,6.52,5.38,26.53,61.57
Panama,2018,226.54146,166.49818,824.6157,1823.4747,3041.13004,7.45,5.47,27.12,59.96
Panama,2019,230.7643,153.00328,946.1456,1722.5962,3052.50938,7.56,5.01,31.0,56.43
Panama,2020,217.02023,166.28616,897.8192,1744.0042,3025.12979,7.17,5.5,29.68,57.65
Panama,2021,225.2259,156.53261,979.4503,1695.2424,3056.45121,7.37,5.12,32.05,55.46
Panama,2022,211.5374,167.73926,924.32904,1763.356,3066.9617,6.9,5.47,30.14,57.5
Papua New Guinea,2010,148.6559,110.071335,581.1528,1270.5488,2110.4288349999997,7.04,5.22,27.54,60.2
Papua New Guinea,2011,151.14064,111.05102,575.4489,1302.0681,2139.70866,7.06,5.19,26.89,60.85
Papua New Guinea,2012,149.69794,110.1281,624.74457,1289.0192,2173.58981,6.89,5.07,28.74,59.3
Papua New Guinea,2013,147.73839,110.634964,656.86774,1274.7356,2189.976694,6.75,5.05,29.99,58.21
Papua New Guinea,2014,146.61374,119.28504,634.9158,1312.7908,2213.60538,6.62,5.39,28.68,59.31
Papua New Guinea,2015,146.29158,117.05709,603.0804,1306.585,2173.01407,6.73,5.39,27.75,60.13
Papua New Guinea,2016,146.17332,119.44108,588.8739,1334.3777,2188.866,6.68,5.46,26.9,60.96
Papua New Guinea,2017,143.79242,121.190796,572.3494,1360.2485,2197.581116,6.54,5.51,26.04,61.9
Papua New Guinea,2018,140.65631,121.232155,558.8616,1357.8638,2178.6138650000003,6.46,5.56,25.65,62.33
Papua New Guinea,2019,136.25093,119.92466,571.4793,1352.3303,2179.9851900000003,6.25,5.5,26.21,62.03
Papua New Guinea,2020,130.31714,121.29824,580.08014,1382.325,2214.02052,5.89,5.48,26.2,62.44
Papua New Guinea,2021,125.08283,119.47855,589.6123,1341.4906,2175.66428,5.75,5.49,27.1,61.66
Papua New Guinea,2022,127.201126,124.33821,559.8798,1398.4668,2209.8859359999997,5.76,5.63,25.34,63.28
Paraguay,1961,149.4182,124.79283,435.9419,1458.788,2168.9409299999998,6.89,5.75,20.1,67.26
Paraguay,1962,138.73604,128.0954,446.907,1479.6202,2193.3586400000004,6.33,5.84,20.38,67.46
Paraguay,1963,127.54466,130.89465,421.45502,1514.9606,2194.85493,5.81,5.96,19.2,69.02
Paraguay,1964,130.18182,133.00565,502.9455,1536.9106,2303.04357,5.65,5.78,21.84,66.73
Paraguay,1965,131.38985,141.72066,512.2975,1621.0557,2406.46371,5.46,5.89,21.29,67.36
Paraguay,1966,137.74182,141.80997,509.81323,1613.5149,2402.87992,5.73,5.9,21.22,67.15
Paraguay,1967,132.48347,146.66342,497.58597,1629.5283,2406.26116,5.51,6.1,20.68,67.72
Paraguay,1968,137.35971,151.46379,520.40344,1675.5321,2484.75904,5.53,6.1,20.94,67.43
Paraguay,1969,132.52306,152.06544,534.27246,1688.2064,2507.06736,5.29,6.07,21.31,67.34
Paraguay,1970,134.24097,156.6769,526.8177,1737.0052,2554.74077,5.25,6.13,20.62,67.99
Paraguay,1971,131.43294,159.58818,545.5551,1717.2101,2553.78632,5.15,6.25,21.36,67.24
Paraguay,1972,127.11918,158.17883,538.2213,1710.5149,2534.03421,5.02,6.24,21.24,67.5
Paraguay,1973,114.93205,161.63101,524.6122,1750.7834,2551.9586600000002,4.5,6.33,20.56,68.61
Paraguay,1974,123.383095,161.036,531.1123,1755.1234,2570.654795,4.8,6.26,20.66,68.28
Paraguay,1975,111.92492,159.65454,537.2396,1669.3696,2478.18866,4.52,6.44,21.68,67.36
Paraguay,1976,120.13604,167.4232,553.27844,1721.592,2562.42968,4.69,6.53,21.59,67.19
Paraguay,1977,131.19609,175.60991,576.8579,1765.9293,2649.5932000000003,4.95,6.63,21.77,66.65
Paraguay,1978,128.42204,180.61833,566.1457,1829.7008,2704.8868700000003,4.75,6.68,20.93,67.64
Paraguay,1979,138.41936,167.75186,626.08813,1709.1318,2641.3911500000004,5.24,6.35,23.7,64.71
Paraguay,1980,141.1119,163.61774,696.29736,1657.1743,2658.2012999999997,5.31,6.16,26.19,62.34
Paraguay,1981,141.771,161.66428,610.58484,1662.8715,2576.89162,5.5,6.27,23.69,64.53
Paraguay,1982,139.08228,166.52884,666.91394,1676.4688,2648.99386,5.25,6.29,25.18,63.29
Paraguay,1983,136.52177,166.83188,653.5617,1714.1627,2671.07805,5.11,6.25,24.47,64.17
Paraguay,1984,138.86777,161.75946,643.0223,1688.051,2631.70053,5.28,6.15,24.43,64.14
Paraguay,1985,140.36789,154.75919,757.5688,1692.6232,2745.31908,5.11,5.64,27.59,61.65
Paraguay,1986,124.9429,156.93842,586.93616,1794.6611,2663.47858,4.69,5.89,22.04,67.38
Paraguay,1987,126.964584,163.85522,635.8254,1743.0723,2669.717504,4.76,6.14,23.82,65.29
Paraguay,1988,138.06447,157.1733,629.45245,1710.6833,2635.37352,5.24,5.96,23.88,64.91
Paraguay,1989,132.22902,163.58968,636.19147,1748.8204,2680.83057,4.93,6.1,23.73,65.23
Paraguay,1990,129.99489,150.08807,646.39386,1620.9766,2547.45342,5.1,5.89,25.37,63.63
Paraguay,1991,162.30878,133.01997,682.19556,1536.8519,2514.37621,6.46,5.29,27.13,61.12
Paraguay,1992,175.99954,134.08087,703.1678,1491.5709,2504.81911,7.03,5.35,28.07,59.55
Paraguay,1993,169.89787,138.90044,694.3237,1563.1548,2566.2768100000003,6.62,5.41,27.06,60.91
Paraguay,1994,173.47702,145.3127,755.99756,1598.933,2673.72028,6.49,5.43,28.28,59.8
Paraguay,1995,178.83676,142.5158,721.9109,1616.8916,2660.15506,6.72,5.36,27.14,60.78
Paraguay,1996,174.24408,146.66347,735.3398,1614.8384,2671.08575,6.52,5.49,27.53,60.46
Paraguay,1997,181.89015,155.28946,731.8859,1655.9355,2725.00101,6.67,5.7,26.86,60.77
Paraguay,1998,177.84758,144.46451,753.00397,1643.0796,2718.39566,6.54,5.31,27.7,60.44
Paraguay,1999,181.9466,146.46219,850.8088,1585.8007,2765.01829,6.58,5.3,30.77,57.35
Paraguay,2000,163.5787,142.43388,873.1679,1535.2863,2714.4667799999997,6.03,5.25,32.17,56.56
Paraguay,2001,160.47278,156.34622,871.06274,1591.2744,2779.15614,5.77,5.63,31.34,57.26
Paraguay,2002,175.98363,168.69864,903.425,1588.6387,2836.74597,6.2,5.95,31.85,56.0
Paraguay,2003,159.67308,166.03099,949.0457,1639.6467,2914.3964699999997,5.48,5.7,32.56,56.26
Paraguay,2004,141.05843,168.15196,893.99005,1656.6733,2859.87374,4.93,5.88,31.26,57.93
Paraguay,2005,133.38075,167.84215,868.1344,1642.8655,2812.2228000000005,4.74,5.97,30.87,58.42
Paraguay,2006,140.03055,168.65726,901.44653,1653.6301,2863.76444,4.89,5.89,31.48,57.74
Paraguay,2007,129.91841,172.00528,886.5676,1645.2108,2833.7020899999998,4.58,6.07,31.29,58.06
Paraguay,2008,129.88506,158.36823,900.8192,1627.029,2816.10149,4.61,5.62,31.99,57.78
Paraguay,2009,130.09175,158.5633,908.9411,1631.6531,2829.24925,4.6,5.6,32.13,57.67
Paraguay,2010,115.05202,149.87727,920.73785,1894.739,3080.40614,3.73,4.87,29.89,61.51
Paraguay,2011,130.25433,150.1543,953.38934,1888.758,3122.5559700000003,4.17,4.81,30.53,60.49
Paraguay,2012,113.46482,148.70158,940.00226,1857.8761,3060.0447599999998,3.71,4.86,30.72,60.71
Paraguay,2013,138.13484,148.69572,956.53357,1879.186,3122.5501299999996,4.42,4.76,30.63,60.18
Paraguay,2014,128.44171,154.89268,882.2441,1971.1788,3136.7572899999996,4.09,4.94,28.13,62.84
Paraguay,2015,117.88057,153.34908,859.6997,1965.211,3096.1403499999997,3.81,4.95,27.77,63.47
Paraguay,2016,123.06465,150.82239,852.7983,1942.7809,3069.4662399999997,4.01,4.91,27.78,63.29
Paraguay,2017,143.13821,153.36525,864.9354,1942.0112,3103.45006,4.61,4.94,27.87,62.58
Paraguay,2018,136.37852,158.35309,889.9691,1927.184,3111.8847100000003,4.38,5.09,28.6,61.93
Paraguay,2019,135.71202,163.17517,887.4604,1917.4087,3103.7562900000003,4.37,5.26,28.59,61.78
Paraguay,2020,138.91498,170.58678,845.6675,1960.4751,3115.6443600000002,4.46,5.48,27.14,62.92
Paraguay,2021,122.5596,178.80464,767.34155,2029.7654,3098.47119,3.96,5.77,24.77,65.51
Paraguay,2022,117.59276,178.21461,749.9698,2019.3779,3065.15507,3.84,5.81,24.47,65.88
Peru,1961,77.529396,136.68115,313.67798,1544.9594,2072.847926,3.74,6.59,15.13,74.53
Peru,1962,77.351974,136.8775,310.43185,1566.1826,2090.843924,3.7,6.55,14.85,74.91
Peru,1963,75.12439,123.959145,287.68427,1447.8608,1934.6286049999999,3.88,6.41,14.87,74.84
Peru,1964,80.07965,134.8053,313.317,1583.9817,2112.18365,3.79,6.38,14.83,74.99
Peru,1965,77.81164,125.98074,296.09375,1569.2013,2069.08743,3.76,6.09,14.31,75.84
Peru,1966,82.7529,121.39952,349.83768,1533.3563,2087.3464,3.96,5.82,16.76,73.46
Peru,1967,83.00674,128.23352,292.38528,1562.7314,2066.3569399999997,4.02,6.21,14.15,75.63
Peru,1968,79.63977,121.46721,335.3115,1482.8375,2019.2559800000001,3.94,6.02,16.61,73.43
Peru,1969,79.987274,144.49942,317.66876,1707.9738,2250.129254,3.55,6.42,14.12,75.91
Peru,1970,82.75963,131.58664,280.85303,1647.0907,2142.29,3.86,6.14,13.11,76.88
Peru,1971,84.44581,135.7487,277.37094,1694.9663,2192.53175,3.85,6.19,12.65,77.31
Peru,1972,82.682556,132.99913,294.74072,1613.6356,2124.058006,3.89,6.26,13.88,75.97
Peru,1973,93.54902,123.57758,307.27133,1545.7627,2070.16063,4.52,5.97,14.84,74.67
Peru,1974,86.71788,126.96003,295.95734,1582.3647,2091.99995,4.15,6.07,14.15,75.64
Peru,1975,85.87779,137.26207,282.85083,1657.7659,2163.75659,3.97,6.34,13.07,76.62
Peru,1976,86.55388,126.498764,291.13757,1604.0829,2108.273114,4.11,6.0,13.81,76.09
Peru,1977,88.64107,126.69826,275.94452,1563.6855,2054.9693500000003,4.31,6.17,13.43,76.09
Peru,1978,83.43027,114.348076,262.57227,1449.1028,1909.4534159999998,4.37,5.99,13.75,75.89
Peru,1979,85.581665,121.410255,293.4613,1545.3275,2045.7807200000002,4.18,5.93,14.34,75.54
Peru,1980,75.98011,133.55411,346.85138,1480.8635,2037.2491,3.73,6.56,17.03,72.69
Peru,1981,76.61874,138.82405,371.55493,1585.996,2172.9937200000004,3.53,6.39,17.1,72.99
Peru,1982,76.341965,143.9443,402.53128,1528.1661,2150.983645,3.55,6.69,18.71,71.04
Peru,1983,71.43125,132.45872,442.87775,1531.6461,2178.4138199999998,3.28,6.08,20.33,70.31
Peru,1984,73.67833,123.951546,395.31943,1381.3591,1974.3084059999999,3.73,6.28,20.02,69.97
Peru,1985,72.74115,124.733185,415.51892,1433.1,2046.0932549999998,3.56,6.1,20.31,70.04
Peru,1986,92.05586,137.13066,427.47595,1560.3429,2217.00537,4.15,6.19,19.28,70.38
Peru,1987,91.610085,130.2308,450.73712,1548.2124,2220.7904049999997,4.13,5.86,20.3,69.71
Peru,1988,88.2448,131.19722,462.0656,1548.4086,2229.91622,3.96,5.88,20.72,69.44
Peru,1989,79.945755,132.95241,370.71973,1538.8271,2122.444995,3.77,6.26,17.47,72.5
Peru,1990,80.81899,125.322845,367.5128,1426.0518,1999.706435,4.04,6.27,18.38,71.31
Peru,1991,72.31856,140.2506,399.23404,1541.9464,2153.7496,3.36,6.51,18.54,71.59
Peru,1992,73.478775,139.85051,392.21912,1504.8047,2110.353105,3.48,6.63,18.59,71.31
Peru,1993,73.740204,147.51984,389.0584,1519.0385,2129.356944,3.46,6.93,18.27,71.34
Peru,1994,81.43686,153.61952,405.363,1531.3613,2171.78068,3.75,7.07,18.67,70.51
Peru,1995,86.75463,154.16055,414.02136,1509.9966,2164.93314,4.01,7.12,19.12,69.75
Peru,1996,86.89264,159.60434,420.71432,1565.953,2233.1643,3.89,7.15,18.84,70.12
Peru,1997,90.55172,163.99748,409.68964,1612.305,2276.5438400000003,3.98,7.2,18.0,70.82
Peru,1998,77.761734,161.00792,365.96985,1606.6711,2211.410604,3.52,7.28,16.55,72.65
Peru,1999,82.03672,156.36661,381.13626,1603.511,2223.05059,3.69,7.03,17.14,72.13
Peru,2000,84.88667,168.99136,395.36234,1663.5013,2312.74167,3.67,7.31,17.09,71.93
Peru,2001,86.92684,163.52574,390.46664,1630.0544,2270.9736199999998,3.83,7.2,17.19,71.78
Peru,2002,85.76901,160.95894,396.09888,1646.3713,2289.1981299999998,3.75,7.03,17.3,71.92
Peru,2003,90.26805,158.66603,345.33713,1641.8164,2236.08761,4.04,7.1,15.44,73.42
Peru,2004,87.80416,159.03928,352.6138,1659.601,2259.0582400000003,3.89,7.04,15.61,73.46
Peru,2005,89.18362,171.7771,348.40802,1766.2697,2375.63844,3.75,7.23,14.67,74.35
Peru,2006,95.480446,172.71193,362.23782,1777.3237,2407.753896,3.97,7.17,15.04,73.82
Peru,2007,99.05138,176.85475,374.60004,1793.0126,2443.5187699999997,4.05,7.24,15.33,73.38
Peru,2008,100.59323,177.62302,410.32715,1828.281,2516.8244,4.0,7.06,16.3,72.64
Peru,2009,102.41179,183.43605,415.52472,1863.9287,2565.30126,3.99,7.15,16.2,72.66
Peru,2010,126.903465,169.91478,480.44037,1815.1576,2592.416215,4.9,6.55,18.53,70.02
Peru,2011,132.66167,168.9555,495.58002,1808.5862,2605.78339,5.09,6.48,19.02,69.41
Peru,2012,141.30652,172.91826,511.83847,1845.3107,2671.37395,5.29,6.47,19.16,69.08
Peru,2013,143.25368,174.72516,523.3293,1860.857,2702.16514,5.3,6.47,19.37,68.87
Peru,2014,148.4045,180.09312,531.20825,1877.3208,2737.02667,5.42,6.58,19.41,68.59
Peru,2015,150.92976,181.98694,532.7111,1898.1174,2763.7452000000003,5.46,6.58,19.27,68.68
Peru,2016,156.17604,178.72897,545.1133,1877.1487,2757.16701,5.66,6.48,19.77,68.08
Peru,2017,157.39886,179.71722,547.1124,1883.3784,2767.6068800000003,5.69,6.49,19.77,68.05
Peru,2018,164.72726,182.2944,552.9105,1893.657,2793.58916,5.9,6.53,19.79,67.79
Peru,2019,174.39554,181.39566,600.42035,1880.3359,2836.54745,6.15,6.39,21.17,66.29
Peru,2020,170.2635,189.04643,597.1393,1906.8235,2863.27273,5.95,6.6,20.86,66.6
Peru,2021,175.22853,183.40422,631.39,1858.01,2848.03275,6.15,6.44,22.17,65.24
Peru,2022,174.99103,183.16895,620.66693,1874.7861,2853.61301,6.13,6.42,21.75,65.7
Philippines,1961,57.811752,98.52904,249.87923,1280.6228,1686.842822,3.43,5.84,14.81,75.92
Philippines,1962,57.21149,94.244026,255.75122,1225.2478,1632.4545360000002,3.5,5.77,15.67,75.06
Philippines,1963,59.139313,97.27905,262.2959,1282.099,1700.813263,3.48,5.72,15.42,75.38
Philippines,1964,60.940968,97.45252,254.1227,1303.2239,1715.740088,3.55,5.68,14.81,75.96
Philippines,1965,64.696434,100.20936,279.19525,1333.4022,1777.503244,3.64,5.64,15.71,75.02
Philippines,1966,66.469536,95.81775,297.1507,1284.7711,1744.2090859999998,3.81,5.49,17.04,73.66
Philippines,1967,67.507935,96.93836,294.39908,1309.4454,1768.2907750000002,3.82,5.48,16.65,74.05
Philippines,1968,77.19439,94.75754,291.2144,1285.5618,1748.72813,4.41,5.42,16.65,73.51
Philippines,1969,75.91337,94.36031,308.30316,1278.8176,1757.39444,4.32,5.37,17.54,72.77
Philippines,1970,75.33658,93.571144,297.64417,1256.9768,1723.5286939999999,4.37,5.43,17.27,72.93
Philippines,1971,75.81146,97.12745,292.32953,1292.2485,1757.51694,4.31,5.53,16.63,73.53
Philippines,1972,77.606384,102.89775,287.8192,1359.2762,1827.599534,4.25,5.63,15.75,74.37
Philippines,1973,77.98799,98.01769,301.86935,1337.1957,1815.07073,4.3,5.4,16.63,73.67
Philippines,1974,84.95485,101.61036,304.97736,1430.4731,1922.0156699999998,4.42,5.29,15.87,74.43
Philippines,1975,80.98259,107.84607,292.33148,1488.5012,1969.6613399999999,4.11,5.48,14.84,75.57
Philippines,1976,70.37449,111.49835,311.2007,1532.6896,2025.76314,3.47,5.5,15.36,75.66
Philippines,1977,75.009796,110.704384,342.14856,1559.8574,2087.7201400000004,3.59,5.3,16.39,74.72
Philippines,1978,72.654755,112.15215,329.25006,1618.3306,2132.387565,3.41,5.26,15.44,75.89
Philippines,1979,74.71868,113.733185,309.8993,1646.461,2144.812165,3.48,5.3,14.45,76.76
Philippines,1980,74.14988,120.87337,325.77206,1721.6564,2242.4517100000003,3.31,5.39,14.53,76.78
Philippines,1981,74.68677,121.19806,317.32986,1680.9563,2194.17099,3.4,5.52,14.46,76.61
Philippines,1982,75.73063,123.88693,296.78937,1679.3177,2175.72463,3.48,5.69,13.64,77.18
Philippines,1983,79.09995,109.97496,286.48105,1538.4171,2013.9730599999998,3.93,5.46,14.22,76.39
Philippines,1984,72.7462,115.338936,284.40103,1634.5161,2107.002266,3.45,5.47,13.5,77.58
Philippines,1985,65.92248,114.842865,257.1567,1637.1602,2075.082245,3.18,5.53,12.39,78.9
Philippines,1986,68.3794,119.45703,276.49316,1627.41,2091.73959,3.27,5.71,13.22,77.8
Philippines,1987,71.76298,113.51957,304.5688,1621.6755,2111.52685,3.4,5.38,14.42,76.8
Philippines,1988,73.03807,117.85419,319.714,1598.156,2108.76226,3.46,5.59,15.16,75.79
Philippines,1989,77.14784,120.57309,336.16107,1648.2266,2182.1086,3.54,5.53,15.41,75.53
Philippines,1990,78.058876,121.5432,362.1755,1662.7034,2224.480976,3.51,5.46,16.28,74.75
Philippines,1991,81.358505,120.59832,376.4951,1604.4249,2182.876825,3.73,5.52,17.25,73.5
Philippines,1992,80.21341,122.52855,371.07578,1640.5299,2214.34764,3.62,5.53,16.76,74.09
Philippines,1993,79.31147,118.711105,372.3266,1603.4863,2173.835475,3.65,5.46,17.13,73.76
Philippines,1994,79.863686,127.663574,394.26038,1678.7642,2280.55184,3.5,5.6,17.29,73.61
Philippines,1995,82.487,124.63826,381.75894,1669.6415,2258.5257,3.65,5.52,16.9,73.93
Philippines,1996,79.79325,125.98104,395.36707,1729.9417,2331.08306,3.42,5.4,16.96,74.21
Philippines,1997,83.26971,125.92869,394.9206,1703.1686,2307.2875999999997,3.61,5.46,17.12,73.82
Philippines,1998,79.388145,125.87459,389.84412,1654.6166,2249.7234550000003,3.53,5.6,17.33,73.55
Philippines,1999,84.70646,123.22717,435.90976,1662.5109,2306.35429,3.67,5.34,18.9,72.08
Philippines,2000,86.59927,123.85256,438.58438,1683.6831,2332.71931,3.71,5.31,18.8,72.18
Philippines,2001,85.84295,127.53698,415.83954,1682.4614,2311.68087,3.71,5.52,17.99,72.78
Philippines,2002,88.02055,126.06664,412.31857,1705.6711,2332.07686,3.77,5.41,17.68,73.14
Philippines,2003,89.53479,124.94316,410.80325,1705.7432,2331.0244,3.84,5.36,17.62,73.18
Philippines,2004,90.35914,129.43546,409.24847,1770.3292,2399.37227,3.77,5.39,17.06,73.78
Philippines,2005,89.90075,132.37447,400.77988,1787.3381,2410.3932,3.73,5.49,16.63,74.15
Philippines,2006,92.882835,135.20523,424.9126,1800.8397,2453.840365,3.79,5.51,17.32,73.39
Philippines,2007,98.2099,134.86296,443.52545,1831.3844,2507.9827099999998,3.92,5.38,17.68,73.02
Philippines,2008,97.83956,134.2613,435.45233,1850.5774,2518.1305899999998,3.89,5.33,17.29,73.49
Philippines,2009,99.02763,137.81313,453.07184,1836.4019,2526.3145,3.92,5.46,17.93,72.69
Philippines,2010,116.70317,151.63553,442.76474,1700.0349,2411.1383400000004,4.84,6.29,18.36,70.51
Philippines,2011,111.430016,154.41745,413.71484,1739.373,2418.9353060000003,4.61,6.38,17.1,71.91
Philippines,2012,110.54335,153.6803,441.3416,1744.0037,2449.56895,4.51,6.27,18.02,71.2
Philippines,2013,109.08025,154.16571,449.80948,1731.0728,2444.12824,4.46,6.31,18.4,70.83
Philippines,2014,112.801544,158.53929,419.02182,1772.8651,2463.227754,4.58,6.44,17.01,71.97
Philippines,2015,114.6609,159.07733,448.87982,1788.2109,2510.82895,4.57,6.34,17.88,71.22
Philippines,2016,118.65517,160.98428,486.72595,1825.9299,2592.2953,4.58,6.21,18.78,70.44
Philippines,2017,117.203445,169.44743,508.7569,1840.9788,2636.386575,4.45,6.43,19.3,69.83
Philippines,2018,121.04064,170.19481,533.9713,1903.4047,2728.6114500000003,4.44,6.24,19.57,69.76
Philippines,2019,118.54482,185.04945,456.88568,2040.5947,2801.07465,4.23,6.61,16.31,72.85
Philippines,2020,115.1126,188.78468,432.33292,2057.6929,2793.9231,4.12,6.76,15.47,73.65
Philippines,2021,113.53707,189.6178,491.34286,2040.375,2834.87273,4.01,6.69,17.33,71.97
Philippines,2022,118.718315,192.73982,506.30707,2070.868,2888.633205,4.11,6.67,17.53,71.69
Poland,1961,170.27911,216.61684,796.8305,2093.1843,3276.91075,5.2,6.61,24.32,63.88
Poland,1962,170.80898,217.09062,798.77954,2094.9465,3281.62564,5.21,6.62,24.34,63.84
Poland,1963,177.26167,215.13742,816.90625,2091.782,3301.08734,5.37,6.52,24.75,63.37
Poland,1964,178.36742,217.85303,836.9625,2081.361,3314.5439499999998,5.38,6.57,25.25,62.79
Poland,1965,183.32564,221.69238,862.89056,2101.1814,3369.0899799999997,5.44,6.58,25.61,62.37
Poland,1966,190.58246,218.26707,872.336,2109.176,3390.36153,5.62,6.44,25.73,62.21
Poland,1967,194.25204,210.41632,878.55634,2102.0474,3385.2721,5.74,6.22,25.95,62.09
Poland,1968,197.73914,204.19412,909.40155,2087.5571,3398.8919100000003,5.82,6.01,26.76,61.42
Poland,1969,201.29182,202.8951,922.0464,2085.7473,3411.98062,5.9,5.95,27.02,61.13
Poland,1970,206.52591,203.999,938.3011,2082.5767,3431.4027100000003,6.02,5.95,27.34,60.69
Poland,1971,217.75981,200.53973,957.521,2065.186,3441.0065400000003,6.33,5.83,27.83,60.02
Poland,1972,224.93324,200.45345,977.6168,2077.3418,3480.34529,6.46,5.76,28.09,59.69
Poland,1973,231.80333,199.15271,1008.0977,2074.698,3513.7517399999997,6.6,5.67,28.69,59.05
Poland,1974,239.26091,195.28886,1020.8473,2066.977,3522.37407,6.79,5.54,28.98,58.68
Poland,1975,254.02852,193.82593,1049.1294,2046.8782,3543.86205,7.17,5.47,29.6,57.76
Poland,1976,255.20686,195.72798,1050.6271,2089.7864,3591.34834,7.11,5.45,29.25,58.19
Poland,1977,253.45512,193.44208,1067.0021,2065.8792,3579.7785,7.08,5.4,29.81,57.71
Poland,1978,255.29051,196.88235,1074.8563,2060.9297,3587.95886,7.12,5.49,29.96,57.44
Poland,1979,251.96167,197.16301,1075.3335,2066.6963,3591.15448,7.02,5.49,29.94,57.55
Poland,1980,248.93073,201.64511,1050.2217,2082.691,3583.48854,6.95,5.63,29.31,58.12
Poland,1981,234.6612,195.28366,1027.9159,1912.5269,3370.3876600000003,6.96,5.79,30.5,56.75
Poland,1982,204.57129,190.2886,922.73724,1972.193,3289.7901300000003,6.22,5.78,28.05,59.95
Poland,1983,215.77489,184.68051,963.9457,2002.8185,3367.2196000000004,6.41,5.48,28.63,59.48
Poland,1984,209.0294,183.68279,976.3662,1978.721,3347.79939,6.24,5.49,29.16,59.11
Poland,1985,220.49797,185.37866,1014.79175,1946.9369,3367.6052799999998,6.55,5.5,30.13,57.81
Poland,1986,230.87953,189.07996,1049.2374,1963.2979,3432.4947899999997,6.73,5.51,30.57,57.2
Poland,1987,229.4688,188.64676,1053.6116,1987.5311,3459.2582599999996,6.63,5.45,30.46,57.46
Poland,1988,232.63092,190.87358,1059.733,1997.2098,3480.4473,6.68,5.48,30.45,57.38
Poland,1989,227.61844,191.85382,1074.5319,2003.2289,3497.23306,6.51,5.49,30.73,57.28
Poland,1990,217.45921,187.42474,998.2352,1952.2006,3355.3197499999997,6.48,5.59,29.75,58.18
Poland,1991,221.31067,189.34535,1001.4027,1884.7405,3296.79922,6.71,5.74,30.37,57.17
Poland,1992,214.09096,195.59818,1040.4893,1920.4406,3370.6190399999996,6.35,5.8,30.87,56.98
Poland,1993,203.93677,200.36597,1021.9808,2009.0662,3435.3497399999997,5.94,5.83,29.75,58.48
Poland,1994,194.28958,196.01465,983.70386,1935.6547,3309.66279,5.87,5.92,29.72,58.48
Poland,1995,195.82713,198.87627,1002.45557,1932.825,3329.98397,5.88,5.97,30.1,58.04
Poland,1996,197.0992,198.86476,1008.55853,1945.9634,3350.48589,5.88,5.94,30.1,58.08
Poland,1997,192.64473,196.97742,995.2575,1940.8693,3325.74895,5.79,5.92,29.93,58.36
Poland,1998,201.45795,196.92584,1026.7617,1961.8589,3387.00439,5.95,5.81,30.31,57.92
Poland,1999,202.62013,197.2458,1031.7203,1961.4587,3393.04493,5.97,5.81,30.41,57.81
Poland,2000,199.20293,201.00731,1023.17053,2003.928,3427.30877,5.81,5.86,29.85,58.47
Poland,2001,198.15007,201.03516,1027.7257,2000.1438,3427.05473,5.78,5.87,29.99,58.36
Poland,2002,204.43579,198.46774,1047.8435,1982.885,3433.6320299999998,5.95,5.78,30.52,57.75
Poland,2003,205.77028,198.84186,1033.1066,1987.4475,3425.16624,6.01,5.81,30.16,58.02
Poland,2004,199.54005,197.45692,1019.88367,1968.2096,3385.09024,5.89,5.83,30.13,58.14
Poland,2005,197.38191,198.3039,1022.0647,1959.4685,3377.21901,5.84,5.87,30.26,58.02
Poland,2006,199.44164,196.71286,1014.77466,1952.8928,3363.82196,5.93,5.85,30.17,58.06
Poland,2007,202.81558,197.31128,1011.29565,1967.4979,3378.92041,6.0,5.84,29.93,58.23
Poland,2008,198.64987,195.19229,1014.7788,1954.476,3363.0969600000003,5.91,5.8,30.17,58.12
Poland,2009,206.47737,198.19576,1053.9753,1976.6108,3435.25923,6.01,5.77,30.68,57.54
Poland,2010,245.47295,201.46045,1076.4518,1891.2297,3414.6149000000005,7.19,5.9,31.52,55.39
Poland,2011,244.20677,199.2064,1100.113,1890.6515,3434.17767,7.11,5.8,32.03,55.05
Poland,2012,238.979,198.01811,1094.765,1878.2231,3409.98521,7.01,5.81,32.1,55.08
Poland,2013,234.83763,195.68456,1055.7703,1868.489,3354.78149,7.0,5.83,31.47,55.7
Poland,2014,239.04285,196.21115,1053.0065,1884.8168,3373.0773,7.09,5.82,31.22,55.88
Poland,2015,249.13385,188.20044,1080.2987,1812.4568,3330.08979,7.48,5.65,32.44,54.43
Poland,2016,258.20193,190.2477,1095.2031,1861.6522,3405.3049300000002,7.58,5.59,32.16,54.67
Poland,2017,256.44952,196.65831,1095.6418,1904.2838,3453.0334300000004,7.43,5.7,31.73,55.15
Poland,2018,263.51846,191.39339,1124.0936,1910.9922,3489.99765,7.55,5.48,32.21,54.76
Poland,2019,275.07346,187.06122,1116.9294,1922.7347,3501.79878,7.86,5.34,31.9,54.91
Poland,2020,284.74738,185.72408,1153.1544,1924.2297,3547.85556,8.03,5.23,32.5,54.24
Poland,2021,293.7712,181.62819,1198.4379,1928.0625,3601.89979,8.16,5.04,33.27,53.53
Poland,2022,289.3628,190.80417,1264.0984,2010.3384,3754.60377,7.71,5.08,33.67,53.54
Portugal,1961,109.85157,170.12375,502.08133,1696.9124,2478.9690499999997,4.43,6.86,20.25,68.45
Portugal,1962,109.541374,183.95895,505.02505,1781.591,2580.116374,4.25,7.13,19.57,69.05
Portugal,1963,112.88574,188.26324,516.019,1870.5879,2687.7558799999997,4.2,7.0,19.2,69.6
Portugal,1964,118.46962,177.52402,534.0154,1725.8079,2555.81694,4.64,6.95,20.89,67.52
Portugal,1965,121.11218,188.26784,706.18445,1819.2523,2834.8167700000004,4.27,6.64,24.91,64.18
Portugal,1966,119.681,180.57762,665.53876,1800.0969,2765.89428,4.33,6.53,24.06,65.08
Portugal,1967,134.73756,192.18752,706.1225,1890.0356,2923.0831799999996,4.61,6.57,24.16,64.66
Portugal,1968,122.28096,196.55122,689.2541,1937.216,2945.30228,4.15,6.67,23.4,65.77
Portugal,1969,132.43402,196.17506,720.2956,1982.6575,3031.56218,4.37,6.47,23.76,65.4
Portugal,1970,138.40848,200.37227,704.02313,1962.3801,3005.18398,4.61,6.67,23.43,65.3
Portugal,1971,145.54198,189.54585,715.1933,1986.0659,3036.34703,4.79,6.24,23.55,65.41
Portugal,1972,147.50345,191.73051,742.1517,1912.0314,2993.4170599999998,4.93,6.41,24.79,63.87
Portugal,1973,140.94443,191.29314,735.49634,1910.865,2978.5989099999997,4.73,6.42,24.69,64.15
Portugal,1974,148.99576,189.6128,778.3299,1931.3383,3048.2767599999997,4.89,6.22,25.53,63.36
Portugal,1975,143.41841,189.47716,777.28656,1918.051,3028.23313,4.74,6.26,25.67,63.34
Portugal,1976,146.69106,179.75156,793.12225,1887.3013,3006.8661700000002,4.88,5.98,26.38,62.77
Portugal,1977,152.43092,180.25116,828.5129,1819.9744,2981.1693800000003,5.11,6.05,27.79,61.05
Portugal,1978,135.21645,174.05565,801.35864,1718.1837,2828.81444,4.78,6.15,28.33,60.74
Portugal,1979,133.0015,164.51978,795.7562,1675.044,2768.32148,4.8,5.94,28.75,60.51
Portugal,1980,141.02063,164.7441,772.22296,1708.4199,2786.40759,5.06,5.91,27.71,61.31
Portugal,1981,145.3875,157.78302,780.0183,1693.8085,2776.99732,5.24,5.68,28.09,60.99
Portugal,1982,147.35829,163.2338,812.2901,1699.3191,2822.20129,5.22,5.78,28.78,60.21
Portugal,1983,155.10469,166.6117,809.26526,1703.8145,2834.79615,5.47,5.88,28.55,60.1
Portugal,1984,149.7304,175.18416,805.6537,1731.0258,2861.59406,5.23,6.12,28.15,60.49
Portugal,1985,165.3905,182.35974,841.233,1803.5015,2992.48474,5.53,6.09,28.11,60.27
Portugal,1986,171.26201,194.08635,857.28424,1913.685,3136.3176,5.46,6.19,27.33,61.02
Portugal,1987,187.39124,196.3184,937.35297,1972.0714,3293.1340099999998,5.69,5.96,28.46,59.88
Portugal,1988,193.3371,192.26785,1003.67377,1906.6001,3295.87882,5.87,5.83,30.45,57.85
Portugal,1989,203.77014,189.32536,1015.2691,1912.9424,3321.307,6.14,5.7,30.57,57.6
Portugal,1990,214.87607,188.91336,1098.5792,1869.8102,3372.17883,6.37,5.6,32.58,55.45
Portugal,1991,219.31355,191.6108,1084.5273,1916.6853,3412.13695,6.43,5.62,31.78,56.17
Portugal,1992,228.39842,188.01991,1079.8752,1906.8949,3403.18843,6.71,5.52,31.73,56.03
Portugal,1993,236.83983,190.66728,1108.4718,1933.9812,3469.96011,6.83,5.49,31.94,55.73
Portugal,1994,244.45425,191.14072,1125.6455,1945.7936,3507.03407,6.97,5.45,32.1,55.48
Portugal,1995,243.41417,189.82764,1117.1044,1928.1493,3478.4955099999997,7.0,5.46,32.11,55.43
Portugal,1996,250.73463,189.37053,1156.9531,1935.4675,3532.52576,7.1,5.36,32.75,54.79
Portugal,1997,249.59283,178.93663,1123.7117,1859.7203,3411.96146,7.32,5.24,32.93,54.51
Portugal,1998,265.04706,189.29633,1138.374,1937.2184,3529.93579,7.51,5.36,32.25,54.88
Portugal,1999,274.83655,184.52393,1204.3894,1914.3905,3578.14038,7.68,5.16,33.66,53.5
Portugal,2000,269.718,182.4445,1207.1465,1892.566,3551.875,7.59,5.14,33.99,53.28
Portugal,2001,276.67258,181.26273,1197.7915,1881.1555,3536.88231,7.82,5.12,33.87,53.19
Portugal,2002,270.1984,178.26865,1211.8494,1867.9172,3528.23365,7.66,5.05,34.35,52.94
Portugal,2003,261.85898,179.33907,1205.9553,1870.768,3517.92135,7.44,5.1,34.28,53.18
Portugal,2004,268.03467,184.30132,1191.4006,1890.1384,3533.8749900000003,7.58,5.22,33.71,53.49
Portugal,2005,273.6097,178.89713,1225.029,1856.1328,3533.66863,7.74,5.06,34.67,52.53
Portugal,2006,279.02237,175.5354,1229.739,1841.029,3525.32577,7.91,4.98,34.88,52.22
Portugal,2007,293.3766,176.07399,1256.4187,1807.1805,3533.04979,8.3,4.98,35.56,51.15
Portugal,2008,285.28094,171.53677,1295.2007,1787.9387,3539.9571100000003,8.06,4.85,36.59,50.51
Portugal,2009,283.28818,173.59854,1281.1896,1770.5112,3508.58752,8.07,4.95,36.52,50.46
Portugal,2010,308.56546,180.04657,1246.9336,1779.0459,3514.59153,8.78,5.12,35.48,50.62
Portugal,2011,304.5859,168.00462,1260.575,1760.6758,3493.84132,8.72,4.81,36.08,50.39
Portugal,2012,292.37003,170.2656,1220.0033,1780.8727,3463.51163,8.44,4.92,35.22,51.42
Portugal,2013,294.53708,168.02103,1216.5415,1765.4114,3444.51101,8.55,4.88,35.32,51.25
Portugal,2014,295.183,168.11589,1201.2164,1738.2113,3402.72659,8.67,4.94,35.3,51.08
Portugal,2015,300.2215,168.48227,1243.0466,1751.9618,3463.71217,8.67,4.86,35.89,50.58
Portugal,2016,305.39868,165.22289,1202.5297,1729.078,3402.22927,8.98,4.86,35.35,50.82
Portugal,2017,309.1825,169.37788,1200.1423,1749.673,3428.37568,9.02,4.94,35.01,51.04
Portugal,2018,318.10327,163.67569,1234.5038,1738.4662,3454.74896,9.21,4.74,35.73,50.32
Portugal,2019,316.1639,161.12622,1292.5514,1697.1674,3467.00892,9.12,4.65,37.28,48.95
Portugal,2020,301.6431,161.94348,1309.2219,1703.465,3476.27348,8.68,4.66,37.66,49.0
Portugal,2021,309.4881,162.40897,1329.9512,1688.6274,3490.47567,8.87,4.65,38.1,48.38
Portugal,2022,320.9918,158.81976,1255.9855,1725.4248,3461.2218599999997,9.27,4.59,36.29,49.85
Qatar,2019,229.44502,236.14737,1020.2217,2007.3029,3493.11699,6.57,6.76,29.21,57.46
Qatar,2020,229.54926,233.1335,1001.5996,1989.4335,3453.7158600000002,6.65,6.75,29.0,57.6
Qatar,2021,222.51279,226.56195,974.66327,1920.8776,3344.61561,6.65,6.77,29.14,57.43
Qatar,2022,224.93352,216.69652,1020.83856,1836.2643,3298.7329,6.82,6.57,30.95,55.67
Romania,1961,96.130905,257.07553,505.5045,1998.5807,2857.291635,3.36,9.0,17.69,69.95
Romania,1962,96.45499,255.12727,546.6927,2004.6609,2902.93586,3.32,8.79,18.83,69.06
Romania,1963,91.828,258.47583,534.39417,2057.3936,2942.0915999999997,3.12,8.79,18.16,69.93
Romania,1964,94.45878,255.8849,570.3663,2035.9348,2956.64478,3.19,8.65,19.29,68.86
Romania,1965,96.72615,256.52573,581.2114,2084.9226,3019.38588,3.2,8.5,19.25,69.05
Romania,1966,103.19371,261.28467,579.0348,2133.4387,3076.95188,3.35,8.49,18.82,69.34
Romania,1967,108.98649,255.7796,614.7577,2084.8232,3064.34699,3.56,8.35,20.06,68.03
Romania,1968,108.60436,253.12418,613.1979,2086.4663,3061.3927400000002,3.55,8.27,20.03,68.15
Romania,1969,108.67134,250.09071,621.08234,2098.3894,3078.23379,3.53,8.12,20.18,68.17
Romania,1970,115.21574,227.38344,648.6829,1917.5598,2908.84188,3.96,7.82,22.3,65.92
Romania,1971,117.614624,235.0264,681.1627,1982.632,3016.435724,3.9,7.79,22.58,65.73
Romania,1972,128.33807,231.43796,729.01135,1980.9154,3069.70278,4.18,7.54,23.75,64.53
Romania,1973,134.30934,229.28494,742.97064,1995.1755,3101.74042,4.33,7.39,23.95,64.32
Romania,1974,140.19395,239.88203,727.7412,2069.6292,3177.44638,4.41,7.55,22.9,65.13
Romania,1975,145.56949,219.74733,777.1715,1951.6206,3094.1089199999997,4.7,7.1,25.12,63.08
Romania,1976,147.91748,225.12341,843.15393,2046.0978,3262.29262,4.53,6.9,25.85,62.72
Romania,1977,153.51596,220.9565,875.8699,1998.6621,3249.00446,4.73,6.8,26.96,61.52
Romania,1978,161.95117,222.31442,882.58545,2020.8264,3287.67744,4.93,6.76,26.85,61.47
Romania,1979,180.61433,208.05608,893.14984,1944.3018,3226.12205,5.6,6.45,27.68,60.27
Romania,1980,174.47038,212.85065,838.4407,1965.178,3190.93973,5.47,6.67,26.28,61.59
Romania,1981,172.32991,218.6891,822.9967,1958.5132,3172.52891,5.43,6.89,25.94,61.73
Romania,1982,161.79921,201.80406,799.81396,1840.992,3004.40923,5.39,6.72,26.62,61.28
Romania,1983,160.95177,201.72566,816.6614,1852.3712,3031.71003,5.31,6.65,26.94,61.1
Romania,1984,169.57877,203.77782,862.4537,1873.4711,3109.28139,5.45,6.55,27.74,60.25
Romania,1985,180.9089,200.92435,835.5134,1851.8242,3069.17085,5.89,6.55,27.22,60.34
Romania,1986,169.8829,196.5527,811.05396,1804.0876,2981.57716,5.7,6.59,27.2,60.51
Romania,1987,173.96864,195.6537,802.9064,1778.1438,2950.67254,5.9,6.63,27.21,60.26
Romania,1988,169.65857,200.67976,798.04144,1806.3113,2974.69107,5.7,6.75,26.83,60.72
Romania,1989,154.68584,206.68279,763.3459,1851.3462,2976.06073,5.2,6.94,25.65,62.21
Romania,1990,188.2436,203.85246,940.16864,1853.6942,3185.9588999999996,5.91,6.4,29.51,58.18
Romania,1991,181.16971,180.8033,871.87415,1740.1862,2974.0333600000004,6.09,6.08,29.32,58.51
Romania,1992,162.94984,183.81165,764.567,1770.8953,2882.22379,5.65,6.38,26.53,61.44
Romania,1993,163.4601,202.65964,760.88763,1919.5897,3046.59707,5.37,6.65,24.98,63.01
Romania,1994,164.12361,199.46394,736.5478,1872.9567,2973.09205,5.52,6.71,24.77,63.0
Romania,1995,170.87952,209.83922,787.4748,1899.7319,3067.92544,5.57,6.84,25.67,61.92
Romania,1996,166.79158,210.8505,800.08276,1918.9644,3096.68924,5.39,6.81,25.84,61.97
Romania,1997,167.65489,220.07999,758.0961,1941.6545,3087.4854800000003,5.43,7.13,24.55,62.89
Romania,1998,175.82104,219.58366,794.845,1920.5864,3110.8361,5.65,7.06,25.55,61.74
Romania,1999,170.94435,219.71605,788.4215,1946.2014,3125.2833,5.47,7.03,25.23,62.27
Romania,2000,168.41106,216.87088,835.353,1969.0203,3189.65524,5.28,6.8,26.19,61.73
Romania,2001,177.0154,225.09618,866.9195,2027.6162,3296.64728,5.37,6.83,26.3,61.51
Romania,2002,195.37505,230.04297,902.82776,2063.9375,3392.18328,5.76,6.78,26.61,60.84
Romania,2003,207.48773,229.9433,941.3754,2080.9949,3459.8013300000002,6.0,6.65,27.21,60.15
Romania,2004,204.61028,236.86922,888.2285,2142.5793,3472.2873,5.89,6.82,25.58,61.71
Romania,2005,221.28268,231.4983,969.9725,2117.2693,3540.02278,6.25,6.54,27.4,59.81
Romania,2006,226.73724,230.2197,999.5487,2141.2908,3597.79644,6.3,6.4,27.78,59.52
Romania,2007,234.47833,224.26712,1013.4743,2088.0366,3560.2563499999997,6.59,6.3,28.47,58.65
Romania,2008,236.83833,232.08885,1026.8438,2110.872,3606.64298,6.57,6.44,28.47,58.53
Romania,2009,233.26306,231.47398,1026.6813,2106.9924,3598.4107400000003,6.48,6.43,28.53,58.55
Romania,2010,230.01926,197.0968,1071.0048,1860.0885,3358.20936,6.85,5.87,31.89,55.39
Romania,2011,227.74533,198.8734,1083.3556,1884.5121,3394.48643,6.71,5.86,31.92,55.52
Romania,2012,218.36925,198.6301,1059.7102,1874.699,3351.40855,6.52,5.93,31.62,55.94
Romania,2013,216.27977,206.1179,1059.6749,1936.1962,3418.26877,6.33,6.03,31.0,56.64
Romania,2014,225.43245,210.41164,1090.3313,1950.8239,3476.99929,6.48,6.05,31.36,56.11
Romania,2015,240.70457,211.53313,1118.9637,1966.4684,3537.6697999999997,6.8,5.98,31.63,55.59
Romania,2016,244.45706,210.66153,1139.6985,1985.498,3580.31509,6.83,5.88,31.83,55.46
Romania,2017,242.51686,212.34233,1146.8827,1995.2615,3597.0033900000003,6.74,5.9,31.88,55.47
Romania,2018,239.2693,215.65851,1142.5319,2024.3949,3621.8546100000003,6.61,5.95,31.55,55.89
Romania,2019,234.11234,206.72047,1156.2251,2053.0884,3650.14631,6.41,5.66,31.68,56.25
Romania,2020,239.41101,199.46909,1210.1685,1997.137,3646.1856,6.57,5.47,33.19,54.77
Romania,2021,243.81476,197.98401,1223.7834,1994.009,3659.59117,6.66,5.41,33.44,54.49
Romania,2022,245.5931,199.92902,1254.6234,2016.3783,3716.5238200000003,6.61,5.38,33.76,54.25
Russia,1992,183.49457,182.53532,727.79315,1828.8605,2922.68354,6.28,6.25,24.9,62.57
Russia,1993,183.79378,183.63301,746.3181,1872.4921,2986.23699,6.15,6.15,24.99,62.7
Russia,1994,178.95766,183.93651,734.48126,1831.676,2929.05143,6.11,6.28,25.08,62.53
Russia,1995,176.44885,180.7779,717.54,1824.3336,2899.1003499999997,6.09,6.24,24.75,62.93
Russia,1996,163.68044,175.30319,677.6767,1775.7664,2792.42673,5.86,6.28,24.27,63.59
Russia,1997,176.87029,178.7131,702.62366,1802.1642,2860.37125,6.18,6.25,24.56,63.0
Russia,1998,177.4167,176.53622,694.7287,1815.8396,2864.5212199999996,6.19,6.16,24.25,63.39
Russia,1999,169.95934,177.24101,677.4968,1864.9716,2889.66875,5.88,6.13,23.45,64.54
Russia,2000,165.6911,175.49413,688.2622,1848.4403,2877.8877300000004,5.76,6.1,23.92,64.23
Russia,2001,166.82022,180.58519,716.20856,1891.4528,2955.0667700000004,5.65,6.11,24.24,64.01
Russia,2002,172.18486,181.6377,735.7941,1926.7097,3016.32636,5.71,6.02,24.39,63.88
Russia,2003,175.41316,182.36926,756.268,1930.737,3044.78742,5.76,5.99,24.84,63.41
Russia,2004,177.75433,182.80463,771.7998,1962.4357,3094.79446,5.74,5.91,24.94,63.41
Russia,2005,187.61339,187.45415,795.34625,2018.8549,3189.26869,5.88,5.88,24.94,63.3
Russia,2006,191.48317,188.61092,817.1544,2041.0109,3238.25939,5.91,5.82,25.23,63.03
Russia,2007,205.54277,187.9682,844.5088,2066.2021,3304.22187,6.22,5.69,25.56,62.53
Russia,2008,210.3227,187.54407,857.0759,2053.9531,3308.89577,6.36,5.67,25.9,62.07
Russia,2009,212.3753,185.60866,861.39636,2009.5453,3268.92562,6.5,5.68,26.35,61.47
Russia,2010,232.5568,192.27138,927.381,1928.834,3281.0431799999997,7.09,5.86,28.26,58.79
Russia,2011,232.77728,192.80663,935.0803,1946.1604,3306.8246099999997,7.04,5.83,28.28,58.85
Russia,2012,243.27937,191.43817,953.6571,1938.9185,3327.2931399999998,7.31,5.75,28.66,58.27
Russia,2013,242.15138,188.87091,965.8579,1908.719,3305.59919,7.33,5.71,29.22,57.74
Russia,2014,241.64726,192.94347,999.8712,1908.2587,3342.72063,7.23,5.77,29.91,57.09
Russia,2015,234.84242,198.3636,937.6174,1925.3733,3296.19672,7.12,6.02,28.45,58.41
Russia,2016,235.75235,193.78596,1000.59375,1879.6682,3309.80026,7.12,5.85,30.23,56.79
Russia,2017,242.09796,193.90125,1007.7731,1892.1589,3335.9312099999997,7.26,5.81,30.21,56.72
Russia,2018,244.97183,195.03848,1026.1006,1868.8801,3334.9910099999997,7.35,5.85,30.77,56.04
Russia,2019,247.49722,197.01114,1025.4763,1859.8297,3329.8143600000003,7.43,5.92,30.8,55.85
Russia,2020,248.99089,202.034,1019.3724,1879.4993,3349.89659,7.43,6.03,30.43,56.11
Russia,2021,252.80234,203.01396,1040.6306,1875.6107,3372.0576,7.5,6.02,30.86,55.62
Russia,2022,261.15622,206.24503,1054.0684,1911.9513,3433.4209499999997,7.61,6.01,30.7,55.69
Rwanda,1961,10.067878,170.57532,98.769356,1446.7463,1726.158854,0.58,9.88,5.72,83.81
Rwanda,1962,9.921101,171.76146,105.75166,1578.9968,1866.4310209999999,0.53,9.2,5.67,84.6
Rwanda,1963,10.09303,183.5027,102.14908,1491.4832,1787.2280099999998,0.56,10.27,5.72,83.45
Rwanda,1964,9.936964,178.71365,109.5721,1504.2743,1802.497014,0.55,9.91,6.08,83.46
Rwanda,1965,9.671149,179.06738,108.71542,1524.4243,1821.8782489999999,0.53,9.83,5.97,83.67
Rwanda,1966,10.141042,211.8686,110.01523,1621.7279,1953.752772,0.52,10.84,5.63,83.01
Rwanda,1967,10.773244,217.612,139.16696,1774.892,2142.444204,0.5,10.16,6.5,82.84
Rwanda,1968,10.249519,203.18164,127.4313,1712.8097,2053.6721589999997,0.5,9.89,6.21,83.4
Rwanda,1969,10.221741,216.69336,118.81358,1788.2009,2133.9295810000003,0.48,10.15,5.57,83.8
Rwanda,1970,10.565191,210.20956,124.716415,1813.7698,2159.260966,0.49,9.74,5.78,84.0
Rwanda,1971,10.188886,206.68343,121.587364,1789.8853,2128.34498,0.48,9.71,5.71,84.1
Rwanda,1972,10.006526,200.47035,119.3703,1725.2665,2055.113676,0.49,9.75,5.81,83.95
Rwanda,1973,10.46037,198.44492,120.48307,1728.6989,2058.0872600000002,0.51,9.64,5.85,84.0
Rwanda,1974,10.656824,192.57863,111.04638,1703.6748,2017.9566340000001,0.53,9.54,5.5,84.43
Rwanda,1975,11.4280405,208.31577,145.16827,1809.0646,2173.9766805,0.53,9.58,6.68,83.21
Rwanda,1976,11.795422,213.07614,148.74179,1846.0879,2219.701252,0.53,9.6,6.7,83.17
Rwanda,1977,12.893671,216.94838,152.75578,1860.4443,2243.042131,0.57,9.67,6.81,82.94
Rwanda,1978,14.120651,208.94746,147.95197,1856.7988,2227.818881,0.63,9.38,6.64,83.35
Rwanda,1979,13.481743,207.4733,146.92993,1900.4565,2268.341473,0.59,9.15,6.48,83.78
Rwanda,1980,15.212049,202.2895,146.07024,1899.9502,2263.521989,0.67,8.94,6.45,83.94
Rwanda,1981,15.113657,205.82262,150.04054,1903.763,2274.7398169999997,0.66,9.05,6.6,83.69
Rwanda,1982,15.173401,201.28766,150.9081,1903.8392,2271.208361,0.67,8.86,6.64,83.82
Rwanda,1983,14.433155,201.18129,150.97234,1881.876,2248.4627849999997,0.64,8.95,6.71,83.7
Rwanda,1984,15.349622,197.6985,148.01422,1788.5001,2149.562442,0.71,9.2,6.89,83.2
Rwanda,1985,16.489225,207.6636,167.0405,1843.1741,2234.367425,0.74,9.29,7.48,82.49
Rwanda,1986,16.123283,193.20479,164.35158,1746.6694,2120.349053,0.76,9.11,7.75,82.38
Rwanda,1987,14.941279,193.39769,157.30292,1709.7577,2075.399589,0.72,9.32,7.58,82.38
Rwanda,1988,13.833099,174.77432,150.34395,1616.7332,1955.684569,0.71,8.94,7.69,82.67
Rwanda,1989,13.553816,173.58537,153.11388,1634.5017,1974.754766,0.69,8.79,7.75,82.77
Rwanda,1990,13.421857,163.8797,146.06541,1456.1051,1779.4720670000002,0.75,9.21,8.21,81.83
Rwanda,1991,14.416998,158.95758,153.10185,1481.1704,1807.646828,0.8,8.79,8.47,81.94
Rwanda,1992,13.459345,144.47499,141.52756,1311.4001,1610.8619950000002,0.84,8.97,8.79,81.41
Rwanda,1993,12.799183,126.19811,155.4827,1178.4901,1472.970093,0.87,8.57,10.56,80.01
Rwanda,1994,13.594117,141.001,177.67645,1237.9669,1570.238467,0.87,8.98,11.32,78.84
Rwanda,1995,15.492451,163.98839,187.67627,1443.6229,1810.780011,0.86,9.06,10.36,79.72
Rwanda,1996,14.001341,135.31094,134.44469,1281.6707,1565.427671,0.89,8.64,8.59,81.87
Rwanda,1997,13.050159,124.827614,114.97324,1184.8359,1437.686913,0.91,8.68,8.0,82.41
Rwanda,1998,14.408072,128.85645,129.35327,1270.1815,1542.799292,0.93,8.35,8.38,82.33
Rwanda,1999,15.690836,138.13333,143.9933,1378.249,1676.066466,0.94,8.24,8.59,82.23
Rwanda,2000,15.046357,161.38036,156.48416,1565.2197,1898.1305770000001,0.79,8.5,8.24,82.46
Rwanda,2001,16.617174,175.81224,166.1083,1662.5842,2021.121914,0.82,8.7,8.22,82.26
Rwanda,2002,16.178135,188.83049,180.17435,1855.3175,2240.5004750000003,0.72,8.43,8.04,82.81
Rwanda,2003,17.25972,183.65022,187.76321,1741.1592,2129.83235,0.81,8.62,8.82,81.75
Rwanda,2004,18.010918,179.64735,202.81174,1666.2094,2066.679408,0.87,8.69,9.81,80.62
Rwanda,2005,17.619846,184.27943,201.78473,1717.5704,2121.254406,0.83,8.69,9.51,80.97
Rwanda,2006,19.780775,188.08357,225.24527,1690.4564,2123.566015,0.93,8.86,10.61,79.6
Rwanda,2007,21.374031,197.9801,226.14267,1688.7876,2134.284401,1.0,9.28,10.6,79.13
Rwanda,2008,21.646751,200.61824,232.17078,1736.3071,2190.742871,0.99,9.16,10.6,79.26
Rwanda,2009,21.812796,211.178,286.46564,1779.093,2298.5494360000002,0.95,9.19,12.46,77.4
Rwanda,2010,28.736393,211.86595,257.90814,1621.2681,2119.7785830000003,1.36,9.99,12.17,76.48
Rwanda,2011,29.769108,205.10274,253.69762,1638.2411,2126.810568,1.4,9.64,11.93,77.03
Rwanda,2012,30.26926,203.79701,224.94743,1682.6667,2141.6804,1.41,9.52,10.5,78.57
Rwanda,2013,30.62224,204.1883,206.70012,1706.0792,2147.58986,1.43,9.51,9.62,79.44
Rwanda,2014,30.730106,207.78835,202.11649,1702.42,2143.054946,1.43,9.7,9.43,79.44
Rwanda,2015,33.648586,204.1321,224.42728,1698.7535,2160.961466,1.56,9.45,10.39,78.61
Rwanda,2016,32.472008,203.52061,248.91534,1705.5312,2190.439158,1.48,9.29,11.36,77.86
Rwanda,2017,32.435143,204.23314,259.80188,1735.7311,2232.201263,1.45,9.15,11.64,77.76
Rwanda,2018,30.827888,203.2714,265.43896,1706.0406,2205.578848,1.4,9.22,12.03,77.35
Rwanda,2019,29.937529,198.311,280.83008,1698.7437,2207.822309,1.36,8.98,12.72,76.94
Rwanda,2020,30.184982,196.76582,213.34744,1796.4894,2236.787642,1.35,8.8,9.54,80.32
Rwanda,2021,27.175344,203.29092,249.29547,1812.9666,2292.728334,1.19,8.87,10.87,79.07
Rwanda,2022,25.270624,199.01625,263.04053,1849.1455,2336.472904,1.08,8.52,11.26,79.14
Saint Kitts and Nevis,1961,45.333332,79.45322,411.56876,1046.9917,1583.3470120000002,2.86,5.02,25.99,66.13
Saint Kitts and Nevis,1962,46.87717,85.13583,420.37692,1116.9768,1669.36672,2.81,5.1,25.18,66.91
Saint Kitts and Nevis,1963,51.94436,90.29151,437.3352,1153.5371,1733.10817,3.0,5.21,25.23,66.56
Saint Kitts and Nevis,1964,55.32403,92.3724,456.45193,1195.6605,1799.80886,3.07,5.13,25.36,66.43
Saint Kitts and Nevis,1965,58.786194,91.764755,481.62115,1219.037,1851.2090990000002,3.18,4.96,26.02,65.85
Saint Kitts and Nevis,1966,67.76969,88.37014,510.12094,1220.509,1886.76977,3.59,4.68,27.04,64.69
Saint Kitts and Nevis,1967,77.47072,90.240616,515.4396,1255.5907,1938.741636,4.0,4.65,26.59,64.76
Saint Kitts and Nevis,1968,82.95976,88.882675,557.5235,1259.8759,1989.241835,4.17,4.47,28.03,63.33
Saint Kitts and Nevis,1969,84.241936,90.35984,533.767,1305.106,2013.474776,4.18,4.49,26.51,64.82
Saint Kitts and Nevis,1970,92.907135,93.14939,573.6137,1336.8572,2096.5274249999998,4.43,4.44,27.36,63.77
Saint Kitts and Nevis,1971,99.700806,92.76995,576.4563,1250.5819,2019.508956,4.94,4.59,28.54,61.93
Saint Kitts and Nevis,1972,121.14624,94.14931,595.1924,1365.2648,2175.7527499999997,5.57,4.33,27.36,62.75
Saint Kitts and Nevis,1973,112.95019,97.97847,595.6075,1378.0105,2184.54666,5.17,4.49,27.26,63.08
Saint Kitts and Nevis,1974,113.99913,95.79793,616.0121,1473.5424,2299.35156,4.96,4.17,26.79,64.09
Saint Kitts and Nevis,1975,117.064125,93.2798,616.5553,1405.1531,2232.052325,5.24,4.18,27.62,62.95
Saint Kitts and Nevis,1976,137.1071,90.014496,615.61536,1394.4655,2237.202456,6.13,4.02,27.52,62.33
Saint Kitts and Nevis,1977,131.62636,97.87705,652.08044,1379.5791,2261.16295,5.82,4.33,28.84,61.01
Saint Kitts and Nevis,1978,140.96465,104.531456,639.2007,1410.7163,2295.413106,6.14,4.55,27.85,61.46
Saint Kitts and Nevis,1979,146.40596,100.376656,652.16833,1418.51,2317.460946,6.32,4.33,28.14,61.21
Saint Kitts and Nevis,1980,155.89258,105.96356,609.4211,1506.677,2377.95424,6.56,4.46,25.63,63.36
Saint Kitts and Nevis,1981,162.77513,98.85799,600.3719,1429.0984,2291.10342,7.1,4.31,26.2,62.38
Saint Kitts and Nevis,1982,162.78036,95.39366,697.3613,1351.3967,2306.93202,7.06,4.14,30.23,58.58
Saint Kitts and Nevis,1983,154.90367,101.032974,709.32465,1406.0658,2371.327094,6.53,4.26,29.91,59.29
Saint Kitts and Nevis,1984,150.76053,111.16444,710.30475,1476.5413,2448.77102,6.16,4.54,29.01,60.3
Saint Kitts and Nevis,1985,158.6921,113.15646,745.2846,1616.0233,2633.15646,6.03,4.3,28.3,61.37
Saint Kitts and Nevis,1986,165.47964,113.82027,820.8145,1556.5668,2656.6812099999997,6.23,4.28,30.9,58.59
Saint Kitts and Nevis,1987,164.96854,114.59677,816.5764,1567.33,2663.47171,6.19,4.3,30.66,58.85
Saint Kitts and Nevis,1988,170.1623,123.36566,813.6558,1615.2931,2722.4768599999998,6.25,4.53,29.89,59.33
Saint Kitts and Nevis,1989,151.27249,125.90607,813.7188,1560.4984,2651.39576,5.71,4.75,30.69,58.86
Saint Kitts and Nevis,1990,163.513,119.60109,753.1582,1498.1995,2534.4717899999996,6.45,4.72,29.72,59.11
Saint Kitts and Nevis,1991,153.44624,124.20484,770.7594,1511.7383,2560.14878,5.99,4.85,30.11,59.05
Saint Kitts and Nevis,1992,145.22156,121.481476,756.15564,1502.3359,2525.194576,5.75,4.81,29.94,59.49
Saint Kitts and Nevis,1993,142.74457,117.51359,691.41644,1502.1298,2453.8044,5.82,4.79,28.18,61.22
Saint Kitts and Nevis,1994,142.31422,117.0792,687.59375,1500.0446,2447.03177,5.82,4.78,28.1,61.3
Saint Kitts and Nevis,1995,177.93384,107.004326,735.365,1514.4915,2534.7946660000002,7.02,4.22,29.01,59.75
Saint Kitts and Nevis,1996,180.15263,110.467926,747.9164,1484.3225,2522.859456,7.14,4.38,29.65,58.83
Saint Kitts and Nevis,1997,162.08286,107.58214,720.06635,1458.5834,2448.31475,6.62,4.39,29.41,59.57
Saint Kitts and Nevis,1998,158.03493,110.40029,681.1654,1451.1055,2400.70612,6.58,4.6,28.37,60.44
Saint Kitts and Nevis,1999,169.78618,108.68092,667.0792,1461.5079,2407.0542,7.05,4.52,27.71,60.72
Saint Kitts and Nevis,2000,198.11064,114.618546,749.0487,1495.473,2557.250886,7.75,4.48,29.29,58.48
Saint Kitts and Nevis,2001,188.78293,118.5877,724.0769,1521.9292,2553.37673,7.39,4.64,28.36,59.6
Saint Kitts and Nevis,2002,202.40369,116.03878,769.4671,1480.966,2568.87557,7.88,4.52,29.95,57.65
Saint Kitts and Nevis,2003,196.35228,117.337036,774.42444,1473.9945,2562.108256,7.66,4.58,30.23,57.53
Saint Kitts and Nevis,2004,204.00026,115.52272,801.33777,1436.36,2557.22075,7.98,4.52,31.34,56.17
Saint Kitts and Nevis,2005,193.45773,115.45807,768.4149,1462.8314,2540.1621,7.62,4.55,30.25,57.59
Saint Kitts and Nevis,2006,200.75627,120.10141,774.23517,1512.1177,2607.21055,7.7,4.61,29.7,58.0
Saint Kitts and Nevis,2007,193.02191,121.35621,773.2764,1540.3735,2628.0280199999997,7.34,4.62,29.42,58.61
Saint Kitts and Nevis,2008,205.04178,123.617874,843.73773,1566.026,2738.423384,7.49,4.51,30.81,57.19
Saint Kitts and Nevis,2009,206.07936,129.47604,811.2878,1616.5542,2763.3974,7.46,4.69,29.36,58.5
Saint Kitts and Nevis,2010,247.85373,136.52205,821.38,1451.2705,2657.02628,9.33,5.14,30.91,54.62
Saint Kitts and Nevis,2011,241.09799,134.49832,799.22345,1443.4305,2618.25026,9.21,5.14,30.53,55.13
Saint Kitts and Nevis,2012,223.8378,140.83264,775.27997,1535.8899,2675.8403099999996,8.37,5.26,28.97,57.4
Saint Kitts and Nevis,2013,225.04129,144.09792,813.5663,1524.796,2707.50151,8.31,5.32,30.05,56.32
Saint Kitts and Nevis,2014,248.73177,134.01057,894.70337,1441.4362,2718.88191,9.15,4.93,32.91,53.02
Saint Kitts and Nevis,2015,253.89421,133.32494,944.2732,1457.4137,2788.90605,9.1,4.78,33.86,52.26
Saint Kitts and Nevis,2016,253.27899,151.7317,1006.08606,1466.4521,2877.54885,8.8,5.27,34.96,50.96
Saint Kitts and Nevis,2017,262.78455,150.6794,1082.4772,1462.8645,2958.8056500000002,8.88,5.09,36.58,49.44
Saint Kitts and Nevis,2018,247.55635,141.72794,1002.7679,1526.1368,2918.18899,8.48,4.86,34.36,52.3
Saint Kitts and Nevis,2019,218.73268,141.78174,1056.4081,1462.0375,2878.96002,7.6,4.92,36.69,50.78
Saint Kitts and Nevis,2020,255.82918,144.00308,1021.35394,1509.846,2931.0322,8.73,4.91,34.85,51.51
Saint Kitts and Nevis,2021,257.35355,146.93112,1029.7402,1484.8862,2918.91107,8.82,5.03,35.28,50.87
Saint Kitts and Nevis,2022,236.67204,148.40483,1039.9464,1500.9608,2925.9840700000004,8.09,5.07,35.54,51.3
Saint Lucia,1961,67.41678,81.35971,314.0664,1180.67,1643.51289,4.1,4.95,19.11,71.84
Saint Lucia,1962,66.96221,82.23225,361.89395,1190.2347,1701.32311,3.94,4.83,21.27,69.96
Saint Lucia,1963,67.15898,76.780945,363.6577,1148.0038,1655.6014249999998,4.06,4.64,21.97,69.34
Saint Lucia,1964,70.261696,84.636986,372.62527,1225.0801,1752.604052,4.01,4.83,21.26,69.9
Saint Lucia,1965,73.830246,78.360916,391.18408,1177.2949,1720.6701420000002,4.29,4.55,22.73,68.42
Saint Lucia,1966,80.037384,83.501686,417.41885,1215.9012,1796.85912,4.45,4.65,23.23,67.67
Saint Lucia,1967,81.985504,82.50822,425.9306,1186.7994,1777.2237240000002,4.61,4.64,23.97,66.78
Saint Lucia,1968,87.17778,86.45532,450.7296,1200.8721,1825.2348000000002,4.78,4.74,24.69,65.79
Saint Lucia,1969,90.238754,89.38936,467.86835,1210.063,1857.5594640000002,4.86,4.81,25.19,65.14
Saint Lucia,1970,103.612816,90.625916,497.4746,1228.0477,1919.7610320000001,5.4,4.72,25.91,63.97
Saint Lucia,1971,108.52163,98.03509,513.65967,1315.8599,2036.07629,5.33,4.81,25.23,64.63
Saint Lucia,1972,111.35256,93.067215,513.5102,1242.6434,1960.573375,5.68,4.75,26.19,63.38
Saint Lucia,1973,102.949715,88.811554,504.135,1232.6287,1928.524969,5.34,4.61,26.14,63.92
Saint Lucia,1974,96.39225,85.71754,488.7279,1235.218,1906.0556900000001,5.06,4.5,25.64,64.8
Saint Lucia,1975,101.43634,86.61042,492.05768,1204.9342,1885.03864,5.38,4.59,26.1,63.92
Saint Lucia,1976,108.43432,90.381676,498.70898,1227.2334,1924.758376,5.63,4.7,25.91,63.76
Saint Lucia,1977,119.83558,99.03767,562.70233,1334.899,2116.47458,5.66,4.68,26.59,63.07
Saint Lucia,1978,131.15054,106.92225,569.4444,1392.8887,2200.40589,5.96,4.86,25.88,63.3
Saint Lucia,1979,121.854836,113.68117,535.10895,1456.3846,2227.0295560000004,5.47,5.1,24.03,65.4
Saint Lucia,1980,111.607315,109.62846,527.87885,1411.7927,2160.907325,5.16,5.07,24.43,65.33
Saint Lucia,1981,123.47522,112.53838,556.79755,1447.0593,2239.87045,5.51,5.02,24.86,64.6
Saint Lucia,1982,124.21855,111.788826,572.96686,1420.3123,2229.286536,5.57,5.01,25.7,63.71
Saint Lucia,1983,129.20958,110.90849,566.65466,1412.9714,2219.74413,5.82,5.0,25.53,63.65
Saint Lucia,1984,141.9173,116.96953,608.7608,1473.8903,2341.53793,6.06,5.0,26.0,62.95
Saint Lucia,1985,142.18677,118.72966,592.33105,1513.9299,2367.17738,6.01,5.02,25.02,63.96
Saint Lucia,1986,153.12715,126.62287,553.6113,1588.0061,2421.36742,6.32,5.23,22.86,65.58
Saint Lucia,1987,153.1156,134.03517,508.62152,1663.0472,2458.81949,6.23,5.45,20.69,67.64
Saint Lucia,1988,153.64891,125.691086,477.68567,1633.6863,2390.711966,6.43,5.26,19.98,68.33
Saint Lucia,1989,166.56477,133.12428,512.1598,1633.4128,2445.2616500000004,6.81,5.44,20.94,66.8
Saint Lucia,1990,168.95262,130.98033,534.3457,1666.164,2500.44265,6.76,5.24,21.37,66.63
Saint Lucia,1991,191.82426,133.81128,590.58826,1661.239,2577.4628000000002,7.44,5.19,22.91,64.45
Saint Lucia,1992,192.32886,136.48369,592.87354,1773.2849,2694.9709900000003,7.14,5.06,22.0,65.8
Saint Lucia,1993,206.89401,133.41277,620.56177,1727.0299,2687.89845,7.7,4.96,23.09,64.25
Saint Lucia,1994,208.41681,136.83691,667.48254,1698.3523,2711.08856,7.69,5.05,24.62,62.64
Saint Lucia,1995,210.95523,128.0176,653.84814,1654.9927,2647.81367,7.97,4.83,24.69,62.5
Saint Lucia,1996,203.95543,126.20906,671.8106,1645.0469,2647.02199,7.71,4.77,25.38,62.15
Saint Lucia,1997,204.27933,134.78714,680.13257,1688.2249,2707.4239399999997,7.55,4.98,25.12,62.36
Saint Lucia,1998,202.65582,127.62449,660.8574,1664.2432,2655.38091,7.63,4.81,24.89,62.67
Saint Lucia,1999,224.3796,124.774055,716.412,1613.5347,2679.100355,8.38,4.66,26.74,60.23
Saint Lucia,2000,221.64659,129.65356,718.7872,1611.8881,2681.97545,8.26,4.83,26.8,60.1
Saint Lucia,2001,208.00714,124.11344,676.6981,1581.841,2590.6596799999998,8.03,4.79,26.12,61.06
Saint Lucia,2002,222.12624,132.9827,689.9319,1605.3066,2650.34744,8.38,5.02,26.03,60.57
Saint Lucia,2003,222.70364,132.42912,696.77405,1572.8146,2624.72141,8.48,5.05,26.55,59.92
Saint Lucia,2004,227.51527,129.67973,729.8952,1542.4382,2629.5284,8.65,4.93,27.76,58.66
Saint Lucia,2005,222.3939,134.73703,748.24536,1540.8479,2646.22419,8.4,5.09,28.28,58.23
Saint Lucia,2006,211.13177,133.85796,753.9038,1553.8655,2652.75903,7.96,5.05,28.42,58.58
Saint Lucia,2007,215.81445,131.6456,749.2183,1527.5167,2624.1950500000003,8.22,5.02,28.55,58.21
Saint Lucia,2008,213.78601,131.37138,722.81934,1551.0864,2619.0631299999995,8.16,5.02,27.6,59.22
Saint Lucia,2009,212.88686,133.62616,722.0636,1590.9221,2659.4987199999996,8.0,5.02,27.15,59.82
Saint Lucia,2010,236.25813,150.7426,694.0083,1514.3691,2595.37813,9.1,5.81,26.74,58.35
Saint Lucia,2011,237.49113,153.78392,663.61414,1570.3118,2625.20099,9.05,5.86,25.28,59.82
Saint Lucia,2012,228.6447,160.85799,637.5322,1579.3118,2606.34669,8.77,6.17,24.46,60.59
Saint Lucia,2013,231.33096,147.70334,646.95996,1549.7909,2575.78516,8.98,5.73,25.12,60.17
Saint Lucia,2014,250.48451,149.19833,734.0137,1485.5876,2619.2841399999998,9.56,5.7,28.02,56.72
Saint Lucia,2015,255.37933,146.75172,743.6311,1467.2058,2612.96795,9.77,5.62,28.46,56.15
Saint Lucia,2016,252.51083,150.92787,748.431,1479.4226,2631.2923,9.6,5.74,28.44,56.22
Saint Lucia,2017,248.84377,153.90451,739.4169,1522.6659,2664.83108,9.34,5.78,27.75,57.14
Saint Lucia,2018,274.76245,147.79437,756.1697,1486.3467,2665.07322,10.31,5.55,28.37,55.77
Saint Lucia,2019,219.39609,155.66023,710.87585,1597.5579,2683.49007,8.18,5.8,26.49,59.53
Saint Lucia,2020,238.29335,168.37036,754.1362,1573.7098,2734.5097100000003,8.71,6.16,27.58,57.55
Saint Lucia,2021,294.66428,151.49907,831.9364,1457.026,2735.12575,10.77,5.54,30.42,53.27
Saint Lucia,2022,286.2916,146.5871,790.864,1513.7979,2737.5406000000003,10.46,5.35,28.89,55.3
Saint Vincent and the Grenadines,1961,61.89905,97.66294,352.30875,1216.1444,1728.01514,3.58,5.65,20.39,70.38
Saint Vincent and the Grenadines,1962,61.779655,106.16357,387.12207,1330.0707,1885.135995,3.28,5.63,20.54,70.56
Saint Vincent and the Grenadines,1963,59.22578,97.950325,390.2068,1213.2552,1760.638105,3.36,5.56,22.16,68.91
Saint Vincent and the Grenadines,1964,55.242043,101.011856,408.5183,1298.4534,1863.225599,2.96,5.42,21.93,69.69
Saint Vincent and the Grenadines,1965,56.68375,107.994286,402.1122,1331.8127,1898.602936,2.99,5.69,21.18,70.15
Saint Vincent and the Grenadines,1966,66.40312,110.04162,456.5593,1361.7367,1994.74074,3.33,5.52,22.89,68.27
Saint Vincent and the Grenadines,1967,59.62577,102.76655,460.57788,1336.5133,1959.4835,3.04,5.24,23.51,68.21
Saint Vincent and the Grenadines,1968,64.95978,108.88424,462.14322,1389.9481,2025.93534,3.21,5.37,22.81,68.61
Saint Vincent and the Grenadines,1969,68.191864,109.33429,483.56552,1415.9188,2077.0104739999997,3.28,5.26,23.28,68.17
Saint Vincent and the Grenadines,1970,79.06603,112.989006,481.43222,1438.2551,2111.742356,3.74,5.35,22.8,68.11
Saint Vincent and the Grenadines,1971,82.5453,113.1803,498.40112,1462.5386,2156.66532,3.83,5.25,23.11,67.81
Saint Vincent and the Grenadines,1972,78.303474,118.28343,499.07175,1485.9214,2181.580054,3.59,5.42,22.88,68.11
Saint Vincent and the Grenadines,1973,75.99579,116.204185,507.22614,1453.9148,2153.3409149999998,3.53,5.4,23.56,67.52
Saint Vincent and the Grenadines,1974,76.01756,114.73268,487.8621,1370.693,2049.30534,3.71,5.6,23.81,66.89
Saint Vincent and the Grenadines,1975,73.350204,109.62354,487.71002,1450.0441,2120.727864,3.46,5.17,23.0,68.37
Saint Vincent and the Grenadines,1976,77.85465,110.26214,490.74323,1473.6105,2152.47052,3.62,5.12,22.8,68.46
Saint Vincent and the Grenadines,1977,76.23632,115.75772,502.3985,1484.4745,2178.86704,3.5,5.31,23.06,68.13
Saint Vincent and the Grenadines,1978,76.92763,117.97369,495.76117,1458.9558,2149.61829,3.58,5.49,23.06,67.87
Saint Vincent and the Grenadines,1979,74.01177,134.21884,512.8912,1557.4279,2278.5497100000002,3.25,5.89,22.51,68.35
Saint Vincent and the Grenadines,1980,71.54801,134.21553,506.2458,1599.2045,2311.21384,3.1,5.81,21.9,69.19
Saint Vincent and the Grenadines,1981,70.769226,141.76923,515.50964,1652.7212,2380.769296,2.97,5.95,21.65,69.42
Saint Vincent and the Grenadines,1982,84.110214,130.86378,514.79956,1599.2399,2329.013454,3.61,5.62,22.1,68.67
Saint Vincent and the Grenadines,1983,79.53787,134.00319,528.28845,1578.3466,2320.1761100000003,3.43,5.78,22.77,68.03
Saint Vincent and the Grenadines,1984,94.049286,128.67055,522.68066,1590.3756,2335.776096,4.03,5.51,22.38,68.09
Saint Vincent and the Grenadines,1985,91.230934,126.89497,542.9851,1555.1345,2316.245504,3.94,5.48,23.44,67.14
Saint Vincent and the Grenadines,1986,91.95453,124.47691,534.54333,1563.2655,2314.2402700000002,3.97,5.38,23.1,67.55
Saint Vincent and the Grenadines,1987,111.147766,119.66794,560.2784,1524.9663,2316.060406,4.8,5.17,24.19,65.84
Saint Vincent and the Grenadines,1988,105.885826,121.74741,553.1731,1514.2891,2295.095436,4.61,5.3,24.1,65.98
Saint Vincent and the Grenadines,1989,109.15364,110.03857,553.4343,1448.3441,2220.9706100000003,4.91,4.95,24.92,65.21
Saint Vincent and the Grenadines,1990,124.88186,105.710884,622.3221,1399.5194,2252.434244,5.54,4.69,27.63,62.13
Saint Vincent and the Grenadines,1991,124.29771,107.16249,622.49927,1424.6394,2278.59887,5.46,4.7,27.32,62.52
Saint Vincent and the Grenadines,1992,134.17056,101.32892,628.48517,1396.5186,2260.50325,5.94,4.48,27.8,61.78
Saint Vincent and the Grenadines,1993,126.91114,118.13353,613.4453,1495.9397,2354.42967,5.39,5.02,26.05,63.54
Saint Vincent and the Grenadines,1994,119.750175,114.96629,506.84293,1486.7737,2228.333095,5.37,5.16,22.75,66.72
Saint Vincent and the Grenadines,1995,126.26057,113.34017,561.37787,1422.7825,2223.76111,5.68,5.1,25.24,63.98
Saint Vincent and the Grenadines,1996,129.26994,114.14261,540.9741,1439.8281,2224.21475,5.81,5.13,24.32,64.73
Saint Vincent and the Grenadines,1997,136.05156,109.27668,547.004,1417.2644,2209.5966399999998,6.16,4.95,24.76,64.14
Saint Vincent and the Grenadines,1998,130.72398,114.26895,538.2629,1483.6064,2266.8622299999997,5.77,5.04,23.74,65.45
Saint Vincent and the Grenadines,1999,135.72417,121.050255,571.911,1522.914,2351.599425,5.77,5.15,24.32,64.76
Saint Vincent and the Grenadines,2000,131.98859,125.89915,534.94763,1583.9486,2376.78397,5.55,5.3,22.51,66.64
Saint Vincent and the Grenadines,2001,124.882996,123.550415,555.63416,1550.8147,2354.882271,5.3,5.25,23.59,65.86
Saint Vincent and the Grenadines,2002,159.30959,133.27261,614.56555,1626.0232,2533.17095,6.29,5.26,24.26,64.19
Saint Vincent and the Grenadines,2003,160.48944,136.50388,627.67334,1639.0778,2563.74446,6.26,5.32,24.48,63.93
Saint Vincent and the Grenadines,2004,168.35678,137.9397,656.81757,1657.3151,2620.42915,6.42,5.26,25.07,63.25
Saint Vincent and the Grenadines,2005,171.46024,142.21774,668.5146,1714.166,2696.35858,6.36,5.27,24.79,63.57
Saint Vincent and the Grenadines,2006,178.87617,137.99242,674.2316,1734.4836,2725.58379,6.56,5.06,24.74,63.64
Saint Vincent and the Grenadines,2007,188.58409,141.53583,675.62933,1763.175,2768.92425,6.81,5.11,24.4,63.68
Saint Vincent and the Grenadines,2008,193.0952,144.8214,691.99646,1786.3469,2816.25996,6.86,5.14,24.57,63.43
Saint Vincent and the Grenadines,2009,197.04631,145.62405,711.1604,1780.7473,2834.57806,6.95,5.14,25.09,62.82
Saint Vincent and the Grenadines,2010,238.16261,171.2639,770.3296,1729.9204,2909.6765100000002,8.19,5.89,26.47,59.45
Saint Vincent and the Grenadines,2011,222.6225,184.00064,711.5707,1810.9904,2929.1842399999996,7.6,6.28,24.29,61.83
Saint Vincent and the Grenadines,2012,225.93141,182.74156,707.532,1833.6195,2949.82447,7.66,6.19,23.99,62.16
Saint Vincent and the Grenadines,2013,225.4154,183.67181,696.10425,1871.2659,2976.4573600000003,7.57,6.17,23.39,62.87
Saint Vincent and the Grenadines,2014,225.41913,166.4291,784.3727,1800.8468,2977.0677299999998,7.57,5.59,26.35,60.49
Saint Vincent and the Grenadines,2015,242.41325,187.52574,751.64636,1835.1375,3016.72285,8.04,6.22,24.92,60.83
Saint Vincent and the Grenadines,2016,258.94223,191.24649,851.63885,1677.603,2979.43057,8.69,6.42,28.58,56.31
Saint Vincent and the Grenadines,2017,253.77728,192.82117,826.2351,1719.3622,2992.19575,8.48,6.44,27.61,57.46
Saint Vincent and the Grenadines,2018,258.32428,200.22742,849.35046,1692.538,3000.44016,8.61,6.67,28.31,56.41
Saint Vincent and the Grenadines,2019,261.61743,199.27577,862.01373,1660.5577,2983.4646300000004,8.77,6.68,28.89,55.66
Saint Vincent and the Grenadines,2020,257.4879,185.1794,926.7563,1592.0312,2961.4548,8.69,6.25,31.29,53.76
Saint Vincent and the Grenadines,2021,264.20215,200.62798,865.4669,1659.7275,2990.02453,8.84,6.71,28.95,55.51
Saint Vincent and the Grenadines,2022,288.86548,178.08003,993.4922,1559.1787,3019.61641,9.57,5.9,32.9,51.63
Samoa,1961,83.418495,91.217155,709.91077,1033.1478,1917.6942199999999,4.35,4.76,37.02,53.87
Samoa,1962,83.1241,93.651596,687.8872,1073.5688,1938.231696,4.29,4.83,35.49,55.39
Samoa,1963,88.24921,93.53312,693.6317,1067.6064,1943.02043,4.54,4.81,35.7,54.95
Samoa,1964,91.01845,98.74122,675.4574,1109.8043,1975.02137,4.61,5.0,34.2,56.19
Samoa,1965,85.554634,99.96593,645.471,1150.0647,1981.0562639999998,4.32,5.05,32.58,58.05
Samoa,1966,81.893745,95.48938,664.88684,1138.0552,1980.325165,4.14,4.82,33.57,57.47
Samoa,1967,76.150024,103.00294,679.128,1184.744,2043.024964,3.73,5.04,33.24,57.99
Samoa,1968,79.03691,108.6301,700.28046,1245.2781,2133.22557,3.71,5.09,32.83,58.38
Samoa,1969,78.27665,111.08917,765.82965,1246.5905,2201.78597,3.56,5.05,34.78,56.62
Samoa,1970,86.06039,108.920166,828.0867,1240.5409,2263.608156,3.8,4.81,36.58,54.8
Samoa,1971,94.81568,110.937195,852.97473,1234.3544,2293.082005,4.13,4.84,37.2,53.83
Samoa,1972,92.61829,111.09312,816.5344,1270.7954,2291.04121,4.04,4.85,35.64,55.47
Samoa,1973,80.19798,116.24842,850.22687,1273.5754,2320.24867,3.46,5.01,36.64,54.89
Samoa,1974,82.17307,115.8295,872.03467,1278.482,2348.51924,3.5,4.93,37.13,54.44
Samoa,1975,95.345825,121.940216,833.025,1315.6047,2365.915741,4.03,5.15,35.21,55.61
Samoa,1976,95.83947,123.43782,799.67505,1348.9714,2367.92374,4.05,5.21,33.77,56.97
Samoa,1977,114.643196,112.382515,852.55334,1276.8904,2356.469451,4.87,4.77,36.18,54.19
Samoa,1978,104.50127,113.28288,823.24817,1289.8765,2330.90882,4.48,4.86,35.32,55.34
Samoa,1979,119.134125,112.851875,854.35614,1264.7386,2351.08074,5.07,4.8,36.34,53.79
Samoa,1980,112.35304,112.04918,803.50653,1280.4563,2308.3650500000003,4.87,4.85,34.81,55.47
Samoa,1981,124.46699,110.415474,829.557,1286.2688,2350.708264,5.29,4.7,35.29,54.72
Samoa,1982,125.19025,116.58766,830.85693,1297.7544,2370.3892400000004,5.28,4.92,35.05,54.75
Samoa,1983,104.115616,121.177536,801.9955,1343.3701,2370.6587520000003,4.39,5.11,33.83,56.67
Samoa,1984,117.92468,119.14512,828.686,1296.9331,2362.6889,4.99,5.04,35.07,54.89
Samoa,1985,157.30283,120.01055,970.63525,1332.2015,2580.15013,6.1,4.65,37.62,51.63
Samoa,1986,131.4797,117.714836,912.9936,1323.781,2485.9691359999997,5.29,4.74,36.73,53.25
Samoa,1987,157.78438,116.2925,973.5031,1313.9668,2561.5467799999997,6.16,4.54,38.0,51.3
Samoa,1988,149.75053,120.06059,969.2368,1340.6481,2579.6960200000003,5.8,4.65,37.57,51.97
Samoa,1989,156.14735,115.20956,973.11755,1274.7745,2519.24896,6.2,4.57,38.63,50.6
Samoa,1990,156.1612,112.76165,1006.43536,1212.8823,2488.2405099999996,6.28,4.53,40.45,48.74
Samoa,1991,157.94766,106.84809,980.6353,1244.6564,2490.08745,6.34,4.29,39.38,49.98
Samoa,1992,165.9074,102.62474,991.87665,1120.0016,2380.41039,6.97,4.31,41.67,47.05
Samoa,1993,167.29659,89.38562,996.1363,1026.5538,2279.3723099999997,7.34,3.92,43.7,45.04
Samoa,1994,161.65897,97.34681,940.8727,1140.0374,2339.91588,6.91,4.16,40.21,48.72
Samoa,1995,156.15079,99.81494,943.7421,1201.1881,2400.89593,6.5,4.16,39.31,50.03
Samoa,1996,169.82857,96.43434,1018.7091,1146.3235,2431.29551,6.99,3.97,41.9,47.15
Samoa,1997,142.54128,106.96409,1004.5323,1219.5071,2473.54477,5.76,4.32,40.61,49.3
Samoa,1998,160.15923,103.368454,1058.2694,1206.3588,2528.155884,6.34,4.09,41.86,47.72
Samoa,1999,169.02333,109.82462,1039.2502,1296.2222,2614.32035,6.47,4.2,39.75,49.58
Samoa,2000,176.6869,116.03147,1079.3124,1298.5427,2670.5734700000003,6.62,4.34,40.42,48.62
Samoa,2001,182.17268,114.93909,1134.5238,1279.4276,2711.06317,6.72,4.24,41.85,47.19
Samoa,2002,177.04414,119.65451,1096.4971,1310.2207,2703.41645,6.55,4.43,40.56,48.47
Samoa,2003,179.3864,121.58795,1112.7832,1303.3452,2717.10275,6.6,4.47,40.95,47.97
Samoa,2004,166.255,125.88319,1128.277,1349.8607,2770.27589,6.0,4.54,40.73,48.73
Samoa,2005,181.82947,120.513535,1172.6672,1311.5522,2786.562405,6.53,4.32,42.08,47.07
Samoa,2006,170.23178,121.974365,1136.3925,1329.5186,2758.1172450000004,6.17,4.42,41.2,48.2
Samoa,2007,177.7548,122.8622,1121.9036,1326.9312,2749.4518,6.47,4.47,40.8,48.26
Samoa,2008,184.04462,123.31259,1172.9812,1325.1963,2805.53471,6.56,4.4,41.81,47.24
Samoa,2009,183.63586,122.77171,1157.8103,1319.11,2783.32787,6.6,4.41,41.6,47.39
Samoa,2010,243.54555,144.81195,1106.94,1404.5529,2899.8504000000003,8.4,4.99,38.17,48.44
Samoa,2011,237.15152,144.07419,1113.4785,1374.1615,2868.86571,8.27,5.02,38.81,47.9
Samoa,2012,244.84033,141.70084,1133.9999,1386.8672,2907.40827,8.42,4.87,39.0,47.7
Samoa,2013,240.92244,149.42677,1107.8418,1448.8932,2947.08421,8.17,5.07,37.59,49.16
Samoa,2014,258.16046,149.86058,1060.0397,1537.3723,3005.43304,8.59,4.99,35.27,51.15
Samoa,2015,266.5106,155.2728,960.4552,1608.498,2990.7366,8.91,5.19,32.11,53.78
Samoa,2016,294.94617,154.76694,1031.857,1554.8723,3036.44241,9.71,5.1,33.98,51.21
Samoa,2017,269.2481,158.36221,1016.26196,1573.7144,3017.58667,8.92,5.25,33.68,52.15
Samoa,2018,282.29156,158.38234,1078.7195,1548.9967,3068.3900999999996,9.2,5.16,35.16,50.48
Samoa,2019,261.1785,155.86655,1055.0997,1612.4832,3084.62795,8.47,5.05,34.21,52.27
Samoa,2020,257.87543,169.4691,1001.3263,1663.9377,3092.60853,8.34,5.48,32.38,53.8
Samoa,2021,265.03586,167.31564,975.83057,1739.0369,3147.21897,8.42,5.32,31.01,55.26
Samoa,2022,260.21344,160.15361,1031.8439,1712.8273,3165.03825,8.22,5.06,32.6,54.12
Sao Tome and Principe,1961,26.841984,162.75555,596.193,1357.9714,2143.761934,1.25,7.59,27.81,63.35
Sao Tome and Principe,1962,25.388552,148.3459,602.21234,1276.725,2052.671792,1.24,7.23,29.34,62.2
Sao Tome and Principe,1963,24.47244,156.84277,599.1183,1257.7191,2038.15261,1.2,7.7,29.4,61.71
Sao Tome and Principe,1964,29.165241,140.94727,614.25903,1283.7947,2068.166241,1.41,6.82,29.7,62.07
Sao Tome and Principe,1965,29.794125,146.53918,627.66345,1245.4832,2049.479955,1.45,7.15,30.63,60.77
Sao Tome and Principe,1966,48.758163,140.63457,580.2949,1257.051,2026.738633,2.41,6.94,28.63,62.02
Sao Tome and Principe,1967,46.18191,152.1156,517.9658,1335.8553,2052.11861,2.25,7.41,25.24,65.1
Sao Tome and Principe,1968,39.78433,156.88962,513.319,1344.7815,2054.77445,1.94,7.64,24.98,65.45
Sao Tome and Principe,1969,37.37702,144.39574,581.616,1262.6201,2026.0088600000001,1.84,7.13,28.71,62.32
Sao Tome and Principe,1970,40.47687,135.31712,568.3262,1274.001,2018.1211899999998,2.01,6.71,28.16,63.13
Sao Tome and Principe,1971,37.9885,135.16393,555.9699,1264.2579,1993.3802300000002,1.91,6.78,27.89,63.42
Sao Tome and Principe,1972,31.733381,136.21477,554.8239,1249.9738,1972.745851,1.61,6.9,28.12,63.36
Sao Tome and Principe,1973,27.603422,132.51933,539.7271,1253.9607,1953.810552,1.41,6.78,27.62,64.18
Sao Tome and Principe,1974,20.55648,120.92723,536.4208,1121.2661,1799.1706100000001,1.14,6.72,29.81,62.32
Sao Tome and Principe,1975,21.372404,111.879555,559.9053,1061.0269,1754.1841590000001,1.22,6.38,31.92,60.49
Sao Tome and Principe,1976,22.605467,126.60591,518.77826,1175.6372,1843.6268369999998,1.23,6.87,28.14,63.77
Sao Tome and Principe,1977,26.384724,134.70699,554.27936,1245.3722,1960.743274,1.35,6.87,28.27,63.52
Sao Tome and Principe,1978,28.488546,137.10593,551.668,1255.2814,1972.5438760000002,1.44,6.95,27.97,63.64
Sao Tome and Principe,1979,35.95548,130.40627,561.0794,1209.5153,1936.9564500000001,1.86,6.73,28.97,62.44
Sao Tome and Principe,1980,42.85395,130.79906,572.54,1237.3933,1983.58631,2.16,6.59,28.86,62.38
Sao Tome and Principe,1981,41.080036,136.27773,570.3761,1230.0868,1977.820666,2.08,6.89,28.84,62.19
Sao Tome and Principe,1982,60.861248,123.50003,619.30676,1153.5524,1957.220438,3.11,6.31,31.64,58.94
Sao Tome and Principe,1983,76.11319,129.38467,645.7329,1162.9039,2014.13466,3.78,6.42,32.06,57.74
Sao Tome and Principe,1984,62.02275,129.79901,629.2318,1192.6338,2013.6873600000001,3.08,6.45,31.25,59.23
Sao Tome and Principe,1985,65.678566,120.36603,652.19965,1150.3036,1988.547846,3.3,6.05,32.8,57.85
Sao Tome and Principe,1986,49.492905,112.92856,597.69904,1103.1237,1863.244205,2.66,6.06,32.08,59.2
Sao Tome and Principe,1987,54.362656,111.52001,591.682,1078.0938,1835.658466,2.96,6.08,32.23,58.73
Sao Tome and Principe,1988,61.65595,115.379776,677.93756,1047.5858,1902.559086,3.24,6.06,35.63,55.06
Sao Tome and Principe,1989,60.633804,134.69064,671.25757,1189.0994,2055.681414,2.95,6.55,32.65,57.84
Sao Tome and Principe,1990,54.967014,139.13051,667.19836,1245.6462,2106.942084,2.61,6.6,31.67,59.12
Sao Tome and Principe,1991,48.393795,146.862,606.30707,1325.9308,2127.493665,2.27,6.9,28.5,62.32
Sao Tome and Principe,1992,44.55826,151.45967,545.79065,1356.4629,2098.27148,2.12,7.22,26.01,64.65
Sao Tome and Principe,1993,44.284084,150.24129,542.6249,1381.4142,2118.564474,2.09,7.09,25.61,65.21
Sao Tome and Principe,1994,53.937786,143.44827,533.53265,1419.0692,2149.987906,2.51,6.67,24.82,66.0
Sao Tome and Principe,1995,56.40942,134.14107,510.89468,1331.4917,2032.93687,2.77,6.6,25.13,65.5
Sao Tome and Principe,1996,57.610096,138.47246,498.79584,1394.1624,2089.0407960000002,2.76,6.63,23.88,66.74
Sao Tome and Principe,1997,48.47012,138.54118,492.4097,1430.5342,2109.9552000000003,2.3,6.57,23.34,67.8
Sao Tome and Principe,1998,45.269226,143.23012,501.53738,1455.5157,2145.552426,2.11,6.68,23.38,67.84
Sao Tome and Principe,1999,48.13701,140.37074,524.1393,1440.2432,2152.89025,2.24,6.52,24.35,66.9
Sao Tome and Principe,2000,47.961662,149.25269,569.7185,1529.7434,2296.676252,2.09,6.5,24.81,66.61
Sao Tome and Principe,2001,46.342316,149.54518,599.0734,1537.6799,2332.640796,1.99,6.41,25.68,65.92
Sao Tome and Principe,2002,50.41878,150.10349,607.1582,1555.7,2363.38047,2.13,6.35,25.69,65.83
Sao Tome and Principe,2003,63.20484,156.19586,616.41925,1559.6932,2395.5131499999998,2.64,6.52,25.73,65.11
Sao Tome and Principe,2004,62.13101,158.31534,600.80725,1585.2697,2406.5233,2.58,6.58,24.97,65.87
Sao Tome and Principe,2005,62.574333,158.41167,622.38635,1598.5996,2441.971953,2.56,6.49,25.49,65.46
Sao Tome and Principe,2006,62.329597,160.33646,639.6849,1589.741,2452.091957,2.54,6.54,26.09,64.83
Sao Tome and Principe,2007,63.790462,159.59143,639.04785,1549.8872,2412.316942,2.64,6.62,26.49,64.25
Sao Tome and Principe,2008,63.81399,158.29738,649.51044,1512.7009,2384.32271,2.68,6.64,27.24,63.44
Sao Tome and Principe,2009,67.904564,157.98997,669.62854,1473.315,2368.8380740000002,2.87,6.67,28.27,62.2
Sao Tome and Principe,2010,75.95263,153.86919,605.02576,1511.6676,2346.51518,3.24,6.56,25.78,64.42
Sao Tome and Principe,2011,72.36414,153.22757,594.35815,1494.6505,2314.60036,3.13,6.62,25.68,64.57
Sao Tome and Principe,2012,71.71786,149.33199,581.1132,1533.1997,2335.36275,3.07,6.39,24.88,65.65
Sao Tome and Principe,2013,73.48614,148.53752,610.535,1534.1687,2366.72736,3.1,6.28,25.8,64.82
Sao Tome and Principe,2014,75.97775,146.81537,581.15753,1527.0345,2330.98515,3.26,6.3,24.93,65.51
Sao Tome and Principe,2015,73.919754,146.0317,596.85187,1497.4478,2314.251124,3.19,6.31,25.79,64.71
Sao Tome and Principe,2016,74.3952,150.2775,591.15247,1546.5542,2362.37937,3.15,6.36,25.02,65.47
Sao Tome and Principe,2017,71.17565,149.46886,602.1279,1540.4199,2363.1923100000004,3.01,6.32,25.48,65.18
Sao Tome and Principe,2018,75.66677,151.414,602.0758,1535.953,2365.1095699999996,3.2,6.4,25.46,64.94
Sao Tome and Principe,2019,84.60969,153.48833,556.63153,1594.4879,2389.21745,3.54,6.42,23.3,66.74
Sao Tome and Principe,2020,80.97479,158.89243,562.0568,1627.6516,2429.5756199999996,3.33,6.54,23.13,66.99
Sao Tome and Principe,2021,81.99513,157.87782,526.14215,1666.9362,2432.9513,3.37,6.49,21.63,68.51
Sao Tome and Principe,2022,75.57057,151.54312,527.8283,1633.4196,2388.36159,3.16,6.35,22.1,68.39
Saudi Arabia,1961,53.90377,251.28471,397.3906,2153.9214,2856.50048,1.89,8.8,13.91,75.4
Saudi Arabia,1962,53.461456,255.96495,416.68097,2179.118,2905.225376,1.84,8.81,14.34,75.01
Saudi Arabia,1963,55.0486,258.50345,404.18045,2244.7688,2962.5013,1.86,8.73,13.64,75.77
Saudi Arabia,1964,54.60344,258.88763,429.9278,2257.4595,3000.87837,1.82,8.63,14.33,75.23
Saudi Arabia,1965,54.936935,261.70795,467.60617,2273.8389,3058.0899550000004,1.8,8.56,15.29,74.35
Saudi Arabia,1966,58.80222,264.38004,443.3326,2280.2942,3046.8090599999996,1.93,8.68,14.55,74.84
Saudi Arabia,1967,60.796757,259.43442,502.50684,2258.046,3080.784017,1.97,8.42,16.31,73.29
Saudi Arabia,1968,65.46803,254.88101,500.2718,2250.3003,3070.92114,2.13,8.3,16.29,73.28
Saudi Arabia,1969,66.71339,253.81085,472.3249,2252.6204,3045.46954,2.19,8.33,15.51,73.97
Saudi Arabia,1970,65.483635,250.8577,454.32938,2303.1506,3073.821315,2.13,8.16,14.78,74.93
Saudi Arabia,1971,69.64786,243.24677,502.4898,2268.3235,3083.70793,2.26,7.89,16.29,73.56
Saudi Arabia,1972,72.16127,215.24974,530.05414,2041.966,2859.43115,2.52,7.53,18.54,71.41
Saudi Arabia,1973,76.48459,216.03656,441.16373,1985.4069,2719.0917799999997,2.81,7.95,16.22,73.02
Saudi Arabia,1974,87.92051,210.08989,433.8081,1984.1354,2715.9539,3.24,7.74,15.97,73.05
Saudi Arabia,1975,91.07031,217.05304,513.43634,2080.254,2901.81369,3.14,7.48,17.69,71.69
Saudi Arabia,1976,113.36767,232.24492,583.0754,2163.1575,3091.8454899999997,3.67,7.51,18.86,69.96
Saudi Arabia,1977,141.04846,251.82594,736.518,2297.9683,3427.3607,4.12,7.35,21.49,67.05
Saudi Arabia,1978,153.50615,266.17242,875.8699,2469.2417,3764.79017,4.08,7.07,23.26,65.59
Saudi Arabia,1979,181.19122,291.5549,1039.4314,2761.1697,4273.34722,4.24,6.82,24.32,64.61
Saudi Arabia,1980,201.41869,301.5421,1053.005,3121.3872,4677.35299,4.31,6.45,22.51,66.73
Saudi Arabia,1981,195.3127,295.97388,1162.127,3080.7312,4734.1447800000005,4.13,6.25,24.55,65.07
Saudi Arabia,1982,208.2523,292.994,1241.8517,3011.4072,4754.5052,4.38,6.16,26.12,63.34
Saudi Arabia,1983,224.56116,297.44852,1307.1052,2964.0142,4793.129080000001,4.69,6.21,27.27,61.84
Saudi Arabia,1984,216.02231,279.43512,1142.9027,2805.1157,4443.475829999999,4.86,6.29,25.72,63.13
Saudi Arabia,1985,202.76396,301.508,1028.6542,2857.1445,4390.070659999999,4.62,6.87,23.43,65.08
Saudi Arabia,1986,207.11061,265.05,1151.206,2560.7842,4184.15081,4.95,6.33,27.51,61.2
Saudi Arabia,1987,202.40172,261.59467,1108.7223,2508.7312,4081.44989,4.96,6.41,27.16,61.47
Saudi Arabia,1988,197.56725,299.1123,1117.8114,2778.682,4393.17295,4.5,6.81,25.44,63.25
Saudi Arabia,1989,180.33936,292.8736,1099.9463,2678.5806,4251.73986,4.24,6.89,25.87,63.0
Saudi Arabia,1990,185.19994,301.19357,1188.4171,2691.7046,4366.51521,4.24,6.9,27.22,61.64
Saudi Arabia,1991,181.24864,303.04102,1125.5594,2687.4417,4297.29076,4.22,7.05,26.19,62.54
Saudi Arabia,1992,146.95618,290.3079,1020.007,2649.4658,4106.73688,3.58,7.07,24.84,64.52
Saudi Arabia,1993,131.87871,275.32877,1022.1908,2556.6182,3986.01648,3.31,6.91,25.64,64.14
Saudi Arabia,1994,129.93385,273.85443,920.4695,2533.4531,3857.71088,3.37,7.1,23.86,65.67
Saudi Arabia,1995,159.16336,280.49188,938.0467,2602.7793,3980.48124,4.0,7.05,23.57,65.39
Saudi Arabia,1996,165.32773,277.61758,918.0104,2608.654,3969.6097099999997,4.16,6.99,23.13,65.72
Saudi Arabia,1997,156.78525,278.7765,926.43054,2584.106,3946.09829,3.97,7.06,23.48,65.49
Saudi Arabia,1998,158.89397,265.8915,964.49,2501.6108,3890.88627,4.08,6.83,24.79,64.29
Saudi Arabia,1999,173.89014,259.8207,960.0989,2501.9788,3895.7885399999996,4.46,6.67,24.64,64.22
Saudi Arabia,2000,164.76938,252.68289,1019.62256,2436.898,3873.97283,4.25,6.52,26.32,62.9
Saudi Arabia,2001,156.8738,248.7227,997.33044,2373.0781,3776.00504,4.15,6.59,26.41,62.85
Saudi Arabia,2002,150.51338,248.1911,938.6493,2343.8877,3681.24148,4.09,6.74,25.5,63.67
Saudi Arabia,2003,155.16289,241.04015,955.4998,2301.072,3652.77484,4.25,6.6,26.16,63.0
Saudi Arabia,2004,153.09753,242.68724,868.9182,2321.551,3586.2539699999998,4.27,6.77,24.23,64.73
Saudi Arabia,2005,162.79205,239.36052,897.1697,2292.5266,3591.8488700000003,4.53,6.66,24.98,63.83
Saudi Arabia,2006,153.13705,242.14383,910.7705,2294.1826,3600.23398,4.25,6.73,25.3,63.72
Saudi Arabia,2007,151.31393,242.8438,865.47864,2269.5234,3529.15977,4.29,6.88,24.52,64.31
Saudi Arabia,2008,144.87361,229.24359,858.47473,2179.7954,3412.38733,4.25,6.72,25.16,63.88
Saudi Arabia,2009,149.06334,217.97415,847.34406,2112.767,3327.14855,4.48,6.55,25.47,63.5
Saudi Arabia,2010,182.47798,218.90811,879.44385,2119.2722,3400.10214,5.37,6.44,25.87,62.33
Saudi Arabia,2011,185.39433,212.05084,870.5518,2058.0366,3326.0335699999996,5.57,6.38,26.17,61.88
Saudi Arabia,2012,184.41179,214.93451,995.7007,2053.1758,3448.2228,5.35,6.23,28.88,59.54
Saudi Arabia,2013,186.4679,214.14601,972.04816,2014.6959,3387.35797,5.5,6.32,28.7,59.48
Saudi Arabia,2014,177.30058,226.79941,1023.2894,2061.269,3488.6583899999996,5.08,6.5,29.33,59.08
Saudi Arabia,2015,179.48836,225.55135,973.78,2119.3894,3498.20911,5.13,6.45,27.84,60.58
Saudi Arabia,2016,180.23474,223.92273,997.8617,2119.6511,3521.67027,5.12,6.36,28.33,60.19
Saudi Arabia,2017,164.53212,231.44688,988.6256,2191.225,3575.8296,4.6,6.47,27.65,61.28
Saudi Arabia,2018,160.99193,236.69043,1022.65625,2286.166,3706.50461,4.34,6.39,27.59,61.68
Saudi Arabia,2019,182.23618,241.63342,1036.6653,2325.5571,3786.0919999999996,4.81,6.38,27.38,61.42
Saudi Arabia,2020,192.30266,242.9453,1003.45605,2341.3047,3780.00871,5.09,6.43,26.55,61.94
Saudi Arabia,2021,191.40913,241.12042,1041.3552,2256.126,3730.0107500000004,5.13,6.46,27.92,60.49
Saudi Arabia,2022,188.33963,234.59848,1013.4288,2270.916,3707.28291,5.08,6.33,27.34,61.26
Senegal,1961,55.733383,179.6318,424.44427,1516.6816,2176.4910529999997,2.56,8.25,19.5,69.68
Senegal,1962,56.41479,178.09598,439.86438,1521.4327,2195.80785,2.57,8.11,20.03,69.29
Senegal,1963,57.785233,192.90852,613.1803,1629.5854,2493.459453,2.32,7.74,24.59,65.35
Senegal,1964,61.16192,205.79543,411.98923,1728.4502,2407.39678,2.54,8.55,17.11,71.8
Senegal,1965,62.785862,201.09676,427.3022,1686.0337,2377.218522,2.64,8.46,17.97,70.92
Senegal,1966,63.522312,192.80177,395.9633,1648.834,2301.1213820000003,2.76,8.38,17.21,71.65
Senegal,1967,65.53387,207.65004,379.52512,1651.5708,2304.27983,2.84,9.01,16.47,71.67
Senegal,1968,61.914402,192.3202,383.05286,1599.4554,2236.742862,2.77,8.6,17.13,71.51
Senegal,1969,61.46298,194.62646,414.62012,1554.3485,2225.0580600000003,2.76,8.75,18.63,69.86
Senegal,1970,59.38455,175.05597,402.37564,1435.221,2072.03716,2.87,8.45,19.42,69.27
Senegal,1971,57.270687,176.49956,402.22736,1430.8506,2066.848207,2.77,8.54,19.46,69.23
Senegal,1972,54.987198,168.78383,423.95587,1390.1299,2037.8567979999998,2.7,8.28,20.8,68.22
Senegal,1973,59.165817,178.86108,401.0738,1478.2932,2117.393897,2.79,8.45,18.94,69.82
Senegal,1974,56.732067,190.2059,401.78583,1494.3235,2143.047297,2.65,8.88,18.75,69.73
Senegal,1975,59.978676,181.71796,371.24603,1476.0743,2089.016966,2.87,8.7,17.77,70.66
Senegal,1976,61.917458,179.49617,394.56738,1452.2639,2088.2449079999997,2.97,8.6,18.89,69.54
Senegal,1977,66.37793,166.5331,359.24353,1365.2164,1957.37096,3.39,8.51,18.35,69.75
Senegal,1978,64.338326,171.61952,345.0157,1398.0094,1978.9829459999999,3.25,8.67,17.43,70.64
Senegal,1979,61.79508,189.98943,362.40875,1468.1564,2082.34966,2.97,9.12,17.4,70.5
Senegal,1980,58.91396,188.05975,419.5333,1412.2488,2078.75581,2.83,9.05,20.18,67.94
Senegal,1981,61.658047,201.58173,602.16815,1451.064,2316.471927,2.66,8.7,26.0,62.64
Senegal,1982,60.248337,195.58714,558.67426,1451.9753,2266.485037,2.66,8.63,24.65,64.06
Senegal,1983,65.49554,176.43147,465.21768,1399.9862,2107.13089,3.11,8.37,22.08,66.44
Senegal,1984,64.31171,185.17004,516.0121,1452.5488,2218.0426500000003,2.9,8.35,23.26,65.49
Senegal,1985,60.80376,212.69757,566.82745,1493.7574,2334.0861800000002,2.61,9.11,24.28,64.0
Senegal,1986,66.35919,204.17322,509.76715,1460.626,2240.9255599999997,2.96,9.11,22.75,65.18
Senegal,1987,69.87646,185.42204,417.02557,1361.7113,2034.03537,3.44,9.12,20.5,66.95
Senegal,1988,72.54229,188.6797,421.12894,1357.901,2040.2519300000001,3.56,9.25,20.64,66.56
Senegal,1989,70.14884,189.27757,380.1671,1403.5012,2043.0947099999998,3.43,9.26,18.61,68.69
Senegal,1990,70.46377,188.96747,412.47583,1505.2675,2177.17457,3.24,8.68,18.95,69.14
Senegal,1991,68.22075,177.92815,541.01434,1398.3984,2185.56164,3.12,8.14,24.75,63.98
Senegal,1992,81.11971,160.4785,557.59534,1263.0393,2062.23285,3.93,7.78,27.04,61.25
Senegal,1993,81.876854,169.71693,626.46387,1306.1753,2184.232954,3.75,7.77,28.68,59.8
Senegal,1994,68.83775,162.60019,573.45465,1307.1802,2112.07279,3.26,7.7,27.15,61.89
Senegal,1995,66.71797,168.44908,554.027,1344.5206,2133.71465,3.13,7.89,25.97,63.01
Senegal,1996,67.28434,160.8356,525.60474,1323.7288,2077.45348,3.24,7.74,25.3,63.72
Senegal,1997,69.533554,157.50671,564.76764,1294.9885,2086.7964039999997,3.33,7.55,27.06,62.06
Senegal,1998,66.78259,160.91049,569.03516,1284.834,2081.56224,3.21,7.73,27.34,61.72
Senegal,1999,65.20183,171.9209,558.79236,1333.2866,2129.20169,3.06,8.07,26.24,62.62
Senegal,2000,69.6498,173.09558,554.54694,1343.6477,2140.94002,3.25,8.09,25.9,62.76
Senegal,2001,67.45412,148.14542,586.3098,1352.1044,2154.01374,3.13,6.88,27.22,62.77
Senegal,2002,62.184128,144.46097,578.5983,1343.1532,2128.3965980000003,2.92,6.79,27.18,63.11
Senegal,2003,66.70545,153.48227,568.6291,1424.4102,2213.2270200000003,3.01,6.93,25.69,64.36
Senegal,2004,66.83333,160.2481,572.0905,1447.2195,2246.3914299999997,2.98,7.13,25.47,64.42
Senegal,2005,67.05164,161.83083,574.5736,1440.6274,2244.08347,2.99,7.21,25.6,64.2
Senegal,2006,63.736465,170.42052,568.73315,1523.8132,2326.703335,2.74,7.32,24.44,65.49
Senegal,2007,62.830948,172.79521,560.745,1572.4325,2368.803658,2.65,7.29,23.67,66.38
Senegal,2008,68.74774,177.11075,658.77155,1572.8483,2477.47834,2.77,7.15,26.59,63.49
Senegal,2009,71.41648,178.01068,674.88574,1571.183,2495.4959,2.86,7.13,27.04,62.96
Senegal,2010,72.94729,179.13538,679.2845,1525.3184,2456.68557,2.97,7.29,27.65,62.09
Senegal,2011,70.42618,168.99104,729.0719,1478.7213,2447.21042,2.88,6.91,29.79,60.42
Senegal,2012,71.09755,174.84114,673.51807,1561.2036,2480.66036,2.87,7.05,27.15,62.94
Senegal,2013,68.53908,171.94264,683.33813,1507.2051,2431.02495,2.82,7.07,28.11,62.0
Senegal,2014,64.79702,173.5423,631.2379,1575.0787,2444.65592,2.65,7.1,25.82,64.43
Senegal,2015,62.291183,181.3252,596.3899,1628.2377,2468.243983,2.52,7.35,24.16,65.97
Senegal,2016,64.3255,184.38145,604.7147,1671.2756,2524.69725,2.55,7.3,23.95,66.2
Senegal,2017,66.802216,188.96605,624.14044,1681.7803,2561.6890059999996,2.61,7.38,24.36,65.65
Senegal,2018,66.90157,192.2099,606.43005,1724.9274,2590.4689200000003,2.58,7.42,23.41,66.59
Senegal,2019,64.50067,196.86797,647.4333,1736.9487,2645.75064,2.44,7.44,24.47,65.65
Senegal,2020,60.46127,207.03285,700.8946,1749.5491,2717.93782,2.22,7.62,25.79,64.37
Senegal,2021,64.40681,206.43106,684.70935,1781.105,2736.65222,2.35,7.54,25.02,65.08
Senegal,2022,67.88823,210.72821,676.68475,1816.7556,2772.05679,2.45,7.6,24.41,65.54
Serbia,2006,183.47342,226.86668,1014.0277,2196.1252,3620.493,5.07,6.27,28.01,60.66
Serbia,2007,193.5146,218.40631,971.3672,2179.7964,3563.08451,5.43,6.13,27.26,61.18
Serbia,2008,194.48067,227.53136,1003.0315,2139.3003,3564.34383,5.46,6.38,28.14,60.02
Serbia,2009,188.67508,226.25333,976.27594,2215.051,3606.25535,5.23,6.27,27.07,61.42
Serbia,2010,203.91176,243.48538,848.0283,2035.4539,3330.87934,6.12,7.31,25.46,61.11
Serbia,2011,207.65869,244.70364,844.8733,2094.5093,3391.7449300000003,6.12,7.21,24.91,61.75
Serbia,2012,219.84584,241.94237,890.43164,2057.5566,3409.77645,6.45,7.1,26.11,60.34
Serbia,2013,220.00783,250.12424,870.7031,2130.8916,3471.7267699999998,6.34,7.2,25.08,61.38
Serbia,2014,223.92354,248.93382,876.69635,2085.2383,3434.79201,6.52,7.25,25.52,60.71
Serbia,2015,216.41089,261.46158,887.4774,2129.1055,3494.45537,6.19,7.48,25.4,60.93
Serbia,2016,222.08466,255.3553,872.471,2142.9172,3492.82816,6.36,7.31,24.98,61.35
Serbia,2017,227.82616,255.81369,922.164,2113.9453,3519.7491499999996,6.47,7.27,26.2,60.06
Serbia,2018,240.42508,258.2155,933.9981,2154.274,3586.91268,6.7,7.2,26.04,60.06
Serbia,2019,243.51111,267.69223,946.6335,2221.0505,3678.8873399999998,6.62,7.28,25.73,60.37
Serbia,2020,244.69261,277.28705,964.69946,2260.456,3747.13512,6.53,7.4,25.74,60.32
Serbia,2021,245.39676,284.89423,1028.7705,2257.8145,3816.87599,6.43,7.46,26.95,59.15
Serbia,2022,253.62946,282.89276,1064.2931,2240.057,3840.87232,6.6,7.37,27.71,58.32
Serbia and Montenegro,1992,190.42691,169.6687,1140.105,1555.2283,3055.4289099999996,6.23,5.55,37.31,50.9
Serbia and Montenegro,1993,180.45248,173.45341,1014.72095,1615.2411,2983.86794,6.05,5.81,34.01,54.13
Serbia and Montenegro,1994,184.04446,151.72688,1055.4797,1472.7909,2864.04194,6.43,5.3,36.85,51.42
Serbia and Montenegro,1995,200.70033,166.23495,1129.7843,1506.4835,3003.20308,6.68,5.54,37.62,50.16
Serbia and Montenegro,1996,211.50848,165.58139,1175.0203,1641.1252,3193.23537,6.62,5.19,36.8,51.39
Serbia and Montenegro,1997,207.48732,168.57814,1160.0515,1635.5962,3171.7131600000002,6.54,5.32,36.57,51.57
Serbia and Montenegro,1998,212.37366,162.34045,1145.2963,1573.4033,3093.41371,6.87,5.25,37.02,50.86
Serbia and Montenegro,1999,201.01425,156.09534,1183.3242,1517.0691,3057.5028899999998,6.57,5.11,38.7,49.62
Serbia and Montenegro,2000,195.77097,137.4728,1119.3378,1417.9319,2870.51347,6.82,4.79,38.99,49.4
Serbia and Montenegro,2001,186.67368,137.8253,1115.0966,1395.4757,2835.07128,6.58,4.86,39.33,49.22
Serbia and Montenegro,2002,196.81122,137.52081,1140.6578,1375.7606,2850.75043,6.9,4.82,40.01,48.26
Serbia and Montenegro,2003,191.09029,131.06917,1149.4607,1441.8689,2913.48906,6.56,4.5,39.45,49.49
Serbia and Montenegro,2004,189.28052,145.59708,1087.7694,1492.0571,2914.7041,6.49,5.0,37.32,51.19
Serbia and Montenegro,2005,192.27342,134.98854,1179.6389,1409.1453,2916.04616,6.59,4.63,40.45,48.32
Seychelles,2010,170.37546,199.92642,545.23267,1920.2572,2835.79175,6.01,7.05,19.23,67.72
Seychelles,2011,185.13683,180.06721,621.61505,1780.6165,2767.43559,6.69,6.51,22.46,64.34
Seychelles,2012,168.90791,190.93605,624.67004,1778.9158,2763.4298,6.11,6.91,22.6,64.37
Seychelles,2013,174.79926,184.00919,623.7173,1739.4742,2721.9999500000004,6.42,6.76,22.91,63.9
Seychelles,2014,166.76785,160.39839,690.93823,1719.6648,2737.76927,6.09,5.86,25.24,62.81
Seychelles,2015,187.5314,174.94044,731.7391,1658.0088,2752.21974,6.81,6.36,26.59,60.24
Seychelles,2016,211.91415,164.93198,760.89703,1641.1812,2778.92436,7.63,5.94,27.38,59.06
Seychelles,2017,210.72133,169.41763,741.184,1672.0118,2793.3347599999997,7.54,6.07,26.53,59.86
Seychelles,2018,204.79787,177.68752,704.38495,1693.9124,2780.7827399999996,7.36,6.39,25.33,60.91
Seychelles,2019,199.38145,187.63226,706.97534,1685.5134,2779.50245,7.17,6.75,25.44,60.64
Seychelles,2020,206.88818,192.77737,724.78436,1668.0226,2792.47251,7.41,6.9,25.95,59.73
Seychelles,2021,212.92096,185.62605,757.77106,1624.2367,2780.5547699999997,7.66,6.68,27.25,58.41
Seychelles,2022,214.30829,181.35619,728.2846,1626.8273,2750.77638,7.79,6.59,26.48,59.14
Sierra Leone,1961,25.422337,122.55162,514.9733,1062.2755,1725.222757,1.47,7.1,29.85,61.57
Sierra Leone,1962,28.57363,124.90541,512.5347,1087.6265,1753.6402400000002,1.63,7.12,29.23,62.02
Sierra Leone,1963,29.381237,130.49504,528.69214,1172.8105,1861.378917,1.58,7.01,28.4,63.01
Sierra Leone,1964,33.25213,131.31198,545.86084,1164.2487,1874.6736500000002,1.77,7.0,29.12,62.1
Sierra Leone,1965,34.03532,139.0747,548.4105,1307.4358,2028.95632,1.68,6.85,27.03,64.44
Sierra Leone,1966,35.408474,142.30905,535.0656,1399.9099,2112.693024,1.68,6.74,25.33,66.26
Sierra Leone,1967,33.09213,147.23003,547.6485,1426.3868,2154.35746,1.54,6.83,25.42,66.21
Sierra Leone,1968,27.570171,144.35114,546.1079,1398.2616,2116.290811,1.3,6.82,25.8,66.07
Sierra Leone,1969,31.809275,144.11243,569.2068,1379.2233,2124.3518050000002,1.5,6.78,26.79,64.92
Sierra Leone,1970,33.682304,141.37605,583.0922,1388.0693,2146.219854,1.57,6.59,27.17,64.68
Sierra Leone,1971,32.792534,139.3963,540.45984,1402.7876,2115.436274,1.55,6.59,25.55,66.31
Sierra Leone,1972,38.355923,137.75139,520.92633,1394.1705,2091.204143,1.83,6.59,24.91,66.67
Sierra Leone,1973,47.658695,138.42462,472.68433,1398.7562,2057.523845,2.32,6.73,22.97,67.98
Sierra Leone,1974,44.70995,140.05846,457.5312,1384.5641,2026.86371,2.21,6.91,22.57,68.31
Sierra Leone,1975,42.6003,139.02948,488.4714,1376.4581,2046.55928,2.08,6.79,23.87,67.26
Sierra Leone,1976,38.293346,135.93375,488.46896,1353.9978,2016.693856,1.9,6.74,24.22,67.14
Sierra Leone,1977,37.6976,140.58943,482.42767,1391.983,2052.6976999999997,1.84,6.85,23.5,67.81
Sierra Leone,1978,37.52978,140.4477,476.48178,1394.4587,2048.9179599999998,1.83,6.85,23.26,68.06
Sierra Leone,1979,41.18726,138.85216,466.92767,1394.0087,2040.97579,2.02,6.8,22.88,68.3
Sierra Leone,1980,43.03428,133.7678,542.12695,1351.1481,2070.07713,2.08,6.46,26.19,65.27
Sierra Leone,1981,45.247997,131.29721,549.32434,1334.6696,2060.539147,2.2,6.37,26.66,64.77
Sierra Leone,1982,38.23452,134.28996,551.791,1332.0607,2056.37618,1.86,6.53,26.83,64.78
Sierra Leone,1983,36.061337,127.80044,497.3117,1281.8708,1943.044277,1.86,6.58,25.59,65.97
Sierra Leone,1984,32.499073,127.8768,506.73828,1254.217,1921.331153,1.69,6.66,26.37,65.28
Sierra Leone,1985,31.009356,128.96268,507.63538,1275.8951,1943.502516,1.6,6.64,26.12,65.65
Sierra Leone,1986,30.229427,134.29146,540.3015,1266.5795,1971.401887,1.53,6.81,27.41,64.25
Sierra Leone,1987,29.179827,133.8699,546.85376,1276.1113,1986.014787,1.47,6.74,27.54,64.25
Sierra Leone,1988,27.891092,130.516,514.9125,1268.5679,1941.887492,1.44,6.72,26.52,65.33
Sierra Leone,1989,27.121632,133.27213,509.7481,1275.8845,1946.026362,1.39,6.85,26.19,65.56
Sierra Leone,1990,26.974007,129.3211,475.2146,1247.0371,1878.5468070000002,1.44,6.88,25.3,66.38
Sierra Leone,1991,30.31485,130.11714,487.50977,1252.4634,1900.4051600000003,1.6,6.85,25.65,65.91
Sierra Leone,1992,31.27808,132.69957,506.04294,1282.9238,1952.94439,1.6,6.79,25.91,65.69
Sierra Leone,1993,29.070288,130.64348,510.90933,1285.957,1956.5800980000001,1.49,6.68,26.11,65.72
Sierra Leone,1994,26.895582,144.17548,495.37115,1337.468,2003.910212,1.34,7.19,24.72,66.74
Sierra Leone,1995,27.588703,142.8298,510.1279,1326.5881,2007.134503,1.37,7.12,25.42,66.09
Sierra Leone,1996,26.848063,147.68301,523.17316,1334.5707,2032.2749330000001,1.32,7.27,25.74,65.67
Sierra Leone,1997,27.333864,150.44707,522.0953,1334.4652,2034.341434,1.34,7.4,25.66,65.6
Sierra Leone,1998,25.750917,149.63571,443.6776,1366.6709,1985.735127,1.3,7.54,22.34,68.82
Sierra Leone,1999,24.751215,146.26736,404.36316,1355.6238,1931.005535,1.28,7.57,20.94,70.2
Sierra Leone,2000,27.403082,134.13284,385.10315,1315.7596,1862.3986720000003,1.47,7.2,20.68,70.65
Sierra Leone,2001,23.948677,140.0302,374.5551,1287.8273,1826.361277,1.31,7.67,20.51,70.51
Sierra Leone,2002,27.583164,142.03703,403.85114,1274.7454,1848.216734,1.49,7.69,21.85,68.97
Sierra Leone,2003,30.220682,140.36232,392.0041,1287.0642,1849.651302,1.63,7.59,21.19,69.58
Sierra Leone,2004,39.01419,141.44484,427.56424,1254.3523,1862.37557,2.09,7.59,22.96,67.35
Sierra Leone,2005,40.94764,147.18816,435.86905,1313.5632,1937.56805,2.11,7.6,22.5,67.79
Sierra Leone,2006,42.027,151.43242,461.8182,1368.1404,2023.41802,2.08,7.48,22.82,67.62
Sierra Leone,2007,41.939075,147.0317,426.87985,1450.9958,2066.8464249999997,2.03,7.11,20.65,70.2
Sierra Leone,2008,54.468983,146.7772,437.09387,1423.4856,2061.825653,2.64,7.12,21.2,69.04
Sierra Leone,2009,53.656322,148.67273,443.25153,1451.3384,2096.918982,2.56,7.09,21.14,69.21
Sierra Leone,2010,57.140022,167.98586,522.5457,1709.7631,2457.434682,2.33,6.84,21.26,69.58
Sierra Leone,2011,57.394554,169.61623,528.8498,1720.7083,2476.5688840000003,2.32,6.85,21.35,69.48
Sierra Leone,2012,59.31574,169.4913,524.7018,1713.3481,2466.85694,2.4,6.87,21.27,69.45
Sierra Leone,2013,62.32475,168.05275,526.19183,1697.9346,2454.50393,2.54,6.85,21.44,69.18
Sierra Leone,2014,60.811325,164.90503,522.9089,1658.199,2406.824255,2.53,6.85,21.73,68.9
Sierra Leone,2015,56.376144,166.38446,518.89124,1755.227,2496.878844,2.26,6.66,20.78,70.3
Sierra Leone,2016,54.20775,159.83589,467.55743,1723.436,2405.03707,2.25,6.65,19.44,71.66
Sierra Leone,2017,53.311443,164.34575,467.06818,1758.2477,2442.973073,2.18,6.73,19.12,71.97
Sierra Leone,2018,53.90341,163.62495,467.52365,1759.4365,2444.48851,2.21,6.69,19.13,71.98
Sierra Leone,2019,56.65707,163.97664,539.51184,1629.3594,2389.50495,2.37,6.86,22.58,68.19
Sierra Leone,2020,57.400978,165.58455,443.1822,1740.126,2406.293728,2.39,6.88,18.42,72.32
Sierra Leone,2021,59.46269,171.64702,442.00665,1766.664,2439.7803599999997,2.44,7.04,18.12,72.41
Sierra Leone,2022,55.4808,167.64851,432.98105,1752.4592,2408.56956,2.3,6.96,17.98,72.76
Slovakia,1993,169.7566,146.75914,902.73096,1575.3068,2794.5535,6.07,5.25,32.3,56.37
Slovakia,1994,154.46603,176.81873,930.9723,1721.1083,2983.36536,5.18,5.93,31.21,57.69
Slovakia,1995,148.64268,148.64268,925.2707,1617.0801,2839.63616,5.23,5.23,32.58,56.95
Slovakia,1996,151.71179,161.12866,879.8863,1718.4889,2911.21565,5.21,5.53,30.22,59.03
Slovakia,1997,152.98363,155.34769,894.97217,1705.6692,2908.97269,5.26,5.34,30.77,58.63
Slovakia,1998,157.47069,155.98814,950.9547,1679.6072,2944.02073,5.35,5.3,32.3,57.05
Slovakia,1999,148.13849,155.1889,952.70514,1631.2261,2887.2586300000003,5.13,5.37,33.0,56.5
Slovakia,2000,134.60107,152.26746,875.9285,1619.3593,2782.15633,4.84,5.47,31.48,58.21
Slovakia,2001,133.41312,151.08134,949.57684,1555.3846,2789.4559,4.78,5.42,34.04,55.76
Slovakia,2002,142.79472,152.21284,949.88745,1560.5022,2805.39721,5.09,5.43,33.86,55.63
Slovakia,2003,142.80774,152.78784,952.1384,1547.8988,2795.63278,5.11,5.47,34.06,55.37
Slovakia,2004,134.4596,151.17683,943.59247,1594.0215,2823.2504,4.76,5.35,33.42,56.46
Slovakia,2005,151.64366,145.58752,914.1333,1637.178,2848.54248,5.32,5.11,32.09,57.47
Slovakia,2006,148.35547,148.15471,947.4674,1599.6694,2843.64698,5.22,5.21,33.32,56.25
Slovakia,2007,134.80441,151.7354,914.7256,1607.8303,2809.09571,4.8,5.4,32.56,57.24
Slovakia,2008,140.61287,155.06877,881.1861,1706.26,2883.12774,4.88,5.38,30.56,59.18
Slovakia,2009,145.2301,147.04347,981.0285,1647.2172,2920.51927,4.97,5.03,33.59,56.4
Slovakia,2010,169.94527,146.24501,1036.0656,1468.7756,2821.0314799999996,6.02,5.18,36.73,52.07
Slovakia,2011,166.70293,149.5282,1023.90784,1469.0095,2809.14847,5.93,5.32,36.45,52.29
Slovakia,2012,149.12256,145.19934,1020.3586,1447.89,2762.5705,5.4,5.26,36.94,52.41
Slovakia,2013,160.40947,147.1988,1073.3964,1476.4817,2857.48637,5.61,5.15,37.56,51.67
Slovakia,2014,158.0479,154.16475,1063.7609,1455.2277,2831.20125,5.58,5.45,37.57,51.4
Slovakia,2015,157.12221,137.4269,1086.9655,1354.6034,2736.11801,5.74,5.02,39.73,49.51
Slovakia,2016,175.00836,131.85669,1144.1992,1404.46,2855.52425,6.13,4.62,40.07,49.18
Slovakia,2017,179.6047,122.08477,1217.8257,1362.656,2882.17117,6.23,4.24,42.25,47.28
Slovakia,2018,175.35468,125.92235,1250.8281,1353.8253,2905.93043,6.03,4.33,43.04,46.59
Slovakia,2019,181.95158,133.72202,1331.0164,1379.6863,3026.3763,6.01,4.42,43.98,45.59
Slovakia,2020,179.5359,134.92201,1313.8691,1383.3707,3011.69771,5.96,4.48,43.63,45.93
Slovakia,2021,180.48262,131.91885,1342.84,1320.4194,2975.6608699999997,6.07,4.43,45.13,44.37
Slovakia,2022,194.55106,131.94167,1423.5593,1325.5728,3075.6248299999997,6.33,4.29,46.29,43.1
Slovenia,1992,154.07346,147.73067,826.73975,1471.8372,2600.38108,5.93,5.68,31.79,56.6
Slovenia,1993,201.00755,147.07869,909.23566,1536.5706,2793.8925,7.19,5.26,32.54,55.0
Slovenia,1994,211.68036,153.56256,933.95825,1550.5365,2849.73767,7.43,5.39,32.77,54.41
Slovenia,1995,220.35684,164.04521,905.84576,1622.5266,2912.77441,7.57,5.63,31.1,55.7
Slovenia,1996,232.54118,167.99538,957.27924,1695.1885,3053.0042999999996,7.62,5.5,31.36,55.53
Slovenia,1997,234.98878,157.84863,943.333,1597.6411,2933.81151,8.01,5.38,32.15,54.46
Slovenia,1998,229.67741,156.06493,887.2677,1584.8987,2857.90874,8.04,5.46,31.05,55.46
Slovenia,1999,245.93124,169.79054,956.33673,1702.0819,3074.14041,8.0,5.52,31.11,55.37
Slovenia,2000,240.46983,169.55487,972.0458,1678.8918,3060.9623,7.86,5.54,31.76,54.85
Slovenia,2001,233.24254,166.75041,1038.4294,1617.135,3055.55735,7.63,5.46,33.98,52.92
Slovenia,2002,228.30516,165.91293,1042.032,1642.3923,3078.64239,7.42,5.39,33.85,53.35
Slovenia,2003,235.74843,164.40036,1082.0925,1628.4948,3110.73609,7.58,5.28,34.79,52.35
Slovenia,2004,235.65683,161.88147,1087.2058,1675.6274,3160.3715,7.46,5.12,34.4,53.02
Slovenia,2005,235.12938,157.88805,1060.1555,1622.6992,3075.87213,7.64,5.13,34.47,52.76
Slovenia,2006,228.11345,165.76938,1073.6296,1661.7258,3129.23823,7.29,5.3,34.31,53.1
Slovenia,2007,228.38594,165.80347,1079.5477,1678.4541,3152.19121,7.25,5.26,34.25,53.25
Slovenia,2008,240.6642,167.33305,1100.8701,1657.938,3166.80535,7.6,5.28,34.76,52.35
Slovenia,2009,239.38905,169.9823,1101.3805,1681.3971,3192.14895,7.5,5.33,34.5,52.67
Slovenia,2010,263.3488,175.60611,1119.4133,1682.627,3240.99521,8.13,5.42,34.54,51.92
Slovenia,2011,252.40027,179.12796,1099.417,1700.1432,3231.08843,7.81,5.54,34.03,52.62
Slovenia,2012,246.79729,179.15176,1096.3472,1699.2106,3221.5068499999998,7.66,5.56,34.03,52.75
Slovenia,2013,232.55284,183.29309,1100.998,1714.4575,3231.30143,7.2,5.67,34.07,53.06
Slovenia,2014,238.46422,189.02946,1048.5934,1786.425,3262.51208,7.31,5.79,32.14,54.76
Slovenia,2015,235.12851,186.43805,1031.2582,1777.1718,3229.99656,7.28,5.77,31.93,55.02
Slovenia,2016,239.08203,188.87277,1057.9836,1741.8616,3227.8,7.41,5.85,32.78,53.96
Slovenia,2017,240.32576,184.20227,1064.7083,1770.4031,3259.63943,7.37,5.65,32.66,54.31
Slovenia,2018,232.71216,187.77353,1049.3113,1780.3579,3250.15489,7.16,5.78,32.28,54.78
Slovenia,2019,248.14514,178.33023,1032.2241,1734.1663,3192.8657700000003,7.77,5.59,32.33,54.31
Slovenia,2020,235.37726,183.76509,1021.1231,1710.313,3150.57845,7.47,5.83,32.41,54.29
Slovenia,2021,229.00397,178.74265,1007.7739,1677.4171,3092.9376199999997,7.4,5.78,32.58,54.23
Slovenia,2022,219.60234,177.06891,988.3008,1715.4279,3100.39995,7.08,5.71,31.88,55.33
Solomon Islands,1961,52.3723,108.23383,289.56363,1415.5511,1865.72086,2.81,5.8,15.52,75.87
Solomon Islands,1962,58.703594,107.896935,303.80652,1407.6975,1878.104549,3.13,5.74,16.18,74.95
Solomon Islands,1963,59.928192,108.95407,311.44025,1420.6812,1901.003712,3.15,5.73,16.38,74.73
Solomon Islands,1964,64.307465,114.50204,332.5565,1483.9033,1995.269305,3.22,5.74,16.67,74.37
Solomon Islands,1965,59.819218,112.572075,328.21863,1456.6329,1957.242823,3.06,5.75,16.77,74.42
Solomon Islands,1966,74.841736,112.2626,350.39856,1460.1523,1997.655196,3.75,5.62,17.54,73.09
Solomon Islands,1967,77.03381,120.40728,355.95026,1486.3623,2039.75365,3.78,5.9,17.45,72.87
Solomon Islands,1968,80.34329,115.433304,341.80667,1492.431,2030.014264,3.96,5.69,16.84,73.52
Solomon Islands,1969,79.71074,115.66506,357.56577,1481.1743,2034.1158699999999,3.92,5.69,17.58,72.82
Solomon Islands,1970,87.9091,119.12136,372.18176,1490.7299,2069.94212,4.25,5.75,17.98,72.02
Solomon Islands,1971,93.196465,113.63719,382.3261,1453.9935,2043.1532550000002,4.56,5.56,18.71,71.16
Solomon Islands,1972,90.88229,116.66158,384.05157,1469.0642,2060.65964,4.41,5.66,18.64,71.29
Solomon Islands,1973,91.80842,116.9397,386.73303,1468.6045,2064.08565,4.45,5.67,18.74,71.15
Solomon Islands,1974,95.68396,115.52274,461.6522,1454.049,2126.9079,4.5,5.43,21.71,68.36
Solomon Islands,1975,93.80956,115.463844,460.99957,1429.7303,2100.0032739999997,4.47,5.5,21.95,68.08
Solomon Islands,1976,98.96603,116.46943,449.1893,1444.71,2109.33476,4.69,5.52,21.3,68.49
Solomon Islands,1977,94.85374,118.76122,441.94894,1475.1909,2130.7548,4.45,5.57,20.74,69.23
Solomon Islands,1978,100.30182,120.060005,423.02847,1476.7401,2120.130395,4.73,5.66,19.95,69.65
Solomon Islands,1979,98.35155,118.48743,492.25238,1469.3468,2178.43816,4.51,5.44,22.6,67.45
Solomon Islands,1980,100.70644,119.76111,453.179,1463.6973,2137.34385,4.71,5.6,21.2,68.48
Solomon Islands,1981,82.29201,118.16685,431.91718,1460.6444,2093.02044,3.93,5.65,20.64,69.79
Solomon Islands,1982,102.25763,119.60387,484.02982,1463.3568,2169.24812,4.71,5.51,22.31,67.46
Solomon Islands,1983,97.81505,119.52597,477.02222,1453.55,2147.91324,4.55,5.56,22.21,67.67
Solomon Islands,1984,94.94376,124.948296,433.91995,1494.4592,2148.271206,4.42,5.82,20.2,69.57
Solomon Islands,1985,94.68874,125.04903,456.58438,1483.6329,2159.95505,4.38,5.79,21.14,68.69
Solomon Islands,1986,94.3118,124.945915,415.28168,1497.611,2132.150395,4.42,5.86,19.48,70.24
Solomon Islands,1987,84.866615,125.62392,410.6965,1500.4783,2121.665335,4.0,5.92,19.36,70.72
Solomon Islands,1988,81.439445,125.60936,401.6239,1491.7675,2100.440205,3.88,5.98,19.12,71.02
Solomon Islands,1989,95.905716,120.99513,412.3059,1439.2554,2068.462146,4.64,5.85,19.93,69.58
Solomon Islands,1990,79.68305,114.36552,385.68707,1407.6335,1987.3691399999998,4.01,5.75,19.41,70.83
Solomon Islands,1991,79.62459,120.88357,399.99237,1442.7213,2043.22183,3.9,5.92,19.58,70.61
Solomon Islands,1992,69.11701,120.87981,388.2772,1461.6898,2039.9638200000002,3.39,5.93,19.03,71.65
Solomon Islands,1993,69.4064,116.87335,390.1167,1442.8177,2019.21415,3.44,5.79,19.32,71.45
Solomon Islands,1994,61.423077,125.5362,398.96973,1551.2129,2137.141907,2.87,5.87,18.67,72.58
Solomon Islands,1995,64.27911,126.95312,497.79922,1532.9656,2221.99705,2.89,5.71,22.4,68.99
Solomon Islands,1996,75.78196,126.999084,392.5994,1554.5088,2149.889244,3.52,5.91,18.26,72.31
Solomon Islands,1997,80.32044,135.68297,404.50278,1623.4298,2243.93599,3.58,6.05,18.03,72.35
Solomon Islands,1998,75.12708,135.43723,405.58566,1606.4277,2222.57767,3.38,6.09,18.25,72.28
Solomon Islands,1999,64.39074,132.6941,378.3794,1577.4147,2152.87894,2.99,6.16,17.58,73.27
Solomon Islands,2000,54.891926,140.27937,378.01343,1627.9552,2201.139926,2.49,6.37,17.17,73.96
Solomon Islands,2001,51.776863,136.93864,386.79697,1610.181,2185.6934730000003,2.37,6.27,17.7,73.67
Solomon Islands,2002,59.16221,141.78398,415.1715,1657.5969,2273.71459,2.6,6.24,18.26,72.9
Solomon Islands,2003,56.07126,143.45058,413.44418,1692.0796,2305.04562,2.43,6.22,17.94,73.41
Solomon Islands,2004,59.836605,145.61528,409.10864,1703.6255,2318.186025,2.58,6.28,17.65,73.49
Solomon Islands,2005,60.429813,147.3462,405.36713,1743.2699,2356.413043,2.56,6.25,17.2,73.98
Solomon Islands,2006,65.28774,146.74086,442.4536,1750.7527,2405.2349,2.71,6.1,18.4,72.79
Solomon Islands,2007,65.91337,148.90518,420.9208,1744.9728,2380.7121500000003,2.77,6.25,17.68,73.3
Solomon Islands,2008,66.17593,149.1534,425.64597,1815.8555,2456.8307999999997,2.69,6.07,17.33,73.91
Solomon Islands,2009,67.51373,149.898,432.09985,1788.8158,2438.32738,2.77,6.15,17.72,73.36
Solomon Islands,2010,69.76281,173.35248,471.72028,1749.8398,2464.67537,2.83,7.03,19.14,71.0
Solomon Islands,2011,79.23591,169.20752,475.89612,1700.6877,2425.02725,3.27,6.98,19.62,70.13
Solomon Islands,2012,71.94328,167.12856,438.75705,1689.7268,2367.55569,3.04,7.06,18.53,71.37
Solomon Islands,2013,67.076126,163.52008,424.04214,1658.744,2313.382346,2.9,7.07,18.33,71.7
Solomon Islands,2014,74.60653,163.50682,374.25284,1672.7783,2285.1444899999997,3.26,7.16,16.38,73.2
Solomon Islands,2015,69.72052,158.72055,428.09705,1633.5549,2290.0930200000003,3.04,6.93,18.69,71.33
Solomon Islands,2016,67.40528,156.81116,436.9774,1609.8936,2271.0874400000002,2.97,6.9,19.24,70.89
Solomon Islands,2017,66.87689,156.32146,456.65726,1587.8849,2267.74051,2.95,6.89,20.14,70.02
Solomon Islands,2018,69.06227,157.27753,431.3603,1586.2845,2243.9846,3.08,7.01,19.22,70.69
Solomon Islands,2019,74.349434,151.03503,434.61047,1565.8622,2225.857134,3.34,6.79,19.53,70.35
Solomon Islands,2020,73.719406,146.88174,434.9352,1528.48,2184.0163460000003,3.38,6.73,19.91,69.98
Solomon Islands,2021,76.155426,142.8796,451.05658,1475.4137,2145.505306,3.55,6.66,21.02,68.77
Solomon Islands,2022,72.70279,142.92033,444.34018,1478.8618,2138.8251,3.4,6.68,20.77,69.14
Somalia,2010,95.49365,79.486496,372.60767,942.3525,1489.940316,6.41,5.33,25.01,63.25
Somalia,2011,96.16151,89.27587,355.53046,1004.0172,1544.98504,6.22,5.78,23.01,64.99
Somalia,2012,99.43386,91.56701,384.19803,1037.876,1613.0749,6.16,5.68,23.82,64.34
Somalia,2013,99.188354,90.51986,412.3727,1060.7122,1662.793114,5.97,5.44,24.8,63.79
Somalia,2014,93.14857,85.64559,396.80927,1131.2921,1706.8955299999998,5.46,5.02,23.25,66.28
Somalia,2015,89.56013,85.49284,377.3608,1127.5863,1680.00007,5.33,5.09,22.46,67.12
Somalia,2016,83.75278,87.25908,374.28766,1137.7848,1683.08432,4.98,5.18,22.24,67.6
Somalia,2017,83.585526,94.228035,416.3133,1128.6139,1722.740761,4.85,5.47,24.17,65.51
Somalia,2018,77.8312,94.66603,384.16937,1167.488,1724.1546,4.51,5.49,22.28,67.71
Somalia,2019,74.80775,94.74584,441.1603,1179.1193,1789.83319,4.18,5.29,24.65,65.88
Somalia,2020,74.446205,97.52692,413.48633,1233.5963,1819.0557549999999,4.09,5.36,22.73,67.82
Somalia,2021,71.18157,94.10512,365.58118,1281.5449,1812.4127700000001,3.93,5.19,20.17,70.71
Somalia,2022,67.4567,91.9325,342.70065,1310.3445,1812.43435,3.72,5.07,18.91,72.3
South Africa,1961,99.95498,198.47418,575.1212,1946.2612,2819.81156,3.54,7.04,20.4,69.02
South Africa,1962,98.16067,188.87408,566.96936,1896.6405,2750.6446100000003,3.57,6.87,20.61,68.95
South Africa,1963,97.97598,195.78435,574.5927,1986.4861,2854.8391300000003,3.43,6.86,20.13,69.58
South Africa,1964,96.91903,197.4261,572.81525,2008.5354,2875.69578,3.37,6.87,19.92,69.85
South Africa,1965,107.366776,203.56506,609.6365,2052.1543,2972.722636,3.61,6.85,20.51,69.03
South Africa,1966,106.85835,194.8472,589.27966,1955.9148,2846.9000100000003,3.75,6.84,20.7,68.7
South Africa,1967,108.80645,189.7033,592.41235,1882.5957,2773.5178,3.92,6.84,21.36,67.88
South Africa,1968,106.685074,190.64603,601.1592,1908.3677,2806.858004,3.8,6.79,21.42,67.99
South Africa,1969,105.53875,192.7776,602.283,1932.635,2833.2343499999997,3.73,6.8,21.26,68.21
South Africa,1970,101.40515,195.37662,591.4021,1957.0183,2845.20217,3.56,6.87,20.79,68.78
South Africa,1971,102.89431,190.19734,582.2251,1931.7157,2807.0324499999997,3.67,6.78,20.74,68.82
South Africa,1972,105.08045,195.80434,591.3038,1982.1421,2874.33069,3.66,6.81,20.57,68.96
South Africa,1973,108.36345,193.2796,627.11487,1984.0869,2912.8448200000003,3.72,6.64,21.53,68.12
South Africa,1974,111.07039,192.3991,591.08606,1987.4226,2881.97815,3.85,6.68,20.51,68.96
South Africa,1975,113.47578,191.22029,580.8631,2012.3545,2897.91367,3.92,6.6,20.04,69.44
South Africa,1976,107.67086,188.58377,575.0068,1975.2671,2846.52853,3.78,6.63,20.2,69.39
South Africa,1977,104.57835,194.97388,564.0956,1965.9434,2829.59123,3.7,6.89,19.94,69.48
South Africa,1978,103.78697,197.16745,559.27,1969.7878,2830.01222,3.67,6.97,19.76,69.6
South Africa,1979,105.226685,193.93246,558.73944,1933.2231,2791.121685,3.77,6.95,20.02,69.26
South Africa,1980,101.45839,194.13028,564.09875,1959.4768,2819.1642199999997,3.6,6.89,20.01,69.51
South Africa,1981,100.87225,187.40674,560.9017,1915.8208,2765.00149,3.65,6.78,20.29,69.29
South Africa,1982,100.076675,195.66074,560.8399,1962.959,2819.5363150000003,3.55,6.94,19.89,69.62
South Africa,1983,97.55164,186.62221,571.6096,1867.949,2723.73245,3.58,6.85,20.99,68.58
South Africa,1984,96.38865,183.23724,564.93396,1856.8688,2701.42865,3.57,6.78,20.91,68.74
South Africa,1985,92.54278,184.03137,574.5992,1866.1506,2717.32395,3.41,6.77,21.15,68.68
South Africa,1986,86.671616,178.37794,564.13934,1800.9812,2630.170096,3.3,6.78,21.45,68.47
South Africa,1987,94.13905,183.51392,582.92163,1840.9838,2701.5584,3.48,6.79,21.58,68.15
South Africa,1988,91.6812,179.521,547.5628,1809.844,2628.6090000000004,3.49,6.83,20.83,68.85
South Africa,1989,87.960075,171.27348,532.22565,1774.1943,2565.653505,3.43,6.68,20.74,69.15
South Africa,1990,96.113144,171.24104,541.571,1746.543,2555.468184,3.76,6.7,21.19,68.35
South Africa,1991,90.889786,172.59296,543.5213,1739.2122,2546.216246,3.57,6.78,21.35,68.31
South Africa,1992,95.17834,174.51184,541.0741,1735.3383,2546.1025799999998,3.74,6.85,21.25,68.16
South Africa,1993,92.026665,183.1016,539.06433,1782.9801,2597.172695,3.54,7.05,20.76,68.65
South Africa,1994,92.54652,179.15677,574.9959,1758.2454,2604.94459,3.55,6.88,22.07,67.5
South Africa,1995,92.44958,180.36037,588.29175,1752.4125,2613.5141999999996,3.54,6.9,22.51,67.05
South Africa,1996,89.52795,180.47757,576.0298,1769.0936,2615.12892,3.42,6.9,22.03,67.65
South Africa,1997,95.009,179.26936,604.5267,1766.0757,2644.88076,3.59,6.78,22.86,66.77
South Africa,1998,89.257286,183.64084,611.0524,1798.8943,2682.844826,3.33,6.85,22.78,67.05
South Africa,1999,89.999275,185.8623,595.4932,1809.8972,2681.251975,3.36,6.93,22.21,67.5
South Africa,2000,98.85968,191.55728,609.8757,1844.1189,2744.41156,3.6,6.98,22.22,67.2
South Africa,2001,97.13673,194.04384,647.7505,1844.4689,2783.39997,3.49,6.97,23.27,66.27
South Africa,2002,99.456535,188.6019,673.66895,1833.4435,2795.170885,3.56,6.75,24.1,65.59
South Africa,2003,102.51201,190.10333,687.1726,1850.6952,2830.4831400000003,3.62,6.72,24.28,65.38
South Africa,2004,109.17764,193.35158,683.66095,1867.4928,2853.68297,3.83,6.78,23.96,65.44
South Africa,2005,113.60421,194.1096,704.2857,1865.1421,2877.14161,3.95,6.75,24.48,64.83
South Africa,2006,119.7971,192.19978,708.24506,1843.5387,2863.78064,4.18,6.71,24.73,64.37
South Africa,2007,126.24446,191.97795,701.3341,1846.9583,2866.51481,4.4,6.7,24.47,64.43
South Africa,2008,130.67667,188.61969,737.5344,1818.646,2875.47676,4.54,6.56,25.65,63.25
South Africa,2009,128.56178,187.74666,770.6625,1801.4391,2888.41004,4.45,6.5,26.68,62.37
South Africa,2010,141.15605,165.01843,773.83563,1754.5771,2834.58721,4.98,5.82,27.3,61.9
South Africa,2011,143.0943,164.23187,765.1389,1767.0166,2839.48167,5.04,5.78,26.95,62.23
South Africa,2012,146.7991,162.84662,790.97217,1759.0894,2859.7072900000003,5.13,5.69,27.66,61.51
South Africa,2013,147.55484,161.7034,782.6437,1744.2134,2836.1153400000003,5.2,5.7,27.6,61.5
South Africa,2014,154.2809,159.715,742.905,1744.1658,2801.0667000000003,5.51,5.7,26.52,62.27
South Africa,2015,154.77388,154.8921,743.29297,1712.6394,2765.59835,5.6,5.6,26.88,61.93
South Africa,2016,154.31026,156.39926,758.33734,1709.3062,2778.35306,5.55,5.63,27.29,61.52
South Africa,2017,149.22157,157.75189,768.613,1722.0527,2797.6391599999997,5.33,5.64,27.47,61.55
South Africa,2018,150.10666,159.3807,754.2801,1720.5331,2784.30056,5.39,5.72,27.09,61.79
South Africa,2019,154.6835,154.29358,789.16077,1658.1298,2756.26765,5.61,5.6,28.63,60.16
South Africa,2020,159.46597,162.22342,860.3822,1552.8027,2734.8742899999997,5.83,5.93,31.46,56.78
South Africa,2021,158.2955,159.53159,843.219,1516.255,2677.30109,5.91,5.96,31.5,56.63
South Africa,2022,153.85776,158.0441,829.4147,1509.7245,2651.04106,5.8,5.96,31.29,56.95
South Korea,1961,22.298096,196.22325,128.62733,1710.6196,2057.768276,1.08,9.54,6.25,83.13
South Korea,1962,21.574171,194.36018,124.475266,1758.2565,2098.6661169999998,1.03,9.26,5.93,83.78
South Korea,1963,25.536823,190.7161,124.54988,1788.5902,2129.393003,1.2,8.96,5.85,84.0
South Korea,1964,24.152954,191.67784,132.25192,1826.6879,2174.770614,1.11,8.81,6.08,83.99
South Korea,1965,27.651974,206.55597,143.89304,1916.8962,2294.997184,1.2,9.0,6.27,83.52
South Korea,1966,28.067295,212.60393,148.78194,1981.8834,2371.336565,1.18,8.97,6.27,83.58
South Korea,1967,28.620926,226.55968,160.16263,2019.5713,2434.914536,1.18,9.3,6.58,82.94
South Korea,1968,31.700626,238.56853,177.18246,2081.1965,2528.648116,1.25,9.43,7.01,82.3
South Korea,1969,33.856453,244.73378,198.40848,2156.0273,2633.026013,1.29,9.29,7.54,81.88
South Korea,1970,30.256351,247.46063,200.4918,2242.158,2720.3667809999997,1.11,9.1,7.37,82.42
South Korea,1971,35.71789,254.19554,219.37543,2289.256,2798.54486,1.28,9.08,7.84,81.8
South Korea,1972,43.940678,256.92554,220.66869,2350.247,2871.781908,1.53,8.95,7.68,81.84
South Korea,1973,45.538143,265.42673,224.30142,2417.5674,2952.833693,1.54,8.99,7.6,81.87
South Korea,1974,53.174873,264.71503,238.15656,2368.3782,2924.4246630000002,1.82,9.05,8.14,80.99
South Korea,1975,53.25621,280.4853,259.33374,2412.2625,3005.3377499999997,1.77,9.33,8.63,80.27
South Korea,1976,63.63654,278.7203,287.15018,2434.9805,3064.48752,2.08,9.1,9.37,79.46
South Korea,1977,54.26794,259.9804,278.77966,2431.5828,3024.6108000000004,1.79,8.6,9.22,80.39
South Korea,1978,60.928333,268.98962,306.3872,2461.8342,3098.1393529999996,1.97,8.68,9.89,79.46
South Korea,1979,70.04148,265.41418,328.30475,2409.8477,3073.6081099999997,2.28,8.64,10.68,78.4
South Korea,1980,69.55834,255.64949,330.86365,2314.2388,2970.31028,2.34,8.61,11.14,77.91
South Korea,1981,78.15878,253.63252,349.5904,2239.247,2920.6286999999998,2.68,8.68,11.97,76.67
South Korea,1982,78.9509,238.30673,359.87698,2210.3696,2887.50421,2.73,8.25,12.46,76.55
South Korea,1983,82.2033,231.95319,362.39987,2222.328,2898.88436,2.84,8.0,12.5,76.66
South Korea,1984,89.54267,236.69624,394.35938,2227.7817,2948.37999,3.04,8.03,13.38,75.56
South Korea,1985,87.08899,225.55733,406.07404,2185.8865,2904.60686,3.0,7.77,13.98,75.26
South Korea,1986,94.71869,224.39589,415.9591,2213.5671,2948.64078,3.21,7.61,14.11,75.07
South Korea,1987,94.17319,236.84793,447.47986,2242.0374,3020.53838,3.12,7.84,14.81,74.23
South Korea,1988,96.62905,232.31758,463.94888,2232.6448,3025.5403100000003,3.19,7.68,15.33,73.79
South Korea,1989,101.10925,224.73935,473.55377,2195.5583,2994.9606700000004,3.38,7.5,15.81,73.31
South Korea,1990,105.00905,218.71361,504.1253,2053.7986,2881.64656,3.64,7.59,17.49,71.27
South Korea,1991,105.58232,191.84367,520.2613,2060.9436,2878.6308900000004,3.67,6.66,18.07,71.59
South Korea,1992,119.68685,203.89062,544.40674,2070.336,2938.32021,4.07,6.94,18.53,70.46
South Korea,1993,125.490715,206.19415,542.187,2026.8596,2900.731465,4.33,7.11,18.69,69.87
South Korea,1994,130.09062,202.31078,604.07227,1992.4329,2928.90657,4.44,6.91,20.62,68.03
South Korea,1995,133.14691,207.12178,569.22076,2064.8599,2974.34935,4.48,6.96,19.14,69.42
South Korea,1996,136.16618,197.6517,603.7082,2075.6973,3013.22338,4.52,6.56,20.04,68.89
South Korea,1997,138.70999,195.68228,635.09143,2056.3472,3025.8309,4.58,6.47,20.99,67.96
South Korea,1998,128.07141,193.2485,651.94806,1959.8588,2933.12677,4.37,6.59,22.23,66.82
South Korea,1999,149.20638,202.79793,666.2053,2027.3004,3045.51001,4.9,6.66,21.87,66.57
South Korea,2000,141.8833,200.9489,690.58984,2008.3389,3041.76094,4.66,6.61,22.7,66.03
South Korea,2001,142.81087,200.82286,670.3096,2011.361,3025.30433,4.72,6.64,22.16,66.48
South Korea,2002,152.3087,196.32991,689.2734,1984.1326,3022.04461,5.04,6.5,22.81,65.66
South Korea,2003,152.03111,197.92287,741.4165,1908.2631,2999.6335799999997,5.07,6.6,24.72,63.62
South Korea,2004,144.474,196.83159,749.1277,1949.3688,3039.80209,4.75,6.48,24.64,64.13
South Korea,2005,151.5228,192.96158,753.5055,1950.9443,3048.93418,4.97,6.33,24.71,63.99
South Korea,2006,163.99886,191.54216,772.5717,1938.4924,3066.60512,5.35,6.25,25.19,63.21
South Korea,2007,166.83803,192.78798,803.64856,1936.3027,3099.5772699999998,5.38,6.22,25.93,62.47
South Korea,2008,172.87599,195.84164,824.71466,1961.3368,3154.76909,5.48,6.21,26.14,62.17
South Korea,2009,170.88599,193.70517,865.7799,1947.4493,3177.8203599999997,5.38,6.1,27.24,61.28
South Korea,2010,196.45616,210.34862,906.57294,2017.1989,3330.57662,5.9,6.32,27.22,60.57
South Korea,2011,203.65514,218.7081,882.48895,2030.436,3335.28819,6.11,6.56,26.46,60.88
South Korea,2012,204.22252,209.46619,920.89264,1955.5247,3290.10605,6.21,6.37,27.99,59.44
South Korea,2013,204.51067,210.99419,908.1414,1971.9272,3295.57346,6.21,6.4,27.56,59.84
South Korea,2014,213.56038,200.95564,967.8643,1946.1527,3328.53302,6.42,6.04,29.08,58.47
South Korea,2015,226.56685,187.55878,982.3731,1929.539,3326.03773,6.81,5.64,29.54,58.01
South Korea,2016,226.29375,192.20566,993.56604,1914.2848,3326.35025,6.8,5.78,29.87,57.55
South Korea,2017,233.67531,194.85614,1025.9663,1924.8396,3379.33735,6.91,5.77,30.36,56.96
South Korea,2018,243.40984,188.73169,1048.6917,1908.2716,3389.10483,7.18,5.57,30.94,56.31
South Korea,2019,241.488,186.5698,1086.1555,1870.0508,3384.2641000000003,7.14,5.51,32.09,55.26
South Korea,2020,242.25577,184.11118,1108.9559,1841.7317,3377.05455,7.17,5.45,32.84,54.54
South Korea,2021,244.75397,189.61334,1143.498,1833.7855,3411.65081,7.17,5.56,33.52,53.75
South Korea,2022,249.96082,190.20236,1129.9569,1874.0458,3444.16588,7.26,5.52,32.81,54.41
South Sudan,2019,126.69504,170.95811,774.5437,1274.6482,2346.84505,5.4,7.28,33.0,54.31
South Sudan,2020,111.788345,179.32135,754.1252,1310.3604,2355.595295,4.75,7.61,32.01,55.63
South Sudan,2021,124.04435,174.3743,791.8955,1297.1736,2387.4877500000002,5.2,7.3,33.17,54.33
South Sudan,2022,121.08203,174.9887,771.9425,1323.0698,2391.08303,5.06,7.32,32.28,55.33
Spain,1961,105.08812,210.97722,639.9602,1706.1803,2662.20584,3.95,7.92,24.04,64.09
Spain,1962,107.55754,215.59561,718.44507,1749.4519,2791.05012,3.85,7.72,25.74,62.68
Spain,1963,125.36446,199.42163,720.49524,1654.2603,2699.5416299999997,4.64,7.39,26.69,61.28
Spain,1964,122.83391,191.25737,649.05194,1632.2637,2595.40692,4.73,7.37,25.01,62.89
Spain,1965,124.733116,186.01956,747.1686,1599.3583,2657.279576,4.69,7.0,28.12,60.19
Spain,1966,136.44922,191.74054,715.219,1668.1848,2711.5935600000003,5.03,7.07,26.38,61.52
Spain,1967,144.40303,186.34583,761.17175,1648.3416,2740.26221,5.27,6.8,27.78,60.15
Spain,1968,150.57498,186.46228,767.4952,1641.9042,2746.43666,5.48,6.79,27.95,59.78
Spain,1969,151.18732,173.07074,742.7885,1570.5452,2637.5917600000002,5.73,6.56,28.16,59.54
Spain,1970,161.84015,174.35397,796.557,1596.902,2729.65312,5.93,6.39,29.18,58.5
Spain,1971,166.77663,171.37819,820.2685,1602.5142,2760.93752,6.04,6.21,29.71,58.04
Spain,1972,173.96147,176.56268,853.3296,1631.4741,2835.3278499999997,6.14,6.23,30.1,57.54
Spain,1973,176.56389,179.92624,819.6651,1669.8417,2845.9969300000002,6.2,6.32,28.8,58.67
Spain,1974,190.56606,182.92902,982.32886,1718.9829,3074.80684,6.2,5.95,31.95,55.91
Spain,1975,190.69733,182.74994,1018.71313,1686.9923,3079.1526999999996,6.19,5.94,33.08,54.79
Spain,1976,203.26611,172.75023,982.819,1685.763,3044.59834,6.68,5.67,32.28,55.37
Spain,1977,202.00209,172.00337,959.43005,1667.436,3000.87151,6.73,5.73,31.97,55.57
Spain,1978,209.63594,170.64133,961.7902,1657.4403,2999.50777,6.99,5.69,32.06,55.26
Spain,1979,211.91872,171.15744,954.3536,1708.677,3046.1067599999997,6.96,5.62,31.33,56.09
Spain,1980,219.53935,172.99461,1057.954,1661.7771,3112.2650599999997,7.05,5.56,33.99,53.39
Spain,1981,223.17918,158.71762,1017.06683,1578.4895,2977.45313,7.5,5.33,34.16,53.01
Spain,1982,229.72049,165.31252,1064.6484,1604.9888,3064.67021,7.5,5.39,34.74,52.37
Spain,1983,229.84319,163.58064,1063.4838,1581.7885,3038.6961300000003,7.56,5.38,35.0,52.05
Spain,1984,229.99147,168.95296,1051.1189,1577.9249,3027.98823,7.6,5.58,34.71,52.11
Spain,1985,227.79463,170.78618,1090.4661,1610.5388,3099.5857100000003,7.35,5.51,35.18,51.96
Spain,1986,227.49399,167.01485,1145.6375,1545.5647,3085.71104,7.37,5.41,37.13,50.09
Spain,1987,235.002,171.70314,1140.0961,1588.2839,3135.08514,7.5,5.48,36.37,50.66
Spain,1988,241.47726,173.13164,1197.6396,1578.2747,3190.5231999999996,7.57,5.43,37.54,49.47
Spain,1989,242.3368,174.88182,1215.532,1588.8612,3221.61182,7.52,5.43,37.73,49.32
Spain,1990,246.91772,174.77238,1217.587,1603.8809,3243.1580000000004,7.61,5.39,37.54,49.45
Spain,1991,254.66557,174.69485,1360.5559,1600.19,3390.10632,7.51,5.15,40.13,47.2
Spain,1992,255.21764,171.86346,1349.5881,1598.9766,3375.6458,7.56,5.09,39.98,47.37
Spain,1993,261.25024,166.7462,1287.1921,1554.8878,3270.07634,7.99,5.1,39.36,47.55
Spain,1994,265.6262,164.94624,1291.7173,1536.3947,3258.68444,8.15,5.06,39.64,47.15
Spain,1995,264.95435,159.05135,1249.3403,1492.9175,3166.2635,8.37,5.02,39.46,47.15
Spain,1996,265.42126,164.90137,1338.812,1527.5177,3296.65233,8.05,5.0,40.61,46.34
Spain,1997,262.95697,162.55522,1288.0581,1521.4276,3234.99789,8.13,5.02,39.82,47.03
Spain,1998,287.45944,159.39972,1330.0134,1487.2219,3264.0944600000003,8.81,4.88,40.75,45.56
Spain,1999,280.93665,160.3954,1315.6572,1503.1831,3260.17235,8.62,4.92,40.36,46.11
Spain,2000,281.84543,159.09045,1370.8293,1487.8885,3299.6536800000003,8.54,4.82,41.54,45.09
Spain,2001,287.8298,158.10481,1357.399,1489.1991,3292.53271,8.74,4.8,41.23,45.23
Spain,2002,297.65808,159.42432,1370.2074,1498.8362,3326.126,8.95,4.79,41.2,45.06
Spain,2003,293.81003,155.93954,1328.5503,1480.6152,3258.91507,9.02,4.79,40.77,45.43
Spain,2004,280.75217,156.79445,1292.991,1476.0828,3206.62042,8.76,4.89,40.32,46.03
Spain,2005,275.56802,153.57588,1296.4626,1452.506,3178.1125,8.67,4.83,40.79,45.7
Spain,2006,280.61102,153.62666,1285.2734,1460.0642,3179.57528,8.83,4.83,40.42,45.92
Spain,2007,283.5875,153.07837,1300.6951,1425.3165,3162.6774699999996,8.97,4.84,41.13,45.07
Spain,2008,266.51627,156.52794,1270.0427,1446.0828,3139.16971,8.49,4.99,40.46,46.07
Spain,2009,266.27213,157.64409,1273.9856,1446.5427,3144.44452,8.47,5.01,40.52,46.0
Spain,2010,287.03046,151.96666,1300.4961,1442.4006,3181.8938200000002,9.02,4.78,40.87,45.33
Spain,2011,283.6486,152.72163,1308.2754,1456.7814,3201.42703,8.86,4.77,40.87,45.5
Spain,2012,280.86496,153.06166,1307.0304,1455.3784,3196.3354200000003,8.79,4.79,40.89,45.53
Spain,2013,283.23874,154.62767,1315.3895,1466.755,3220.01091,8.8,4.8,40.85,45.55
Spain,2014,281.05402,152.75972,1274.0518,1467.7961,3175.66164,8.85,4.81,40.12,46.22
Spain,2015,286.24463,149.90546,1324.2644,1442.8398,3203.25429,8.94,4.68,41.34,45.04
Spain,2016,287.11746,156.00923,1348.4138,1489.7051,3281.24559,8.75,4.75,41.09,45.4
Spain,2017,286.65015,155.45105,1365.6038,1491.4554,3299.1604,8.69,4.71,41.39,45.21
Spain,2018,299.79327,157.58722,1377.2386,1513.1155,3347.73459,8.96,4.71,41.14,45.2
Spain,2019,310.5986,153.01402,1381.5079,1505.5088,3350.62932,9.27,4.57,41.23,44.93
Spain,2020,306.00085,151.27194,1401.2323,1496.0703,3354.57539,9.12,4.51,41.77,44.6
Spain,2021,304.12735,152.79982,1424.6195,1501.7756,3383.3222699999997,8.99,4.52,42.11,44.39
Spain,2022,310.95654,154.643,1346.0564,1544.6005,3356.25644,9.26,4.61,40.11,46.02
Sri Lanka,1961,34.08972,140.90146,399.89948,1547.0205,2121.91116,1.61,6.64,18.85,72.91
Sri Lanka,1962,33.556435,139.78442,425.79065,1544.6383,2143.769805,1.57,6.52,19.86,72.05
Sri Lanka,1963,36.366882,137.95741,442.9229,1567.378,2184.625192,1.66,6.31,20.27,71.75
Sri Lanka,1964,41.376106,156.53622,427.50897,1663.513,2288.934296,1.81,6.84,18.68,72.68
Sri Lanka,1965,36.575035,148.66246,415.86795,1689.9255,2291.030945,1.6,6.49,18.15,73.76
Sri Lanka,1966,41.81507,155.85986,382.01547,1761.5055,2341.1958999999997,1.79,6.66,16.32,75.24
Sri Lanka,1967,35.127743,163.46814,426.78372,1744.6235,2370.003103,1.48,6.9,18.01,73.61
Sri Lanka,1968,37.555336,157.26045,431.92706,1740.3014,2367.044246,1.59,6.64,18.25,73.52
Sri Lanka,1969,36.114853,155.92831,433.0122,1703.2545,2328.309863,1.55,6.7,18.6,73.15
Sri Lanka,1970,36.579933,152.53831,449.38446,1668.0244,2306.527103,1.59,6.61,19.48,72.32
Sri Lanka,1971,31.928799,143.35461,419.9795,1645.0337,2240.296609,1.43,6.4,18.75,73.43
Sri Lanka,1972,34.996403,148.38963,435.6382,1579.4158,2198.440033,1.59,6.75,19.82,71.84
Sri Lanka,1973,30.314964,146.42088,400.76016,1646.4132,2223.909204,1.36,6.58,18.02,74.03
Sri Lanka,1974,28.695187,149.80754,389.21146,1648.3092,2216.023387,1.29,6.76,17.56,74.38
Sri Lanka,1975,29.603476,148.6265,393.15973,1630.6378,2202.027506,1.34,6.75,17.85,74.05
Sri Lanka,1976,29.777468,144.41869,382.89233,1656.8845,2213.972988,1.34,6.52,17.29,74.84
Sri Lanka,1977,30.231705,156.88792,385.63712,1661.098,2233.854745,1.35,7.02,17.26,74.36
Sri Lanka,1978,33.87737,157.20073,401.59302,1704.4092,2297.08032,1.47,6.84,17.48,74.2
Sri Lanka,1979,36.185204,151.10973,418.31027,1743.1877,2348.792904,1.54,6.43,17.81,74.22
Sri Lanka,1980,38.797657,144.37752,419.98062,1709.3142,2312.469997,1.68,6.24,18.16,73.92
Sri Lanka,1981,35.395523,146.1127,408.02948,1679.8209,2269.3586029999997,1.56,6.44,17.98,74.02
Sri Lanka,1982,34.47259,152.44997,405.51935,1694.9565,2287.39841,1.51,6.66,17.73,74.1
Sri Lanka,1983,38.00797,152.56319,401.38257,1772.3055,2364.2592299999997,1.61,6.45,16.98,74.96
Sri Lanka,1984,40.565067,158.00548,414.81088,1758.7662,2372.1476270000003,1.71,6.66,17.49,74.14
Sri Lanka,1985,40.29154,155.13074,403.45648,1811.1628,2410.04156,1.67,6.44,16.74,75.15
Sri Lanka,1986,37.507095,158.20567,413.97565,1779.8766,2389.565015,1.57,6.62,17.32,74.49
Sri Lanka,1987,42.202114,159.18855,383.01868,1748.4181,2332.827444,1.81,6.82,16.42,74.95
Sri Lanka,1988,43.290462,159.43152,404.44672,1750.5029,2357.671602,1.84,6.76,17.15,74.25
Sri Lanka,1989,43.20583,152.23108,415.57187,1709.3044,2320.31318,1.86,6.56,17.91,73.67
Sri Lanka,1990,42.16475,155.73413,407.7056,1690.1497,2295.75418,1.84,6.78,17.76,73.62
Sri Lanka,1991,47.420677,157.54391,413.76028,1708.6768,2327.401667,2.04,6.77,17.78,73.42
Sri Lanka,1992,46.442657,157.71858,376.5097,1700.1464,2280.817337,2.04,6.92,16.51,74.54
Sri Lanka,1993,43.871296,154.26529,408.86194,1598.1445,2205.143026,1.99,7.0,18.54,72.47
Sri Lanka,1994,44.9036,159.34076,426.65747,1767.1682,2398.07003,1.87,6.64,17.79,73.69
Sri Lanka,1995,49.47893,163.35109,409.8837,1684.0182,2306.73192,2.14,7.08,17.77,73.0
Sri Lanka,1996,51.785427,156.79248,395.34604,1694.003,2297.926947,2.25,6.82,17.2,73.72
Sri Lanka,1997,54.30385,155.70343,376.02682,1712.0593,2298.0933999999997,2.36,6.78,16.36,74.5
Sri Lanka,1998,52.943115,151.39732,391.79904,1698.3552,2294.494675,2.31,6.6,17.08,74.02
Sri Lanka,1999,52.93303,162.4306,397.79706,1739.4183,2352.57899,2.25,6.9,16.91,73.94
Sri Lanka,2000,53.99918,148.98618,389.46228,1668.9537,2261.40134,2.39,6.59,17.22,73.8
Sri Lanka,2001,51.243702,155.05203,381.29745,1700.7355,2288.3286820000003,2.24,6.78,16.66,74.32
Sri Lanka,2002,52.78719,153.61578,369.09216,1691.3977,2266.89283,2.33,6.78,16.28,74.61
Sri Lanka,2003,56.18508,156.00452,388.13452,1677.1461,2277.47022,2.47,6.85,17.04,73.64
Sri Lanka,2004,54.357323,160.94955,371.0683,1720.7256,2307.100773,2.36,6.98,16.08,74.58
Sri Lanka,2005,46.61965,161.57004,385.02658,1725.9236,2319.13987,2.01,6.97,16.6,74.42
Sri Lanka,2006,53.114586,160.61029,403.31665,1733.9321,2350.973626,2.26,6.83,17.16,73.75
Sri Lanka,2007,55.637947,167.42902,408.7249,1729.096,2360.887867,2.36,7.09,17.31,73.24
Sri Lanka,2008,54.527245,162.74895,399.37732,1805.3474,2422.000915,2.25,6.72,16.49,74.54
Sri Lanka,2009,55.464382,167.70332,407.5262,1799.0985,2429.792402,2.28,6.9,16.77,74.04
Sri Lanka,2010,62.483715,183.88744,341.31436,1875.7686,2463.454115,2.54,7.46,13.86,76.14
Sri Lanka,2011,62.075798,187.7366,343.2339,1855.7904,2448.836698,2.53,7.67,14.02,75.78
Sri Lanka,2012,66.200424,189.0306,359.1085,1898.5862,2512.9257239999997,2.63,7.52,14.29,75.55
Sri Lanka,2013,69.88915,194.31241,342.46082,1918.6074,2525.26978,2.77,7.69,13.56,75.98
Sri Lanka,2014,69.94586,196.07709,353.70172,1936.7493,2556.47397,2.74,7.67,13.84,75.76
Sri Lanka,2015,77.4526,203.1756,375.22485,1986.3428,2642.19585,2.93,7.69,14.2,75.18
Sri Lanka,2016,81.00548,204.37161,385.29428,2025.3033,2695.97467,3.0,7.58,14.29,75.12
Sri Lanka,2017,78.40318,211.13942,375.2486,2018.2101,2683.0013,2.92,7.87,13.99,75.22
Sri Lanka,2018,77.69926,212.69347,402.10236,1996.2948,2688.78989,2.89,7.91,14.95,74.25
Sri Lanka,2019,77.32265,206.11644,400.29254,1985.774,2669.5056299999997,2.9,7.72,15.0,74.39
Sri Lanka,2020,75.3039,210.12715,404.87396,2041.4055,2731.71051,2.76,7.69,14.82,74.73
Sri Lanka,2021,73.20374,208.48488,431.28058,2030.3871,2743.3563,2.67,7.6,15.72,74.01
Sri Lanka,2022,71.935905,198.75116,366.73544,2041.5305,2678.9530050000003,2.69,7.42,13.69,76.21
Sudan,2012,90.50119,202.02791,516.09674,1657.2078,2465.83364,3.67,8.19,20.93,67.21
Sudan,2013,90.6011,209.89127,522.91846,1699.0754,2522.48623,3.59,8.32,20.73,67.36
Sudan,2014,91.499535,206.67456,556.9748,1677.0244,2532.173295,3.61,8.16,22.0,66.23
Sudan,2015,88.31243,205.35027,535.76843,1685.2798,2514.71093,3.51,8.17,21.31,67.02
Sudan,2016,87.38215,202.86098,557.44775,1641.1067,2488.7975800000004,3.51,8.15,22.4,65.94
Sudan,2017,83.92294,205.25504,504.33765,1642.6782,2436.19383,3.44,8.43,20.7,67.43
Sudan,2018,82.23091,206.73573,548.4783,1616.8248,2454.26974,3.35,8.42,22.35,65.88
Sudan,2019,79.538925,208.01611,563.19824,1590.9872,2441.740475,3.26,8.52,23.07,65.16
Sudan,2020,79.32751,199.26857,605.72705,1604.6249,2488.94803,3.19,8.01,24.34,64.47
Sudan,2021,75.03959,203.3098,608.50464,1606.5977,2493.4517299999998,3.01,8.15,24.4,64.43
Sudan,2022,74.79629,207.11356,622.3373,1609.1926,2513.43975,2.98,8.24,24.76,64.02
Suriname,1961,104.18801,116.46856,407.38867,1458.7303,2086.7755399999996,4.99,5.58,19.52,69.9
Suriname,1962,93.78339,115.36914,415.79608,1459.0497,2083.99831,4.5,5.54,19.95,70.01
Suriname,1963,99.14746,118.28117,419.5312,1463.125,2100.08483,4.72,5.63,19.98,69.67
Suriname,1964,94.78909,139.57036,418.8365,1676.8096,2330.00555,4.07,5.99,17.98,71.97
Suriname,1965,91.729904,136.43266,378.417,1650.3496,2256.929164,4.06,6.05,16.77,73.12
Suriname,1966,91.39585,130.5655,378.92917,1585.8335,2186.7240199999997,4.18,5.97,17.33,72.52
Suriname,1967,88.63046,133.86765,385.74536,1625.9982,2234.24167,3.97,5.99,17.27,72.78
Suriname,1968,93.33969,132.88281,404.08508,1614.6096,2244.91718,4.16,5.92,18.0,71.92
Suriname,1969,109.01534,130.40112,409.5899,1637.0256,2286.03196,4.77,5.7,17.92,71.61
Suriname,1970,93.57775,126.28683,392.68536,1570.0157,2182.56564,4.29,5.79,17.99,71.93
Suriname,1971,88.983536,121.240555,380.4991,1524.1151,2114.838291,4.21,5.73,17.99,72.07
Suriname,1972,93.227005,120.523026,378.8872,1494.9642,2087.601431,4.47,5.77,18.15,71.61
Suriname,1973,88.55938,117.43093,387.40988,1483.1451,2076.54529,4.26,5.66,18.66,71.42
Suriname,1974,93.15615,112.734604,391.42926,1479.861,2077.1810140000002,4.48,5.43,18.84,71.24
Suriname,1975,86.47588,115.51213,407.81958,1456.2327,2066.04029,4.19,5.59,19.74,70.48
Suriname,1976,90.055786,118.366516,425.53043,1466.9128,2100.865532,4.29,5.63,20.26,69.82
Suriname,1977,94.542595,123.731255,444.8725,1482.6349,2145.78125,4.41,5.77,20.73,69.1
Suriname,1978,105.76474,118.43667,427.24796,1537.5106,2188.95997,4.83,5.41,19.52,70.24
Suriname,1979,100.34776,118.56117,437.64386,1548.5845,2205.1372899999997,4.55,5.38,19.85,70.23
Suriname,1980,109.36667,123.057,430.9823,1680.7227,2344.12867,4.67,5.25,18.39,71.7
Suriname,1981,112.89089,127.51549,451.4365,1565.3883,2257.23118,5.0,5.65,20.0,69.35
Suriname,1982,112.43774,132.92361,437.53372,1599.2861,2282.18117,4.93,5.82,19.17,70.08
Suriname,1983,115.94771,145.6869,409.92026,1737.7109,2409.26577,4.81,6.05,17.01,72.13
Suriname,1984,97.03349,156.18031,442.17017,1884.2584,2579.64237,3.76,6.05,17.14,73.04
Suriname,1985,101.87716,151.63022,429.06183,1861.4059,2543.97511,4.0,5.96,16.87,73.17
Suriname,1986,104.26941,134.84319,452.86685,1720.5133,2412.4927500000003,4.32,5.59,18.77,71.32
Suriname,1987,104.41749,151.80905,449.25458,1760.597,2466.07812,4.23,6.16,18.22,71.39
Suriname,1988,101.507866,139.77364,445.00076,1742.9883,2429.270566,4.18,5.75,18.32,71.75
Suriname,1989,110.91875,141.59673,407.01224,1763.7197,2423.24742,4.58,5.84,16.8,72.78
Suriname,1990,114.11169,141.5048,427.534,1729.5361,2412.6865900000003,4.73,5.87,17.72,71.69
Suriname,1991,117.67697,141.92099,473.56424,1801.7097,2534.8719,4.64,5.6,18.68,71.08
Suriname,1992,106.28604,145.42082,462.57306,1801.384,2515.66392,4.22,5.78,18.39,71.61
Suriname,1993,102.36968,153.89832,460.7546,1853.3019,2570.3244999999997,3.98,5.99,17.93,72.1
Suriname,1994,95.745384,149.62508,441.3919,1871.8099,2558.572264,3.74,5.85,17.25,73.16
Suriname,1995,98.20858,144.12585,493.36716,1850.4441,2586.14569,3.8,5.57,19.08,71.55
Suriname,1996,100.893425,136.2303,524.73444,1842.1107,2603.968865,3.87,5.23,20.15,70.74
Suriname,1997,108.474434,128.55339,581.1002,1725.7413,2543.869324,4.26,5.05,22.84,67.84
Suriname,1998,106.40989,125.031624,606.32794,1705.3478,2543.117254,4.18,4.92,23.84,67.06
Suriname,1999,102.11209,122.8025,586.4844,1642.917,2454.31599,4.16,5.0,23.9,66.94
Suriname,2000,98.06289,125.851295,595.16766,1674.6237,2493.705545,3.93,5.05,23.87,67.15
Suriname,2001,94.73222,124.28742,560.8684,1656.5112,2436.3992399999997,3.89,5.1,23.02,67.99
Suriname,2002,97.75716,120.03094,626.2761,1627.9001,2471.9643,3.95,4.86,25.34,65.85
Suriname,2003,90.8276,121.60358,630.31116,1618.3739,2461.1162400000003,3.69,4.94,25.61,65.76
Suriname,2004,93.825096,121.33945,635.2189,1602.7302,2453.113646,3.82,4.95,25.89,65.33
Suriname,2005,93.90015,127.061775,634.25934,1661.7495,2516.970765,3.73,5.05,25.2,66.02
Suriname,2006,94.159485,132.3697,640.2518,1665.2126,2531.993585,3.72,5.23,25.29,65.77
Suriname,2007,98.58562,131.43468,647.1266,1687.3856,2564.5325000000003,3.84,5.13,25.23,65.8
Suriname,2008,97.05423,129.41843,630.95795,1678.2117,2535.64231,3.83,5.1,24.88,66.18
Suriname,2009,98.04426,135.01175,658.35455,1726.1644,2617.57496,3.75,5.16,25.15,65.95
Suriname,2010,131.84279,150.47319,696.88196,1688.3545,2667.55244,4.94,5.64,26.12,63.29
Suriname,2011,129.44281,146.91362,679.0685,1665.2661,2620.69103,4.94,5.61,25.91,63.54
Suriname,2012,133.64767,149.67905,698.91223,1663.4431,2645.68205,5.05,5.66,26.42,62.87
Suriname,2013,134.68091,151.4516,703.56604,1686.9604,2676.65895,5.03,5.66,26.29,63.02
Suriname,2014,125.8307,154.34758,683.95935,1714.6365,2678.77413,4.7,5.76,25.53,64.01
Suriname,2015,123.44825,149.9269,674.671,1679.2463,2627.29245,4.7,5.71,25.68,63.92
Suriname,2016,123.034546,152.20033,670.92206,1664.6863,2610.843236,4.71,5.83,25.7,63.76
Suriname,2017,122.28895,151.66364,664.6716,1670.7742,2609.3983900000003,4.69,5.81,25.47,64.03
Suriname,2018,140.44246,153.39723,639.9244,1701.4138,2635.17789,5.33,5.82,24.28,64.57
Suriname,2019,157.57544,149.9246,669.2199,1693.4207,2670.14064,5.9,5.61,25.06,63.42
Suriname,2020,154.39824,150.27354,670.7875,1675.8435,2651.30278,5.82,5.67,25.3,63.21
Suriname,2021,152.1108,143.02303,650.3004,1668.5856,2614.01983,5.82,5.47,24.88,63.83
Suriname,2022,143.8557,145.56166,627.80164,1713.2161,2630.4351,5.47,5.53,23.87,65.13
Sweden,1961,229.53528,115.308136,1093.6256,1409.2017,2847.670716,8.06,4.05,38.4,49.49
Sweden,1962,221.10405,117.906136,1071.4349,1410.9259,2821.370986,7.84,4.18,37.98,50.01
Sweden,1963,214.67097,123.66653,1051.1555,1426.308,2815.801,7.62,4.39,37.33,50.65
Sweden,1964,218.5016,126.078674,1088.6771,1468.9991,2902.2564740000003,7.53,4.34,37.51,50.62
Sweden,1965,225.19392,118.362946,1057.7888,1460.6272,2861.972866,7.87,4.14,36.96,51.04
Sweden,1966,224.03603,125.37539,1029.8478,1495.1766,2874.4358199999997,7.79,4.36,35.83,52.02
Sweden,1967,224.05234,122.43231,1031.7394,1482.4257,2860.6497499999996,7.83,4.28,36.07,51.82
Sweden,1968,226.07022,119.21452,1032.0322,1454.5797,2831.89664,7.98,4.21,36.44,51.36
Sweden,1969,224.65575,118.7512,1021.33856,1450.4768,2815.22231,7.98,4.22,36.28,51.52
Sweden,1970,230.53973,119.89347,1051.2095,1474.5997,2876.2424,8.02,4.17,36.55,51.27
Sweden,1971,235.72542,119.161415,1044.9401,1502.2849,2902.111835,8.12,4.11,36.01,51.77
Sweden,1972,226.34955,116.9146,1029.1024,1489.5013,2861.8678499999996,7.91,4.09,35.96,52.05
Sweden,1973,229.53094,118.60968,1024.9606,1491.9911,2865.0923199999997,8.01,4.14,35.77,52.07
Sweden,1974,240.16719,118.40186,1041.562,1488.8423,2888.97335,8.31,4.1,36.05,51.54
Sweden,1975,251.1719,117.68558,1068.5306,1494.7509,2932.13898,8.57,4.01,36.44,50.98
Sweden,1976,259.33484,123.98972,1091.1675,1534.3278,3008.81986,8.62,4.12,36.27,50.99
Sweden,1977,262.22028,118.59871,1097.6976,1488.4497,2966.96629,8.84,4.0,37.0,50.17
Sweden,1978,259.0029,116.98711,1108.1189,1449.5647,2933.67361,8.83,3.99,37.77,49.41
Sweden,1979,264.5614,118.978615,1104.5629,1480.3617,2968.464615,8.91,4.01,37.21,49.87
Sweden,1980,269.01917,121.488655,1113.0193,1487.686,2991.2131249999998,8.99,4.06,37.21,49.74
Sweden,1981,265.74698,117.99422,1122.7849,1458.3284,2964.8545000000004,8.96,3.98,37.87,49.19
Sweden,1982,264.41232,122.088745,1105.8169,1487.9192,2980.2371650000005,8.87,4.1,37.1,49.93
Sweden,1983,261.18976,120.91821,1105.1781,1496.683,2983.96907,8.75,4.05,37.04,50.16
Sweden,1984,263.32288,128.0025,1120.7117,1541.0686,3053.10568,8.62,4.19,36.71,50.48
Sweden,1985,260.30524,123.732,1102.427,1490.8246,2977.2888399999997,8.74,4.16,37.03,50.07
Sweden,1986,262.26193,121.5614,1134.9535,1459.1973,2977.97413,8.81,4.08,38.11,49.0
Sweden,1987,256.62018,120.27443,1104.7433,1422.9836,2904.62151,8.83,4.14,38.03,48.99
Sweden,1988,256.9084,124.86541,1110.2555,1466.2465,2958.27581,8.68,4.22,37.53,49.56
Sweden,1989,264.89175,123.27162,1112.8699,1482.6448,2983.67807,8.88,4.13,37.3,49.69
Sweden,1990,255.37415,127.44706,1101.301,1489.0424,2973.16461,8.59,4.29,37.04,50.08
Sweden,1991,252.60255,123.96125,1101.6111,1463.8549,2942.0298000000003,8.59,4.21,37.44,49.76
Sweden,1992,259.87357,135.32329,1114.4647,1547.0266,3056.6881599999997,8.5,4.43,36.46,50.61
Sweden,1993,265.64838,137.63521,1162.5824,1578.2947,3144.1606899999997,8.45,4.38,36.98,50.2
Sweden,1994,271.07294,129.93083,1131.7196,1557.3882,3090.11157,8.77,4.2,36.62,50.4
Sweden,1995,252.90149,131.57118,1196.2916,1507.4982,3088.26247,8.19,4.26,38.74,48.81
Sweden,1996,256.1724,133.33138,1115.3889,1537.1447,3042.0373799999998,8.42,4.38,36.67,50.53
Sweden,1997,263.6026,135.24655,1162.5054,1530.3674,3091.72195,8.53,4.37,37.6,49.5
Sweden,1998,265.9936,134.39845,1115.425,1550.8384,3066.65545,8.67,4.38,36.37,50.57
Sweden,1999,271.59482,138.05904,1121.9347,1585.6473,3117.2358600000002,8.71,4.43,35.99,50.87
Sweden,2000,270.8381,136.83904,1106.6322,1584.669,3098.97834,8.74,4.42,35.71,51.14
Sweden,2001,276.47177,138.75543,1119.9445,1586.0261,3121.1978,8.86,4.45,35.88,50.81
Sweden,2002,290.46396,139.62077,1123.3263,1574.6377,3128.04873,9.29,4.46,35.91,50.34
Sweden,2003,292.70358,139.22485,1110.455,1575.862,3118.24543,9.39,4.46,35.61,50.54
Sweden,2004,289.5488,143.19664,1125.3818,1584.41,3142.5372400000006,9.21,4.56,35.81,50.42
Sweden,2005,289.76923,142.32452,1118.2855,1571.7198,3122.09905,9.28,4.56,35.82,50.34
Sweden,2006,289.29968,141.86696,1099.4088,1563.5896,3094.16504,9.35,4.58,35.53,50.53
Sweden,2007,285.01547,143.68913,1098.7534,1565.1824,3092.6404,9.22,4.65,35.53,50.61
Sweden,2008,289.75525,146.68059,1132.3473,1564.3558,3133.13894,9.25,4.68,36.14,49.93
Sweden,2009,283.98495,147.21881,1147.3636,1551.2742,3129.84156,9.07,4.7,36.66,49.56
Sweden,2010,305.51538,150.25674,1200.2433,1550.6558,3206.67122,9.53,4.69,37.43,48.36
Sweden,2011,306.6289,146.44125,1222.7484,1548.2334,3224.05195,9.51,4.54,37.93,48.02
Sweden,2012,298.46188,146.23949,1238.0065,1550.211,3232.91887,9.23,4.52,38.29,47.95
Sweden,2013,305.65164,149.3082,1197.7822,1580.2086,3232.95064,9.45,4.62,37.05,48.88
Sweden,2014,303.79324,148.17711,1242.3053,1563.7207,3257.9963500000003,9.32,4.55,38.13,48.0
Sweden,2015,302.4125,146.86424,1251.6729,1529.119,3230.06864,9.36,4.55,38.75,47.34
Sweden,2016,294.65088,147.12482,1259.3075,1523.9174,3225.0006,9.14,4.56,39.05,47.25
Sweden,2017,289.73093,150.00566,1221.7062,1542.1381,3203.58089,9.04,4.68,38.14,48.14
Sweden,2018,279.92038,151.56526,1195.7336,1541.8293,3169.04854,8.83,4.78,37.73,48.65
Sweden,2019,293.801,158.82756,1189.2288,1595.5878,3237.44516,9.08,4.91,36.73,49.29
Sweden,2020,292.99353,156.55165,1228.8783,1591.0543,3269.47778,8.96,4.79,37.59,48.66
Sweden,2021,288.12454,160.38184,1241.8438,1612.782,3303.13218,8.72,4.86,37.6,48.83
Sweden,2022,287.65222,167.66635,1260.8474,1631.2363,3347.40227,8.59,5.01,37.67,48.73
Switzerland,1961,199.9573,177.13113,1195.2778,1976.6477,3549.01393,5.63,4.99,33.68,55.7
Switzerland,1962,201.41429,153.90422,1228.568,1855.0061,3438.89261,5.86,4.48,35.73,53.94
Switzerland,1963,199.73407,160.54498,1213.5,1785.7075,3359.48655,5.95,4.78,36.12,53.15
Switzerland,1964,204.21745,155.33035,1247.1852,1803.4883,3410.2213,5.99,4.55,36.57,52.88
Switzerland,1965,207.62093,158.44336,1230.3153,1833.109,3429.48859,6.05,4.62,35.87,53.45
Switzerland,1966,206.6078,153.05615,1274.8313,1807.9684,3442.4636499999997,6.0,4.45,37.03,52.52
Switzerland,1967,203.81058,145.76756,1209.0327,1744.5605,3303.17134,6.17,4.41,36.6,52.81
Switzerland,1968,207.28244,148.59502,1267.3793,1793.1909,3416.4476600000003,6.07,4.35,37.1,52.49
Switzerland,1969,209.55005,147.52611,1271.2319,1786.7957,3415.10376,6.14,4.32,37.22,52.32
Switzerland,1970,219.05853,147.47626,1343.5452,1781.203,3491.2829899999997,6.27,4.22,38.48,51.02
Switzerland,1971,217.41719,144.03688,1344.2775,1749.9922,3455.7237699999996,6.29,4.17,38.9,50.64
Switzerland,1972,220.15482,149.49377,1350.311,1807.0841,3527.04369,6.24,4.24,38.28,51.24
Switzerland,1973,225.37013,147.32507,1417.2384,1751.111,3541.0446,6.36,4.16,40.02,49.45
Switzerland,1974,223.14839,137.51285,1346.87,1706.2909,3413.8221399999998,6.54,4.03,39.45,49.98
Switzerland,1975,221.96962,132.92506,1354.53,1526.4623,3235.88698,6.86,4.11,41.86,47.17
Switzerland,1976,233.9726,137.21338,1365.146,1606.2778,3342.60978,7.0,4.1,40.84,48.05
Switzerland,1977,244.70343,142.9052,1399.2615,1740.332,3527.20213,6.94,4.05,39.67,49.34
Switzerland,1978,248.97528,147.25168,1391.9269,1684.82,3472.97386,7.17,4.24,40.08,48.51
Switzerland,1979,244.59818,136.58704,1404.4957,1622.021,3407.70192,7.18,4.01,41.22,47.6
Switzerland,1980,251.21065,141.80475,1446.0972,1664.0712,3503.1838,7.17,4.05,41.28,47.5
Switzerland,1981,249.55823,147.50056,1421.8795,1681.7151,3500.65339,7.13,4.21,40.62,48.04
Switzerland,1982,251.90378,140.47565,1425.4408,1635.5791,3453.39933,7.29,4.07,41.28,47.36
Switzerland,1983,251.4141,131.76689,1399.7649,1649.3115,3432.2573899999998,7.33,3.84,40.78,48.05
Switzerland,1984,257.74057,132.61491,1393.2334,1615.44,3399.02888,7.58,3.9,40.99,47.53
Switzerland,1985,257.76453,136.28517,1399.8661,1606.1896,3400.1054,7.58,4.01,41.17,47.24
Switzerland,1986,258.0154,133.95877,1407.4058,1621.4602,3420.84017,7.54,3.92,41.14,47.4
Switzerland,1987,258.73694,139.44574,1411.529,1622.5535,3432.26518,7.54,4.06,41.13,47.27
Switzerland,1988,251.35657,137.75584,1404.7328,1633.0703,3426.91551,7.33,4.02,40.99,47.65
Switzerland,1989,252.34601,138.09941,1393.5078,1622.7377,3406.69092,7.41,4.05,40.91,47.63
Switzerland,1990,253.79227,141.25198,1393.1334,1632.7686,3420.94625,7.42,4.13,40.72,47.73
Switzerland,1991,255.40384,138.39168,1366.9896,1561.1704,3321.95552,7.69,4.17,41.15,47.0
Switzerland,1992,249.36763,144.62529,1358.8058,1636.8566,3389.6553200000003,7.36,4.27,40.09,48.29
Switzerland,1993,244.25632,140.77806,1339.2189,1610.4868,3334.74008,7.32,4.22,40.16,48.29
Switzerland,1994,240.3616,144.1055,1354.9001,1576.6914,3316.0586000000003,7.25,4.35,40.86,47.55
Switzerland,1995,238.84229,137.66023,1332.3203,1591.1956,3300.0184200000003,7.24,4.17,40.37,48.22
Switzerland,1996,237.6017,135.69254,1332.8257,1628.2905,3334.41044,7.13,4.07,39.97,48.83
Switzerland,1997,233.30896,140.13739,1314.0732,1630.8923,3318.41185,7.03,4.22,39.6,49.15
Switzerland,1998,239.0863,141.51476,1344.9506,1603.2069,3328.7585599999998,7.18,4.25,40.4,48.16
Switzerland,1999,228.41382,142.21918,1326.996,1623.043,3320.672,6.88,4.28,39.96,48.88
Switzerland,2000,232.53773,149.90465,1346.0896,1702.876,3431.40798,6.78,4.37,39.23,49.63
Switzerland,2001,238.40079,139.22989,1350.6455,1639.8674,3368.14358,7.08,4.13,40.1,48.69
Switzerland,2002,234.33235,138.85625,1380.5332,1664.9515,3418.6733,6.85,4.06,40.38,48.7
Switzerland,2003,233.97464,138.55592,1377.25,1661.4387,3411.21926,6.86,4.06,40.37,48.71
Switzerland,2004,232.68019,136.35345,1368.8064,1656.0361,3393.8761400000003,6.86,4.02,40.33,48.79
Switzerland,2005,232.60489,133.98807,1379.5089,1629.56,3375.66186,6.89,3.97,40.87,48.27
Switzerland,2006,234.6709,134.42352,1422.7623,1641.766,3433.6227200000003,6.83,3.91,41.44,47.81
Switzerland,2007,239.9838,137.07631,1404.5911,1655.2827,3436.9339099999997,6.98,3.99,40.87,48.16
Switzerland,2008,239.87485,134.3187,1429.9652,1645.905,3450.0637500000003,6.95,3.89,41.45,47.71
Switzerland,2009,239.9275,138.89697,1411.2853,1677.3113,3467.4210700000003,6.92,4.01,40.7,48.37
Switzerland,2010,262.3307,132.2249,1349.6176,1680.0201,3424.1933,7.66,3.86,39.41,49.06
Switzerland,2011,259.64996,137.94153,1366.8806,1701.5388,3466.01089,7.49,3.98,39.44,49.09
Switzerland,2012,253.98053,129.26938,1325.8107,1667.2072,3376.2678100000003,7.52,3.83,39.27,49.38
Switzerland,2013,256.83182,129.67546,1346.5675,1653.992,3387.06678,7.58,3.83,39.76,48.83
Switzerland,2014,266.08237,136.04031,1374.349,1632.4136,3408.8852800000004,7.81,3.99,40.32,47.89
Switzerland,2015,267.77008,134.08498,1397.5151,1585.626,3384.9961599999997,7.91,3.96,41.29,46.84
Switzerland,2016,262.25873,135.32837,1364.6211,1586.909,3349.1172,7.83,4.04,40.75,47.38
Switzerland,2017,260.182,138.36916,1360.3167,1611.2013,3370.06916,7.72,4.11,40.36,47.81
Switzerland,2018,262.98236,138.96954,1407.8315,1578.7139,3388.4973,7.76,4.1,41.55,46.59
Switzerland,2019,256.18347,142.96846,1420.1566,1589.1694,3408.47793,7.52,4.19,41.67,46.62
Switzerland,2020,265.90067,148.12695,1439.2288,1600.323,3453.57942,7.7,4.29,41.67,46.34
Switzerland,2021,267.2814,145.1401,1438.4144,1557.0618,3407.8977,7.84,4.26,42.21,45.69
Switzerland,2022,260.77875,154.28812,1448.7177,1568.5,3432.28457,7.6,4.5,42.21,45.7
Syria,2010,81.94872,235.7516,932.0276,1839.534,3089.26192,2.65,7.63,30.17,59.55
Syria,2011,89.778145,236.1495,950.53955,1780.4507,3056.917895,2.94,7.73,31.09,58.24
Syria,2012,86.01352,231.10422,873.8815,1746.6304,2937.62964,2.93,7.87,29.75,59.46
Syria,2013,86.6703,227.94608,831.37415,1735.8469,2881.83743,3.01,7.91,28.85,60.23
Syria,2014,91.64059,216.58702,847.6655,1688.5096,2844.4027100000003,3.22,7.61,29.8,59.36
Syria,2015,90.090866,214.5096,861.44934,1632.4124,2798.462206,3.22,7.67,30.78,58.33
Syria,2016,89.279366,205.23582,779.59375,1609.7852,2683.894136,3.33,7.65,29.05,59.98
Syria,2017,83.45934,200.57101,804.4564,1535.1108,2623.59755,3.18,7.64,30.66,58.51
Syria,2018,79.71257,209.07762,708.52545,1528.5223,2525.8379400000003,3.16,8.28,28.05,60.52
Syria,2019,78.79933,212.26445,695.7744,1499.804,2486.64218,3.17,8.54,27.98,60.31
Syria,2020,85.73761,221.01515,647.8282,1468.76,2423.34096,3.54,9.12,26.73,60.61
Syria,2021,80.214874,213.03871,612.7032,1486.371,2392.327784,3.35,8.91,25.61,62.13
Syria,2022,74.15102,201.33458,657.1643,1418.6996,2351.3495,3.15,8.56,27.95,60.34
Taiwan,1961,60.467346,173.66342,325.27753,1836.1456,2395.5538960000003,2.52,7.25,13.58,76.65
Taiwan,1962,63.511208,167.7969,301.82983,1803.0588,2336.196738,2.72,7.18,12.92,77.18
Taiwan,1963,66.62783,164.54308,322.83627,1739.5204,2293.52758,2.91,7.17,14.08,75.84
Taiwan,1964,68.77972,166.77661,358.70612,1766.6062,2360.86865,2.91,7.06,15.19,74.83
Taiwan,1965,68.586,168.2957,339.46652,1760.7758,2337.12402,2.93,7.2,14.52,75.34
Taiwan,1966,71.22636,164.3041,346.0436,1768.2104,2349.78446,3.03,6.99,14.73,75.25
Taiwan,1967,76.49107,167.13011,418.0553,1696.2805,2357.95698,3.24,7.09,17.73,71.94
Taiwan,1968,81.475,169.22327,400.3563,1762.4098,2413.4643699999997,3.38,7.01,16.59,73.02
Taiwan,1969,85.32056,180.67653,429.54117,1786.958,2482.49626,3.44,7.28,17.3,71.98
Taiwan,1970,83.29141,189.6953,490.1379,1790.8046,2553.9292100000002,3.26,7.43,19.19,70.12
Taiwan,1971,84.815704,193.20009,466.97903,1840.4653,2585.460124,3.28,7.47,18.06,71.19
Taiwan,1972,86.70801,199.43234,504.6028,1853.2017,2643.94485,3.28,7.54,19.09,70.09
Taiwan,1973,94.68738,192.0846,513.0438,1867.8076,2667.62338,3.55,7.2,19.23,70.02
Taiwan,1974,91.52541,195.21237,532.52844,1899.4272,2718.69342,3.37,7.18,19.59,69.87
Taiwan,1975,95.74177,199.97296,588.4228,1900.5094,2784.64693,3.44,7.18,21.13,68.25
Taiwan,1976,100.49141,196.41502,570.9346,1898.429,2766.27003,3.63,7.1,20.64,68.63
Taiwan,1977,110.53824,187.4738,603.8732,1870.3948,2772.28004,3.99,6.76,21.78,67.47
Taiwan,1978,114.234055,189.64116,663.409,1812.6873,2779.971515,4.11,6.82,23.86,65.21
Taiwan,1979,125.12572,185.06784,693.9453,1791.9775,2796.11636,4.47,6.62,24.82,64.09
Taiwan,1980,116.78707,186.5442,637.9174,1787.3936,2728.6422700000003,4.28,6.84,23.38,65.5
Taiwan,1981,117.38927,180.12027,677.45935,1703.7982,2678.76709,4.38,6.72,25.29,63.6
Taiwan,1982,119.645195,176.65285,711.8476,1657.198,2665.343645,4.49,6.63,26.71,62.18
Taiwan,1983,125.87081,171.98541,745.7816,1575.8837,2619.5215200000002,4.81,6.57,28.47,60.16
Taiwan,1984,133.80241,170.60495,757.01776,1534.609,2596.03412,5.15,6.57,29.16,59.11
Taiwan,1985,138.47055,171.94867,828.14154,1521.614,2660.17476,5.21,6.46,31.13,57.2
Taiwan,1986,136.95522,173.61017,853.4656,1531.0715,2695.10249,5.08,6.44,31.67,56.81
Taiwan,1987,148.64546,175.9148,878.16925,1528.1345,2730.8640100000002,5.44,6.44,32.16,55.96
Taiwan,1988,147.46976,177.78845,894.0674,1556.2872,2775.61281,5.31,6.41,32.21,56.07
Taiwan,1989,152.20126,182.08392,935.2957,1587.1774,2856.75828,5.33,6.37,32.74,55.56
Taiwan,1990,155.53062,179.06847,1011.19464,1549.2842,2895.0779300000004,5.37,6.19,34.93,53.51
Taiwan,1991,161.08275,175.62659,1103.405,1495.1451,2935.25944,5.49,5.98,37.59,50.94
Taiwan,1992,161.97217,177.69,1108.077,1473.8113,2921.55047,5.54,6.08,37.93,50.45
Taiwan,1993,169.31053,182.11981,1156.1957,1496.2705,3003.89654,5.64,6.06,38.49,49.81
Taiwan,1994,168.5076,183.51923,1179.1602,1479.0,3010.18703,5.6,6.1,39.17,49.13
Taiwan,1995,174.40022,183.59573,1207.8827,1457.0454,3022.92405,5.77,6.07,39.96,48.2
Taiwan,1996,173.26854,190.55217,1199.8777,1485.4901,3049.18851,5.68,6.25,39.35,48.72
Taiwan,1997,188.35251,194.08275,1170.9725,1499.1272,3052.53496,6.17,6.36,38.36,49.11
Taiwan,1998,178.57724,185.79565,1144.5793,1497.0848,3006.03699,5.94,6.18,38.08,49.8
Taiwan,1999,179.72661,192.86967,1154.0107,1517.9171,3044.52408,5.9,6.33,37.9,49.86
Taiwan,2000,177.9329,193.21571,1210.3287,1481.9622,3063.43951,5.81,6.31,39.51,48.38
Taiwan,2001,172.34802,184.95117,1154.2217,1453.1725,2964.69339,5.81,6.24,38.93,49.02
Taiwan,2002,174.64009,185.02217,1167.8069,1435.1752,2962.6443600000002,5.89,6.25,39.42,48.44
Taiwan,2003,174.71951,183.74854,1143.092,1459.603,2961.16305,5.9,6.21,38.6,49.29
Taiwan,2004,168.90079,182.13156,1170.9224,1444.0402,2965.99495,5.69,6.14,39.48,48.69
Taiwan,2005,166.13184,183.219,1177.6699,1445.3489,2972.36964,5.59,6.16,39.62,48.63
Taiwan,2006,169.76556,180.25131,1169.5104,1418.8761,2938.40337,5.78,6.13,39.8,48.29
Taiwan,2007,182.09348,178.1462,1154.6709,1439.5332,2954.4437800000005,6.16,6.03,39.08,48.72
Taiwan,2008,185.02733,173.3859,1150.7994,1406.134,2915.34663,6.35,5.95,39.47,48.23
Taiwan,2009,172.1711,179.66373,1151.0355,1424.4767,2927.34703,5.88,6.14,39.32,48.66
Taiwan,2010,195.76494,173.5406,1113.433,1460.4346,2943.17314,6.65,5.9,37.83,49.62
Taiwan,2011,205.68501,172.74995,1099.2076,1440.6003,2918.2428600000003,7.05,5.92,37.67,49.37
Taiwan,2012,202.86337,173.00711,1098.1135,1435.9171,2909.9010799999996,6.97,5.95,37.74,49.35
Taiwan,2013,196.35208,175.50935,1096.6346,1456.6099,2925.10593,6.71,6.0,37.49,49.8
Taiwan,2014,204.12212,170.63396,1104.9896,1453.921,2933.6666800000003,6.96,5.82,37.67,49.56
Taiwan,2015,208.44867,172.7546,1124.9933,1432.1104,2938.30697,7.09,5.88,38.29,48.74
Taiwan,2016,204.79271,172.74132,1115.9462,1438.2104,2931.69063,6.99,5.89,38.06,49.06
Taiwan,2017,203.15569,170.43126,1111.6584,1445.2012,2930.44655,6.93,5.82,37.93,49.32
Taiwan,2018,210.554,178.06233,1139.1035,1431.8693,2959.5891300000003,7.11,6.02,38.49,48.38
Taiwan,2019,217.66887,171.54782,1154.4224,1432.364,2976.00309,7.31,5.76,38.79,48.13
Taiwan,2020,233.87183,165.90082,1189.5027,1382.715,2971.99035,7.87,5.58,40.02,46.52
Taiwan,2021,221.9255,171.2043,1189.1732,1371.1538,2953.4568,7.51,5.8,40.26,46.43
Taiwan,2022,227.34387,181.92409,1219.4484,1387.6506,3016.36696,7.54,6.03,40.43,46.0
Tajikistan,1992,63.54626,155.75677,471.17108,1308.7891,1999.26321,3.18,7.79,23.57,65.46
Tajikistan,1993,50.234467,158.788,512.42096,1306.5769,2028.0203270000002,2.48,7.83,25.27,64.43
Tajikistan,1994,48.401817,156.79683,481.87415,1300.2997,1987.372497,2.44,7.89,24.25,65.43
Tajikistan,1995,44.299854,152.1908,447.61713,1275.2933,1919.401084,2.31,7.93,23.32,66.44
Tajikistan,1996,30.380302,150.70331,423.43994,1264.2515,1868.775052,1.63,8.06,22.66,67.65
Tajikistan,1997,29.666767,152.54984,392.75592,1275.8162,1850.788727,1.6,8.24,21.22,68.93
Tajikistan,1998,30.413774,159.85728,397.8811,1295.6715,1883.8236539999998,1.61,8.49,21.12,68.78
Tajikistan,1999,33.22233,165.05135,363.67844,1339.6923,1901.64442,1.75,8.68,19.12,70.45
Tajikistan,2000,34.253563,161.93669,372.95044,1359.0988,1928.239493,1.78,8.4,19.34,70.48
Tajikistan,2001,35.49221,157.20222,419.8701,1313.202,1925.7665299999999,1.84,8.16,21.8,68.19
Tajikistan,2002,37.61052,156.05032,423.55954,1286.8367,1904.05708,1.98,8.2,22.25,67.58
Tajikistan,2003,38.364914,155.1857,444.1386,1280.5565,1918.245714,2.0,8.09,23.15,66.76
Tajikistan,2004,37.095814,155.48839,459.81146,1289.737,1942.1326640000002,1.91,8.01,23.68,66.41
Tajikistan,2005,39.668312,159.18434,524.2881,1298.6064,2021.747152,1.96,7.87,25.93,64.23
Tajikistan,2006,41.823494,161.57825,479.4723,1350.1578,2033.031844,2.06,7.95,23.58,66.41
Tajikistan,2007,42.65956,159.52856,511.76648,1326.1134,2040.068,2.09,7.82,25.09,65.0
Tajikistan,2008,45.28567,159.57053,517.40466,1341.7662,2064.0270600000003,2.19,7.73,25.07,65.01
Tajikistan,2009,44.93947,162.65703,516.1278,1361.1887,2084.913,2.16,7.8,24.76,65.29
Tajikistan,2010,57.531162,185.30293,541.80493,1471.1683,2255.807322,2.55,8.21,24.02,65.22
Tajikistan,2011,58.221466,189.86644,545.30396,1500.1279,2293.519766,2.54,8.28,23.78,65.41
Tajikistan,2012,65.80315,191.57175,547.9989,1500.7249,2306.0987,2.85,8.31,23.76,65.08
Tajikistan,2013,73.674934,190.3269,560.6721,1484.2233,2308.897234,3.19,8.24,24.28,64.28
Tajikistan,2014,71.82453,194.7603,579.27057,1512.6932,2358.5486,3.05,8.26,24.56,64.14
Tajikistan,2015,83.822556,200.9769,597.39844,1539.2582,2421.456096,3.46,8.3,24.67,63.57
Tajikistan,2016,89.71785,203.6859,627.65094,1561.254,2482.30869,3.61,8.21,25.28,62.9
Tajikistan,2017,104.60058,201.57811,698.0084,1550.2753,2554.46239,4.09,7.89,27.33,60.69
Tajikistan,2018,111.060165,213.05821,689.1929,1615.2466,2628.557875,4.23,8.11,26.22,61.45
Tajikistan,2019,112.71113,216.91797,736.72754,1644.3145,2710.67114,4.16,8.0,27.18,60.66
Tajikistan,2020,111.27736,216.13336,737.90753,1637.68,2702.99825,4.12,8.0,27.3,60.59
Tajikistan,2021,111.794075,215.68391,726.08435,1657.3265,2710.8888349999997,4.12,7.96,26.78,61.14
Tajikistan,2022,111.86178,216.80305,752.7797,1624.5762,2706.02073,4.13,8.01,27.82,60.04
Tanzania,1961,38.568474,132.15913,218.64293,1388.3633,1777.7338340000001,2.17,7.43,12.3,78.1
Tanzania,1962,37.774025,131.57747,218.94263,1402.6101,1790.9042250000002,2.11,7.35,12.23,78.32
Tanzania,1963,38.31555,134.47128,214.05759,1429.0681,1815.9125199999999,2.11,7.41,11.79,78.7
Tanzania,1964,39.984848,124.64185,222.11765,1345.5247,1732.2690479999999,2.31,7.2,12.82,77.67
Tanzania,1965,39.96638,127.395386,237.3233,1369.6023,1774.287366,2.25,7.18,13.38,77.19
Tanzania,1966,40.79364,135.24597,256.94495,1418.4033,1851.3878599999998,2.2,7.31,13.88,76.61
Tanzania,1967,44.65779,125.22891,261.26636,1311.599,1742.7520599999998,2.56,7.19,14.99,75.26
Tanzania,1968,45.416985,126.42887,253.41582,1306.8342,1732.095875,2.62,7.3,14.63,75.45
Tanzania,1969,44.78724,123.76167,238.77425,1320.283,1727.6061599999998,2.59,7.16,13.82,76.42
Tanzania,1970,46.665466,121.644806,250.19666,1308.7606,1727.267532,2.7,7.04,14.49,75.77
Tanzania,1971,46.483578,118.983475,244.18956,1276.1771,1685.833713,2.76,7.06,14.48,75.7
Tanzania,1972,41.9945,122.13668,244.60394,1288.3157,1697.0508200000002,2.47,7.2,14.41,75.91
Tanzania,1973,41.724667,131.36284,249.92877,1388.7128,1811.729077,2.3,7.25,13.8,76.65
Tanzania,1974,41.647003,141.8862,258.38446,1447.5117,1889.429363,2.2,7.51,13.68,76.61
Tanzania,1975,44.632202,162.45012,277.47604,1660.9158,2145.474162,2.08,7.57,12.93,77.41
Tanzania,1976,45.210667,165.66733,288.7649,1686.9452,2186.5880970000003,2.07,7.58,13.21,77.15
Tanzania,1977,48.36535,167.96466,288.78,1669.9578,2175.06781,2.22,7.72,13.28,76.78
Tanzania,1978,44.14264,171.33594,279.15335,1659.7244,2154.35633,2.05,7.95,12.96,77.04
Tanzania,1979,40.526005,176.98953,277.58365,1682.1995,2177.2986849999998,1.86,8.13,12.75,77.26
Tanzania,1980,40.510204,175.44035,272.91803,1676.8695,2165.738084,1.87,8.1,12.6,77.43
Tanzania,1981,41.71259,169.69617,274.19205,1656.516,2142.11681,1.95,7.92,12.8,77.33
Tanzania,1982,41.20355,171.3693,277.4216,1686.2628,2176.25725,1.89,7.87,12.75,77.48
Tanzania,1983,40.403973,167.9278,263.08365,1673.4241,2144.839523,1.88,7.83,12.27,78.02
Tanzania,1984,42.01976,173.40933,277.76813,1684.6327,2177.82992,1.93,7.96,12.75,77.35
Tanzania,1985,43.696796,179.52586,277.29987,1691.1147,2191.637226,1.99,8.19,12.65,77.16
Tanzania,1986,44.05079,175.0021,280.69302,1691.1707,2190.9166099999998,2.01,7.99,12.81,77.19
Tanzania,1987,44.406353,179.20998,283.4818,1687.1323,2194.230433,2.02,8.17,12.92,76.89
Tanzania,1988,47.113026,170.90552,299.05563,1626.9744,2144.048576,2.2,7.97,13.95,75.88
Tanzania,1989,45.725765,182.20438,287.68805,1689.1558,2204.773995,2.07,8.26,13.05,76.61
Tanzania,1990,46.538406,171.51277,289.27408,1627.312,2134.637256,2.18,8.03,13.55,76.23
Tanzania,1991,42.327408,177.6099,295.09204,1679.033,2194.062348,1.93,8.1,13.45,76.53
Tanzania,1992,42.097553,172.39763,301.03125,1612.1658,2127.6922329999998,1.98,8.1,14.15,75.77
Tanzania,1993,42.455177,170.09897,288.4507,1585.977,2086.981847,2.03,8.15,13.82,75.99
Tanzania,1994,40.042965,170.36029,271.26736,1575.7637,2057.434315,1.95,8.28,13.18,76.59
Tanzania,1995,43.20592,169.59113,267.86884,1519.9733,2000.63919,2.16,8.48,13.39,75.97
Tanzania,1996,37.51802,173.78442,265.24203,1552.5317,2029.07617,1.85,8.56,13.07,76.51
Tanzania,1997,39.289898,171.84329,272.49866,1520.8732,2004.505048,1.96,8.57,13.59,75.87
Tanzania,1998,38.110077,178.92563,281.06183,1576.1853,2074.282837,1.84,8.63,13.55,75.99
Tanzania,1999,40.616425,175.45978,288.59985,1548.0679,2052.743955,1.98,8.55,14.06,75.41
Tanzania,2000,37.69508,172.11043,287.24127,1493.9606,1991.00738,1.89,8.64,14.43,75.04
Tanzania,2001,36.839848,175.3561,296.4041,1504.9017,2013.501748,1.83,8.71,14.72,74.74
Tanzania,2002,37.430447,181.6011,315.641,1555.9209,2090.593447,1.79,8.69,15.1,74.42
Tanzania,2003,37.66343,169.00969,342.4498,1416.3135,1965.43642,1.92,8.6,17.42,72.06
Tanzania,2004,37.894207,176.31113,339.0858,1525.6975,2078.988637,1.82,8.48,16.31,73.39
Tanzania,2005,40.744255,174.907,391.668,1507.1411,2114.460355,1.93,8.27,18.52,71.28
Tanzania,2006,39.25324,179.97015,360.9514,1542.0774,2122.25219,1.85,8.48,17.01,72.66
Tanzania,2007,38.98095,186.33054,403.6136,1569.172,2198.09709,1.77,8.48,18.36,71.39
Tanzania,2008,36.891273,175.86032,370.25583,1538.1412,2121.148623,1.74,8.29,17.46,72.51
Tanzania,2009,38.48536,182.02534,370.4916,1542.3348,2133.3371,1.8,8.53,17.37,72.3
Tanzania,2010,40.516235,179.92433,410.81647,1614.8241,2246.081135,1.8,8.01,18.29,71.9
Tanzania,2011,41.46547,184.98119,474.38232,1594.5046,2295.33358,1.81,8.06,20.67,69.47
Tanzania,2012,42.970417,185.88237,493.85724,1603.3416,2326.051627,1.85,7.99,21.23,68.93
Tanzania,2013,44.306404,189.00839,498.62866,1632.1644,2364.107854,1.87,7.99,21.09,69.04
Tanzania,2014,44.727615,192.7163,497.2819,1642.1757,2376.901515,1.88,8.11,20.92,69.09
Tanzania,2015,46.4211,188.3913,503.0569,1640.8889,2378.7581999999998,1.95,7.92,21.15,68.98
Tanzania,2016,45.2001,191.31204,520.1448,1636.1387,2392.7956400000003,1.89,8.0,21.74,68.38
Tanzania,2017,43.87897,191.08583,530.3997,1614.2708,2379.6353,1.84,8.03,22.29,67.84
Tanzania,2018,45.471424,188.7226,477.32855,1651.4642,2362.986774,1.92,7.99,20.2,69.89
Tanzania,2019,47.270878,180.62494,522.60016,1636.6428,2387.138778,1.98,7.57,21.89,68.56
Tanzania,2020,53.150322,175.92635,536.5531,1636.2748,2401.904572,2.21,7.32,22.34,68.12
Tanzania,2021,53.1131,179.66154,533.67126,1651.1212,2417.5671,2.2,7.43,22.07,68.3
Tanzania,2022,54.291496,181.78139,492.99597,1657.2671,2386.335956,2.28,7.62,20.66,69.45
Thailand,1961,46.661488,125.87181,285.873,1521.8517,1980.257998,2.36,6.36,14.44,76.85
Thailand,1962,49.341434,135.8624,290.81448,1631.9097,2107.928014,2.34,6.45,13.8,77.42
Thailand,1963,50.79232,146.78328,289.2896,1731.216,2218.0811999999996,2.29,6.62,13.04,78.05
Thailand,1964,53.0581,143.4897,285.35577,1726.8083,2208.71187,2.4,6.5,12.92,78.18
Thailand,1965,55.155804,132.70078,270.0796,1649.2198,2107.155984,2.62,6.3,12.82,78.27
Thailand,1966,57.831226,149.62553,293.34534,1828.795,2329.597096,2.48,6.42,12.59,78.5
Thailand,1967,61.950497,137.51784,272.52084,1689.0812,2161.070377,2.87,6.36,12.61,78.16
Thailand,1968,67.11156,144.57631,276.86588,1737.5859,2226.13965,3.01,6.49,12.44,78.05
Thailand,1969,67.148224,141.34312,273.86768,1756.598,2238.957024,3.0,6.31,12.23,78.46
Thailand,1970,69.46158,141.54898,268.9123,1766.398,2246.32086,3.09,6.3,11.97,78.64
Thailand,1971,65.56465,142.84462,252.77332,1793.5015,2254.68409,2.91,6.34,11.21,79.55
Thailand,1972,66.72026,145.63138,258.263,1763.6903,2234.30494,2.99,6.52,11.56,78.94
Thailand,1973,66.53152,149.39688,264.58963,1856.1285,2336.64653,2.85,6.39,11.32,79.44
Thailand,1974,62.083958,146.84529,260.0463,1877.2446,2346.220148,2.65,6.26,11.08,80.01
Thailand,1975,63.613327,144.63968,263.83194,1880.3259,2352.410847,2.7,6.15,11.22,79.93
Thailand,1976,63.65992,140.36661,267.64502,1827.0438,2298.71535,2.77,6.11,11.64,79.48
Thailand,1977,66.25349,134.8702,264.18472,1788.0149,2253.3233099999998,2.94,5.99,11.72,79.35
Thailand,1978,71.22568,147.3463,292.70142,1941.387,2452.6603999999998,2.9,6.01,11.93,79.15
Thailand,1979,63.291153,133.84523,271.27002,1798.6205,2267.026903,2.79,5.9,11.97,79.34
Thailand,1980,62.051857,138.75543,294.08224,1756.8251,2251.714627,2.76,6.16,13.06,78.02
Thailand,1981,65.77424,139.0596,314.37805,1761.1001,2280.31199,2.88,6.1,13.79,77.23
Thailand,1982,64.57802,126.21124,319.15726,1598.1089,2108.05542,3.06,5.99,15.14,75.81
Thailand,1983,68.9541,135.75339,320.54956,1704.19,2229.4470499999998,3.09,6.09,14.38,76.44
Thailand,1984,67.99348,132.09451,335.87823,1632.8268,2168.79302,3.14,6.09,15.49,75.29
Thailand,1985,70.54807,130.66298,363.9498,1574.259,2139.41985,3.3,6.11,17.01,73.58
Thailand,1986,68.22956,133.6007,354.75647,1614.2072,2170.79393,3.14,6.15,16.34,74.36
Thailand,1987,68.18328,125.16857,361.50824,1589.3464,2144.20649,3.18,5.84,16.86,74.12
Thailand,1988,68.43487,127.905556,374.34787,1588.3925,2159.080796,3.17,5.92,17.34,73.57
Thailand,1989,70.62991,125.00208,398.73965,1542.5669,2136.93854,3.31,5.85,18.66,72.19
Thailand,1990,78.47855,125.07778,423.76556,1626.1455,2253.46739,3.48,5.55,18.81,72.16
Thailand,1991,88.02062,130.28368,437.9961,1666.5231,2322.8235000000004,3.79,5.61,18.86,71.75
Thailand,1992,96.98437,126.361206,446.98694,1646.1128,2316.4453160000003,4.19,5.45,19.3,71.06
Thailand,1993,96.540306,122.84006,431.97336,1639.7588,2291.112526,4.21,5.36,18.85,71.57
Thailand,1994,99.31084,127.823044,440.93527,1704.2672,2372.336354,4.19,5.39,18.59,71.84
Thailand,1995,101.04437,127.35344,444.63916,1737.2566,2410.29357,4.19,5.28,18.45,72.08
Thailand,1996,101.986984,137.0562,451.15823,1852.5151,2542.716514,4.01,5.39,17.74,72.86
Thailand,1997,99.66329,133.65114,454.73114,1829.3152,2517.3607700000002,3.96,5.31,18.06,72.67
Thailand,1998,95.90435,137.83777,458.29767,1881.7765,2573.8162899999998,3.73,5.36,17.81,73.11
Thailand,1999,93.296555,137.92697,450.72565,1848.2946,2530.243775,3.69,5.45,17.81,73.05
Thailand,2000,93.04783,142.20367,487.90744,1853.3674,2576.5263400000003,3.61,5.52,18.94,71.93
Thailand,2001,87.67085,140.38432,487.53036,1838.8783,2554.46383,3.43,5.5,19.09,71.99
Thailand,2002,89.622025,142.4343,511.76282,1867.0131,2610.8322449999996,3.43,5.46,19.6,71.51
Thailand,2003,91.77903,139.21939,514.3781,1881.1022,2626.47872,3.49,5.3,19.58,71.62
Thailand,2004,92.600716,140.17393,514.61414,1888.8279,2636.2166859999998,3.51,5.32,19.52,71.65
Thailand,2005,95.214294,145.22466,520.52075,1940.155,2701.114704,3.53,5.38,19.27,71.83
Thailand,2006,95.60792,144.57977,519.57855,2007.4792,2767.2454399999997,3.45,5.22,18.78,72.54
Thailand,2007,94.92698,138.92426,553.1072,1936.7762,2723.73464,3.49,5.1,20.31,71.11
Thailand,2008,87.73798,138.12566,521.75916,1950.9172,2698.54,3.25,5.12,19.33,72.3
Thailand,2009,88.731224,137.72798,502.87836,1930.6923,2660.029864,3.34,5.18,18.9,72.58
Thailand,2010,102.416595,154.89914,469.3862,2016.1875,2742.889435,3.73,5.65,17.11,73.51
Thailand,2011,106.66315,148.68318,485.54034,1989.9369,2730.82357,3.91,5.44,17.78,72.87
Thailand,2012,109.59781,155.41295,473.29044,2014.4226,2752.7238,3.98,5.65,17.19,73.18
Thailand,2013,111.53287,151.22089,456.71097,2003.3778,2722.84253,4.1,5.55,16.77,73.58
Thailand,2014,113.465805,152.48338,477.2379,2017.4258,2760.612885,4.11,5.52,17.29,73.08
Thailand,2015,109.77531,159.28181,505.8274,2000.6392,2775.52372,3.96,5.74,18.22,72.08
Thailand,2016,111.799774,155.80226,512.9637,1982.5132,2763.078934,4.05,5.64,18.56,71.75
Thailand,2017,111.22905,154.34973,535.5015,1950.7825,2751.86278,4.04,5.61,19.46,70.89
Thailand,2018,113.603516,155.45744,519.7361,1988.2109,2777.007956,4.09,5.6,18.72,71.6
Thailand,2019,111.10585,156.28995,549.956,1983.1755,2800.5273,3.97,5.58,19.64,70.81
Thailand,2020,110.58351,162.74252,565.7777,2011.275,2850.3787300000004,3.88,5.71,19.85,70.56
Thailand,2021,111.802956,160.63689,571.03357,2014.779,2858.2524160000003,3.91,5.62,19.98,70.49
Thailand,2022,110.74094,160.8742,555.1839,2049.7068,2876.50584,3.85,5.59,19.3,71.26
Togo,1961,18.920717,139.35257,261.3424,1494.9806,1914.596287,0.99,7.28,13.65,78.08
Togo,1962,19.17449,156.48618,332.9939,1535.3833,2044.0378699999999,0.94,7.66,16.29,75.12
Togo,1963,22.450047,150.23407,304.73993,1498.476,1975.900047,1.14,7.6,15.42,75.84
Togo,1964,24.071999,155.67542,310.53983,1551.0403,2041.3275489999999,1.18,7.63,15.21,75.98
Togo,1965,25.113358,162.88649,327.16513,1579.4587,2094.623678,1.2,7.78,15.62,75.41
Togo,1966,26.409336,154.20241,284.28873,1598.0979,2062.998376,1.28,7.47,13.78,77.46
Togo,1967,27.920105,167.18604,302.80856,1648.1412,2146.055905,1.3,7.79,14.11,76.8
Togo,1968,24.39764,154.76785,287.77618,1581.7493,2048.69097,1.19,7.55,14.05,77.21
Togo,1969,27.900614,140.89433,265.23444,1507.169,1941.198384,1.44,7.26,13.66,77.64
Togo,1970,25.036823,149.69307,282.08847,1514.266,1971.084363,1.27,7.59,14.31,76.82
Togo,1971,23.57696,165.45367,299.78577,1579.3168,2068.1332,1.14,8.0,14.5,76.36
Togo,1972,23.941425,163.59346,280.79333,1577.0613,2045.389515,1.17,8.0,13.73,77.1
Togo,1973,25.731876,152.3974,278.73376,1472.99,1929.853036,1.33,7.9,14.44,76.33
Togo,1974,26.01252,145.60255,278.02994,1361.472,1811.11701,1.44,8.04,15.35,75.17
Togo,1975,27.220976,138.9131,262.17508,1335.2507,1763.559856,1.54,7.88,14.87,75.71
Togo,1976,26.193,130.92764,246.7504,1290.6405,1694.51154,1.55,7.73,14.56,76.17
Togo,1977,24.426884,127.5419,235.7847,1280.1738,1667.9272839999999,1.46,7.65,14.14,76.75
Togo,1978,26.801334,133.33664,245.31596,1355.2449,1760.6988339999998,1.52,7.57,13.93,76.97
Togo,1979,21.368795,145.63542,257.8216,1470.0726,1894.898415,1.13,7.69,13.61,77.58
Togo,1980,23.960155,147.78535,259.49072,1477.5648,1908.8010250000002,1.26,7.74,13.59,77.41
Togo,1981,26.654833,152.83597,261.73254,1447.7234,1888.946743,1.41,8.09,13.86,76.64
Togo,1982,28.298544,142.46596,239.94809,1435.6177,1846.3302939999999,1.53,7.72,13.0,77.76
Togo,1983,25.726429,138.73494,254.77615,1327.1552,1746.392719,1.47,7.94,14.59,75.99
Togo,1984,27.360132,144.86548,263.6239,1346.7422,1782.591712,1.53,8.13,14.79,75.55
Togo,1985,29.797394,155.41533,274.7278,1466.6803,1926.620824,1.55,8.07,14.26,76.13
Togo,1986,29.848198,136.49768,247.64143,1342.9982,1756.985508,1.7,7.77,14.09,76.44
Togo,1987,32.70293,140.72516,265.0134,1235.6371,1674.0785899999998,1.95,8.41,15.83,73.81
Togo,1988,35.441868,143.17299,337.86584,1325.8887,1842.3693979999998,1.92,7.77,18.34,71.97
Togo,1989,33.819397,149.35951,331.61798,1351.7224,1866.519287,1.81,8.0,17.77,72.42
Togo,1990,30.920044,154.37288,363.62317,1431.8992,1980.815294,1.56,7.79,18.36,72.29
Togo,1991,28.454872,142.00984,338.05746,1314.7812,1823.3033719999999,1.56,7.79,18.54,72.11
Togo,1992,26.356,144.35558,365.20944,1248.7943,1784.71532,1.48,8.09,20.46,69.97
Togo,1993,25.225014,164.11783,346.9992,1364.2659,1900.607944,1.33,8.64,18.26,71.78
Togo,1994,30.25676,169.93684,380.39755,1441.1465,2021.73765,1.5,8.41,18.82,71.28
Togo,1995,28.08872,159.98528,404.72232,1394.4321,1987.22842,1.41,8.05,20.37,70.17
Togo,1996,34.001484,164.59636,394.08722,1433.5503,2026.2353640000001,1.68,8.12,19.45,70.75
Togo,1997,32.638596,171.08571,360.3209,1489.2122,2053.2574059999997,1.59,8.33,17.55,72.53
Togo,1998,27.150635,161.8771,346.3417,1482.8658,2018.235235,1.35,8.02,17.16,73.47
Togo,1999,27.003498,162.70367,352.51514,1495.3662,2037.5885079999998,1.33,7.99,17.3,73.39
Togo,2000,28.016348,166.2808,362.80225,1497.7483,2054.847698,1.36,8.09,17.66,72.89
Togo,2001,26.334732,163.38129,414.1761,1434.5901,2038.4822219999999,1.29,8.01,20.32,70.38
Togo,2002,24.762253,160.61386,409.08832,1447.3234,2041.7878329999999,1.21,7.87,20.04,70.89
Togo,2003,26.483871,162.65417,422.83264,1470.897,2082.8676809999997,1.27,7.81,20.3,70.62
Togo,2004,24.410303,166.2099,421.47568,1516.2246,2128.320483,1.15,7.81,19.8,71.24
Togo,2005,27.261177,171.83261,410.25418,1512.019,2121.366967,1.29,8.1,19.34,71.28
Togo,2006,25.920176,173.00298,399.8991,1560.877,2159.699256,1.2,8.01,18.52,72.27
Togo,2007,24.855062,174.81519,385.95117,1578.3529,2163.974322,1.15,8.08,17.84,72.94
Togo,2008,24.479057,176.84332,401.5355,1574.3115,2177.169377,1.12,8.12,18.44,72.31
Togo,2009,27.119865,177.98584,405.78522,1583.4551,2194.346025,1.24,8.11,18.49,72.16
Togo,2010,36.97587,169.96404,494.16666,1655.1871,2356.29367,1.57,7.21,20.97,70.25
Togo,2011,38.24921,177.89786,456.1218,1681.2675,2353.53637,1.63,7.56,19.38,71.44
Togo,2012,38.27815,171.99803,462.67392,1657.8417,2330.7918,1.64,7.38,19.85,71.13
Togo,2013,37.26055,178.07031,436.12402,1702.573,2354.02788,1.58,7.56,18.53,72.33
Togo,2014,37.493275,174.27936,437.16144,1718.5558,2367.489875,1.58,7.36,18.47,72.59
Togo,2015,43.923695,166.87881,424.97925,1655.6619,2291.443655,1.92,7.28,18.55,72.25
Togo,2016,42.858532,174.70995,435.91693,1686.4677,2339.953112,1.83,7.47,18.63,72.07
Togo,2017,43.1183,171.6935,439.73065,1662.5593,2317.10175,1.86,7.41,18.98,71.75
Togo,2018,40.843624,171.20805,441.7776,1649.6752,2303.504474,1.77,7.43,19.18,71.62
Togo,2019,38.531944,177.69888,545.4276,1611.1243,2372.7827239999997,1.62,7.49,22.99,67.9
Togo,2020,31.862957,174.50616,539.79083,1685.2505,2431.410447,1.31,7.18,22.2,69.31
Togo,2021,31.31415,183.60063,495.2134,1774.5659,2484.69408,1.26,7.39,19.93,71.42
Togo,2022,33.721596,187.80516,482.83997,1823.0398,2527.4065259999998,1.33,7.43,19.1,72.13
Tonga,2019,340.55127,186.48859,1067.6403,1373.3018,2967.98196,11.47,6.28,35.97,46.27
Tonga,2020,301.74725,192.82504,1040.1794,1420.0728,2954.82449,10.21,6.53,35.2,48.06
Tonga,2021,374.25208,181.57622,1132.0764,1329.6185,3017.5232,12.4,6.02,37.52,44.06
Tonga,2022,322.37503,182.8827,1137.1963,1375.3853,3017.83933,10.68,6.06,37.68,45.58
Trinidad and Tobago,1961,89.23591,140.50847,475.25336,1578.0142,2283.0119400000003,3.91,6.15,20.82,69.12
Trinidad and Tobago,1962,90.90419,146.53452,465.39908,1654.7523,2357.59009,3.86,6.22,19.74,70.19
Trinidad and Tobago,1963,94.0435,143.87341,467.3795,1651.7659,2357.0623100000003,3.99,6.1,19.83,70.08
Trinidad and Tobago,1964,100.37642,144.57053,472.88092,1636.2899,2354.11777,4.26,6.14,20.09,69.51
Trinidad and Tobago,1965,94.65843,139.17815,489.7955,1647.7405,2371.37258,3.99,5.87,20.65,69.48
Trinidad and Tobago,1966,97.454544,140.15189,474.5494,1662.7377,2374.893534,4.1,5.9,19.98,70.01
Trinidad and Tobago,1967,96.82283,138.10808,455.65793,1634.1659,2324.75474,4.16,5.94,19.6,70.29
Trinidad and Tobago,1968,93.507774,128.98155,452.17526,1550.613,2225.277584,4.2,5.8,20.32,69.68
Trinidad and Tobago,1969,101.618416,141.82962,460.89847,1665.8574,2370.203906,4.29,5.98,19.45,70.28
Trinidad and Tobago,1970,104.538506,143.85017,457.11264,1642.7412,2348.242516,4.45,6.13,19.47,69.96
Trinidad and Tobago,1971,104.74005,149.29082,470.2146,1685.4242,2409.66967,4.35,6.2,19.51,69.94
Trinidad and Tobago,1972,105.52504,147.88019,476.06573,1669.9539,2399.42486,4.4,6.16,19.84,69.6
Trinidad and Tobago,1973,99.08397,150.424,464.90082,1736.8673,2451.27609,4.04,6.14,18.97,70.86
Trinidad and Tobago,1974,105.80059,148.9102,536.9734,1751.7833,2543.46749,4.16,5.85,21.11,68.87
Trinidad and Tobago,1975,115.20602,150.90799,484.13593,1734.4917,2484.74164,4.64,6.07,19.48,69.81
Trinidad and Tobago,1976,121.55028,158.07695,521.5154,1796.908,2598.0506299999997,4.68,6.08,20.07,69.16
Trinidad and Tobago,1977,130.1746,154.37523,524.1378,1774.188,2582.87563,5.04,5.98,20.29,68.69
Trinidad and Tobago,1978,143.63863,164.61565,577.13806,1819.6027,2704.99504,5.31,6.09,21.34,67.27
Trinidad and Tobago,1979,121.455,160.44725,556.97125,1864.5236,2703.3971,4.49,5.94,20.6,68.97
Trinidad and Tobago,1980,145.63434,168.07533,597.11426,1977.4873,2888.3112300000003,5.04,5.82,20.67,68.47
Trinidad and Tobago,1981,142.76581,165.93173,643.758,1930.6521,2883.10764,4.95,5.76,22.33,66.96
Trinidad and Tobago,1982,157.38597,163.75328,700.5023,1897.3622,2919.00375,5.39,5.61,24.0,65.0
Trinidad and Tobago,1983,163.47577,156.998,737.9376,1886.037,2944.44837,5.55,5.33,25.06,64.05
Trinidad and Tobago,1984,163.52554,153.2362,772.14374,1875.7242,2964.62968,5.52,5.17,26.05,63.27
Trinidad and Tobago,1985,161.31169,145.17657,773.03564,1768.8168,2848.3406999999997,5.66,5.1,27.14,62.1
Trinidad and Tobago,1986,153.7615,163.7997,753.13025,1908.2899,2978.98135,5.16,5.5,25.28,64.06
Trinidad and Tobago,1987,133.42786,162.36732,685.0645,1900.3655,2881.2251800000004,4.63,5.64,23.78,65.96
Trinidad and Tobago,1988,105.09763,152.31711,631.55566,1833.458,2722.4284,3.86,5.59,23.2,67.35
Trinidad and Tobago,1989,99.26567,148.62473,645.57886,1727.0583,2620.52756,3.79,5.67,24.64,65.9
Trinidad and Tobago,1990,95.09287,150.29045,570.90857,1746.4532,2562.74509,3.71,5.86,22.28,68.15
Trinidad and Tobago,1991,103.18478,143.60889,628.3474,1724.9829,2600.12397,3.97,5.52,24.17,66.34
Trinidad and Tobago,1992,96.96582,137.70547,645.5017,1617.9032,2498.0761899999998,3.88,5.51,25.84,64.77
Trinidad and Tobago,1993,92.608955,132.48172,646.09607,1602.4011,2473.587845,3.74,5.36,26.12,64.78
Trinidad and Tobago,1994,93.49523,128.73544,649.86755,1602.0907,2474.18892,3.78,5.2,26.27,64.75
Trinidad and Tobago,1995,97.48348,138.14359,628.01263,1651.9379,2515.5775999999996,3.88,5.49,24.96,65.67
Trinidad and Tobago,1996,90.90134,140.14278,627.33527,1694.5557,2552.93509,3.56,5.49,24.57,66.38
Trinidad and Tobago,1997,86.29512,136.0867,622.9936,1680.9006,2526.2760200000002,3.42,5.39,24.66,66.54
Trinidad and Tobago,1998,99.5226,139.4319,643.2337,1685.8883,2568.0765,3.88,5.43,25.05,65.65
Trinidad and Tobago,1999,99.91724,138.90652,647.68195,1686.4788,2572.9845100000002,3.88,5.4,25.17,65.55
Trinidad and Tobago,2000,109.18561,142.12192,659.95605,1756.8851,2668.1486800000002,4.09,5.33,24.73,65.85
Trinidad and Tobago,2001,117.95619,143.25171,680.64716,1775.7819,2717.63696,4.34,5.27,25.05,65.34
Trinidad and Tobago,2002,132.83125,140.62228,720.9674,1682.5454,2676.96633,4.96,5.25,26.93,62.85
Trinidad and Tobago,2003,130.13857,137.23634,696.6365,1672.7526,2636.76401,4.94,5.2,26.42,63.44
Trinidad and Tobago,2004,138.38306,135.35304,707.1228,1680.9436,2661.8025,5.2,5.09,26.57,63.15
Trinidad and Tobago,2005,137.64388,137.1834,684.9289,1684.142,2643.89818,5.21,5.19,25.91,63.7
Trinidad and Tobago,2006,139.98048,137.487,697.4952,1711.2893,2686.25198,5.21,5.12,25.97,63.71
Trinidad and Tobago,2007,139.23778,139.58319,725.8748,1724.9866,2729.68237,5.1,5.11,26.59,63.19
Trinidad and Tobago,2008,134.20468,143.7962,689.6405,1744.843,2712.48438,4.95,5.3,25.42,64.33
Trinidad and Tobago,2009,143.7934,141.98975,697.8412,1742.0032,2725.62755,5.28,5.21,25.6,63.91
Trinidad and Tobago,2010,194.83334,171.7658,832.3541,1762.7657,2961.7189399999997,6.58,5.8,28.1,59.52
Trinidad and Tobago,2011,199.60423,174.72496,884.2931,1765.0033,3023.62559,6.6,5.78,29.25,58.37
Trinidad and Tobago,2012,205.05518,174.69022,873.86884,1793.3154,3046.92964,6.73,5.73,28.68,58.86
Trinidad and Tobago,2013,215.89378,177.21893,881.4745,1800.7572,3075.34441,7.02,5.76,28.66,58.55
Trinidad and Tobago,2014,216.94289,180.39783,901.91766,1745.4652,3044.72358,7.13,5.92,29.62,57.33
Trinidad and Tobago,2015,196.61858,187.21883,864.27783,1798.5327,3046.64794,6.45,6.15,28.37,59.03
Trinidad and Tobago,2016,201.5155,175.62564,886.11395,1767.0745,3030.3295900000003,6.65,5.8,29.24,58.31
Trinidad and Tobago,2017,195.98616,181.3762,881.4773,1789.6475,3048.48716,6.43,5.95,28.92,58.71
Trinidad and Tobago,2018,197.86226,179.15663,871.3164,1785.2423,3033.57759,6.52,5.91,28.72,58.85
Trinidad and Tobago,2019,196.5805,182.33139,871.8986,1772.2954,3023.10589,6.5,6.03,28.84,58.62
Trinidad and Tobago,2020,175.53795,181.97557,885.501,1784.195,3027.20952,5.8,6.01,29.25,58.94
Trinidad and Tobago,2021,169.625,179.79842,899.5458,1749.876,2998.84522,5.66,6.0,30.0,58.35
Trinidad and Tobago,2022,178.50179,176.74133,907.44214,1722.3787,2985.06396,5.98,5.92,30.4,57.7
Tunisia,1961,41.355022,180.40756,367.92767,1492.9366,2082.626852,1.99,8.66,17.67,71.69
Tunisia,1962,40.39601,185.43727,421.3884,1512.9473,2160.16898,1.87,8.58,19.51,70.04
Tunisia,1963,39.825474,186.27184,478.16318,1523.5247,2227.785194,1.79,8.36,21.46,68.39
Tunisia,1964,40.774952,185.31966,480.41727,1532.8317,2239.343582,1.82,8.28,21.45,68.45
Tunisia,1965,45.028484,196.30396,551.22925,1535.7653,2328.326994,1.93,8.43,23.67,65.96
Tunisia,1966,47.294693,188.74883,537.8696,1477.4707,2251.383823,2.1,8.38,23.89,65.63
Tunisia,1967,48.41831,195.12032,555.5297,1559.31,2358.37833,2.05,8.27,23.56,66.12
Tunisia,1968,47.211777,194.04079,566.5413,1539.0883,2346.8821669999998,2.01,8.27,24.14,65.58
Tunisia,1969,47.16569,189.48068,546.125,1475.223,2257.99437,2.09,8.39,24.19,65.33
Tunisia,1970,42.06771,189.71255,555.94055,1509.8832,2297.60401,1.83,8.26,24.2,65.72
Tunisia,1971,44.78823,205.9407,549.7688,1586.9434,2387.44113,1.88,8.63,23.03,66.47
Tunisia,1972,46.38549,216.04149,575.3652,1686.8047,2524.59688,1.84,8.56,22.79,66.81
Tunisia,1973,50.38349,215.43552,597.4015,1642.5134,2505.73391,2.01,8.6,23.84,65.55
Tunisia,1974,55.633987,216.4946,611.6871,1689.4952,2573.310887,2.16,8.41,23.77,65.65
Tunisia,1975,58.85556,213.32759,645.754,1628.661,2546.59815,2.31,8.38,25.36,63.95
Tunisia,1976,64.77758,213.59505,563.59344,1651.2678,2493.23387,2.6,8.57,22.6,66.23
Tunisia,1977,68.86286,222.29616,544.0451,1750.435,2585.63912,2.66,8.6,21.04,67.7
Tunisia,1978,62.42124,237.23108,537.4434,1825.489,2662.58472,2.34,8.91,20.19,68.56
Tunisia,1979,61.151905,233.1845,586.2644,1804.7905,2685.391305,2.28,8.68,21.83,67.21
Tunisia,1980,63.746986,247.53996,629.4107,1878.0726,2818.770246,2.26,8.78,22.33,66.63
Tunisia,1981,65.111725,234.31024,622.56616,1821.0206,2743.008725,2.37,8.54,22.7,66.39
Tunisia,1982,67.58033,227.91045,683.1251,1773.0889,2751.70478,2.46,8.28,24.83,64.44
Tunisia,1983,69.722084,239.61646,715.7734,1873.8485,2898.9604440000003,2.41,8.27,24.69,64.64
Tunisia,1984,71.165276,248.14719,722.2946,1916.1753,2957.7823660000004,2.41,8.39,24.42,64.78
Tunisia,1985,75.05426,256.0926,703.2553,1938.2743,2972.67646,2.52,8.61,23.66,65.2
Tunisia,1986,78.81478,252.94499,747.94464,1958.3533,3038.05771,2.59,8.33,24.62,64.46
Tunisia,1987,77.12764,257.10507,714.6934,1973.0784,3022.0045099999998,2.55,8.51,23.65,65.29
Tunisia,1988,80.35857,251.1935,745.5543,1992.2795,3069.38587,2.62,8.18,24.29,64.91
Tunisia,1989,78.079735,252.0236,760.9849,1978.319,3069.407235,2.54,8.21,24.79,64.45
Tunisia,1990,72.354904,254.86436,769.13727,1985.8606,3082.217134,2.35,8.27,24.95,64.43
Tunisia,1991,71.62626,264.66492,691.0467,2016.7784,3044.11628,2.35,8.69,22.7,66.25
Tunisia,1992,78.66205,256.934,740.9072,2001.0663,3077.56955,2.56,8.35,24.07,65.02
Tunisia,1993,76.12838,259.9878,735.0265,2027.4468,3098.5894799999996,2.46,8.39,23.72,65.43
Tunisia,1994,76.953766,250.41321,750.7695,1971.2546,3049.391076,2.52,8.21,24.62,64.64
Tunisia,1995,78.83602,257.3349,724.4383,2003.602,3064.21122,2.57,8.4,23.64,65.39
Tunisia,1996,77.13914,264.76855,741.21844,2054.8203,3137.94643,2.46,8.44,23.62,65.48
Tunisia,1997,83.4556,260.21045,792.2203,2046.6426,3182.52895,2.62,8.18,24.89,64.31
Tunisia,1998,85.26457,265.55054,827.3327,2057.4778,3235.62561,2.64,8.21,25.57,63.59
Tunisia,1999,91.53534,263.4088,908.73694,2038.7169,3302.3979799999997,2.77,7.98,27.52,61.73
Tunisia,2000,95.75611,256.7062,847.45337,1980.5413,3180.45698,3.01,8.07,26.65,62.27
Tunisia,2001,96.69957,257.63083,839.8428,1990.9667,3185.1399,3.04,8.09,26.37,62.51
Tunisia,2002,96.84016,248.5538,781.71246,1993.0162,3120.12262,3.1,7.97,25.05,63.88
Tunisia,2003,94.28941,257.52625,763.60345,2052.2905,3167.70961,2.98,8.13,24.11,64.79
Tunisia,2004,95.92691,255.64853,789.89996,2036.5583,3178.0337,3.02,8.04,24.85,64.08
Tunisia,2005,95.06641,262.3441,731.8448,2066.5576,3155.81291,3.01,8.31,23.19,65.48
Tunisia,2006,96.11695,255.98454,807.518,2054.426,3214.04549,2.99,7.96,25.12,63.92
Tunisia,2007,99.81126,264.60217,754.48804,2080.8835,3199.7849699999997,3.12,8.27,23.58,65.03
Tunisia,2008,101.91325,260.04633,839.779,2052.7832,3254.52178,3.13,7.99,25.8,63.07
Tunisia,2009,101.45227,276.56598,770.51416,2142.7056,3291.23801,3.08,8.4,23.41,65.1
Tunisia,2010,113.991035,276.71973,853.8702,2055.239,3299.819965,3.45,8.39,25.88,62.28
Tunisia,2011,110.3456,287.0526,804.6676,2112.802,3314.8678,3.33,8.66,24.27,63.74
Tunisia,2012,120.8622,278.70978,882.8685,2059.296,3341.73648,3.62,8.34,26.42,61.62
Tunisia,2013,122.523575,277.86887,863.1826,2071.8147,3335.389745,3.67,8.33,25.88,62.12
Tunisia,2014,125.01224,282.8691,859.7076,2102.5818,3370.17074,3.71,8.39,25.51,62.39
Tunisia,2015,127.678505,279.36008,885.3667,2096.6804,3389.085685,3.77,8.24,26.12,61.87
Tunisia,2016,126.37838,281.86798,863.45386,2108.9822,3380.68242,3.74,8.34,25.54,62.38
Tunisia,2017,125.7946,279.24615,887.34467,2102.497,3394.88242,3.71,8.23,26.14,61.93
Tunisia,2018,128.48434,279.80945,930.7102,2106.3909,3445.39489,3.73,8.12,27.01,61.14
Tunisia,2019,130.28438,283.21634,951.1978,2133.975,3498.67352,3.72,8.09,27.19,60.99
Tunisia,2020,128.62521,285.85187,918.3133,2194.5305,3527.3208799999998,3.65,8.1,26.03,62.22
Tunisia,2021,132.96445,293.36856,876.44165,2228.5083,3531.28296,3.77,8.31,24.82,63.11
Tunisia,2022,132.7036,284.94162,935.29736,2186.724,3539.66658,3.75,8.05,26.42,61.78
Turkey,1961,100.31656,261.0092,606.1164,1899.1606,2866.6027599999998,3.5,9.11,21.14,66.25
Turkey,1962,98.91758,257.09293,572.63184,1888.3247,2816.96705,3.51,9.13,20.33,67.03
Turkey,1963,99.17425,258.64673,628.4214,1913.0825,2899.32488,3.42,8.92,21.67,65.98
Turkey,1964,96.84379,254.15253,641.1627,1892.7947,2884.95372,3.36,8.81,22.22,65.61
Turkey,1965,95.57287,257.42953,575.7662,1938.8008,2867.5694,3.33,8.98,20.08,67.61
Turkey,1966,97.09195,257.85388,652.2732,1951.6189,2958.8379299999997,3.28,8.71,22.04,65.96
Turkey,1967,98.3435,256.1505,617.07684,1951.0608,2922.63164,3.36,8.76,21.11,66.76
Turkey,1968,95.362755,253.99649,653.45154,1929.7457,2932.556485,3.25,8.66,22.28,65.8
Turkey,1969,97.15805,260.49292,569.9635,1976.8759,2904.49037,3.35,8.97,19.62,68.06
Turkey,1970,95.01977,262.66153,623.78784,1999.5625,2981.03164,3.19,8.81,20.93,67.08
Turkey,1971,94.79379,267.7915,645.2393,2040.6482,3048.47279,3.11,8.78,21.17,66.94
Turkey,1972,94.4948,269.13364,716.25653,2020.9036,3100.78857,3.05,8.68,23.1,65.17
Turkey,1973,94.44007,262.76,615.4947,2046.7272,3019.42197,3.13,8.7,20.38,67.79
Turkey,1974,95.258514,265.78723,646.42145,2025.9948,3033.4619940000002,3.14,8.76,21.31,66.79
Turkey,1975,97.819244,272.42007,699.1097,2080.568,3149.917014,3.11,8.65,22.19,66.05
Turkey,1976,98.271515,276.74515,749.4686,2103.6978,3228.183065,3.04,8.57,23.22,65.17
Turkey,1977,100.8112,279.9544,658.1211,2133.5205,3172.4072,3.18,8.82,20.75,67.25
Turkey,1978,102.428345,271.25827,691.2184,2110.9893,3175.894315,3.23,8.54,21.76,66.47
Turkey,1979,102.540596,283.4424,666.5525,2203.196,3255.731496,3.15,8.71,20.47,67.67
Turkey,1980,104.1551,283.69016,766.7467,2177.3657,3331.95766,3.13,8.51,23.01,65.35
Turkey,1981,107.68315,281.25677,680.412,2172.7842,3242.13612,3.32,8.68,20.99,67.02
Turkey,1982,102.64536,283.05237,722.6875,2210.0925,3318.47773,3.09,8.53,21.78,66.6
Turkey,1983,96.42474,299.6124,653.31555,2280.4297,3329.7823900000003,2.9,9.0,19.62,68.49
Turkey,1984,106.34752,284.5903,723.7011,2204.3125,3318.95142,3.2,8.57,21.81,66.42
Turkey,1985,110.217865,311.17142,747.46344,2349.1929,3518.0456249999997,3.13,8.85,21.25,66.78
Turkey,1986,113.832,305.71027,756.6765,2329.6594,3505.87817,3.25,8.72,21.58,66.45
Turkey,1987,106.93806,311.47983,769.5009,2380.2332,3568.1519900000003,3.0,8.73,21.57,66.71
Turkey,1988,107.25026,311.11472,837.8515,2341.7144,3597.93088,2.98,8.65,23.29,65.09
Turkey,1989,102.74076,306.02155,849.52246,2335.364,3593.64877,2.86,8.52,23.64,64.99
Turkey,1990,102.79333,318.4434,814.7894,2402.8037,3638.8298299999997,2.82,8.75,22.39,66.03
Turkey,1991,102.559875,318.5829,808.61255,2357.1433,3586.8986250000003,2.86,8.88,22.54,65.72
Turkey,1992,103.60269,314.27304,793.13226,2359.839,3570.84699,2.9,8.8,22.21,66.09
Turkey,1993,104.699524,307.8312,835.88525,2336.13,3584.545974,2.92,8.59,23.32,65.17
Turkey,1994,104.91183,311.7797,841.59784,2319.3843,3577.67367,2.93,8.71,23.52,64.83
Turkey,1995,107.829124,311.3657,830.2957,2313.1667,3562.6572240000005,3.03,8.74,23.31,64.93
Turkey,1996,104.2801,302.01697,856.4823,2273.993,3536.7723699999997,2.95,8.54,24.22,64.3
Turkey,1997,104.04442,288.58112,850.0387,2219.0796,3461.74384,3.01,8.34,24.56,64.1
Turkey,1998,104.5426,302.73877,824.4418,2287.0186,3518.7417699999996,2.97,8.6,23.43,65.0
Turkey,1999,104.4983,302.8562,814.38135,2264.753,3486.48885,3.0,8.69,23.36,64.96
Turkey,2000,103.23989,303.50134,869.631,2259.546,3535.9182299999998,2.92,8.58,24.59,63.9
Turkey,2001,95.32983,304.18073,829.4043,2274.834,3503.7488599999997,2.72,8.68,23.67,64.93
Turkey,2002,90.925835,310.28827,849.404,2247.3499,3497.968005,2.6,8.87,24.28,64.25
Turkey,2003,102.457504,296.9129,865.7756,2222.6863,3487.832304,2.94,8.51,24.82,63.73
Turkey,2004,103.807686,297.77954,919.5342,2195.983,3517.1044260000003,2.95,8.47,26.14,62.44
Turkey,2005,104.19969,299.5057,923.72675,2200.935,3528.36714,2.95,8.49,26.18,62.38
Turkey,2006,108.163,295.56717,953.6274,2215.7444,3573.1019699999997,3.03,8.27,26.69,62.01
Turkey,2007,113.78756,289.61606,1003.4896,2158.7908,3565.68402,3.19,8.12,28.14,60.54
Turkey,2008,108.78735,286.59924,976.3429,2163.073,3534.80249,3.08,8.11,27.62,61.19
Turkey,2009,110.58043,285.49567,995.40076,2168.371,3559.84786,3.11,8.02,27.96,60.91
Turkey,2010,128.29468,280.57974,1029.2714,2204.9102,3643.05602,3.52,7.7,28.25,60.52
Turkey,2011,134.88489,279.12457,1057.9009,2179.0664,3650.9767600000005,3.69,7.65,28.98,59.68
Turkey,2012,146.71649,276.89536,1116.9214,2153.7573,3694.29055,3.97,7.5,30.23,58.3
Turkey,2013,148.93675,273.69882,1123.4902,2162.4092,3708.53497,4.02,7.38,30.29,58.31
Turkey,2014,150.26613,272.18472,1099.6094,2144.3855,3666.44575,4.1,7.42,29.99,58.49
Turkey,2015,151.42038,278.75208,1120.6323,2147.9956,3698.80036,4.09,7.54,30.3,58.07
Turkey,2016,149.39346,272.8296,1100.5662,2129.3528,3652.14206,4.09,7.47,30.13,58.3
Turkey,2017,158.04668,271.19687,1133.8634,2136.0503,3699.1572499999997,4.27,7.33,30.65,57.74
Turkey,2018,161.31033,269.37375,1164.5951,2120.9404,3716.21958,4.34,7.25,31.34,57.07
Turkey,2019,156.36626,269.9734,1172.2775,2119.864,3718.4811600000003,4.21,7.26,31.53,57.01
Turkey,2020,182.86816,268.8686,1219.4078,2071.8872,3743.03176,4.89,7.18,32.58,55.35
Turkey,2021,183.81683,270.38562,1220.3439,2071.157,3745.7033500000002,4.91,7.22,32.58,55.29
Turkey,2022,185.27208,269.06604,1262.2323,2068.3616,3784.93202,4.89,7.11,33.35,54.65
Turkmenistan,1992,112.34691,183.28214,601.57166,1623.1255,2520.32621,4.46,7.27,23.87,64.4
Turkmenistan,1993,109.80963,182.91046,657.37286,1602.1395,2552.23245,4.3,7.17,25.76,62.77
Turkmenistan,1994,106.22535,184.78992,638.30725,1603.9272,2533.24972,4.19,7.29,25.2,63.32
Turkmenistan,1995,109.397484,191.53552,631.5936,1604.5596,2537.086204,4.31,7.55,24.89,63.24
Turkmenistan,1996,99.979065,191.22948,602.6071,1617.6729,2511.488545,3.98,7.61,23.99,64.41
Turkmenistan,1997,97.98454,196.20906,586.7974,1658.6084,2539.5994,3.86,7.73,23.11,65.31
Turkmenistan,1998,99.41029,196.74786,610.3927,1644.475,2551.02585,3.9,7.71,23.93,64.46
Turkmenistan,1999,102.288704,201.96274,621.4574,1652.3073,2578.016144,3.97,7.83,24.11,64.09
Turkmenistan,2000,108.98353,203.19496,597.121,1657.1566,2566.45609,4.25,7.92,23.27,64.57
Turkmenistan,2001,113.60107,204.14699,565.00665,1671.03,2553.78471,4.45,7.99,22.12,65.43
Turkmenistan,2002,123.491974,201.22903,589.3067,1672.707,2586.734704,4.77,7.78,22.78,64.66
Turkmenistan,2003,128.5892,203.2428,585.704,1702.7941,2620.3301,4.91,7.76,22.35,64.98
Turkmenistan,2004,130.01427,204.89276,611.8363,1719.0984,2665.84173,4.88,7.69,22.95,64.49
Turkmenistan,2005,130.2168,206.00117,605.7675,1718.5496,2660.53507,4.89,7.74,22.77,64.59
Turkmenistan,2006,125.65099,206.22139,577.7725,1735.2955,2644.94038,4.75,7.8,21.84,65.61
Turkmenistan,2007,146.40706,201.583,659.1653,1680.3091,2687.46446,5.45,7.5,24.53,62.52
Turkmenistan,2008,143.8693,197.38322,672.8346,1628.4484,2642.53552,5.44,7.47,25.46,61.62
Turkmenistan,2009,143.35457,195.34068,685.1263,1601.0574,2624.87895,5.46,7.44,26.1,61.0
Turkmenistan,2010,153.52394,204.42088,672.1122,1652.8817,2682.93872,5.72,7.62,25.05,61.61
Turkmenistan,2011,153.52267,204.60887,659.95135,1631.4377,2649.52059,5.79,7.72,24.91,61.57
Turkmenistan,2012,158.29553,200.51018,677.3139,1621.7681,2657.88771,5.96,7.54,25.48,61.02
Turkmenistan,2013,154.31558,202.88326,665.35254,1635.517,2658.06838,5.81,7.63,25.03,61.53
Turkmenistan,2014,174.01732,206.08394,723.5123,1620.1938,2723.80736,6.39,7.57,26.56,59.48
Turkmenistan,2015,167.4342,204.20886,731.5784,1606.6653,2709.88676,6.18,7.54,27.0,59.29
Turkmenistan,2016,168.49059,203.92343,683.7986,1616.4946,2672.7072200000002,6.3,7.63,25.58,60.48
Turkmenistan,2017,167.88817,205.60432,646.53094,1642.413,2662.4364299999997,6.31,7.72,24.28,61.69
Turkmenistan,2018,168.9897,201.6139,654.7348,1603.5157,2628.8541,6.43,7.67,24.91,61.0
Turkmenistan,2019,161.65648,198.11516,631.655,1590.5782,2582.0048399999996,6.26,7.67,24.46,61.6
Turkmenistan,2020,164.04341,192.60712,673.84607,1548.6724,2579.169,6.36,7.47,26.13,60.05
Turkmenistan,2021,163.92987,192.61668,663.24,1554.2754,2574.0619500000003,6.37,7.48,25.77,60.38
Turkmenistan,2022,163.83455,192.47446,615.5803,1549.3036,2521.1929099999998,6.5,7.63,24.42,61.45
Tuvalu,2019,221.42169,158.21767,1015.6453,1618.2949,3013.57956,7.35,5.25,33.7,53.7
Tuvalu,2020,240.44173,169.05125,1058.5747,1690.0115,3158.0791799999997,7.61,5.35,33.52,53.51
Tuvalu,2021,227.89967,181.63234,1012.4615,1864.4636,3286.4571100000003,6.93,5.53,30.81,56.73
Tuvalu,2022,223.61305,188.66641,1014.53015,1944.905,3371.71461,6.63,5.6,30.09,57.68
USSR,1961,146.03563,238.60641,628.9138,2089.8516,3103.40744,4.71,7.69,20.27,67.34
USSR,1962,153.13553,240.31487,663.2028,2109.7659,3166.4191,4.84,7.59,20.94,66.63
USSR,1963,161.18639,239.15001,696.4336,2118.8884,3215.6584,5.01,7.44,21.66,65.89
USSR,1964,150.16815,240.71896,677.0221,2152.0286,3219.9378100000004,4.66,7.48,21.03,66.83
USSR,1965,153.64963,236.30363,692.96106,2147.2654,3230.17972,4.76,7.32,21.45,66.48
USSR,1966,159.77237,231.25581,707.75854,2126.6128,3225.39952,4.95,7.17,21.94,65.93
USSR,1967,170.96773,227.7025,730.5706,2125.3743,3254.61513,5.25,7.0,22.45,65.3
USSR,1968,176.60286,225.30011,772.5823,2137.5308,3312.01607,5.33,6.8,23.33,64.54
USSR,1969,180.8194,224.8708,765.4835,2138.7,3309.8737,5.46,6.79,23.13,64.62
USSR,1970,185.88142,225.45798,779.29913,2175.9385,3366.5770300000004,5.52,6.7,23.15,64.63
USSR,1971,187.54018,222.88722,775.33545,2159.112,3344.87485,5.61,6.66,23.18,64.55
USSR,1972,192.02689,218.70175,779.5167,2107.957,3298.20234,5.82,6.63,23.63,63.91
USSR,1973,191.6515,219.82256,806.0093,2123.096,3340.57936,5.74,6.58,24.13,63.55
USSR,1974,204.78763,217.9712,828.3951,2122.1143,3373.26823,6.07,6.46,24.56,62.91
USSR,1975,211.56302,214.93774,809.6625,2119.4768,3355.6400599999997,6.3,6.41,24.13,63.16
USSR,1976,204.31844,215.91469,852.35345,2142.0835,3414.67008,5.98,6.32,24.96,62.73
USSR,1977,201.11728,212.3728,840.4087,2116.7886,3370.68738,5.97,6.3,24.93,62.8
USSR,1978,205.5622,212.72086,848.00397,2120.09,3386.37703,6.07,6.28,25.04,62.61
USSR,1979,207.14351,211.5406,863.431,2099.6567,3381.77181,6.13,6.26,25.53,62.09
USSR,1980,204.10468,209.14331,857.73755,2106.0989,3377.08444,6.04,6.19,25.4,62.36
USSR,1981,204.48607,207.24617,842.9651,2100.4023,3355.0996400000004,6.09,6.18,25.12,62.6
USSR,1982,202.94455,209.70404,843.77576,2120.3188,3376.7431500000002,6.01,6.21,24.99,62.79
USSR,1983,205.25151,206.45041,876.605,2094.5864,3382.89332,6.07,6.1,25.91,61.92
USSR,1984,211.75296,205.68349,891.34503,2073.3562,3382.1376800000003,6.26,6.08,26.35,61.3
USSR,1985,216.32689,206.30696,920.56696,2030.0458,3373.24661,6.41,6.12,27.29,60.18
USSR,1986,219.92404,205.28107,909.6704,2020.6421,3355.51761,6.55,6.12,27.11,60.22
USSR,1987,220.87453,206.20273,925.22107,2040.5575,3392.85583,6.51,6.08,27.27,60.14
USSR,1988,222.74905,202.54985,945.0002,2011.1758,3381.4749,6.59,5.99,27.95,59.48
USSR,1989,225.46263,199.13675,961.80066,1947.1492,3333.5492400000003,6.76,5.97,28.85,58.41
USSR,1990,224.4499,201.47534,944.26636,1986.4036,3356.5952,6.69,6.0,28.13,59.18
USSR,1991,200.35342,198.96126,794.9998,1820.7322,3015.04668,6.65,6.6,26.37,60.39
Uganda,1961,40.06973,154.1829,277.12817,1589.1445,2060.5253000000002,1.94,7.48,13.45,77.12
Uganda,1962,38.757996,154.06572,274.98315,1566.7195,2034.526366,1.91,7.57,13.52,77.01
Uganda,1963,39.170692,153.70006,278.55215,1593.1243,2064.5472019999997,1.9,7.44,13.49,77.17
Uganda,1964,38.32257,157.33183,264.60437,1580.3639,2040.6226700000002,1.88,7.71,12.97,77.45
Uganda,1965,38.579544,156.9626,274.02344,1626.0463,2095.611884,1.84,7.49,13.08,77.59
Uganda,1966,38.761436,146.42805,278.2478,1515.5413,1978.9785860000002,1.96,7.4,14.06,76.58
Uganda,1967,40.639236,165.87666,265.61426,1689.3372,2161.467356,1.88,7.67,12.29,78.16
Uganda,1968,40.395863,171.49048,276.0445,1690.9232,2178.854043,1.85,7.87,12.67,77.61
Uganda,1969,43.075554,166.55637,300.8884,1644.1722,2154.692524,2.0,7.73,13.96,76.31
Uganda,1970,43.964874,173.55325,312.90652,1679.7163,2210.1409439999998,1.99,7.85,14.16,76.0
Uganda,1971,44.745384,183.59521,335.7277,1612.8204,2176.888694,2.06,8.43,15.42,74.09
Uganda,1972,46.757343,190.44258,323.6221,1666.0239,2226.845923,2.1,8.55,14.53,74.82
Uganda,1973,47.71304,166.11206,306.07584,1612.6805,2132.58144,2.24,7.79,14.35,75.62
Uganda,1974,47.171066,175.73897,284.8797,1669.1605,2176.950236,2.17,8.07,13.09,76.67
Uganda,1975,48.49676,170.20038,280.31534,1682.9355,2181.94798,2.22,7.8,12.85,77.13
Uganda,1976,43.940853,183.42622,272.946,1725.4188,2225.7318729999997,1.97,8.24,12.26,77.52
Uganda,1977,51.04565,176.37663,276.89948,1698.066,2202.38776,2.32,8.01,12.57,77.1
Uganda,1978,53.111805,177.13867,283.33435,1613.122,2126.706825,2.5,8.33,13.32,75.85
Uganda,1979,47.996193,152.45628,195.49736,1612.3218,2008.2716329999998,2.39,7.59,9.73,80.28
Uganda,1980,44.241737,139.64508,180.45523,1569.816,1934.158047,2.29,7.22,9.33,81.16
Uganda,1981,44.06863,140.21837,193.9306,1628.7174,2006.935,2.2,6.99,9.66,81.15
Uganda,1982,43.63996,147.05438,207.09775,1741.9491,2139.74119,2.04,6.87,9.68,81.41
Uganda,1983,43.391777,164.56418,212.99838,1828.8108,2249.765137,1.93,7.31,9.47,81.29
Uganda,1984,46.174213,157.55153,211.80331,1707.7468,2123.275853,2.17,7.42,9.98,80.43
Uganda,1985,41.37657,144.50572,193.48425,1651.4033,2030.76984,2.04,7.12,9.53,81.32
Uganda,1986,40.004948,146.3184,203.16547,1664.7399,2054.2287180000003,1.95,7.12,9.89,81.04
Uganda,1987,38.66408,148.34381,221.39131,1702.3439,2110.7431,1.83,7.03,10.49,80.65
Uganda,1988,39.872463,160.63924,225.8878,1757.4302,2183.829703,1.83,7.36,10.34,80.47
Uganda,1989,41.26624,173.8992,244.43384,1853.4591,2313.05838,1.78,7.52,10.57,80.13
Uganda,1990,45.34987,170.50113,307.81824,1801.7092,2325.37844,1.95,7.33,13.24,77.48
Uganda,1991,42.40035,162.20132,300.60245,1766.8145,2272.01862,1.87,7.14,13.23,77.76
Uganda,1992,44.807167,156.9051,325.94214,1692.6608,2220.315207,2.02,7.07,14.68,76.24
Uganda,1993,41.24791,156.47827,330.85263,1712.6777,2241.25651,1.84,6.98,14.76,76.42
Uganda,1994,38.786396,156.7434,346.20154,1684.2324,2225.963736,1.74,7.04,15.55,75.66
Uganda,1995,37.255386,154.60182,325.1817,1727.1165,2244.155406,1.66,6.89,14.49,76.96
Uganda,1996,35.41195,141.20413,318.2538,1652.8367,2147.70658,1.65,6.57,14.82,76.96
Uganda,1997,36.78141,141.3457,323.84818,1675.565,2177.54029,1.69,6.49,14.87,76.95
Uganda,1998,36.38202,160.66367,319.24316,1776.3047,2292.5935499999996,1.59,7.01,13.92,77.48
Uganda,1999,36.83293,161.48268,314.48492,1760.41,2273.2105300000003,1.62,7.1,13.83,77.44
Uganda,2000,35.48327,161.75838,301.59766,1794.2212,2293.06051,1.55,7.05,13.15,78.25
Uganda,2001,35.484238,169.75659,297.73303,1808.5708,2311.544658,1.54,7.34,12.88,78.24
Uganda,2002,37.51311,172.48717,327.10175,1830.2885,2367.39053,1.58,7.29,13.82,77.31
Uganda,2003,41.79677,178.51212,369.47977,1836.135,2425.92366,1.72,7.36,15.23,75.69
Uganda,2004,47.201252,167.86304,396.92612,1792.0011,2403.991512,1.96,6.98,16.51,74.54
Uganda,2005,49.92395,171.0974,405.12363,1764.2466,2390.39158,2.09,7.16,16.95,73.81
Uganda,2006,49.487457,160.06035,415.0198,1723.9197,2348.487307,2.11,6.82,17.67,73.41
Uganda,2007,53.720383,155.39948,402.5298,1680.5857,2292.2353630000002,2.34,6.78,17.56,73.32
Uganda,2008,51.98771,172.52927,428.7425,1612.0978,2265.35728,2.29,7.62,18.93,71.16
Uganda,2009,53.70909,174.92026,438.71133,1625.2225,2292.56318,2.34,7.63,19.14,70.89
Uganda,2010,56.59421,181.2852,489.2184,1616.8192,2343.91701,2.41,7.73,20.87,68.98
Uganda,2011,56.26072,177.28716,491.2531,1573.7727,2298.57368,2.45,7.71,21.37,68.47
Uganda,2012,53.979053,176.43005,483.38602,1594.8175,2308.612623,2.34,7.64,20.94,69.08
Uganda,2013,54.302364,175.44453,472.01132,1588.9829,2290.741114,2.37,7.66,20.61,69.37
Uganda,2014,57.466766,169.48502,469.57812,1538.3341,2234.864006,2.57,7.58,21.01,68.83
Uganda,2015,54.681156,160.24895,462.83264,1477.1503,2154.913046,2.54,7.44,21.48,68.55
Uganda,2016,50.69355,142.93265,490.7567,1341.931,2026.3139,2.5,7.05,24.22,66.23
Uganda,2017,48.738953,143.58015,492.40326,1366.928,2051.650363,2.38,7.0,24.0,66.63
Uganda,2018,51.497482,144.66437,489.27603,1451.8275,2137.265382,2.41,6.77,22.89,67.93
Uganda,2019,51.539387,140.4748,474.64178,1458.8142,2125.470167,2.42,6.61,22.33,68.63
Uganda,2020,49.741196,148.34464,476.97614,1484.0557,2159.117676,2.3,6.87,22.09,68.73
Uganda,2021,49.97776,160.40025,451.59763,1510.2589,2172.23454,2.3,7.38,20.79,69.53
Uganda,2022,48.455303,161.86388,441.85004,1511.3021,2163.471323,2.24,7.48,20.42,69.86
Ukraine,1992,163.34323,207.40681,814.1102,2138.6636,3323.52384,4.91,6.24,24.5,64.35
Ukraine,1993,139.37064,212.01039,742.5681,2098.8123,3192.76143,4.37,6.64,23.26,65.74
Ukraine,1994,142.77426,197.32614,687.06915,1913.578,2940.74755,4.86,6.71,23.36,65.07
Ukraine,1995,146.55434,185.00458,669.6517,1850.8378,2852.04842,5.14,6.49,23.48,64.9
Ukraine,1996,143.6947,181.07675,634.3937,1821.6704,2780.83555,5.17,6.51,22.81,65.51
Ukraine,1997,133.63309,186.25237,659.9648,1853.6477,2833.4979599999997,4.72,6.57,23.29,65.42
Ukraine,1998,138.95203,184.46259,645.72815,1837.0771,2806.21987,4.95,6.57,23.01,65.46
Ukraine,1999,134.02025,179.473,640.80664,1801.7936,2756.09349,4.86,6.51,23.25,65.37
Ukraine,2000,131.65916,186.14427,645.83276,1903.168,2866.80419,4.59,6.49,22.53,66.39
Ukraine,2001,129.46638,194.17978,654.7776,1978.0356,2956.45936,4.38,6.57,22.15,66.91
Ukraine,2002,140.37308,195.82521,711.8864,1970.0952,3018.17989,4.65,6.49,23.59,65.27
Ukraine,2003,142.96063,189.30807,732.37634,1955.2601,3019.90514,4.73,6.27,24.25,64.75
Ukraine,2004,155.62357,192.01749,778.27606,2032.8375,3158.75462,4.93,6.08,24.64,64.36
Ukraine,2005,159.55838,193.19757,792.36365,2034.5972,3179.7168,5.02,6.08,24.92,63.99
Ukraine,2006,166.1153,187.13249,812.65234,2050.13,3216.03013,5.17,5.82,25.27,63.75
Ukraine,2007,168.79747,182.39801,846.3962,2027.0863,3224.67798,5.23,5.66,26.25,62.86
Ukraine,2008,178.82167,184.02159,866.1439,2042.7944,3271.7815600000004,5.47,5.62,26.47,62.44
Ukraine,2009,169.09637,177.90845,847.83374,1954.8792,3149.7177600000005,5.37,5.65,26.92,62.07
Ukraine,2010,187.4288,185.34407,851.8373,1872.4391,3097.04927,6.05,5.98,27.5,60.46
Ukraine,2011,188.1278,194.30043,800.84064,1956.657,3139.92587,5.99,6.19,25.51,62.32
Ukraine,2012,197.66106,189.99672,813.0673,1921.1914,3121.91648,6.33,6.09,26.04,61.54
Ukraine,2013,200.57162,191.37793,821.2435,1898.0541,3111.24715,6.45,6.15,26.4,61.01
Ukraine,2014,176.45844,186.27913,839.9355,1882.6782,3085.35127,5.72,6.04,27.22,61.02
Ukraine,2015,167.80705,196.69186,740.6303,1918.07,3023.1992099999998,5.55,6.51,24.5,63.45
Ukraine,2016,165.98045,206.2765,718.60645,1921.4537,3012.3171,5.51,6.85,23.86,63.79
Ukraine,2017,168.14784,203.6881,737.2046,1873.7063,2982.74684,5.64,6.83,24.72,62.82
Ukraine,2018,181.01701,185.14626,797.9418,1774.8948,2938.99987,6.16,6.3,27.15,60.39
Ukraine,2019,195.1852,177.95604,783.27795,1738.0414,2894.46059,6.74,6.15,27.06,60.05
Ukraine,2020,188.02159,174.4595,767.0243,1745.3715,2874.87689,6.54,6.07,26.68,60.71
Ukraine,2021,177.7475,178.76949,765.1063,1764.0319,2885.65519,6.16,6.2,26.51,61.13
Ukraine,2022,173.01021,176.376,746.77386,1661.7605,2757.92057,6.27,6.4,27.08,60.25
United Arab Emirates,1961,155.71793,91.44166,626.31006,1180.2737,2053.7433499999997,7.58,4.45,30.5,57.47
United Arab Emirates,1962,149.94542,94.738785,612.1393,1230.3481,2087.171605,7.18,4.54,29.33,58.95
United Arab Emirates,1963,147.83116,105.21347,593.52136,1346.0492,2192.61519,6.74,4.8,27.07,61.39
United Arab Emirates,1964,145.16884,106.25794,586.78564,1362.4854,2200.69782,6.6,4.83,26.66,61.91
United Arab Emirates,1965,144.64809,110.006645,581.07416,1425.0526,2260.781495,6.4,4.87,25.7,63.03
United Arab Emirates,1966,149.82896,126.903336,638.73175,1508.0106,2423.474646,6.18,5.24,26.36,62.23
United Arab Emirates,1967,156.64238,142.06754,626.00256,1653.7708,2578.48328,6.07,5.51,24.28,64.14
United Arab Emirates,1968,155.84572,138.67075,724.9169,1636.6978,2656.13117,5.87,5.22,27.29,61.62
United Arab Emirates,1969,142.05919,131.289,683.05176,1505.4785,2461.87845,5.77,5.33,27.75,61.15
United Arab Emirates,1970,134.09189,124.50462,727.8856,1386.0371,2372.51921,5.65,5.25,30.68,58.42
United Arab Emirates,1971,126.794495,118.96727,675.0004,1341.3047,2262.066865,5.61,5.26,29.84,59.3
United Arab Emirates,1972,126.263695,122.18203,624.945,1394.9728,2268.3635249999998,5.57,5.39,27.55,61.5
United Arab Emirates,1973,147.9474,178.03543,688.9877,1916.5928,2931.56333,5.05,6.07,23.5,65.38
United Arab Emirates,1974,178.51122,171.21219,584.7187,1857.3428,2791.78491,6.39,6.13,20.94,66.53
United Arab Emirates,1975,188.1717,192.25642,712.8903,1990.8358,3084.1542200000004,6.1,6.23,23.11,64.55
United Arab Emirates,1976,227.98642,180.72192,965.3003,1817.7606,3191.76924,7.14,5.66,30.24,56.95
United Arab Emirates,1977,202.10057,202.9977,801.2762,1990.6967,3197.07117,6.32,6.35,25.06,62.27
United Arab Emirates,1978,216.8541,200.38055,862.99146,1982.8456,3263.07171,6.65,6.14,26.45,60.77
United Arab Emirates,1979,238.28934,162.2577,924.89935,1795.7905,3121.23689,7.63,5.2,29.63,57.53
United Arab Emirates,1980,272.2203,154.57796,1304.0493,1660.9135,3391.76106,8.03,4.56,38.45,48.97
United Arab Emirates,1981,264.66016,153.0823,1288.0161,1663.0042,3368.7627600000005,7.86,4.54,38.23,49.37
United Arab Emirates,1982,282.19778,171.26924,1243.1293,1701.0364,3397.63272,8.31,5.04,36.59,50.07
United Arab Emirates,1983,257.42554,201.51822,1053.7805,1911.1576,3423.88186,7.52,5.89,30.78,55.82
United Arab Emirates,1984,259.2407,209.7628,1130.2374,1970.7943,3570.0352000000003,7.26,5.88,31.66,55.2
United Arab Emirates,1985,240.01865,212.13768,1029.3175,1917.6172,3399.09103,7.06,6.24,30.28,56.42
United Arab Emirates,1986,223.48328,212.82454,936.26654,1954.3503,3326.92466,6.72,6.4,28.14,58.74
United Arab Emirates,1987,232.12727,202.71678,1005.76935,1951.794,3392.4074,6.84,5.98,29.65,57.53
United Arab Emirates,1988,213.31548,201.06915,935.55133,1892.4667,3242.4026599999997,6.58,6.2,28.85,58.37
United Arab Emirates,1989,206.69269,197.6513,1065.9951,1744.6897,3215.02879,6.43,6.15,33.16,54.27
United Arab Emirates,1990,216.12836,168.06178,966.4123,1577.0063,2927.6087399999997,7.38,5.74,33.01,53.87
United Arab Emirates,1991,212.84268,168.30394,947.86505,1592.973,2921.98467,7.28,5.76,32.44,54.52
United Arab Emirates,1992,201.6922,194.19109,947.28125,1700.1143,3043.27884,6.63,6.38,31.13,55.86
United Arab Emirates,1993,204.11504,200.90784,920.40765,1759.6234,3085.05393,6.62,6.51,29.83,57.04
United Arab Emirates,1994,218.00853,211.79616,984.2309,1765.0159,3179.05149,6.86,6.66,30.96,55.52
United Arab Emirates,1995,224.94261,197.42223,948.4997,1771.3943,3142.25884,7.16,6.28,30.19,56.37
United Arab Emirates,1996,224.35245,190.52454,909.84314,1770.7803,3095.50043,7.25,6.15,29.39,57.2
United Arab Emirates,1997,189.02327,195.91301,853.10504,1779.9601,3018.00142,6.26,6.49,28.27,58.98
United Arab Emirates,1998,183.99307,204.49309,804.41736,1804.2277,2997.13122,6.14,6.82,26.84,60.2
United Arab Emirates,1999,193.6326,207.10146,803.7986,1786.086,2990.61866,6.47,6.93,26.88,59.72
United Arab Emirates,2000,175.72865,195.58127,741.3552,1741.3663,2854.03142,6.16,6.85,25.98,61.01
United Arab Emirates,2001,162.3388,193.56168,662.7713,1773.8922,2792.56398,5.81,6.93,23.73,63.52
United Arab Emirates,2002,187.43777,185.7104,669.15875,1691.3971,2733.70402,6.86,6.79,24.48,61.87
United Arab Emirates,2003,197.78062,175.95502,684.68646,1623.9756,2682.3977,7.37,6.56,25.53,60.54
United Arab Emirates,2004,163.08432,198.31186,631.6419,1720.9031,2713.94118,6.01,7.31,23.27,63.41
United Arab Emirates,2005,155.40242,206.38493,667.9316,1820.8906,2850.60955,5.45,7.24,23.43,63.88
United Arab Emirates,2006,175.60823,226.65532,720.85034,1993.7959,3116.90979,5.63,7.27,23.13,63.97
United Arab Emirates,2007,205.71832,232.18549,777.0401,2068.7163,3283.66021,6.26,7.07,23.66,63.0
United Arab Emirates,2008,223.1734,235.51439,866.318,2072.0454,3397.05119,6.57,6.93,25.5,61.0
United Arab Emirates,2009,206.02763,271.75766,921.4283,2248.6172,3647.83079,5.65,7.45,25.26,61.64
United Arab Emirates,2010,139.35939,234.07487,1234.2108,2051.6028,3659.2478600000004,3.81,6.4,33.73,56.07
United Arab Emirates,2011,145.21904,268.47418,1219.0682,2062.4512,3695.21262,3.93,7.27,32.99,55.81
United Arab Emirates,2012,149.51175,246.36615,1223.798,2044.9453,3664.6212,4.08,6.72,33.39,55.8
United Arab Emirates,2013,159.2179,245.08472,1146.8315,2039.7391,3590.87322,4.43,6.83,31.94,56.8
United Arab Emirates,2014,154.64568,221.4986,1100.0482,1930.8611,3407.05358,4.54,6.5,32.29,56.67
United Arab Emirates,2015,166.23746,205.50453,1079.824,1827.2244,3278.79039,5.07,6.27,32.93,55.73
United Arab Emirates,2016,158.47597,207.35733,1000.2452,1794.4476,3160.5261,5.01,6.56,31.65,56.78
United Arab Emirates,2017,155.23851,203.90767,1033.7188,1767.763,3160.62798,4.91,6.45,32.71,55.93
United Arab Emirates,2018,175.43364,188.57649,1116.4092,1676.2714,3156.6907300000003,5.56,5.97,35.37,53.1
United Arab Emirates,2019,168.79553,203.05759,1192.1481,1682.8082,3246.80942,5.2,6.25,36.72,51.83
United Arab Emirates,2020,226.11563,217.11191,1233.1973,1567.5247,3243.94954,6.97,6.69,38.02,48.32
United Arab Emirates,2021,234.69798,219.04634,1183.5736,1533.8696,3171.18752,7.4,6.91,37.32,48.37
United Arab Emirates,2022,212.01454,212.30952,1084.482,1552.8958,3061.70186,6.92,6.93,35.42,50.72
United Kingdom,1961,215.56708,150.4395,1227.7332,1647.5513,3241.29108,6.65,4.64,37.88,50.83
United Kingdom,1962,220.10712,152.35408,1241.758,1590.9126,3205.1318,6.87,4.75,38.74,49.64
United Kingdom,1963,218.48553,153.14444,1215.3081,1647.065,3234.0030699999998,6.76,4.74,37.58,50.93
United Kingdom,1964,223.4638,150.2463,1219.0713,1624.7765,3217.5579,6.95,4.67,37.89,50.5
United Kingdom,1965,220.39479,149.4304,1230.8752,1648.6584,3249.35879,6.78,4.6,37.88,50.74
United Kingdom,1966,217.5858,148.50713,1260.2947,1625.9263,3252.3139300000003,6.69,4.57,38.75,49.99
United Kingdom,1967,219.07765,146.72026,1245.9388,1621.0826,3232.81931,6.78,4.54,38.54,50.14
United Kingdom,1968,221.30096,146.06343,1269.0916,1595.0272,3231.48319,6.85,4.52,39.27,49.36
United Kingdom,1969,219.4425,149.15671,1266.1371,1613.8151,3248.55141,6.76,4.59,38.98,49.68
United Kingdom,1970,222.07352,150.79016,1278.5875,1636.9297,3288.3808799999997,6.75,4.59,38.88,49.78
United Kingdom,1971,220.79239,146.52696,1270.949,1613.1392,3251.40755,6.79,4.51,39.09,49.61
United Kingdom,1972,221.02693,144.21416,1255.1257,1553.4662,3173.83299,6.96,4.54,39.55,48.95
United Kingdom,1973,214.691,146.43849,1240.0808,1640.183,3241.39329,6.62,4.52,38.26,50.6
United Kingdom,1974,215.10194,144.3769,1229.3888,1537.4275,3126.29514,6.88,4.62,39.32,49.18
United Kingdom,1975,214.20277,143.43076,1197.9359,1581.5618,3137.13123,6.83,4.57,38.19,50.41
United Kingdom,1976,211.69823,145.27129,1225.7943,1600.9476,3183.71142,6.65,4.56,38.5,50.29
United Kingdom,1977,209.81381,150.53348,1182.4198,1634.4021,3177.1691899999996,6.6,4.74,37.22,51.44
United Kingdom,1978,210.79874,141.77934,1208.2314,1551.2974,3112.10688,6.77,4.56,38.82,49.85
United Kingdom,1979,213.7427,147.30482,1230.7891,1587.4153,3179.2519199999997,6.72,4.63,38.71,49.93
United Kingdom,1980,208.79068,142.41934,1218.2634,1558.3716,3127.8450199999997,6.68,4.55,38.95,49.82
United Kingdom,1981,210.41245,140.55598,1211.7986,1539.6222,3102.3892299999998,6.78,4.53,39.06,49.63
United Kingdom,1982,211.26917,141.00679,1210.3988,1570.7697,3133.4444599999997,6.74,4.5,38.63,50.13
United Kingdom,1983,208.65617,143.45615,1222.5911,1552.729,3127.43242,6.67,4.59,39.09,49.65
United Kingdom,1984,212.72263,148.35608,1208.6184,1569.3763,3139.07341,6.78,4.73,38.5,49.99
United Kingdom,1985,216.13397,155.17723,1228.5131,1598.3013,3198.1256,6.76,4.85,38.41,49.98
United Kingdom,1986,215.1931,156.27834,1244.6597,1599.9104,3216.04154,6.69,4.86,38.7,49.75
United Kingdom,1987,217.1107,153.55145,1246.4342,1613.9321,3231.02845,6.72,4.75,38.58,49.95
United Kingdom,1988,216.11221,161.43321,1232.1702,1642.9834,3252.69902,6.64,4.96,37.88,50.51
United Kingdom,1989,215.08264,154.5919,1219.7097,1632.4888,3221.8730400000004,6.68,4.8,37.86,50.67
United Kingdom,1990,214.57365,161.24055,1232.157,1636.2593,3244.2304999999997,6.61,4.97,37.98,50.44
United Kingdom,1991,212.41168,158.2283,1228.13,1610.6152,3209.38518,6.62,4.93,38.27,50.18
United Kingdom,1992,216.93556,156.64012,1305.1542,1593.108,3271.83788,6.63,4.79,39.89,48.69
United Kingdom,1993,210.86201,162.35855,1273.126,1573.2511,3219.59766,6.55,5.04,39.54,48.86
United Kingdom,1994,213.48495,162.36546,1249.2653,1612.3857,3237.50141,6.59,5.02,38.59,49.8
United Kingdom,1995,212.1329,159.52011,1236.3108,1580.2361,3188.1999100000003,6.65,5.0,38.78,49.57
United Kingdom,1996,216.80487,163.40486,1265.4962,1627.2384,3272.9443300000003,6.62,4.99,38.67,49.72
United Kingdom,1997,217.44167,172.87114,1270.7712,1673.6897,3334.77371,6.52,5.18,38.11,50.19
United Kingdom,1998,219.40254,176.30777,1276.2169,1687.461,3359.38821,6.53,5.25,37.99,50.23
United Kingdom,1999,218.12535,179.36623,1285.1239,1724.341,3406.95648,6.4,5.26,37.72,50.61
United Kingdom,2000,218.20145,177.75963,1269.7689,1703.0853,3368.81528,6.48,5.28,37.69,50.55
United Kingdom,2001,226.54883,177.08646,1279.2072,1724.168,3407.0104899999997,6.65,5.2,37.55,50.61
United Kingdom,2002,228.30031,180.12317,1220.8817,1793.5961,3422.90128,6.67,5.26,35.67,52.4
United Kingdom,2003,233.2229,179.84612,1202.4204,1790.6868,3406.17622,6.85,5.28,35.3,52.57
United Kingdom,2004,235.10385,178.05923,1239.3691,1795.1638,3447.69598,6.82,5.16,35.95,52.07
United Kingdom,2005,234.5685,179.23254,1253.5092,1766.7151,3434.02534,6.83,5.22,36.5,51.45
United Kingdom,2006,238.08084,176.95575,1320.8582,1691.2174,3427.11219,6.95,5.16,38.54,49.35
United Kingdom,2007,236.93494,178.64616,1260.8281,1722.4436,3398.8528,6.97,5.26,37.1,50.68
United Kingdom,2008,229.07005,179.43622,1252.0234,1736.4097,3396.93937,6.74,5.28,36.86,51.12
United Kingdom,2009,228.2845,176.39626,1246.3287,1730.249,3381.25846,6.75,5.22,36.86,51.17
United Kingdom,2010,249.9786,173.79768,1171.9689,1711.0924,3306.8375800000003,7.56,5.26,35.44,51.74
United Kingdom,2011,252.47086,175.46207,1139.3475,1757.0325,3324.31293,7.59,5.28,34.27,52.85
United Kingdom,2012,253.47733,175.50272,1144.5088,1732.8699,3306.3587500000003,7.67,5.31,34.62,52.41
United Kingdom,2013,251.06017,176.40123,1149.4541,1755.9532,3332.8687,7.53,5.29,34.49,52.69
United Kingdom,2014,251.36157,179.3842,1168.0643,1752.9003,3351.71037,7.5,5.35,34.85,52.3
United Kingdom,2015,258.7344,181.16199,1173.732,1751.9241,3365.55249,7.69,5.38,34.87,52.05
United Kingdom,2016,262.48807,181.66121,1163.9788,1739.1329,3347.26098,7.84,5.43,34.77,51.96
United Kingdom,2017,259.4227,183.0774,1185.0547,1744.6615,3372.2163,7.69,5.43,35.14,51.74
United Kingdom,2018,259.23352,183.35835,1175.866,1709.5103,3327.96817,7.79,5.51,35.33,51.37
United Kingdom,2019,254.37437,177.27797,1239.4332,1691.4844,3362.5699400000003,7.56,5.27,36.86,50.3
United Kingdom,2020,258.9511,185.8299,1253.6349,1661.5471,3359.9629999999997,7.71,5.53,37.31,49.45
United Kingdom,2021,258.7092,175.42908,1239.5371,1655.003,3328.6783800000003,7.77,5.27,37.24,49.72
United Kingdom,2022,255.26534,176.48758,1256.0778,1634.4805,3322.3112199999996,7.68,5.31,37.81,49.2
United States,1961,259.90588,132.9444,1023.449,1554.525,2970.82428,8.75,4.48,34.45,52.33
United States,1962,257.9896,131.13443,1010.32556,1540.4387,2939.88829,8.78,4.46,34.37,52.4
United States,1963,261.4119,130.95216,1022.2456,1519.6465,2934.25616,8.91,4.46,34.84,51.79
United States,1964,267.25333,131.2529,1051.4352,1543.8689,2993.81033,8.93,4.38,35.12,51.57
United States,1965,265.31757,128.88252,1037.9596,1550.0603,2982.21999,8.9,4.32,34.8,51.98
United States,1966,271.089,129.47412,1049.1254,1559.0161,3008.70462,9.01,4.3,34.87,51.82
United States,1967,271.0055,130.5007,1062.0516,1564.1072,3027.665,8.95,4.31,35.08,51.66
United States,1968,274.72934,130.11786,1074.2335,1566.8141,3045.8948,9.02,4.27,35.27,51.44
United States,1969,270.00436,131.94272,1075.4282,1595.3176,3072.6928800000005,8.79,4.29,35.0,51.92
United States,1970,269.93393,127.27016,1088.1598,1574.1703,3059.53419,8.82,4.16,35.57,51.45
United States,1971,271.69916,127.9792,1085.1461,1586.8374,3071.6618599999997,8.85,4.17,35.33,51.66
United States,1972,272.88278,124.395355,1100.4954,1575.9723,3073.7458349999997,8.88,4.05,35.8,51.27
United States,1973,262.57843,128.00098,1052.7599,1604.3027,3047.64201,8.62,4.2,34.54,52.64
United States,1974,264.55515,124.86426,1067.5173,1579.5168,3036.4535100000003,8.71,4.11,35.16,52.02
United States,1975,256.68234,134.14937,1061.3383,1585.1174,3037.28741,8.45,4.42,34.94,52.19
United States,1976,270.57422,134.42592,1136.652,1625.7283,3167.38044,8.54,4.24,35.89,51.33
United States,1977,268.3825,129.06395,1112.5457,1629.4823,3139.4744499999997,8.55,4.11,35.44,51.9
United States,1978,266.96558,131.4397,1144.8293,1616.5259,3159.76048,8.45,4.16,36.23,51.16
United States,1979,265.78787,136.17924,1158.7255,1658.4899,3219.18251,8.26,4.23,35.99,51.52
United States,1980,265.7264,127.97647,1155.2128,1633.4725,3182.38817,8.35,4.02,36.3,51.33
United States,1981,266.71475,136.46057,1193.8197,1624.3634,3221.3584199999996,8.28,4.24,37.06,50.42
United States,1982,263.17926,133.8912,1179.4435,1616.6211,3193.1350600000005,8.24,4.19,36.94,50.63
United States,1983,270.10675,132.57239,1214.1299,1614.4679,3231.2769399999997,8.36,4.1,37.57,49.96
United States,1984,272.116,135.13762,1234.8765,1634.2666,3276.3967199999997,8.31,4.12,37.69,49.88
United States,1985,277.8063,143.74675,1289.0371,1671.9219,3382.5120500000003,8.21,4.25,38.11,49.43
United States,1986,279.38907,139.5343,1245.8033,1692.4292,3357.15587,8.32,4.16,37.11,50.41
United States,1987,282.44867,147.48137,1268.4922,1761.0327,3459.4549399999996,8.16,4.26,36.67,50.9
United States,1988,279.255,150.83144,1279.5974,1761.8885,3471.57234,8.04,4.34,36.86,50.75
United States,1989,278.3879,151.15356,1245.3286,1775.2906,3450.1606600000005,8.07,4.38,36.09,51.46
United States,1990,278.1992,155.17119,1257.5918,1817.6665,3508.62869,7.93,4.42,35.84,51.81
United States,1991,278.5763,160.37782,1270.3729,1820.9897,3530.3167200000003,7.89,4.54,35.98,51.58
United States,1992,282.5701,157.46793,1280.1171,1839.4762,3559.63133,7.94,4.42,35.96,51.68
United States,1993,281.55164,159.71103,1289.0933,1869.9333,3600.28927,7.82,4.44,35.81,51.94
United States,1994,287.44107,164.46886,1305.4368,1902.0654,3659.4121299999997,7.85,4.49,35.67,51.98
United States,1995,287.46228,158.94171,1261.47,1869.9137,3577.78769,8.03,4.44,35.26,52.26
United States,1996,283.5883,163.8243,1237.8448,1906.6602,3591.9175999999998,7.9,4.56,34.46,53.08
United States,1997,283.2137,167.7753,1262.8938,1949.2983,3663.1811,7.73,4.58,34.48,53.21
United States,1998,288.40674,166.39781,1294.5676,1934.2589,3683.63105,7.83,4.52,35.14,52.51
United States,1999,295.72745,167.8104,1331.137,1913.0225,3707.69735,7.98,4.53,35.9,51.6
United States,2000,294.1342,168.07668,1404.8617,1929.4137,3796.48628,7.75,4.43,37.0,50.82
United States,2001,292.6311,163.61125,1409.0533,1884.0883,3749.38395,7.8,4.36,37.58,50.25
United States,2002,300.74063,161.81592,1455.2513,1907.171,3824.97885,7.86,4.23,38.05,49.86
United States,2003,300.04773,162.8946,1442.2294,1910.5869,3815.7586300000003,7.86,4.27,37.8,50.07
United States,2004,301.96,164.22101,1468.2701,1909.6847,3844.1358099999998,7.86,4.27,38.2,49.68
United States,2005,301.03293,163.14017,1497.2094,1898.3245,3859.707,7.8,4.23,38.79,49.18
United States,2006,299.88504,161.82994,1473.2428,1876.0648,3811.02258,7.87,4.25,38.66,49.23
United States,2007,297.78445,164.57251,1478.0728,1840.7522,3781.18196,7.88,4.35,39.09,48.68
United States,2008,291.9257,162.09155,1460.3624,1806.0441,3720.42375,7.85,4.36,39.25,48.54
United States,2009,286.07748,159.63751,1440.0835,1776.5801,3662.37859,7.81,4.36,39.32,48.51
United States,2010,321.60413,154.6597,1452.981,1801.4352,3730.68003,8.62,4.15,38.95,48.29
United States,2011,315.93008,151.64963,1464.0446,1792.6156,3724.2399100000002,8.48,4.07,39.31,48.13
United States,2012,315.2181,154.69333,1468.2687,1820.862,3759.0421300000003,8.39,4.12,39.06,48.44
United States,2013,315.11426,153.96541,1458.1517,1818.0625,3745.29387,8.41,4.11,38.93,48.54
United States,2014,314.185,152.68729,1454.6455,1807.4707,3728.98849,8.43,4.09,39.01,48.47
United States,2015,318.03207,152.24773,1461.9603,1804.468,3736.7081,8.51,4.07,39.12,48.29
United States,2016,322.22086,152.08475,1471.6436,1808.3372,3754.28641,8.58,4.05,39.2,48.17
United States,2017,324.78326,152.08704,1480.0193,1806.4209,3763.3105,8.63,4.04,39.33,48.0
United States,2018,330.06183,152.58025,1524.712,1782.9448,3790.2988800000003,8.71,4.03,40.23,47.04
United States,2019,335.5568,152.77415,1559.1752,1789.0094,3836.51555,8.75,3.98,40.64,46.63
United States,2020,337.01474,160.37198,1570.0104,1784.0645,3851.46162,8.75,4.16,40.76,46.32
United States,2021,329.94247,153.91502,1581.1262,1791.6797,3856.6633899999997,8.56,3.99,41.0,46.46
United States,2022,330.74823,155.82567,1589.814,1798.5919,3874.9798,8.54,4.02,41.03,46.42
Uruguay,1961,236.35916,111.35303,997.0272,1460.1683,2804.90769,8.43,3.97,35.55,52.06
Uruguay,1962,226.89679,108.728905,961.75073,1421.8103,2719.186725,8.34,4.0,35.37,52.29
Uruguay,1963,227.69464,113.84732,968.4052,1473.9692,2783.91636,8.18,4.09,34.79,52.95
Uruguay,1964,240.56093,115.07535,1010.98895,1486.1421,2852.76733,8.43,4.03,35.44,52.09
Uruguay,1965,222.82794,112.41915,945.8227,1486.1865,2767.2562900000003,8.05,4.06,34.18,53.71
Uruguay,1966,216.82603,116.17691,928.651,1491.9159,2753.56984,7.87,4.22,33.73,54.18
Uruguay,1967,200.29434,116.11033,892.4471,1466.4364,2675.28817,7.49,4.34,33.36,54.81
Uruguay,1968,231.42479,109.00297,993.1762,1404.5667,2738.1706599999998,8.45,3.98,36.27,51.3
Uruguay,1969,235.73668,118.65426,1006.8584,1526.5149,2887.7642399999995,8.16,4.11,34.87,52.86
Uruguay,1970,251.3608,118.088425,1062.0708,1539.8618,2971.381825,8.46,3.97,35.74,51.82
Uruguay,1971,222.19322,119.57144,964.44385,1506.3511,2812.5596100000002,7.9,4.25,34.29,53.56
Uruguay,1972,216.75064,113.055984,940.453,1491.1307,2761.390324,7.85,4.09,34.06,54.0
Uruguay,1973,207.17212,117.29276,913.117,1486.8489,2724.4307799999997,7.6,4.31,33.52,54.57
Uruguay,1974,223.90984,121.75122,973.75244,1569.0115,2888.425,7.75,4.22,33.71,54.32
Uruguay,1975,227.63908,122.095894,976.57996,1521.1443,2847.459234,7.99,4.29,34.3,53.42
Uruguay,1976,218.83987,122.5519,958.8595,1530.5522,2830.80347,7.73,4.33,33.87,54.07
Uruguay,1977,214.58286,116.855934,930.80176,1398.9718,2661.2123540000002,8.06,4.39,34.98,52.57
Uruguay,1978,210.44621,117.373314,915.8657,1411.468,2655.1532239999997,7.93,4.42,34.49,53.16
Uruguay,1979,209.58574,126.32674,923.1879,1579.9017,2839.0020799999998,7.38,4.45,32.52,55.65
Uruguay,1980,214.51862,123.12396,944.61884,1506.4014,2788.66282,7.69,4.42,33.87,54.02
Uruguay,1981,215.8853,127.73247,921.11786,1572.0422,2836.77783,7.61,4.5,32.47,55.42
Uruguay,1982,222.30621,119.65141,950.1625,1479.758,2771.8781200000003,8.02,4.32,34.28,53.38
Uruguay,1983,187.60732,117.85639,801.5289,1450.4753,2557.4679100000003,7.34,4.61,31.34,56.72
Uruguay,1984,190.27966,123.72963,835.9825,1524.5701,2674.56189,7.11,4.63,31.26,57.0
Uruguay,1985,187.9281,125.55163,819.2603,1511.8309,2644.57093,7.11,4.75,30.98,57.17
Uruguay,1986,183.25124,125.045784,794.9482,1466.2296,2569.474824,7.13,4.87,30.94,57.06
Uruguay,1987,202.69049,123.04637,831.2831,1457.0756,2614.0955599999998,7.75,4.71,31.8,55.74
Uruguay,1988,199.31067,118.80212,842.15857,1430.6471,2590.91846,7.69,4.59,32.5,55.22
Uruguay,1989,192.73407,115.904686,811.2727,1377.3441,2497.255556,7.72,4.64,32.49,55.15
Uruguay,1990,175.87868,126.90995,773.51154,1455.2467,2531.54687,6.95,5.01,30.55,57.48
Uruguay,1991,211.45395,124.384674,860.2705,1511.2236,2707.332724,7.81,4.59,31.78,55.82
Uruguay,1992,213.19687,130.11278,883.14514,1549.0435,2775.49829,7.68,4.69,31.82,55.81
Uruguay,1993,212.81273,126.66466,901.3831,1524.0133,2764.87379,7.7,4.58,32.6,55.12
Uruguay,1994,233.69986,125.38516,934.6986,1513.9641,2807.7477200000003,8.32,4.47,33.29,53.92
Uruguay,1995,209.32748,128.13576,855.2728,1514.3289,2707.06494,7.73,4.73,31.59,55.94
Uruguay,1996,222.37639,131.81311,913.80774,1587.6833,2855.68054,7.79,4.62,32.0,55.6
Uruguay,1997,209.65704,134.68385,883.5431,1623.6953,2851.57929,7.35,4.72,30.98,56.94
Uruguay,1998,209.63977,133.66212,888.86536,1634.7798,2866.9470499999998,7.31,4.66,31.0,57.02
Uruguay,1999,218.67654,135.37119,901.5832,1617.1427,2872.77363,7.61,4.71,31.38,56.29
Uruguay,2000,216.37267,137.06314,913.0051,1591.7118,2858.1527100000003,7.57,4.8,31.94,55.69
Uruguay,2001,230.6199,143.15181,942.58875,1598.9451,2915.30556,7.91,4.91,32.33,54.85
Uruguay,2002,207.10007,143.76424,872.29895,1657.3589,2880.52216,7.19,4.99,30.28,57.54
Uruguay,2003,180.62286,147.95186,848.28094,1696.0854,2872.94106,6.29,5.15,29.53,59.04
Uruguay,2004,172.3604,148.99292,851.161,1693.7467,2866.26102,6.01,5.2,29.7,59.09
Uruguay,2005,170.08899,151.5905,810.30084,1710.5542,2842.53453,5.98,5.33,28.51,60.18
Uruguay,2006,172.33829,152.4967,821.3502,1711.6095,2857.7946899999997,6.03,5.34,28.74,59.89
Uruguay,2007,188.38074,153.0872,870.96204,1715.1908,2927.62078,6.43,5.23,29.75,58.59
Uruguay,2008,207.54501,155.25308,927.1067,1710.0862,2999.9909900000002,6.92,5.18,30.9,57.0
Uruguay,2009,201.35406,155.47182,929.0243,1736.0847,3021.93488,6.66,5.14,30.74,57.45
Uruguay,2010,216.07864,162.69545,956.8057,1803.0261,3138.60589,6.88,5.18,30.49,57.45
Uruguay,2011,221.8602,158.36186,983.2744,1787.8358,3151.33226,7.04,5.03,31.2,56.73
Uruguay,2012,219.69147,166.48683,913.01935,1884.9841,3184.1817499999997,6.9,5.23,28.67,59.2
Uruguay,2013,203.15697,162.80858,993.4376,1830.8689,3190.27205,6.37,5.1,31.14,57.39
Uruguay,2014,228.1793,161.84764,991.428,1829.7393,3211.19424,7.11,5.04,30.87,56.98
Uruguay,2015,209.22252,164.52478,966.7802,1836.5266,3177.0541000000003,6.59,5.18,30.43,57.81
Uruguay,2016,194.24518,165.63574,969.20544,1870.0591,3199.1454599999997,6.07,5.18,30.3,58.45
Uruguay,2017,204.74211,165.43388,995.3303,1857.1823,3222.6885899999997,6.35,5.13,30.89,57.63
Uruguay,2018,217.70753,167.43005,997.85645,1889.3934,3272.3874299999998,6.65,5.12,30.49,57.74
Uruguay,2019,242.45065,160.86676,1089.3021,1815.2915,3307.91101,7.33,4.86,32.93,54.88
Uruguay,2020,232.20354,164.2051,1071.974,1817.9287,3286.3113399999997,7.07,5.0,32.62,55.32
Uruguay,2021,244.63466,164.21954,1105.849,1803.1667,3317.8698999999997,7.37,4.95,33.33,54.35
Uruguay,2022,247.02419,165.58453,1085.9899,1839.458,3338.0566200000003,7.4,4.96,32.53,55.11
Uzbekistan,1992,104.19686,214.36731,634.5925,1770.9961,2724.15277,3.82,7.87,23.3,65.01
Uzbekistan,1993,105.728455,207.9313,660.8429,1736.8173,2711.319955,3.9,7.67,24.37,64.06
Uzbekistan,1994,113.09474,207.48059,678.9291,1701.7092,2701.21363,4.19,7.68,25.13,63.0
Uzbekistan,1995,108.19778,198.93008,677.8785,1673.8708,2658.87716,4.07,7.48,25.49,62.95
Uzbekistan,1996,102.72773,194.1614,641.41754,1658.9626,2597.26927,3.96,7.48,24.7,63.87
Uzbekistan,1997,104.81698,187.2447,646.1444,1606.1189,2544.32498,4.12,7.36,25.4,63.13
Uzbekistan,1998,106.15862,174.3405,653.02576,1569.1748,2502.6996799999997,4.24,6.97,26.09,62.7
Uzbekistan,1999,92.278175,181.75154,577.62006,1584.4858,2436.135575,3.79,7.46,23.71,65.04
Uzbekistan,2000,93.1175,173.45338,586.1714,1519.2299,2371.9721799999998,3.93,7.31,24.71,64.05
Uzbekistan,2001,91.15184,173.18048,575.48096,1446.9854,2286.79868,3.99,7.57,25.17,63.28
Uzbekistan,2002,92.3197,178.17624,552.4221,1460.1395,2283.05754,4.04,7.8,24.2,63.96
Uzbekistan,2003,95.45276,186.96973,556.55597,1497.6464,2336.62486,4.09,8.0,23.82,64.09
Uzbekistan,2004,97.948135,188.60564,567.0056,1508.9641,2362.523475,4.15,7.98,24.0,63.87
Uzbekistan,2005,101.1447,191.10379,588.19257,1561.221,2441.66206,4.14,7.83,24.09,63.94
Uzbekistan,2006,102.842316,194.2007,593.7605,1630.9248,2521.7283159999997,4.08,7.7,23.55,64.67
Uzbekistan,2007,102.633804,186.6714,595.62085,1657.2798,2542.205854,4.04,7.34,23.43,65.19
Uzbekistan,2008,102.25499,199.24193,591.06213,1659.8843,2552.44335,4.01,7.81,23.16,65.03
Uzbekistan,2009,104.08432,201.65845,578.32684,1670.0354,2554.10501,4.08,7.9,22.64,65.39
Uzbekistan,2010,130.07996,228.54718,724.351,1855.5144,2938.49254,4.43,7.78,24.65,63.15
Uzbekistan,2011,137.99278,233.44249,775.3928,1870.7153,3017.5433700000003,4.57,7.74,25.7,61.99
Uzbekistan,2012,145.38855,240.16333,791.7223,1923.414,3100.68818,4.69,7.75,25.53,62.03
Uzbekistan,2013,151.933,244.2702,805.4505,1955.4117,3157.0654000000004,4.81,7.74,25.51,61.94
Uzbekistan,2014,163.76268,243.14566,873.7469,1946.9081,3227.56334,5.07,7.53,27.07,60.32
Uzbekistan,2015,166.51668,248.44641,835.7438,1996.4988,3247.20569,5.13,7.65,25.74,61.48
Uzbekistan,2016,170.5568,247.93271,857.17755,1987.4232,3263.09026,5.23,7.6,26.27,60.91
Uzbekistan,2017,171.7604,237.17957,874.39374,1913.8314,3197.16511,5.37,7.42,27.35,59.86
Uzbekistan,2018,176.13327,233.86874,835.54047,1972.8989,3218.44138,5.47,7.27,25.96,61.3
Uzbekistan,2019,183.10826,238.4889,858.5601,1956.1892,3236.3464599999998,5.66,7.37,26.53,60.44
Uzbekistan,2020,184.19221,236.53906,871.0897,1949.0613,3240.88227,5.68,7.3,26.88,60.14
Uzbekistan,2021,186.5123,226.44226,935.14923,1890.562,3238.66579,5.76,6.99,28.87,58.37
Uzbekistan,2022,196.19643,223.19374,901.4371,1921.7855,3242.6127699999997,6.05,6.88,27.8,59.27
Vanuatu,1961,108.53683,121.92955,750.82935,1456.0597,2437.35543,4.45,5.0,30.81,59.74
Vanuatu,1962,110.63757,123.32976,791.8848,1485.6049,2511.45703,4.41,4.91,31.53,59.15
Vanuatu,1963,117.77622,126.55954,803.2538,1484.5592,2532.14876,4.65,5.0,31.72,58.63
Vanuatu,1964,119.12564,119.484695,830.3089,1411.5751,2480.4943350000003,4.8,4.82,33.47,56.91
Vanuatu,1965,120.30513,123.69008,812.7764,1478.9547,2535.72631,4.74,4.88,32.05,58.32
Vanuatu,1966,120.97902,122.368675,794.8108,1439.3904,2477.548895,4.88,4.94,32.08,58.1
Vanuatu,1967,121.36438,132.3793,791.2717,1577.5366,2622.55198,4.63,5.05,30.17,60.15
Vanuatu,1968,125.666985,124.710434,785.4784,1487.0492,2522.905019,4.98,4.94,31.13,58.94
Vanuatu,1969,125.07651,132.21468,794.21,1524.1866,2575.68779,4.86,5.13,30.83,59.18
Vanuatu,1970,137.6274,129.11192,809.6796,1456.5796,2532.99852,5.43,5.1,31.97,57.5
Vanuatu,1971,149.95587,134.1043,833.6936,1511.6256,2629.3793699999997,5.7,5.1,31.71,57.49
Vanuatu,1972,144.90807,134.68814,833.18164,1477.9907,2590.76855,5.59,5.2,32.16,57.05
Vanuatu,1973,142.85696,132.09485,850.29584,1448.6887,2573.93635,5.55,5.13,33.03,56.28
Vanuatu,1974,152.4957,134.81561,889.0827,1456.6611,2633.0551100000002,5.79,5.12,33.77,55.32
Vanuatu,1975,127.11966,133.26418,848.3621,1379.9827,2488.7286400000003,5.11,5.35,34.09,55.45
Vanuatu,1976,146.60757,122.571594,871.21497,1258.2223,2398.616434,6.11,5.11,36.32,52.46
Vanuatu,1977,135.60521,131.07047,866.73566,1361.7008,2495.11214,5.43,5.25,34.74,54.57
Vanuatu,1978,131.1165,131.79071,865.13684,1467.7135,2595.7575500000003,5.05,5.08,33.33,56.54
Vanuatu,1979,142.37984,138.66035,887.0044,1491.579,2659.62359,5.35,5.21,33.35,56.08
Vanuatu,1980,121.866615,141.20796,882.4595,1448.6959,2594.229975,4.7,5.44,34.02,55.84
Vanuatu,1981,109.477585,138.5884,867.07336,1408.4417,2523.581045,4.34,5.49,34.36,55.81
Vanuatu,1982,104.59222,143.46933,861.506,1454.2418,2563.80935,4.08,5.6,33.6,56.72
Vanuatu,1983,105.75156,144.4431,885.7743,1496.8167,2632.7856600000005,4.02,5.49,33.64,56.85
Vanuatu,1984,112.177284,152.11496,892.57104,1588.6018,2745.465084,4.09,5.54,32.51,57.86
Vanuatu,1985,112.27413,151.77356,903.54944,1618.3096,2785.90673,4.03,5.45,32.43,58.09
Vanuatu,1986,107.36702,148.27632,879.18195,1552.335,2687.16029,4.0,5.52,32.72,57.77
Vanuatu,1987,102.643005,146.86516,876.75885,1518.139,2644.406015,3.88,5.55,33.16,57.41
Vanuatu,1988,94.62972,141.05559,836.82104,1484.9065,2557.41285,3.7,5.52,32.72,58.06
Vanuatu,1989,89.86534,136.42256,857.99994,1403.0564,2487.34424,3.61,5.48,34.49,56.41
Vanuatu,1990,95.65368,137.91927,916.6546,1399.0144,2549.24195,3.75,5.41,35.96,54.88
Vanuatu,1991,98.50162,136.74811,900.663,1412.1948,2548.10753,3.87,5.37,35.35,55.42
Vanuatu,1992,99.07502,137.49348,854.9106,1449.1216,2540.6007,3.9,5.41,33.65,57.04
Vanuatu,1993,97.5469,135.48181,941.23724,1353.7242,2527.99015,3.86,5.36,37.23,53.55
Vanuatu,1994,101.48804,135.39774,876.9615,1427.4115,2541.25878,3.99,5.33,34.51,56.17
Vanuatu,1995,102.66449,134.8351,879.0119,1438.0367,2554.54819,4.02,5.28,34.41,56.29
Vanuatu,1996,107.98315,141.52155,845.2037,1553.5361,2648.2445,4.08,5.34,31.92,58.66
Vanuatu,1997,100.47482,147.1439,842.83984,1591.8103,2682.26886,3.75,5.49,31.42,59.35
Vanuatu,1998,104.558464,148.25096,851.97375,1608.9843,2713.767474,3.85,5.46,31.39,59.29
Vanuatu,1999,105.28841,147.21283,865.43726,1583.8806,2701.8190999999997,3.9,5.45,32.03,58.62
Vanuatu,2000,105.45375,146.18098,869.159,1559.2969,2680.0906299999997,3.93,5.45,32.43,58.18
Vanuatu,2001,100.41791,148.31136,824.6776,1571.6176,2645.0244700000003,3.8,5.61,31.18,59.42
Vanuatu,2002,95.70364,153.83914,816.3936,1607.0288,2672.96518,3.58,5.76,30.54,60.12
Vanuatu,2003,95.815216,157.68265,832.44434,1643.5621,2729.504306,3.51,5.78,30.5,60.21
Vanuatu,2004,96.130226,158.41849,813.933,1654.1499,2722.6316159999997,3.53,5.82,29.9,60.76
Vanuatu,2005,97.7149,158.93054,837.21204,1663.4248,2757.2822800000004,3.54,5.76,30.36,60.33
Vanuatu,2006,98.39088,162.1657,854.86536,1672.9836,2788.4055399999997,3.53,5.82,30.66,60.0
Vanuatu,2007,111.76851,159.65793,902.10315,1669.408,2842.93759,3.93,5.62,31.73,58.72
Vanuatu,2008,117.03459,156.31062,904.0625,1663.1606,2840.5683099999997,4.12,5.5,31.83,58.55
Vanuatu,2009,112.09939,159.27406,907.3082,1664.5051,2843.18675,3.94,5.6,31.91,58.54
Vanuatu,2010,121.91972,182.26134,1143.832,1488.4572,2936.47026,4.15,6.21,38.95,50.69
Vanuatu,2011,123.12733,178.29102,1145.8645,1457.5023,2904.78515,4.24,6.14,39.45,50.18
Vanuatu,2012,125.609886,181.90063,1104.6183,1453.7678,2865.896616,4.38,6.35,38.54,50.73
Vanuatu,2013,126.97595,184.93333,1100.0923,1469.6276,2881.62918,4.41,6.42,38.18,51.0
Vanuatu,2014,126.64704,185.90392,1137.3024,1482.5735,2932.42686,4.32,6.34,38.78,50.56
Vanuatu,2015,123.143906,190.34732,1112.8773,1490.673,2917.041526,4.22,6.53,38.15,51.1
Vanuatu,2016,125.26018,191.67972,1034.4896,1571.2488,2922.6783000000005,4.29,6.56,35.4,53.76
Vanuatu,2017,124.99086,198.53452,1029.236,1611.2167,2963.97808,4.22,6.7,34.72,54.36
Vanuatu,2018,126.49866,189.87308,1081.0757,1555.9148,2953.3622400000004,4.28,6.43,36.6,52.68
Vanuatu,2019,118.23869,188.88997,1086.2007,1524.6016,2917.93096,4.05,6.47,37.23,52.25
Vanuatu,2020,115.36193,194.05003,1050.555,1562.4031,2922.37006,3.95,6.64,35.95,53.46
Vanuatu,2021,121.17128,191.25276,1056.4503,1548.6381,2917.5124399999995,4.15,6.56,36.21,53.08
Vanuatu,2022,112.443634,187.47565,1050.6047,1557.3842,2907.908184,3.87,6.45,36.13,53.56
Venezuela,1961,86.73843,115.89952,435.2377,1368.579,2006.45465,4.32,5.78,21.69,68.21
Venezuela,1962,87.27415,112.35894,440.43958,1328.0752,1968.14787,4.43,5.71,22.38,67.48
Venezuela,1963,87.875336,114.62326,429.78113,1336.4047,1968.684426,4.46,5.82,21.83,67.88
Venezuela,1964,93.09107,126.932144,459.2999,1477.4366,2156.759714,4.32,5.89,21.3,68.5
Venezuela,1965,89.74301,122.08351,456.85645,1457.686,2126.36897,4.22,5.74,21.49,68.55
Venezuela,1966,88.28203,121.98835,431.89505,1437.2667,2079.43213,4.25,5.87,20.77,69.12
Venezuela,1967,85.95407,123.188324,450.724,1436.3995,2096.265894,4.1,5.88,21.5,68.52
Venezuela,1968,87.50926,122.61058,455.2847,1462.2607,2127.6652400000003,4.11,5.76,21.4,68.73
Venezuela,1969,94.115715,125.12428,460.56183,1503.0137,2182.815525,4.31,5.73,21.1,68.86
Venezuela,1970,92.62702,128.07315,451.65564,1532.1974,2204.55321,4.2,5.81,20.49,69.5
Venezuela,1971,94.707924,125.055275,446.76367,1528.2708,2194.797669,4.32,5.7,20.36,69.63
Venezuela,1972,96.240746,123.14717,432.82718,1500.4885,2152.703596,4.47,5.72,20.11,69.7
Venezuela,1973,105.97376,114.32506,462.89636,1476.1298,2159.32498,4.91,5.29,21.44,68.36
Venezuela,1974,102.860855,115.78076,473.31134,1494.2715,2186.224455,4.7,5.3,21.65,68.35
Venezuela,1975,110.705185,126.55326,509.8859,1557.8064,2304.950745,4.8,5.49,22.12,67.59
Venezuela,1976,113.937874,129.8046,530.876,1613.1499,2387.7683739999998,4.77,5.44,22.23,67.56
Venezuela,1977,129.40239,136.78009,581.6081,1685.6075,2533.39808,5.11,5.4,22.96,66.54
Venezuela,1978,135.52628,128.69499,620.46844,1665.2222,2549.91191,5.31,5.05,24.33,65.31
Venezuela,1979,132.61705,130.64476,667.513,1695.3348,2626.10961,5.05,4.97,25.42,64.56
Venezuela,1980,133.4068,138.03706,667.20215,1744.5283,2683.17431,4.97,5.14,24.87,65.02
Venezuela,1981,139.40953,142.06609,722.5327,1728.8706,2732.87892,5.1,5.2,26.44,63.26
Venezuela,1982,142.06876,129.33372,691.3503,1591.1521,2553.90488,5.56,5.06,27.07,62.3
Venezuela,1983,128.81226,134.80258,685.6961,1641.176,2590.48694,4.97,5.2,26.47,63.35
Venezuela,1984,131.18501,142.689,753.22284,1705.0977,2732.19455,4.8,5.22,27.57,62.41
Venezuela,1985,125.35858,135.99362,735.4549,1616.3182,2613.1252999999997,4.8,5.2,28.14,61.85
Venezuela,1986,114.55984,118.09392,655.43317,1491.4619,2379.5488299999997,4.81,4.96,27.54,62.68
Venezuela,1987,120.45624,131.78255,674.57086,1627.5701,2554.37975,4.72,5.16,26.41,63.72
Venezuela,1988,131.66354,141.4886,750.89996,1725.5681,2749.6202,4.79,5.15,27.31,62.76
Venezuela,1989,107.8797,114.8461,605.6589,1459.5803,2287.965,4.72,5.02,26.47,63.79
Venezuela,1990,97.61493,122.82515,628.3438,1502.9752,2351.75908,4.15,5.22,26.72,63.91
Venezuela,1991,107.38404,133.9114,593.81866,1577.6414,2412.7555,4.45,5.55,24.61,65.39
Venezuela,1992,110.40564,137.76808,630.79974,1632.2372,2511.21066,4.4,5.49,25.12,65.0
Venezuela,1993,113.89152,124.125824,626.4829,1525.8677,2390.367944,4.76,5.19,26.21,63.83
Venezuela,1994,107.91031,125.47062,566.768,1560.1401,2360.28903,4.57,5.32,24.01,66.1
Venezuela,1995,113.07904,130.16034,607.6704,1571.9679,2422.87768,4.67,5.37,25.08,64.88
Venezuela,1996,114.22799,123.22608,577.80884,1553.7036,2368.96651,4.82,5.2,24.39,65.59
Venezuela,1997,116.9528,119.02276,557.0086,1478.9971,2271.98126,5.15,5.24,24.52,65.1
Venezuela,1998,122.343704,126.084854,585.5603,1508.2125,2342.2013580000003,5.22,5.38,25.0,64.39
Venezuela,1999,119.75212,124.52788,590.1045,1494.7922,2329.1767,5.14,5.35,25.34,64.18
Venezuela,2000,121.64859,129.0924,633.5798,1557.8066,2442.1273899999997,4.98,5.29,25.94,63.79
Venezuela,2001,134.20702,135.48138,629.73755,1598.5369,2497.96285,5.37,5.42,25.21,63.99
Venezuela,2002,130.59613,113.74373,589.38574,1375.4128,2209.1384,5.91,5.15,26.68,62.26
Venezuela,2003,118.56032,136.3344,612.9668,1538.2156,2406.07712,4.93,5.67,25.48,63.93
Venezuela,2004,126.37604,130.2044,693.4132,1534.458,2484.45164,5.09,5.24,27.91,61.76
Venezuela,2005,118.45521,134.93837,623.74567,1607.3071,2484.44635,4.77,5.43,25.11,64.69
Venezuela,2006,126.403625,130.11903,654.57025,1599.8008,2510.893705,5.03,5.18,26.07,63.71
Venezuela,2007,141.67418,140.03378,692.53705,1633.4241,2607.66911,5.43,5.37,26.56,62.64
Venezuela,2008,166.15207,149.593,795.4069,1703.4897,2814.64167,5.9,5.31,28.26,60.52
Venezuela,2009,162.58339,154.98491,796.6647,1758.315,2872.5480000000002,5.66,5.4,27.73,61.21
Venezuela,2010,193.89796,140.6398,915.2351,1666.1013,2915.8741600000003,6.65,4.82,31.39,57.14
Venezuela,2011,201.82262,134.98706,945.16864,1632.3065,2914.28482,6.93,4.63,32.43,56.01
Venezuela,2012,199.55554,132.30576,960.6428,1573.4194,2865.9235,6.96,4.62,33.52,54.9
Venezuela,2013,197.82857,129.75766,953.79065,1549.9894,2831.36628,6.99,4.58,33.69,54.74
Venezuela,2014,205.62616,139.31963,948.58093,1582.7748,2876.30152,7.15,4.84,32.98,55.03
Venezuela,2015,165.52037,113.79526,911.6402,1425.0769,2616.03273,6.33,4.35,34.85,54.47
Venezuela,2016,128.69865,101.67993,742.4553,1258.8785,2231.71238,5.77,4.56,33.27,56.41
Venezuela,2017,108.11344,127.15228,678.7388,1377.9264,2291.93092,4.72,5.55,29.61,60.12
Venezuela,2018,115.550156,98.29968,774.74036,1206.7225,2195.312696,5.26,4.48,35.29,54.97
Venezuela,2019,115.93461,116.89572,754.8964,1252.8245,2240.55123,5.17,5.22,33.69,55.92
Venezuela,2020,115.82872,127.68804,717.83954,1342.1769,2303.5332,5.03,5.54,31.16,58.27
Venezuela,2021,117.76166,135.17824,666.7235,1379.5751,2299.2385,5.12,5.88,29.0,60.0
Venezuela,2022,120.65832,135.30424,694.4574,1374.901,2325.32096,5.19,5.82,29.87,59.13
Vietnam,1961,36.104958,148.56236,189.24641,1562.311,1936.224728,1.86,7.67,9.77,80.69
Vietnam,1962,38.041058,153.87671,194.11949,1613.8706,1999.907858,1.9,7.69,9.71,80.7
Vietnam,1963,39.87392,153.08154,198.64444,1607.2029,1998.8028,1.99,7.66,9.94,80.41
Vietnam,1964,40.431496,152.1404,194.10805,1602.1235,1988.803446,2.03,7.65,9.76,80.56
Vietnam,1965,40.952038,151.71991,192.8878,1611.6743,1997.2340479999998,2.05,7.6,9.66,80.7
Vietnam,1966,41.98048,149.94801,199.88246,1587.387,1979.19795,2.12,7.58,10.1,80.2
Vietnam,1967,41.84684,150.01697,201.86841,1600.9534,1994.6856200000002,2.1,7.52,10.12,80.26
Vietnam,1968,41.235035,154.10861,198.63704,1629.087,2023.067685,2.04,7.62,9.82,80.53
Vietnam,1969,42.10105,155.3659,196.74147,1652.0035,2046.21192,2.06,7.59,9.61,80.73
Vietnam,1970,36.229683,164.30035,190.7759,1735.8579,2127.163833,1.7,7.72,8.97,81.6
Vietnam,1971,36.53494,158.10663,195.42386,1678.7676,2068.83303,1.77,7.64,9.45,81.15
Vietnam,1972,38.853973,155.07729,196.17447,1654.1719,2044.2776330000002,1.9,7.59,9.6,80.92
Vietnam,1973,37.905766,158.1454,195.25703,1689.3159,2080.624096,1.82,7.6,9.38,81.19
Vietnam,1974,31.89716,162.32391,186.80806,1708.3406,2089.36973,1.53,7.77,8.94,81.76
Vietnam,1975,29.748627,153.18639,162.62299,1630.6309,1976.1889070000002,1.51,7.75,8.23,82.51
Vietnam,1976,30.445057,154.62883,164.23253,1643.116,1992.422417,1.53,7.76,8.24,82.47
Vietnam,1977,29.510742,151.70955,164.62837,1567.312,1913.1606619999998,1.54,7.93,8.61,81.92
Vietnam,1978,29.718254,148.34048,163.92062,1512.7991,1854.778454,1.6,8.0,8.84,81.56
Vietnam,1979,30.13096,158.46962,171.41423,1647.9777,2007.99251,1.5,7.89,8.54,82.07
Vietnam,1980,28.823772,157.79866,168.29903,1664.6251,2019.546562,1.43,7.81,8.33,82.43
Vietnam,1981,29.93557,163.80945,186.07298,1714.8358,2094.6538,1.43,7.82,8.88,81.87
Vietnam,1982,32.480434,155.5884,199.9616,1652.97,2041.000434,1.59,7.62,9.8,80.99
Vietnam,1983,35.642635,155.2732,206.92995,1670.5137,2068.359485,1.72,7.51,10.0,80.77
Vietnam,1984,35.955315,159.64827,219.86612,1707.9819,2123.451605,1.69,7.52,10.35,80.43
Vietnam,1985,36.372227,155.21878,220.98947,1688.991,2101.571477,1.73,7.39,10.52,80.37
Vietnam,1986,37.59154,161.27983,228.2463,1731.5735,2158.69117,1.74,7.47,10.57,80.21
Vietnam,1987,39.393414,154.97537,241.01227,1656.9124,2092.293454,1.88,7.41,11.52,79.19
Vietnam,1988,38.54704,156.37166,236.28957,1660.9553,2092.16357,1.84,7.47,11.29,79.39
Vietnam,1989,40.99762,154.99203,244.37737,1652.6562,2093.02322,1.96,7.41,11.68,78.96
Vietnam,1990,40.017654,149.63489,244.46115,1569.9669,2004.080594,2.0,7.47,12.2,78.34
Vietnam,1991,37.973907,143.72827,244.76749,1526.9552,1953.4248670000002,1.94,7.36,12.53,78.17
Vietnam,1992,39.857117,148.8954,263.72687,1573.0289,2025.508287,1.97,7.35,13.02,77.66
Vietnam,1993,41.58052,159.15303,279.71967,1655.5035,2135.95672,1.95,7.45,13.1,77.51
Vietnam,1994,47.979263,160.31067,298.22467,1661.3717,2167.8863029999998,2.21,7.39,13.76,76.64
Vietnam,1995,49.843025,155.39543,313.74515,1619.7083,2138.691905,2.33,7.27,14.67,75.73
Vietnam,1996,51.517517,153.07579,319.83264,1604.2053,2128.6312470000003,2.42,7.19,15.03,75.36
Vietnam,1997,51.453613,152.67522,314.88474,1573.2648,2092.278373,2.46,7.3,15.05,75.19
Vietnam,1998,53.72787,163.41176,338.25854,1665.3958,2220.7939699999997,2.42,7.36,15.23,74.99
Vietnam,1999,59.29134,166.88016,363.3955,1718.3053,2307.8723,2.57,7.23,15.75,74.45
Vietnam,2000,64.41352,165.56287,365.06238,1752.3223,2347.36107,2.74,7.05,15.55,74.65
Vietnam,2001,66.83452,170.56639,393.96307,1778.4521,2409.81608,2.77,7.08,16.35,73.8
Vietnam,2002,70.798386,173.0767,419.22583,1810.0221,2473.123016,2.86,7.0,16.95,73.19
Vietnam,2003,79.45193,177.5097,434.28278,1839.8193,2531.0637100000004,3.14,7.01,17.16,72.69
Vietnam,2004,85.30432,180.74796,470.97537,1858.5532,2595.5808500000003,3.29,6.96,18.15,71.6
Vietnam,2005,92.02112,180.56421,505.92758,1806.962,2585.47491,3.56,6.98,19.57,69.89
Vietnam,2006,92.96132,177.07315,548.68884,1772.4639,2591.18721,3.59,6.83,21.18,68.4
Vietnam,2007,103.11847,181.81305,570.77374,1781.2465,2636.95176,3.91,6.89,21.65,67.55
Vietnam,2008,107.33446,183.97849,597.3864,1793.6362,2682.33555,4.0,6.86,22.27,66.87
Vietnam,2009,119.27303,181.41907,630.8352,1759.563,2691.0903,4.43,6.74,23.44,65.38
Vietnam,2010,121.89851,196.78076,463.98602,1946.8379,2729.50319,4.47,7.21,17.0,71.33
Vietnam,2011,133.65974,196.01566,480.13248,1947.8829,2757.69078,4.85,7.11,17.41,70.63
Vietnam,2012,131.13315,215.61545,496.98706,1972.1252,2815.86086,4.66,7.66,17.65,70.04
Vietnam,2013,131.39558,213.59756,494.40778,1961.057,2800.45792,4.69,7.63,17.65,70.03
Vietnam,2014,117.70712,222.67624,485.7061,2007.4501,2833.53956,4.15,7.86,17.14,70.85
Vietnam,2015,127.764404,216.31754,485.5524,1993.17,2822.804344,4.53,7.66,17.2,70.61
Vietnam,2016,128.356,220.84842,500.56464,1997.5131,2847.2821599999997,4.51,7.76,17.58,70.16
Vietnam,2017,130.65068,224.70651,509.94662,1997.1057,2862.40951,4.56,7.85,17.82,69.77
Vietnam,2018,137.5626,224.9052,539.58905,1983.7695,2885.8263500000003,4.77,7.79,18.7,68.74
Vietnam,2019,140.27396,228.27042,538.53485,2015.0679,2922.1471300000003,4.8,7.81,18.43,68.96
Vietnam,2020,147.02394,226.56665,520.9496,2071.6873,2966.22749,4.96,7.64,17.56,69.84
Vietnam,2021,157.54868,227.22003,581.64545,2037.6901,3004.10426,5.24,7.56,19.36,67.83
Vietnam,2022,154.80492,232.85747,596.88934,2041.6003,3026.15203,5.12,7.69,19.72,67.47
World,1961,78.20096,166.26654,425.2923,1513.9802,2183.74,3.58,7.61,19.48,69.33
World,1962,79.57254,169.20598,437.08228,1544.0393,2229.9001,3.57,7.59,19.6,69.24
World,1963,81.189606,167.88963,445.0959,1539.7284,2233.903536,3.63,7.52,19.92,68.93
World,1964,80.87433,169.33804,449.7597,1560.0425,2260.0145700000003,3.58,7.49,19.9,69.03
World,1965,81.742775,168.8535,455.05194,1573.7555,2279.403715,3.59,7.41,19.96,69.04
World,1966,83.17124,168.35469,460.55884,1583.2129,2295.29767,3.62,7.33,20.07,68.98
World,1967,84.51019,167.67833,465.37842,1581.6946,2299.26154,3.68,7.29,20.24,68.79
World,1968,85.82355,166.94931,470.5886,1580.1755,2303.53696,3.73,7.25,20.43,68.6
World,1969,85.625984,166.31732,468.01172,1592.4202,2312.3752240000003,3.7,7.19,20.24,68.87
World,1970,85.97498,169.34467,475.17163,1627.0706,2357.56188,3.65,7.18,20.16,69.01
World,1971,86.69259,166.83191,475.6545,1604.9281,2334.1071,3.71,7.15,20.38,68.76
World,1972,87.4245,165.01672,477.90286,1591.4993,2321.84338,3.77,7.11,20.58,68.54
World,1973,87.03487,168.1068,479.0866,1624.2427,2358.47097,3.69,7.13,20.31,68.87
World,1974,88.53921,165.70496,484.70474,1611.7631,2350.71201,3.77,7.05,20.62,68.56
World,1975,88.87346,167.67459,484.62695,1624.834,2366.009,3.76,7.09,20.48,68.67
World,1976,89.99649,165.37547,491.83002,1612.3417,2359.5436799999998,3.81,7.01,20.84,68.33
World,1977,89.99689,166.99597,496.09894,1635.1047,2388.1965,3.77,6.99,20.77,68.47
World,1978,91.28882,171.55661,510.6999,1672.6077,2446.15303,3.73,7.01,20.88,68.38
World,1979,92.08228,170.81816,517.9629,1663.345,2444.20834,3.77,6.99,21.19,68.05
World,1980,92.66114,170.68118,528.3224,1664.9604,2456.6251199999997,3.77,6.95,21.51,67.77
World,1981,92.762115,173.02185,536.0739,1664.1077,2465.965565,3.76,7.02,21.74,67.48
World,1982,92.37034,174.14014,540.2423,1686.734,2493.48678,3.7,6.98,21.67,67.65
World,1983,93.14758,178.1423,547.306,1716.8696,2535.46548,3.67,7.03,21.59,67.71
World,1984,94.39973,177.65424,555.0562,1716.9961,2544.10627,3.71,6.98,21.82,67.49
World,1985,96.369644,177.1831,567.37775,1706.1506,2547.081094,3.78,6.96,22.28,66.98
World,1986,97.201385,177.8612,571.1271,1702.9836,2549.173285,3.81,6.98,22.4,66.81
World,1987,98.183105,178.683,577.04724,1712.9072,2566.820545,3.83,6.96,22.48,66.73
World,1988,98.61978,179.98898,588.499,1716.5414,2583.64916,3.82,6.97,22.78,66.44
World,1989,98.919365,180.27582,594.1659,1720.7126,2594.0736850000003,3.81,6.95,22.9,66.33
World,1990,99.31613,178.12346,596.5168,1705.4286,2579.38499,3.85,6.91,23.13,66.12
World,1991,98.460434,177.56708,591.6771,1690.1819,2557.886514,3.85,6.94,23.13,66.08
World,1992,97.739105,177.78609,592.68585,1697.1455,2565.356545,3.81,6.93,23.1,66.16
World,1993,98.597015,179.17809,594.2609,1694.9402,2566.976205,3.84,6.98,23.15,66.03
World,1994,101.05737,181.08728,605.16736,1700.871,2588.18301,3.9,7.0,23.38,65.72
World,1995,103.464,181.28743,611.75684,1713.615,2610.12327,3.96,6.95,23.44,65.65
World,1996,104.08328,182.23389,614.24615,1717.1882,2617.75152,3.98,6.96,23.46,65.6
World,1997,104.724655,182.56372,619.8948,1721.7344,2628.917575,3.98,6.94,23.58,65.49
World,1998,106.37299,182.68321,627.243,1723.4792,2639.7784,4.03,6.92,23.76,65.29
World,1999,107.82155,183.1912,635.97534,1723.6414,2650.62949,4.07,6.91,23.99,65.03
World,2000,108.74804,183.95113,645.49646,1721.0217,2659.21733,4.09,6.92,24.27,64.72
World,2001,108.69114,183.29456,643.4691,1718.4789,2653.9337,4.1,6.91,24.25,64.75
World,2002,110.008545,182.15422,651.06226,1710.6775,2653.902525,4.15,6.86,24.53,64.46
World,2003,111.332985,181.8102,655.5487,1709.2666,2657.958485,4.19,6.84,24.66,64.31
World,2004,112.114075,181.58829,662.4905,1710.7395,2666.9323649999997,4.2,6.81,24.84,64.15
World,2005,113.5936,181.52475,673.3563,1709.3936,2677.8682500000004,4.24,6.78,25.15,63.83
World,2006,115.494576,182.15588,684.1019,1710.8992,2692.651556,4.29,6.76,25.41,63.54
World,2007,118.19131,184.19727,695.26917,1719.0391,2716.6968500000003,4.35,6.78,25.59,63.28
World,2008,119.519516,184.86665,697.22296,1729.2051,2730.814226,4.38,6.77,25.53,63.32
World,2009,120.02736,184.59805,703.0464,1719.7838,2727.45561,4.4,6.77,25.78,63.05
World,2010,134.81693,198.93669,689.97675,1764.7903,2788.52067,4.83,7.13,24.74,63.29
World,2011,135.01437,199.98192,691.3728,1781.7446,2808.11369,4.81,7.12,24.62,63.45
World,2012,136.51537,200.83702,703.23615,1786.8839,2827.47244,4.83,7.1,24.87,63.2
World,2013,137.4325,201.73901,704.49475,1789.1532,2832.8194599999997,4.85,7.12,24.87,63.16
World,2014,139.23172,203.13358,716.4937,1804.862,2863.721,4.86,7.09,25.02,63.03
World,2015,140.00792,203.54724,717.931,1800.2642,2861.75036,4.89,7.11,25.09,62.91
World,2016,140.94705,205.50987,722.24,1800.732,2869.42892,4.91,7.16,25.17,62.76
World,2017,142.1784,208.00906,734.27875,1807.8618,2892.32801,4.92,7.19,25.39,62.51
World,2018,144.48196,206.99591,744.20667,1805.7179,2901.40244,4.98,7.13,25.65,62.24
World,2019,147.31943,207.07137,760.3811,1804.7522,2919.5240999999996,5.05,7.09,26.04,61.82
World,2020,147.25371,210.69643,765.7113,1806.2158,2929.87724,5.03,7.19,26.13,61.65
World,2021,150.16994,210.61046,780.099,1805.6757,2946.5551,5.1,7.15,26.47,61.28
World,2022,150.90689,211.81651,778.49994,1815.985,2957.20834,5.1,7.16,26.33,61.41
Yemen,1961,28.60046,163.90263,265.24176,1184.9847,1642.72955,1.74,9.98,16.15,72.14
Yemen,1962,28.359194,162.965,263.6091,1187.4911,1642.4243940000001,1.73,9.92,16.05,72.3
Yemen,1963,28.250736,165.86855,261.37384,1197.9567,1653.449826,1.71,10.03,15.81,72.45
Yemen,1964,29.609377,162.562,278.5381,1180.7915,1651.5009770000001,1.79,9.84,16.87,71.5
Yemen,1965,29.293493,160.35847,280.48337,1188.8695,1659.004833,1.77,9.67,16.91,71.66
Yemen,1966,27.52948,160.5648,273.0245,1196.013,1657.13178,1.66,9.69,16.48,72.17
Yemen,1967,27.937052,158.2153,269.40442,1184.4583,1640.0150720000001,1.7,9.65,16.43,72.22
Yemen,1968,24.051348,155.71751,258.059,1182.9092,1620.7370580000002,1.48,9.61,15.92,72.99
Yemen,1969,22.076443,154.01196,282.02393,1166.2325,1624.344833,1.36,9.48,17.36,71.8
Yemen,1970,20.780033,157.4381,234.70737,1176.6436,1589.569103,1.31,9.9,14.77,74.02
Yemen,1971,20.824669,160.04271,232.35722,1150.3325,1563.557099,1.33,10.24,14.86,73.57
Yemen,1972,20.944138,159.1552,226.81892,1140.2834,1547.201658,1.35,10.29,14.66,73.7
Yemen,1973,22.470345,155.6588,245.81523,1130.51,1554.454375,1.45,10.01,15.81,72.73
Yemen,1974,22.890703,154.88385,250.31134,1118.6385,1546.724393,1.48,10.01,16.18,72.32
Yemen,1975,25.382849,154.75986,234.43013,1124.6522,1539.225039,1.65,10.05,15.23,73.07
Yemen,1976,28.240976,156.40652,276.6518,1130.1223,1591.421596,1.77,9.83,17.38,71.01
Yemen,1977,34.034397,161.71257,262.85672,1185.7365,1644.340187,2.07,9.83,15.99,72.11
Yemen,1978,41.86409,161.50398,324.31522,1198.8407,1726.5239900000001,2.42,9.35,18.78,69.44
Yemen,1979,45.96061,158.84805,284.75275,1213.3253,1702.88671,2.7,9.33,16.72,71.25
Yemen,1980,43.84623,155.10231,299.46677,1178.5457,1676.96101,2.61,9.25,17.86,70.28
Yemen,1981,49.08149,153.83304,288.99844,1194.3607,1686.27367,2.91,9.12,17.14,70.83
Yemen,1982,47.460194,155.74963,325.46997,1218.4904,1747.1701939999998,2.72,8.91,18.63,69.74
Yemen,1983,45.102615,153.06029,268.80353,1258.7793,1725.745735,2.61,8.87,15.58,72.94
Yemen,1984,49.037334,147.01105,330.24475,1245.715,1772.008134,2.77,8.3,18.64,70.3
Yemen,1985,49.747322,146.74786,294.16138,1240.8604,1731.5169620000001,2.87,8.48,16.99,71.66
Yemen,1986,46.647354,154.36769,299.32333,1296.9667,1797.3050739999999,2.6,8.59,16.65,72.16
Yemen,1987,40.394936,152.5582,319.7764,1304.2009,1816.930436,2.22,8.4,17.6,71.78
Yemen,1988,45.7547,162.02545,303.77252,1376.7032,1888.25587,2.42,8.58,16.09,72.91
Yemen,1989,40.613426,166.50156,319.67896,1325.0974,1851.891346,2.19,8.99,17.26,71.55
Yemen,1990,36.912193,152.91223,313.9489,1234.8691,1738.6424229999998,2.12,8.79,18.06,71.02
Yemen,1991,38.89688,150.43788,298.54987,1253.5491,1741.43373,2.23,8.64,17.14,71.98
Yemen,1992,33.164864,163.14468,324.79294,1312.883,1833.985484,1.81,8.9,17.71,71.59
Yemen,1993,38.2426,162.98967,332.83234,1311.035,1845.0996100000002,2.07,8.83,18.04,71.05
Yemen,1994,33.912857,164.82149,310.1903,1319.5525,1828.477147,1.85,9.01,16.96,72.17
Yemen,1995,31.112528,167.51244,309.32205,1324.8931,1832.840118,1.7,9.14,16.88,72.29
Yemen,1996,31.170368,165.46211,282.07205,1351.565,1830.269528,1.7,9.04,15.41,73.85
Yemen,1997,32.475014,164.64326,298.67468,1350.2782,1846.071154,1.76,8.92,16.18,73.14
Yemen,1998,35.883038,167.92113,292.964,1359.344,1856.112168,1.93,9.05,15.78,73.24
Yemen,1999,35.809895,171.35034,302.22653,1355.4493,1864.836065,1.92,9.19,16.21,72.68
Yemen,2000,38.00323,167.47852,333.10867,1328.5326,1867.12302,2.04,8.97,17.84,71.15
Yemen,2001,38.473793,164.30699,319.2273,1321.418,1843.4260829999998,2.09,8.91,17.32,71.68
Yemen,2002,41.17092,168.88625,340.24774,1303.4551,1853.76001,2.22,9.11,18.35,70.31
Yemen,2003,49.444794,158.7925,361.76517,1268.2057,1838.2081640000001,2.69,8.64,19.68,68.99
Yemen,2004,48.78591,146.10919,384.90808,1261.2081,1841.0112800000002,2.65,7.94,20.91,68.51
Yemen,2005,46.97853,151.15138,380.81244,1270.6826,1849.6249500000001,2.54,8.17,20.59,68.7
Yemen,2006,43.565376,152.35596,384.34772,1277.666,1857.9350559999998,2.34,8.2,20.69,68.77
Yemen,2007,43.44751,154.52261,374.6433,1305.3502,1877.96362,2.31,8.23,19.95,69.51
Yemen,2008,41.105705,152.28816,350.0381,1300.9662,1844.398165,2.23,8.26,18.98,70.54
Yemen,2009,45.990116,154.08919,335.7433,1316.1627,1851.985306,2.48,8.32,18.13,71.07
Yemen,2010,48.57351,185.97032,353.425,1489.649,2077.61783,2.34,8.95,17.01,71.7
Yemen,2011,46.586536,175.3368,354.8575,1447.9325,2024.7133359999998,2.3,8.66,17.53,71.51
Yemen,2012,52.421688,184.8593,374.0164,1481.9087,2093.206088,2.5,8.83,17.87,70.8
Yemen,2013,53.87059,175.1991,414.08185,1441.4894,2084.64094,2.58,8.4,19.86,69.15
Yemen,2014,54.393276,174.23476,341.95044,1435.178,2005.756476,2.71,8.69,17.05,71.55
Yemen,2015,44.44137,160.37697,316.1231,1340.6082,1861.54964,2.39,8.62,16.98,72.02
Yemen,2016,40.808033,147.47781,310.7373,1260.4996,1759.522743,2.32,8.38,17.66,71.64
Yemen,2017,38.51996,153.75308,321.27502,1297.6797,1811.2277599999998,2.13,8.49,17.74,71.65
Yemen,2018,37.362198,151.32774,299.02402,1313.3228,1801.036758,2.07,8.4,16.6,72.92
Yemen,2019,46.10973,151.12347,318.5183,1307.9729,1823.7244,2.53,8.29,17.47,71.72
Yemen,2020,47.42344,161.21109,345.1958,1350.1206,1903.95093,2.49,8.47,18.13,70.91
Yemen,2021,48.166817,170.82169,344.0677,1355.1536,1918.2098070000002,2.51,8.91,17.94,70.65
Yemen,2022,42.174942,161.54132,297.53436,1335.2637,1836.514322,2.3,8.8,16.2,72.71
Yugoslavia,1961,90.45776,272.61902,560.49854,2139.531,3063.10632,2.95,8.9,18.3,69.85
Yugoslavia,1962,89.80407,283.62347,619.094,2212.0422,3204.56374,2.8,8.85,19.32,69.03
Yugoslavia,1963,85.29407,285.11557,613.90076,2233.766,3218.0764,2.65,8.86,19.08,69.41
Yugoslavia,1964,90.11272,288.32864,642.51886,2270.6182,3291.57842,2.74,8.76,19.52,68.98
Yugoslavia,1965,96.80876,280.27377,662.2727,2252.2627,3291.6179300000003,2.94,8.51,20.12,68.42
Yugoslavia,1966,98.76039,286.23367,691.12335,2308.888,3385.0054099999998,2.92,8.46,20.42,68.21
Yugoslavia,1967,106.19412,285.41162,701.86554,2312.0986,3405.56988,3.12,8.38,20.61,67.89
Yugoslavia,1968,110.14266,278.31363,718.4576,2261.864,3368.77789,3.27,8.26,21.33,67.14
Yugoslavia,1969,108.42818,275.88724,729.9278,2276.3672,3390.61042,3.2,8.14,21.53,67.14
Yugoslavia,1970,112.90368,268.9391,775.30096,2236.3489,3393.49264,3.33,7.93,22.85,65.9
Yugoslavia,1971,117.20065,269.81104,803.4028,2236.724,3427.1384900000003,3.42,7.87,23.44,65.27
Yugoslavia,1972,114.08647,266.50507,778.00525,2226.6145,3385.21129,3.37,7.87,22.98,65.77
Yugoslavia,1973,121.75072,264.4329,811.1339,2217.4004,3414.71792,3.57,7.74,23.75,64.94
Yugoslavia,1974,132.16324,271.29074,864.1457,2301.599,3569.1986800000004,3.7,7.6,24.21,64.49
Yugoslavia,1975,137.14915,264.56128,875.0828,2264.7817,3541.5749299999998,3.87,7.47,24.71,63.95
Yugoslavia,1976,144.7982,267.6789,897.45215,2298.1572,3608.08645,4.01,7.42,24.87,63.69
Yugoslavia,1977,150.80208,266.24695,915.9357,2280.8467,3613.83143,4.17,7.37,25.35,63.11
Yugoslavia,1978,156.19823,260.67334,919.3514,2238.2905,3574.51347,4.37,7.29,25.72,62.62
Yugoslavia,1979,157.98343,262.09177,933.76874,2218.6953,3572.53924,4.42,7.34,26.14,62.1
Yugoslavia,1980,157.86719,264.52673,904.1566,2304.752,3631.30252,4.35,7.28,24.9,63.47
Yugoslavia,1981,158.88866,261.5515,952.9739,2283.4524,3656.86646,4.34,7.15,26.06,62.44
Yugoslavia,1982,155.63773,254.5607,966.0489,2243.4827,3619.73003,4.3,7.03,26.69,61.98
Yugoslavia,1983,157.58817,260.34232,952.5919,2281.1047,3651.62709,4.32,7.13,26.09,62.47
Yugoslavia,1984,161.05461,254.35548,988.92554,2216.5037,3620.8393300000002,4.45,7.02,27.31,61.22
Yugoslavia,1985,158.55328,249.75334,988.3162,2206.357,3602.97982,4.4,6.93,27.43,61.24
Yugoslavia,1986,162.90439,254.68037,1031.851,2250.758,3700.19376,4.4,6.88,27.89,60.83
Yugoslavia,1987,165.91202,245.84451,1062.7799,2191.7063,3666.24273,4.53,6.71,28.99,59.78
Yugoslavia,1988,166.64735,242.34508,1076.9164,2167.5295,3653.43833,4.56,6.63,29.48,59.33
Yugoslavia,1989,164.05923,247.09363,1037.0458,2205.1135,3653.31216,4.49,6.76,28.39,60.36
Yugoslavia,1990,178.11722,248.3759,1039.238,2221.9458,3687.67692,4.83,6.74,28.18,60.25
Yugoslavia,1991,149.81113,243.37376,939.83514,2081.5015,3414.52153,4.39,7.13,27.52,60.96
Zambia,1961,42.99588,197.73422,316.64594,1544.6229,2101.99894,2.05,9.41,15.06,73.48
Zambia,1962,43.14477,196.02055,303.75592,1551.9755,2094.89674,2.06,9.36,14.5,74.08
Zambia,1963,46.891804,192.27194,304.18433,1502.822,2046.1700739999999,2.29,9.4,14.87,73.45
Zambia,1964,46.09995,186.0698,290.20248,1474.8391,1997.2113299999999,2.31,9.32,14.53,73.84
Zambia,1965,47.254684,183.54837,283.70267,1464.1385,1978.6442240000001,2.39,9.28,14.34,74.0
Zambia,1966,50.557354,194.48116,346.928,1514.6287,2106.595214,2.4,9.23,16.47,71.9
Zambia,1967,51.504616,191.00433,340.16846,1546.6187,2129.296106,2.42,8.97,15.98,72.64
Zambia,1968,54.041767,192.23871,342.25488,1567.569,2156.104357,2.51,8.92,15.87,72.7
Zambia,1969,55.94841,195.22012,368.7781,1552.0657,2172.01233,2.58,8.99,16.98,71.46
Zambia,1970,58.457195,192.63335,369.62445,1549.6101,2170.325095,2.69,8.88,17.03,71.4
Zambia,1971,56.024555,194.87651,364.73508,1589.6481,2205.284245,2.54,8.84,16.54,72.08
Zambia,1972,58.945713,197.32292,362.82812,1604.122,2223.218753,2.65,8.88,16.32,72.15
Zambia,1973,52.15304,200.64323,361.61942,1663.828,2278.2436900000002,2.29,8.81,15.87,73.03
Zambia,1974,52.482117,205.25105,372.18106,1663.2451,2293.1593270000003,2.29,8.95,16.23,72.53
Zambia,1975,55.98634,202.49786,380.5042,1672.9253,2311.9137,2.42,8.76,16.46,72.36
Zambia,1976,54.31507,202.85342,415.02545,1662.4363,2334.63024,2.33,8.69,17.78,71.21
Zambia,1977,50.93513,218.50493,390.71613,1756.5619,2416.71809,2.11,9.04,16.17,72.68
Zambia,1978,47.447113,205.47046,362.04993,1678.1758,2293.143303,2.07,8.96,15.79,73.18
Zambia,1979,45.314674,202.00615,339.076,1714.479,2300.875824,1.97,8.78,14.74,74.51
Zambia,1980,46.47132,195.55841,317.76227,1725.4846,2285.2766,2.03,8.56,13.9,75.5
Zambia,1981,41.301228,190.31671,326.92773,1698.2861,2256.831768,1.83,8.43,14.49,75.25
Zambia,1982,45.572357,177.6878,316.42316,1617.7986,2157.481917,2.11,8.24,14.67,74.99
Zambia,1983,40.177143,180.71648,308.22644,1623.9877,2153.107763,1.87,8.39,14.32,75.43
Zambia,1984,38.810658,180.94159,293.56107,1622.8867,2136.200018,1.82,8.47,13.74,75.97
Zambia,1985,40.01408,172.48004,267.73535,1557.786,2038.01547,1.96,8.46,13.14,76.44
Zambia,1986,37.047173,173.94838,286.8939,1562.0785,2059.967953,1.8,8.44,13.93,75.83
Zambia,1987,37.553528,174.26932,253.84895,1579.2628,2044.9345979999998,1.84,8.52,12.41,77.23
Zambia,1988,36.95096,177.13895,272.08517,1592.0645,2078.23958,1.78,8.52,13.09,76.61
Zambia,1989,38.249203,173.3507,284.75302,1593.448,2089.8009230000002,1.83,8.3,13.63,76.25
Zambia,1990,42.640068,166.32852,329.80563,1556.9973,2095.771518,2.03,7.94,15.74,74.29
Zambia,1991,43.102417,163.62805,263.75055,1549.7334,2020.2144170000001,2.13,8.1,13.06,76.71
Zambia,1992,43.637745,163.56104,265.29858,1523.2048,1995.702165,2.19,8.2,13.29,76.32
Zambia,1993,41.803833,162.42738,263.16495,1525.2263,1992.6224630000002,2.1,8.15,13.21,76.54
Zambia,1994,42.641186,168.59358,271.4453,1550.8217,2033.5017659999999,2.1,8.29,13.35,76.26
Zambia,1995,39.48694,175.09497,251.5028,1596.8159,2062.90061,1.91,8.49,12.19,77.41
Zambia,1996,38.412067,171.42342,277.9635,1561.8256,2049.624587,1.87,8.36,13.56,76.2
Zambia,1997,40.238277,162.6482,283.32266,1501.4891,1987.698237,2.02,8.18,14.25,75.54
Zambia,1998,40.31841,160.82925,280.5119,1467.6427,1949.3022600000002,2.07,8.25,14.39,75.29
Zambia,1999,39.962254,158.23273,294.65594,1485.0178,1977.868724,2.02,8.0,14.9,75.08
Zambia,2000,39.0021,149.75679,294.20975,1405.6285,1888.59714,2.07,7.93,15.58,74.43
Zambia,2001,38.376495,149.29099,277.5572,1391.4191,1856.6437850000002,2.07,8.04,14.95,74.94
Zambia,2002,38.63671,146.36447,302.01892,1357.9625,1844.9826,2.09,7.93,16.37,73.6
Zambia,2003,38.84425,152.5599,305.67532,1387.6404,1884.71987,2.06,8.09,16.22,73.63
Zambia,2004,37.256084,145.279,326.52298,1330.0916,1839.149664,2.03,7.9,17.75,72.32
Zambia,2005,37.70229,162.1629,327.6047,1305.7697,1833.2395900000001,2.06,8.85,17.87,71.23
Zambia,2006,34.42465,147.45096,297.0583,1306.4076,1785.34151,1.93,8.26,16.64,73.17
Zambia,2007,35.891365,139.17058,292.4028,1249.0366,1716.501345,2.09,8.11,17.03,72.77
Zambia,2008,34.32515,148.74231,306.60162,1233.285,1722.95408,1.99,8.63,17.8,71.58
Zambia,2009,36.125835,153.70592,341.0469,1254.4982,1785.376855,2.02,8.61,19.1,70.27
Zambia,2010,49.93209,138.14282,396.14832,1341.3817,1925.60493,2.59,7.17,20.57,69.66
Zambia,2011,49.483627,148.45088,440.99515,1322.7583,1961.687957,2.52,7.57,22.48,67.43
Zambia,2012,54.37707,148.85475,457.62753,1330.4784,1991.33775,2.73,7.48,22.98,66.81
Zambia,2013,56.551353,151.727,418.67392,1399.6361,2026.588373,2.79,7.49,20.66,69.06
Zambia,2014,57.148136,150.81088,426.20508,1444.9408,2079.104896,2.75,7.25,20.5,69.5
Zambia,2015,57.347744,155.43736,454.60074,1438.2512,2105.637044,2.72,7.38,21.59,68.3
Zambia,2016,55.11804,156.82866,422.45596,1532.8167,2167.21936,2.54,7.24,19.49,70.73
Zambia,2017,58.079113,150.75179,434.78998,1571.4286,2215.049483,2.62,6.81,19.63,70.94
Zambia,2018,58.508537,149.32776,447.35812,1589.1083,2244.302717,2.61,6.65,19.93,70.81
Zambia,2019,51.744705,133.63081,407.0875,1634.4657,2226.928715,2.32,6.0,18.28,73.4
Zambia,2020,53.706497,128.74464,401.3091,1623.3801,2207.140337,2.43,5.83,18.18,73.55
Zambia,2021,53.044724,136.60507,435.11572,1559.2465,2184.012014,2.43,6.25,19.92,71.39
Zambia,2022,53.915794,139.10037,435.26974,1515.3635,2143.649404,2.52,6.49,20.31,70.69
Zimbabwe,1961,52.99072,193.93105,344.72574,1494.6401,2086.2876100000003,2.54,9.3,16.52,71.64
Zimbabwe,1962,51.518017,198.72365,351.6579,1532.5029,2134.402467,2.41,9.31,16.48,71.8
Zimbabwe,1963,50.84951,197.34358,391.2246,1485.5774,2124.99509,2.39,9.29,18.41,69.91
Zimbabwe,1964,45.931282,198.46753,378.69534,1496.0857,2119.179852,2.17,9.37,17.87,70.6
Zimbabwe,1965,43.00584,196.66046,374.55545,1514.25,2128.47175,2.02,9.24,17.6,71.14
Zimbabwe,1966,45.0727,196.37401,375.2749,1517.7784,2134.5000099999997,2.11,9.2,17.58,71.11
Zimbabwe,1967,39.03793,206.83742,398.92627,1598.329,2243.13062,1.74,9.22,17.78,71.25
Zimbabwe,1968,41.177032,209.10771,397.71643,1612.7571,2260.758272,1.82,9.25,17.59,71.34
Zimbabwe,1969,42.73215,203.06734,400.80807,1566.663,2213.27056,1.93,9.17,18.11,70.78
Zimbabwe,1970,44.236115,207.88579,455.16687,1576.3806,2283.669375,1.94,9.1,19.93,69.03
Zimbabwe,1971,50.817474,207.71843,483.2369,1573.6683,2315.441104,2.19,8.97,20.87,67.96
Zimbabwe,1972,57.797382,207.37878,518.638,1562.1079,2345.922062,2.46,8.84,22.11,66.59
Zimbabwe,1973,61.104664,195.81726,523.2616,1556.1522,2336.335724,2.62,8.38,22.4,66.61
Zimbabwe,1974,48.646828,203.96112,496.18552,1592.6382,2341.431668,2.08,8.71,21.19,68.02
Zimbabwe,1975,46.943195,197.4447,467.3782,1578.6976,2290.463695,2.05,8.62,20.41,68.92
Zimbabwe,1976,49.637093,202.72536,489.16263,1581.1583,2322.683383,2.14,8.73,21.06,68.07
Zimbabwe,1977,50.529945,208.52786,484.79974,1606.1113,2349.9688450000003,2.15,8.87,20.63,68.35
Zimbabwe,1978,48.98683,214.22911,480.14575,1629.1134,2372.47509,2.06,9.03,20.24,68.67
Zimbabwe,1979,46.242203,212.7226,507.56424,1617.5039,2384.032943,1.94,8.92,21.29,67.85
Zimbabwe,1980,48.69512,202.1096,500.5846,1624.4026,2375.7919199999997,2.05,8.51,21.07,68.37
Zimbabwe,1981,46.97541,183.17583,481.3061,1532.295,2243.75234,2.09,8.16,21.45,68.29
Zimbabwe,1982,47.728043,186.26465,446.28345,1566.7002,2246.9763430000003,2.12,8.29,19.86,69.72
Zimbabwe,1983,43.448097,178.28702,448.70386,1539.3806,2209.819577,1.97,8.07,20.3,69.66
Zimbabwe,1984,40.081764,175.73373,413.05356,1537.8225,2166.691554,1.85,8.11,19.06,70.98
Zimbabwe,1985,38.676212,172.73744,437.86127,1479.3857,2128.660622,1.82,8.11,20.57,69.5
Zimbabwe,1986,39.344967,166.8374,412.04745,1485.1498,2103.379617,1.87,7.93,19.59,70.61
Zimbabwe,1987,38.70481,167.50194,420.83786,1441.5898,2068.6344099999997,1.87,8.1,20.34,69.69
Zimbabwe,1988,37.7582,173.16124,472.34772,1425.7217,2108.98886,1.79,8.21,22.4,67.6
Zimbabwe,1989,39.123074,173.02376,464.1588,1436.5054,2112.8110340000003,1.85,8.19,21.97,67.99
Zimbabwe,1990,40.331997,169.83197,458.84354,1408.4413,2077.4488069999998,1.94,8.18,22.09,67.8
Zimbabwe,1991,37.053112,167.60551,453.3333,1366.9319,2024.9238220000002,1.83,8.28,22.39,67.51
Zimbabwe,1992,37.757103,163.75092,431.32358,1373.0144,2005.846003,1.88,8.16,21.5,68.45
Zimbabwe,1993,31.423151,166.15869,436.19754,1371.9757,2005.755081,1.57,8.28,21.75,68.4
Zimbabwe,1994,31.407675,165.11104,435.8288,1397.3788,2029.7263149999999,1.55,8.13,21.47,68.85
Zimbabwe,1995,31.519365,163.40862,444.88757,1421.882,2061.697555,1.53,7.93,21.58,68.97
Zimbabwe,1996,33.972164,166.37868,461.2995,1442.5005,2104.1508440000002,1.61,7.91,21.92,68.55
Zimbabwe,1997,35.301712,163.54059,464.94006,1464.7032,2128.485562,1.66,7.68,21.84,68.81
Zimbabwe,1998,37.84745,161.98033,475.15002,1448.4033,2123.3811,1.78,7.63,22.38,68.21
Zimbabwe,1999,37.333458,158.54106,488.6773,1413.353,2097.904818,1.78,7.56,23.29,67.37
Zimbabwe,2000,39.955585,154.22855,492.08456,1394.5339,2080.802595,1.92,7.41,23.65,67.02
Zimbabwe,2001,46.6814,157.49716,507.75485,1420.2709,2132.20431,2.19,7.39,23.81,66.61
Zimbabwe,2002,40.28351,154.90117,507.12042,1411.2196,2113.5247,1.91,7.33,23.99,66.77
Zimbabwe,2003,42.684406,155.65305,508.4521,1375.6292,2082.418756,2.05,7.47,24.42,66.06
Zimbabwe,2004,44.137615,159.10071,496.3634,1398.4747,2098.076425,2.1,7.58,23.66,66.66
Zimbabwe,2005,43.8655,158.07057,497.9773,1362.0095,2061.92287,2.13,7.67,24.15,66.06
Zimbabwe,2006,44.385574,162.51884,495.62207,1427.1351,2129.661584,2.08,7.63,23.27,67.01
Zimbabwe,2007,44.297394,161.98598,495.56964,1396.5619,2098.414914,2.11,7.72,23.62,66.55
Zimbabwe,2008,43.95793,156.1414,515.2134,1350.3943,2065.70703,2.13,7.56,24.94,65.37
Zimbabwe,2009,47.70093,159.02927,521.4544,1377.3645,2105.5490999999997,2.27,7.55,24.77,65.42
Zimbabwe,2010,122.08666,122.663445,670.68835,1241.2944,2156.732855,5.66,5.69,31.1,57.55
Zimbabwe,2011,128.38594,111.37001,687.4205,1227.2162,2154.39265,5.96,5.17,31.91,56.96
Zimbabwe,2012,128.642,114.54897,666.32715,1280.2854,2189.80352,5.87,5.23,30.43,58.47
Zimbabwe,2013,125.32254,115.03054,644.30457,1291.801,2176.45865,5.76,5.29,29.6,59.35
Zimbabwe,2014,106.614845,117.03056,612.39166,1263.0914,2099.128465,5.08,5.58,29.17,60.17
Zimbabwe,2015,111.59619,112.93314,645.689,1208.0054,2078.2237299999997,5.37,5.43,31.07,58.13
Zimbabwe,2016,111.38293,116.13442,619.5354,1252.2561,2099.3088500000003,5.31,5.53,29.51,59.65
Zimbabwe,2017,106.31796,116.3164,588.4036,1228.2333,2039.27126,5.21,5.7,28.85,60.23
Zimbabwe,2018,103.48226,115.81683,605.0649,1246.2925,2070.65649,5.0,5.59,29.22,60.19
Zimbabwe,2019,102.6769,115.90866,581.4939,1238.2561,2038.33556,5.04,5.69,28.53,60.75
Zimbabwe,2020,114.84686,115.250534,630.25494,1175.1416,2035.493934,5.64,5.66,30.96,57.73
Zimbabwe,2021,123.47593,111.20528,671.08905,1178.2251,2083.99536,5.92,5.34,32.2,56.54
Zimbabwe,2022,124.43781,106.88733,687.39404,1153.7312,2072.45038,6.0,5.16,33.17,55.67
